Origin,Horizonte,Mine,Segment,Actual,Pred,Naive
2018-01-01,6,andacollo,SM,5.4,3.575453532799131,8.4
2018-01-01,6,andina,LC,16.1,15.680640828556633,19.5
2018-01-01,6,antucoya,SM,5.0,6.372538307178207,6.7
2018-01-01,6,atacama kozan,SM,1.1,1.1489363259012126,1.0
2018-01-01,6,candelaria,LC,7.4,8.733703029240736,9.4
2018-01-01,6,caserones,LC,11.0,11.521458029342728,13.0
2018-01-01,6,centinela_oxidos,SM,7.1,7.77847102710358,5.3
2018-01-01,6,centinela_sulfuros,LC,8.6,13.049032801055986,16.4
2018-01-01,6,cerro colorado,SM,5.1,5.8465733549616585,5.4
2018-01-01,6,chuquicamata,LC,16.621,24.17166045658753,15.228
2018-01-01,6,collahuasi,LC,43.2,54.04698026118497,44.4
2018-01-01,6,el abra,SM,7.7,5.962143155241244,6.9
2018-01-01,6,el soldado,SM,5.218,3.8040794141505154,3.6
2018-01-01,6,el teniente,LC,42.6,36.10809986987751,36.6
2018-01-01,6,escondida,LC,110.9,84.15292390936742,77.1
2018-01-01,6,franke,SM,1.8,1.0344140265708568,1.7
2018-01-01,6,gabriela mistral,LC,9.3,9.089555948204051,7.2
2018-01-01,6,lomas bayas,SM,6.3,5.831196866711664,7.2
2018-01-01,6,los bronces,LC,33.943,24.59639194586766,20.858
2018-01-01,6,los pelambres,LC,35.2,26.155045373648925,28.1
2018-01-01,6,mantos blancos,SM,3.926,2.968477293035374,3.569
2018-01-01,6,mantoverde,SM,3.601,3.31480743682898,3.065
2018-01-01,6,ministro hales,LC,15.6,14.362376745088916,23.8
2018-01-01,6,ojos del salado,SM,2.8,2.303234150708967,2.1
2018-01-01,6,otros,LC,10.832,11.722542915254845,11.749
2018-01-01,6,radomiro tomic,LC,28.301,20.860976023710023,25.704
2018-01-01,6,salvador,SM,4.0,4.9630706529501625,4.3
2018-01-01,6,sierra gorda,SM,7.9,13.28490455084913,7.8
2018-01-01,6,zaldivar,SM,8.0,7.142702705245748,8.7
2018-01-01,9,andacollo,SM,5.7,3.598214572063449,8.4
2018-01-01,9,andina,LC,17.3,15.631949268140671,19.5
2018-01-01,9,antucoya,SM,6.7,6.44983033000265,6.7
2018-01-01,9,atacama kozan,SM,1.1,1.1481423209377257,1.0
2018-01-01,9,candelaria,LC,8.7,8.827699382339585,9.4
2018-01-01,9,caserones,LC,11.9,11.492846493639565,13.0
2018-01-01,9,centinela_oxidos,SM,8.1,7.765501231363111,5.3
2018-01-01,9,centinela_sulfuros,LC,16.7,12.677497857285934,16.4
2018-01-01,9,cerro colorado,SM,6.8,5.840614867677123,5.4
2018-01-01,9,chuquicamata,LC,25.448,25.17620330733113,15.228
2018-01-01,9,collahuasi,LC,49.1,53.3603749869149,44.4
2018-01-01,9,el abra,SM,7.6,5.89754403216145,6.9
2018-01-01,9,el soldado,SM,5.442,3.8192446145347674,3.6
2018-01-01,9,el teniente,LC,39.0,36.18670255564357,36.6
2018-01-01,9,escondida,LC,95.9,85.84373717779198,77.1
2018-01-01,9,franke,SM,1.9,1.0326344718869347,1.7
2018-01-01,9,gabriela mistral,LC,10.2,8.998029769459169,7.2
2018-01-01,9,lomas bayas,SM,6.5,5.829677551372505,7.2
2018-01-01,9,los bronces,LC,33.259,24.209484223332673,20.858
2018-01-01,9,los pelambres,LC,32.6,26.20345765262037,28.1
2018-01-01,9,mantos blancos,SM,3.558,2.9801713864459027,3.569
2018-01-01,9,mantoverde,SM,4.147,3.3410644634733546,3.065
2018-01-01,9,ministro hales,LC,16.7,14.087828648759565,23.8
2018-01-01,9,ojos del salado,SM,2.5,2.2562136448268495,2.1
2018-01-01,9,otros,LC,12.572,11.58600744585698,11.749
2018-01-01,9,radomiro tomic,LC,24.608,20.853929875022644,25.704
2018-01-01,9,salvador,SM,5.9,4.962008388103471,4.3
2018-01-01,9,sierra gorda,SM,10.6,13.152477554242111,7.8
2018-01-01,9,zaldivar,SM,9.1,7.076785689647047,8.7
2018-01-01,12,andacollo,SM,4.2,3.6110527217036164,8.4
2018-01-01,12,andina,LC,16.746,15.574238791510169,19.5
2018-01-01,12,antucoya,SM,6.0,6.489042400375895,6.7
2018-01-01,12,atacama kozan,SM,1.0,1.1458577198722155,1.0
2018-01-01,12,candelaria,LC,7.8,8.948580654536539,9.4
2018-01-01,12,caserones,LC,11.887,11.36684849085656,13.0
2018-01-01,12,centinela_oxidos,SM,9.1,7.614958806328209,5.3
2018-01-01,12,centinela_sulfuros,LC,16.6,12.527605867261519,16.4
2018-01-01,12,cerro colorado,SM,3.007,5.8292449483179425,5.4
2018-01-01,12,chuquicamata,LC,28.231,23.504943339826,15.228
2018-01-01,12,collahuasi,LC,44.49,52.76323990735524,44.4
2018-01-01,12,el abra,SM,6.353,5.973750328370244,6.9
2018-01-01,12,el soldado,SM,4.322,3.8293604020450864,3.6
2018-01-01,12,el teniente,LC,32.994,36.384004036441226,36.6
2018-01-01,12,escondida,LC,91.845,87.21294271667145,77.1
2018-01-01,12,franke,SM,1.793,1.0334856473222038,1.7
2018-01-01,12,gabriela mistral,LC,6.053,8.85014033897445,7.2
2018-01-01,12,lomas bayas,SM,6.839,5.818319209186926,7.2
2018-01-01,12,los bronces,LC,30.232,23.878990666553786,20.858
2018-01-01,12,los pelambres,LC,30.455,26.31680068100948,28.1
2018-01-01,12,mantos blancos,SM,3.31,2.9183165061909833,3.569
2018-01-01,12,mantoverde,SM,3.566,3.5054549256362564,3.065
2018-01-01,12,ministro hales,LC,6.951,13.90530622487675,23.8
2018-01-01,12,ojos del salado,SM,2.601,2.3260496106448763,2.1
2018-01-01,12,otros,LC,13.72075,11.563796523147765,11.749
2018-01-01,12,radomiro tomic,LC,22.082,20.849383136963837,25.704
2018-01-01,12,salvador,SM,4.176,4.959569919437349,4.3
2018-01-01,12,sierra gorda,SM,9.557,13.01933917590672,7.8
2018-01-01,12,zaldivar,SM,8.302,7.01286867655116,8.7
2018-01-01,18,andacollo,SM,5.4,3.6639884910015077,8.4
2018-01-01,18,andina,LC,14.04,15.46925093127232,19.5
2018-01-01,18,antucoya,SM,6.0,6.569729844929852,6.7
2018-01-01,18,atacama kozan,SM,1.0,1.136074029075209,1.0
2018-01-01,18,candelaria,LC,10.7,9.047722669810977,9.4
2018-01-01,18,caserones,LC,14.347,11.388475187848762,13.0
2018-01-01,18,centinela_oxidos,SM,5.7,7.525228655005218,5.3
2018-01-01,18,centinela_sulfuros,LC,20.8,12.12926678522455,16.4
2018-01-01,18,cerro colorado,SM,6.314,5.824784606308465,5.4
2018-01-01,18,chuquicamata,LC,24.19,24.088564210035795,15.228
2018-01-01,18,collahuasi,LC,47.341,52.06358699848334,44.4
2018-01-01,18,el abra,SM,6.704,6.147595033635206,6.9
2018-01-01,18,el soldado,SM,4.214,3.8552308448453787,3.6
2018-01-01,18,el teniente,LC,39.561,35.401536847590826,36.6
2018-01-01,18,escondida,LC,97.228,88.56336172464212,77.1
2018-01-01,18,franke,SM,1.65,1.0371509100760212,1.7
2018-01-01,18,gabriela mistral,LC,9.379,8.877304242675677,7.2
2018-01-01,18,lomas bayas,SM,6.701,5.811172299525148,7.2
2018-01-01,18,los bronces,LC,29.657,23.193613640364028,20.858
2018-01-01,18,los pelambres,LC,31.541,26.421992855927453,28.1
2018-01-01,18,mantos blancos,SM,3.835,3.0938809342049884,3.569
2018-01-01,18,mantoverde,SM,3.52,3.7770184334430006,3.065
2018-01-01,18,ministro hales,LC,13.609,13.333007399730867,23.8
2018-01-01,18,ojos del salado,SM,2.251,2.2050136919432446,2.1
2018-01-01,18,otros,LC,13.251566999999998,11.388434097574711,11.749
2018-01-01,18,radomiro tomic,LC,24.658,20.85943479126883,25.704
2018-01-01,18,salvador,SM,3.961,5.058252539925842,4.3
2018-01-01,18,sierra gorda,SM,8.868,12.76428665808569,7.8
2018-01-01,18,zaldivar,SM,9.303,6.883393296849855,8.7
2018-01-01,24,andacollo,SM,6.32,3.7088448249456674,8.4
2018-01-01,24,andina,LC,15.886,15.360149697463363,19.5
2018-01-01,24,antucoya,SM,6.78,6.641981248768973,6.7
2018-01-01,24,atacama kozan,SM,1.177,1.124267130040048,1.0
2018-01-01,24,candelaria,LC,8.24,9.212324330228405,9.4
2018-01-01,24,caserones,LC,11.611,11.296957757460056,13.0
2018-01-01,24,centinela_oxidos,SM,7.457,7.463207261159937,5.3
2018-01-01,24,centinela_sulfuros,LC,17.118,11.775221710446397,16.4
2018-01-01,24,cerro colorado,SM,7.601,5.856395100663477,5.4
2018-01-01,24,chuquicamata,LC,15.69,23.285185178691766,15.228
2018-01-01,24,collahuasi,LC,53.542,50.605165389493216,44.4
2018-01-01,24,el abra,SM,7.0169,6.282295838793785,6.9
2018-01-01,24,el soldado,SM,3.923,3.8781165462022695,3.6
2018-01-01,24,el teniente,LC,33.386,34.25708028444215,36.6
2018-01-01,24,escondida,LC,100.944,89.54725882023727,77.1
2018-01-01,24,franke,SM,1.101,1.0446781645358,1.7
2018-01-01,24,gabriela mistral,LC,8.929,8.730815383040865,7.2
2018-01-01,24,lomas bayas,SM,6.551,5.8030821657984815,7.2
2018-01-01,24,los bronces,LC,20.815,22.477019761678594,20.858
2018-01-01,24,los pelambres,LC,29.774,26.559283545752812,28.1
2018-01-01,24,mantos blancos,SM,3.554,3.1081915207183273,3.569
2018-01-01,24,mantoverde,SM,3.299,4.034959000167689,3.065
2018-01-01,24,ministro hales,LC,14.335,12.871581369147924,23.8
2018-01-01,24,ojos del salado,SM,2.573,2.181005694410362,2.1
2018-01-01,24,otros,LC,8.901,11.220965689217568,11.749
2018-01-01,24,radomiro tomic,LC,19.9,20.86117249141579,25.704
2018-01-01,24,salvador,SM,2.34,5.108728589634272,4.3
2018-01-01,24,sierra gorda,SM,10.715,12.501937962095838,7.8
2018-01-01,24,zaldivar,SM,9.951,6.760873859821074,8.7
2018-01-01,30,andacollo,SM,3.028,3.742717200247775,8.4
2018-01-01,30,andina,LC,14.282,15.25051099721091,19.5
2018-01-01,30,antucoya,SM,5.5,6.6676494043522005,6.7
2018-01-01,30,atacama kozan,SM,1.62,1.1153911778722403,1.0
2018-01-01,30,candelaria,LC,10.129,9.371855453996922,9.4
2018-01-01,30,caserones,LC,9.481,11.266664867826924,13.0
2018-01-01,30,centinela_oxidos,SM,7.874,7.458069334403161,5.3
2018-01-01,30,centinela_sulfuros,LC,9.824,11.438290301288033,16.4
2018-01-01,30,cerro colorado,SM,5.22,5.853139872767061,5.4
2018-01-01,30,chuquicamata,LC,37.848,23.402937161742415,15.228
2018-01-01,30,collahuasi,LC,58.119,49.67029021627417,44.4
2018-01-01,30,el abra,SM,5.236,6.465116484119474,6.9
2018-01-01,30,el soldado,SM,2.856,3.9026334624669174,3.6
2018-01-01,30,el teniente,LC,30.462,33.4173687158778,36.6
2018-01-01,30,escondida,LC,103.74,93.25655168337593,77.1
2018-01-01,30,franke,SM,1.243,1.0521040620786097,1.7
2018-01-01,30,gabriela mistral,LC,8.177,8.697761204377935,7.2
2018-01-01,30,lomas bayas,SM,6.463,5.7816187247444155,7.2
2018-01-01,30,los bronces,LC,27.661,21.806951079891554,20.858
2018-01-01,30,los pelambres,LC,27.137,26.660503023054083,28.1
2018-01-01,30,mantos blancos,SM,2.862,3.2711223675432963,3.569
2018-01-01,30,mantoverde,SM,3.159,4.240841696772305,3.065
2018-01-01,30,ministro hales,LC,9.861,12.438451967640734,23.8
2018-01-01,30,ojos del salado,SM,2.351,2.089467368514232,2.1
2018-01-01,30,otros,LC,12.753,11.046321445257945,11.749
2018-01-01,30,radomiro tomic,LC,19.38,20.860470858705824,25.704
2018-01-01,30,salvador,SM,4.597,5.167490581922822,4.3
2018-01-01,30,sierra gorda,SM,12.36,12.252549166747512,7.8
2018-01-01,30,zaldivar,SM,7.871,6.6441131266746725,8.7
2018-01-01,36,andacollo,SM,4.445,3.7824435840268626,8.4
2018-01-01,36,andina,LC,13.639,15.104255709698732,19.5
2018-01-01,36,antucoya,SM,6.812,6.762678177965669,6.7
2018-01-01,36,atacama kozan,SM,1.013,1.1142657747064075,1.0
2018-01-01,36,candelaria,LC,9.0,9.550307104586146,9.4
2018-01-01,36,caserones,LC,8.761,11.212390240242248,13.0
2018-01-01,36,centinela_oxidos,SM,7.833,7.38766201252866,5.3
2018-01-01,36,centinela_sulfuros,LC,16.0,11.118145864293853,16.4
2018-01-01,36,cerro colorado,SM,4.491,5.829110896480966,5.4
2018-01-01,36,chuquicamata,LC,29.088,22.698111233140278,15.228
2018-01-01,36,collahuasi,LC,57.029,48.55294452125964,44.4
2018-01-01,36,el abra,SM,6.746,6.640685687040503,6.9
2018-01-01,36,el soldado,SM,3.724,3.9343058980101207,3.6
2018-01-01,36,el teniente,LC,39.124,32.56684382270855,36.6
2018-01-01,36,escondida,LC,84.669,96.30310558778648,77.1
2018-01-01,36,franke,SM,1.088,1.0521282202323574,1.7
2018-01-01,36,gabriela mistral,LC,6.399,8.584969332866054,7.2
2018-01-01,36,lomas bayas,SM,5.4,5.78405057255737,7.2
2018-01-01,36,los bronces,LC,24.529,21.08581954314356,20.858
2018-01-01,36,los pelambres,LC,28.8,26.784668641026403,28.1
2018-01-01,36,mantos blancos,SM,3.705,3.3208174174517584,3.569
2018-01-01,36,mantoverde,SM,3.144,4.41805451063078,3.065
2018-01-01,36,ministro hales,LC,17.82,11.976355422091082,23.8
2018-01-01,36,ojos del salado,SM,2.335,2.0407868269967993,2.1
2018-01-01,36,otros,LC,9.332877,10.87576158825557,11.749
2018-01-01,36,radomiro tomic,LC,22.516,20.839811435802346,25.704
2018-01-01,36,salvador,SM,4.462,5.1390594404615335,4.3
2018-01-01,36,sierra gorda,SM,11.565,11.987906614901963,7.8
2018-01-01,36,zaldivar,SM,7.298,6.5154371080909,8.7
2018-01-01,42,andacollo,SM,3.84,3.817065060099373,8.4
2018-01-01,42,andina,LC,19.517,14.84948280948263,19.5
2018-01-01,42,antucoya,SM,5.202,6.840308798043582,6.7
2018-01-01,42,atacama kozan,SM,1.125,1.1029171028632878,1.0
2018-01-01,42,candelaria,LC,9.268,9.72258504059695,9.4
2018-01-01,42,caserones,LC,10.492,11.173222116733776,13.0
2018-01-01,42,centinela_oxidos,SM,7.725,7.36215681501359,5.3
2018-01-01,42,centinela_sulfuros,LC,14.8,10.78107553711912,16.4
2018-01-01,42,cerro colorado,SM,4.555,5.835120743453224,5.4
2018-01-01,42,chuquicamata,LC,13.678,22.560457160065425,15.228
2018-01-01,42,collahuasi,LC,54.03,48.227053914748744,44.4
2018-01-01,42,el abra,SM,5.504,6.784125084137522,6.9
2018-01-01,42,el soldado,SM,4.427,3.9622560296907503,3.6
2018-01-01,42,el teniente,LC,41.2,31.731993806616043,36.6
2018-01-01,42,escondida,LC,86.258,100.0748235352418,77.1
2018-01-01,42,franke,SM,0.887,1.0584016656448172,1.7
2018-01-01,42,gabriela mistral,LC,10.068,8.52785358677655,7.2
2018-01-01,42,lomas bayas,SM,5.5,5.780505146166495,7.2
2018-01-01,42,los bronces,LC,26.301,20.49369663672268,20.858
2018-01-01,42,los pelambres,LC,27.911,26.92764186399257,28.1
2018-01-01,42,mantos blancos,SM,4.27,3.477505778017187,3.569
2018-01-01,42,mantoverde,SM,4.3,4.617531713013649,3.065
2018-01-01,42,ministro hales,LC,16.5,11.502148021706653,23.8
2018-01-01,42,ojos del salado,SM,2.121,1.9691404885583794,2.1
2018-01-01,42,otros,LC,10.465720999999998,10.68932598405344,11.749
2018-01-01,42,radomiro tomic,LC,23.227,20.71885621452052,25.704
2018-01-01,42,salvador,SM,3.862,5.150642434824116,4.3
2018-01-01,42,sierra gorda,SM,17.394,11.725791943630524,7.8
2018-01-01,42,zaldivar,SM,6.879,6.39153683285017,8.7
2018-01-01,48,andacollo,SM,3.061,3.8591732749262246,8.4
2018-01-01,48,andina,LC,18.84,14.7451296095922,19.5
2018-01-01,48,antucoya,SM,6.486,6.923180132997965,6.7
2018-01-01,48,atacama kozan,SM,0.886,1.0935612150566234,1.0
2018-01-01,48,candelaria,LC,12.325,9.902518549280451,9.4
2018-01-01,48,caserones,LC,12.422,11.112077898069833,13.0
2018-01-01,48,centinela_oxidos,SM,7.583,7.300865080141708,5.3
2018-01-01,48,centinela_sulfuros,LC,12.413,10.439697037469681,16.4
2018-01-01,48,cerro colorado,SM,3.933,5.835120743453224,5.4
2018-01-01,48,chuquicamata,LC,16.401,21.945767794370965,15.228
2018-01-01,48,collahuasi,LC,51.336,47.05289179474319,44.4
2018-01-01,48,el abra,SM,5.718,6.9610124654047985,6.9
2018-01-01,48,el soldado,SM,2.894,3.991288215446209,3.6
2018-01-01,48,el teniente,LC,34.199,30.80743575476903,36.6
2018-01-01,48,escondida,LC,81.0,102.36975344192895,77.1
2018-01-01,48,franke,SM,0.864,1.0614082136335423,1.7
2018-01-01,48,gabriela mistral,LC,10.29,8.428720847228831,7.2
2018-01-01,48,lomas bayas,SM,6.004,5.777618342353904,7.2
2018-01-01,48,los bronces,LC,20.04,19.891362621854533,20.858
2018-01-01,48,los pelambres,LC,18.115,27.033219514892384,28.1
2018-01-01,48,mantos blancos,SM,3.453,3.508127859511476,3.569
2018-01-01,48,mantoverde,SM,4.106,4.779640067953608,3.065
2018-01-01,48,ministro hales,LC,11.635,11.038834641122014,23.8
2018-01-01,48,ojos del salado,SM,2.323,1.913972606363906,2.1
2018-01-01,48,otros,LC,11.546456999999998,10.498440082179352,11.749
2018-01-01,48,radomiro tomic,LC,20.479,20.73125010372676,25.704
2018-01-01,48,salvador,SM,1.607,5.150642434824116,4.3
2018-01-01,48,sierra gorda,SM,14.5,11.463947992277818,7.8
2018-01-01,48,zaldivar,SM,8.261,6.264102256496463,8.7
2018-01-01,54,andacollo,SM,2.221,3.9010201592483598,8.4
2018-01-01,54,andina,LC,17.03,14.640776870970798,19.5
2018-01-01,54,antucoya,SM,6.861993,7.006051467952344,6.7
2018-01-01,54,atacama kozan,SM,1.2634086232,1.084205140768645,1.0
2018-01-01,54,candelaria,LC,10.720994127971508,10.079879761775558,9.4
2018-01-01,54,caserones,LC,4.999,11.062476947605202,13.0
2018-01-01,54,centinela_oxidos,SM,8.488439999999999,7.239735989294625,5.3
2018-01-01,54,centinela_sulfuros,LC,12.22597924234586,10.098318538950435,16.4
2018-01-01,54,cerro colorado,SM,3.598,5.835120743453224,5.4
2018-01-01,54,chuquicamata,LC,25.555,21.73543560674145,15.228
2018-01-01,54,collahuasi,LC,47.262,46.12337124156652,44.4
2018-01-01,54,el abra,SM,9.284,7.143827101258429,6.9
2018-01-01,54,el soldado,SM,2.57,4.020331628437597,3.6
2018-01-01,54,el teniente,LC,28.068,29.88983224863509,36.6
2018-01-01,54,escondida,LC,81.399,104.73905200907024,77.1
2018-01-01,54,franke,SM,0.760445,1.0644344727314023,1.7
2018-01-01,54,gabriela mistral,LC,9.132,8.355724090032712,7.2
2018-01-01,54,lomas bayas,SM,6.064031,5.7751307116048975,7.2
2018-01-01,54,los bronces,LC,16.49,19.289685672006595,20.858
2018-01-01,54,los pelambres,LC,23.391121186549768,27.13843081856955,28.1
2018-01-01,54,mantos blancos,SM,4.136,3.627472255605184,3.569
2018-01-01,54,mantoverde,SM,4.103,4.941693448167305,3.065
2018-01-01,54,ministro hales,LC,13.17,10.577640171716487,23.8
2018-01-01,54,ojos del salado,SM,1.858,1.8385414823942654,2.1
2018-01-01,54,otros,LC,10.002399353990002,10.306146244858411,11.749
2018-01-01,54,radomiro tomic,LC,25.265,20.743643992933002,25.704
2018-01-01,54,salvador,SM,1.423,5.150642434824116,4.3
2018-01-01,54,sierra gorda,SM,13.05851625126102,11.20210304588598,7.8
2018-01-01,54,zaldivar,SM,7.44,6.1366676801427555,8.7
2018-01-01,60,andacollo,SM,3.161,3.942979568844913,8.4
2018-01-01,60,andina,LC,15.112,14.536424169565521,19.5
2018-01-01,60,antucoya,SM,7.046,7.0889228029067235,6.7
2018-01-01,60,atacama kozan,SM,0.793,1.0748492526790354,1.0
2018-01-01,60,candelaria,LC,11.93,10.258779859227293,9.4
2018-01-01,60,caserones,LC,11.351,11.005441467263596,13.0
2018-01-01,60,centinela_oxidos,SM,7.836679,7.178544430910717,5.3
2018-01-01,60,centinela_sulfuros,LC,9.888067271067618,9.756940040478892,16.4
2018-01-01,60,cerro colorado,SM,3.581,5.835120743453224,5.4
2018-01-01,60,chuquicamata,LC,23.479,21.172609430888002,15.228
2018-01-01,60,collahuasi,LC,42.903,45.004345235905454,44.4
2018-01-01,60,el abra,SM,8.718,7.3231230646679375,6.9
2018-01-01,60,el soldado,SM,4.074,4.0493718609907035,3.6
2018-01-01,60,el teniente,LC,32.758,28.97276550586225,36.6
2018-01-01,60,escondida,LC,93.319,107.0443727917226,77.1
2018-01-01,60,franke,SM,1.251,1.0674505810870054,1.7
2018-01-01,60,gabriela mistral,LC,7.517,8.264756385448504,7.2
2018-01-01,60,lomas bayas,SM,7.232,5.772542402851733,7.2
2018-01-01,60,los bronces,LC,16.369,18.687606240488268,20.858
2018-01-01,60,los pelambres,LC,17.369,27.24386859606743,28.1
2018-01-01,60,mantos blancos,SM,4.134,3.670770559983716,3.569
2018-01-01,60,mantoverde,SM,3.34,5.103760802495205,3.065
2018-01-01,60,ministro hales,LC,10.731,10.114326791134522,23.8
2018-01-01,60,ojos del salado,SM,1.382,1.7774024306470055,2.1
2018-01-01,60,otros,LC,12.32280417175306,10.113559197324015,11.749
2018-01-01,60,radomiro tomic,LC,26.388,20.75603788213924,25.704
2018-01-01,60,salvador,SM,2.516,5.150642434824116,4.3
2018-01-01,60,sierra gorda,SM,10.725,10.940258767536356,7.8
2018-01-01,60,zaldivar,SM,7.572,6.0092331037890485,8.7
2018-07-01,6,andacollo,SM,4.2,3.4401278330894067,6.4
2018-07-01,6,andina,LC,16.746,16.262814957218087,17.8
2018-07-01,6,antucoya,SM,6.0,6.225519212254263,7.0
2018-07-01,6,atacama kozan,SM,1.0,1.0972752700831756,0.8
2018-07-01,6,candelaria,LC,7.8,9.858221389254844,11.4
2018-07-01,6,caserones,LC,11.887,10.490757424463917,10.1
2018-07-01,6,centinela_oxidos,SM,9.1,7.717816883636371,4.3
2018-07-01,6,centinela_sulfuros,LC,16.6,17.04029379729589,17.7
2018-07-01,6,cerro colorado,SM,3.007,5.350926724721929,4.8
2018-07-01,6,chuquicamata,LC,28.231,27.00073567209545,27.108
2018-07-01,6,collahuasi,LC,44.49,56.333143676620615,41.1
2018-07-01,6,el abra,SM,6.353,6.307160473921234,6.8
2018-07-01,6,el soldado,SM,4.322,3.315803200372889,3.734
2018-07-01,6,el teniente,LC,32.994,41.40323410731444,43.4
2018-07-01,6,escondida,LC,91.845,84.7140122473993,81.4
2018-07-01,6,franke,SM,1.793,1.106094464478455,1.7
2018-07-01,6,gabriela mistral,LC,6.053,9.224640791996656,11.5
2018-07-01,6,lomas bayas,SM,6.839,5.666710207097872,6.5
2018-07-01,6,los bronces,LC,30.232,27.856927084152865,28.21
2018-07-01,6,los pelambres,LC,30.455,26.69234779620607,29.4
2018-07-01,6,mantos blancos,SM,3.31,3.4589594628538194,4.053
2018-07-01,6,mantoverde,SM,3.566,3.164474784893674,3.908
2018-07-01,6,ministro hales,LC,6.951,13.987596511961591,16.7
2018-07-01,6,ojos del salado,SM,2.601,2.5024527179918175,2.6
2018-07-01,6,otros,LC,13.72075,12.268248350660897,11.347
2018-07-01,6,radomiro tomic,LC,22.082,22.984160746815355,28.572
2018-07-01,6,salvador,SM,4.176,4.341348739113428,5.9
2018-07-01,6,sierra gorda,SM,9.557,13.50499463011914,7.2
2018-07-01,6,zaldivar,SM,8.302,7.65840034401159,8.4
2018-07-01,9,andacollo,SM,5.7,3.508090741420932,6.4
2018-07-01,9,andina,LC,11.828,15.850555975576249,17.8
2018-07-01,9,antucoya,SM,6.8,5.534671328029381,7.0
2018-07-01,9,atacama kozan,SM,0.8,1.0906201888009128,0.8
2018-07-01,9,candelaria,LC,8.1,9.854974400030777,11.4
2018-07-01,9,caserones,LC,12.375,10.363336786992923,10.1
2018-07-01,9,centinela_oxidos,SM,6.4,7.813697866304538,4.3
2018-07-01,9,centinela_sulfuros,LC,15.3,14.224308916708306,17.7
2018-07-01,9,cerro colorado,SM,8.113,6.057860756545388,4.8
2018-07-01,9,chuquicamata,LC,28.102,25.445280929714,27.108
2018-07-01,9,collahuasi,LC,37.052,56.47676176018849,41.1
2018-07-01,9,el abra,SM,6.704,6.396869745455837,6.8
2018-07-01,9,el soldado,SM,4.53,3.2962924181681617,3.734
2018-07-01,9,el teniente,LC,34.684,39.19698531411786,43.4
2018-07-01,9,escondida,LC,92.115,82.36462240205034,81.4
2018-07-01,9,franke,SM,1.604,1.1108807952018929,1.7
2018-07-01,9,gabriela mistral,LC,8.152,9.201467545032175,11.5
2018-07-01,9,lomas bayas,SM,6.66,5.605539253753611,6.5
2018-07-01,9,los bronces,LC,30.698,27.196501874876866,28.21
2018-07-01,9,los pelambres,LC,33.313,27.788502055868246,29.4
2018-07-01,9,mantos blancos,SM,3.253,3.612574519031631,4.053
2018-07-01,9,mantoverde,SM,3.765,3.7541734326974505,3.908
2018-07-01,9,ministro hales,LC,12.258,13.791736155919848,16.7
2018-07-01,9,ojos del salado,SM,2.334,2.38148500184819,2.6
2018-07-01,9,otros,LC,12.201237,11.923607252888193,11.347
2018-07-01,9,radomiro tomic,LC,21.678,23.390423157147392,28.572
2018-07-01,9,salvador,SM,2.753,5.0991831733345805,5.9
2018-07-01,9,sierra gorda,SM,8.44,13.149176058963205,7.2
2018-07-01,9,zaldivar,SM,9.616,7.8599037235138205,8.4
2018-07-01,12,andacollo,SM,5.4,3.3742275996191005,6.4
2018-07-01,12,andina,LC,14.04,15.953874851277735,17.8
2018-07-01,12,antucoya,SM,6.0,5.870646052199281,7.0
2018-07-01,12,atacama kozan,SM,1.0,1.0929599361966427,0.8
2018-07-01,12,candelaria,LC,10.7,9.986799219758511,11.4
2018-07-01,12,caserones,LC,14.347,10.299624967179227,10.1
2018-07-01,12,centinela_oxidos,SM,5.7,8.001369592533884,4.3
2018-07-01,12,centinela_sulfuros,LC,20.8,14.006186745815146,17.7
2018-07-01,12,cerro colorado,SM,6.314,4.524624668718463,4.8
2018-07-01,12,chuquicamata,LC,24.19,24.311467618291022,27.108
2018-07-01,12,collahuasi,LC,47.341,55.410268270856,41.1
2018-07-01,12,el abra,SM,6.704,6.649954367755293,6.8
2018-07-01,12,el soldado,SM,4.214,3.575493660983892,3.734
2018-07-01,12,el teniente,LC,39.561,37.15560293610851,43.4
2018-07-01,12,escondida,LC,97.228,82.23581054220436,81.4
2018-07-01,12,franke,SM,1.65,1.104941509751377,1.7
2018-07-01,12,gabriela mistral,LC,9.379,9.022885710137626,11.5
2018-07-01,12,lomas bayas,SM,6.701,5.489468767852107,6.5
2018-07-01,12,los bronces,LC,29.657,25.36102267523039,28.21
2018-07-01,12,los pelambres,LC,31.541,26.680486402426865,29.4
2018-07-01,12,mantos blancos,SM,3.835,3.8824111928407,4.053
2018-07-01,12,mantoverde,SM,3.52,3.317075863512249,3.908
2018-07-01,12,ministro hales,LC,13.609,14.170589660484854,16.7
2018-07-01,12,ojos del salado,SM,2.251,2.3117091555962506,2.6
2018-07-01,12,otros,LC,13.251566999999998,11.53959809533808,11.347
2018-07-01,12,radomiro tomic,LC,24.658,23.687442484023006,28.572
2018-07-01,12,salvador,SM,3.961,4.422402239778393,5.9
2018-07-01,12,sierra gorda,SM,8.868,13.119592019794823,7.2
2018-07-01,12,zaldivar,SM,9.303,7.628243572642692,8.4
2018-07-01,18,andacollo,SM,6.32,3.5430981254615244,6.4
2018-07-01,18,andina,LC,15.886,16.67643843506515,17.8
2018-07-01,18,antucoya,SM,6.78,5.940401885212435,7.0
2018-07-01,18,atacama kozan,SM,1.177,1.080033897940055,0.8
2018-07-01,18,candelaria,LC,8.24,10.012372982024056,11.4
2018-07-01,18,caserones,LC,11.611,10.041299033509059,10.1
2018-07-01,18,centinela_oxidos,SM,7.457,7.4511110835121235,4.3
2018-07-01,18,centinela_sulfuros,LC,17.118,12.475367188892436,17.7
2018-07-01,18,cerro colorado,SM,7.601,5.892742732770886,4.8
2018-07-01,18,chuquicamata,LC,15.69,24.03015379773253,27.108
2018-07-01,18,collahuasi,LC,53.542,54.80337042486912,41.1
2018-07-01,18,el abra,SM,7.0169,6.744504593244453,6.8
2018-07-01,18,el soldado,SM,3.923,3.6081826307777036,3.734
2018-07-01,18,el teniente,LC,33.386,38.728280700264136,43.4
2018-07-01,18,escondida,LC,100.944,85.90379121779628,81.4
2018-07-01,18,franke,SM,1.101,1.094176999991487,1.7
2018-07-01,18,gabriela mistral,LC,8.929,9.063901211346414,11.5
2018-07-01,18,lomas bayas,SM,6.551,5.533551525357203,6.5
2018-07-01,18,los bronces,LC,20.815,24.483348889943017,28.21
2018-07-01,18,los pelambres,LC,29.774,27.023940154195948,29.4
2018-07-01,18,mantos blancos,SM,3.554,3.6479448331789603,4.053
2018-07-01,18,mantoverde,SM,3.299,3.3201007782366663,3.908
2018-07-01,18,ministro hales,LC,14.335,13.278583529225575,16.7
2018-07-01,18,ojos del salado,SM,2.573,2.1464149258036422,2.6
2018-07-01,18,otros,LC,8.901,11.448402481459075,11.347
2018-07-01,18,radomiro tomic,LC,19.9,23.319333593087634,28.572
2018-07-01,18,salvador,SM,2.34,4.230709509658615,5.9
2018-07-01,18,sierra gorda,SM,10.715,12.904817547345951,7.2
2018-07-01,18,zaldivar,SM,9.951,7.741528164960805,8.4
2018-07-01,24,andacollo,SM,3.028,3.6914997183207823,6.4
2018-07-01,24,andina,LC,14.282,16.000545056794074,17.8
2018-07-01,24,antucoya,SM,5.5,5.700024836281026,7.0
2018-07-01,24,atacama kozan,SM,1.62,1.0560703790556074,0.8
2018-07-01,24,candelaria,LC,10.129,10.339189220603215,11.4
2018-07-01,24,caserones,LC,9.481,10.163006436292166,10.1
2018-07-01,24,centinela_oxidos,SM,7.874,7.611453763376257,4.3
2018-07-01,24,centinela_sulfuros,LC,9.824,13.387247890357557,17.7
2018-07-01,24,cerro colorado,SM,5.22,6.619748258802629,4.8
2018-07-01,24,chuquicamata,LC,37.848,25.79458624139519,27.108
2018-07-01,24,collahuasi,LC,58.119,55.05312133487083,41.1
2018-07-01,24,el abra,SM,5.236,6.850056551581696,6.8
2018-07-01,24,el soldado,SM,2.856,3.718727134888879,3.734
2018-07-01,24,el teniente,LC,30.462,35.72303290105267,43.4
2018-07-01,24,escondida,LC,103.74,90.17187760991743,81.4
2018-07-01,24,franke,SM,1.243,1.05753489870629,1.7
2018-07-01,24,gabriela mistral,LC,8.177,8.92429572503273,11.5
2018-07-01,24,lomas bayas,SM,6.463,5.571537676359937,6.5
2018-07-01,24,los bronces,LC,27.661,19.507506374151003,28.21
2018-07-01,24,los pelambres,LC,27.137,27.10846166973257,29.4
2018-07-01,24,mantos blancos,SM,2.862,3.9498887814080916,4.053
2018-07-01,24,mantoverde,SM,3.159,3.23097567980293,3.908
2018-07-01,24,ministro hales,LC,9.861,12.779113744687455,16.7
2018-07-01,24,ojos del salado,SM,2.351,2.1899067473499962,2.6
2018-07-01,24,otros,LC,12.753,12.119005847423152,11.347
2018-07-01,24,radomiro tomic,LC,19.38,23.8785002725133,28.572
2018-07-01,24,salvador,SM,4.597,3.3155499510459725,5.9
2018-07-01,24,sierra gorda,SM,12.36,12.493893155828317,7.2
2018-07-01,24,zaldivar,SM,7.871,7.806498410199893,8.4
2018-07-01,30,andacollo,SM,4.445,3.3881093869571983,6.4
2018-07-01,30,andina,LC,13.639,16.391527367661908,17.8
2018-07-01,30,antucoya,SM,6.812,6.267228194999464,7.0
2018-07-01,30,atacama kozan,SM,1.013,1.0033744808179932,0.8
2018-07-01,30,candelaria,LC,9.0,10.429822602825773,11.4
2018-07-01,30,caserones,LC,8.761,10.265193178950176,10.1
2018-07-01,30,centinela_oxidos,SM,7.833,7.619197325764839,4.3
2018-07-01,30,centinela_sulfuros,LC,16.0,15.416151062105456,17.7
2018-07-01,30,cerro colorado,SM,4.491,5.209689756912525,4.8
2018-07-01,30,chuquicamata,LC,29.088,19.980207930857198,27.108
2018-07-01,30,collahuasi,LC,57.029,54.58718147570743,41.1
2018-07-01,30,el abra,SM,6.746,7.253197706375422,6.8
2018-07-01,30,el soldado,SM,3.724,3.990752800922341,3.734
2018-07-01,30,el teniente,LC,39.124,35.22310702998837,43.4
2018-07-01,30,escondida,LC,84.669,95.18662421161953,81.4
2018-07-01,30,franke,SM,1.088,1.059615356596288,1.7
2018-07-01,30,gabriela mistral,LC,6.399,8.847555186131874,11.5
2018-07-01,30,lomas bayas,SM,5.4,5.613531476047947,6.5
2018-07-01,30,los bronces,LC,24.529,22.3775013083952,28.21
2018-07-01,30,los pelambres,LC,28.8,27.50967585920305,29.4
2018-07-01,30,mantos blancos,SM,3.705,4.310291014397462,4.053
2018-07-01,30,mantoverde,SM,3.144,3.263176086534168,3.908
2018-07-01,30,ministro hales,LC,17.82,12.58792206800905,16.7
2018-07-01,30,ojos del salado,SM,2.335,2.0581315915221947,2.6
2018-07-01,30,otros,LC,9.332877,11.209935474400371,11.347
2018-07-01,30,radomiro tomic,LC,22.516,23.91991121807937,28.572
2018-07-01,30,salvador,SM,4.462,4.653599651287425,5.9
2018-07-01,30,sierra gorda,SM,11.565,12.092885513052734,7.2
2018-07-01,30,zaldivar,SM,7.298,7.295179956208545,8.4
2018-07-01,36,andacollo,SM,3.84,3.5904523691548444,6.4
2018-07-01,36,andina,LC,19.517,16.47715853081501,17.8
2018-07-01,36,antucoya,SM,5.202,5.811742932852844,7.0
2018-07-01,36,atacama kozan,SM,1.125,1.0465689317799252,0.8
2018-07-01,36,candelaria,LC,9.268,10.695170579802971,11.4
2018-07-01,36,caserones,LC,10.492,10.201838456123797,10.1
2018-07-01,36,centinela_oxidos,SM,7.725,7.571131050658452,4.3
2018-07-01,36,centinela_sulfuros,LC,14.8,13.146951250576263,17.7
2018-07-01,36,cerro colorado,SM,4.555,4.771748985112837,4.8
2018-07-01,36,chuquicamata,LC,13.678,21.85004579884899,27.108
2018-07-01,36,collahuasi,LC,54.03,53.3076524741351,41.1
2018-07-01,36,el abra,SM,5.504,7.211154147282054,6.8
2018-07-01,36,el soldado,SM,4.427,3.8180227188384204,3.734
2018-07-01,36,el teniente,LC,41.2,35.08720450708976,43.4
2018-07-01,36,escondida,LC,86.258,93.517426446948,81.4
2018-07-01,36,franke,SM,0.887,1.0505278672362879,1.7
2018-07-01,36,gabriela mistral,LC,10.068,8.698076220251647,11.5
2018-07-01,36,lomas bayas,SM,5.5,5.912940000550969,6.5
2018-07-01,36,los bronces,LC,26.301,20.244484723295788,28.21
2018-07-01,36,los pelambres,LC,27.911,27.312995909568873,29.4
2018-07-01,36,mantos blancos,SM,4.27,3.9906735944020486,4.053
2018-07-01,36,mantoverde,SM,4.3,3.387586383379787,3.908
2018-07-01,36,ministro hales,LC,16.5,11.635357884407782,16.7
2018-07-01,36,ojos del salado,SM,2.121,1.984595898790385,2.6
2018-07-01,36,otros,LC,10.465720999999998,11.69993220518628,11.347
2018-07-01,36,radomiro tomic,LC,23.227,23.538220580857722,28.572
2018-07-01,36,salvador,SM,3.862,4.5762178891403895,5.9
2018-07-01,36,sierra gorda,SM,17.394,11.90014613711905,7.2
2018-07-01,36,zaldivar,SM,6.879,7.06155030676736,8.4
2018-07-01,42,andacollo,SM,3.061,3.5788065849016197,6.4
2018-07-01,42,andina,LC,18.84,14.593222982802581,17.8
2018-07-01,42,antucoya,SM,6.486,6.5668081193072565,7.0
2018-07-01,42,atacama kozan,SM,0.886,1.0248610070475654,0.8
2018-07-01,42,candelaria,LC,12.325,10.875909825623976,11.4
2018-07-01,42,caserones,LC,12.422,10.0104356378856,10.1
2018-07-01,42,centinela_oxidos,SM,7.583,7.583024866568324,4.3
2018-07-01,42,centinela_sulfuros,LC,12.413,13.275132021702909,17.7
2018-07-01,42,cerro colorado,SM,3.933,4.803652257221567,4.8
2018-07-01,42,chuquicamata,LC,16.401,23.984045693824942,27.108
2018-07-01,42,collahuasi,LC,51.336,51.56157447828026,41.1
2018-07-01,42,el abra,SM,5.718,7.6082543950459955,6.8
2018-07-01,42,el soldado,SM,2.894,3.6894827199754388,3.734
2018-07-01,42,el teniente,LC,34.199,35.06882012148091,43.4
2018-07-01,42,escondida,LC,81.0,96.44781550989255,81.4
2018-07-01,42,franke,SM,0.864,1.0367752174603668,1.7
2018-07-01,42,gabriela mistral,LC,10.29,8.69951127725879,11.5
2018-07-01,42,lomas bayas,SM,6.004,5.887126320671074,6.5
2018-07-01,42,los bronces,LC,20.04,20.441265901680286,28.21
2018-07-01,42,los pelambres,LC,18.115,27.560868582677173,29.4
2018-07-01,42,mantos blancos,SM,3.453,3.76312903642368,4.053
2018-07-01,42,mantoverde,SM,4.106,4.445063962386627,3.908
2018-07-01,42,ministro hales,LC,11.635,11.252537126594694,16.7
2018-07-01,42,ojos del salado,SM,2.323,1.8482878623878574,2.6
2018-07-01,42,otros,LC,11.546456999999998,11.32169803405385,11.347
2018-07-01,42,radomiro tomic,LC,20.479,23.457595000598108,28.572
2018-07-01,42,salvador,SM,1.607,4.209854802860195,5.9
2018-07-01,42,sierra gorda,SM,14.5,11.139242379516784,7.2
2018-07-01,42,zaldivar,SM,8.261,6.8586336321688135,8.4
2018-07-01,48,andacollo,SM,2.221,3.5503617192185097,6.4
2018-07-01,48,andina,LC,17.03,14.686850512635186,17.8
2018-07-01,48,antucoya,SM,6.861993,6.118663646142616,7.0
2018-07-01,48,atacama kozan,SM,1.2634086232,1.0327589160681685,0.8
2018-07-01,48,candelaria,LC,10.720994127971508,10.896949046924446,11.4
2018-07-01,48,caserones,LC,4.999,9.80189124773274,10.1
2018-07-01,48,centinela_oxidos,SM,8.488439999999999,7.5513230132445175,4.3
2018-07-01,48,centinela_sulfuros,LC,12.22597924234586,13.7459346983217,17.7
2018-07-01,48,cerro colorado,SM,3.598,4.430190437626978,4.8
2018-07-01,48,chuquicamata,LC,25.555,23.464242653105007,27.108
2018-07-01,48,collahuasi,LC,47.262,50.067195342355895,41.1
2018-07-01,48,el abra,SM,9.284,7.791758762314297,6.8
2018-07-01,48,el soldado,SM,2.57,4.060640618057811,3.734
2018-07-01,48,el teniente,LC,28.068,32.56741942907373,43.4
2018-07-01,48,escondida,LC,81.399,96.74138689908911,81.4
2018-07-01,48,franke,SM,0.760445,1.0346732741295404,1.7
2018-07-01,48,gabriela mistral,LC,9.132,8.594566803127899,11.5
2018-07-01,48,lomas bayas,SM,6.064031,5.751072207977999,6.5
2018-07-01,48,los bronces,LC,16.49,16.71162263700332,28.21
2018-07-01,48,los pelambres,LC,23.391121186549768,28.528590700389376,29.4
2018-07-01,48,mantos blancos,SM,4.136,4.292077147799053,4.053
2018-07-01,48,mantoverde,SM,4.103,4.470064080801688,3.908
2018-07-01,48,ministro hales,LC,13.17,11.085812775044177,16.7
2018-07-01,48,ojos del salado,SM,1.858,1.8292963552595156,2.6
2018-07-01,48,otros,LC,10.002399353990002,10.937239714527601,11.347
2018-07-01,48,radomiro tomic,LC,25.265,23.73109197318033,28.572
2018-07-01,48,salvador,SM,1.423,2.852872683590768,5.9
2018-07-01,48,sierra gorda,SM,13.05851625126102,11.117315020661703,7.2
2018-07-01,48,zaldivar,SM,7.44,7.020229938497946,8.4
2018-07-01,54,andacollo,SM,3.161,3.508610789037487,6.4
2018-07-01,54,andina,LC,15.112,15.130092175333886,17.8
2018-07-01,54,antucoya,SM,7.046,6.044077420916548,7.0
2018-07-01,54,atacama kozan,SM,0.793,0.9872774071626788,0.8
2018-07-01,54,candelaria,LC,11.93,11.16596194176779,11.4
2018-07-01,54,caserones,LC,11.351,10.254705717100588,10.1
2018-07-01,54,centinela_oxidos,SM,7.836679,7.6187959518384,4.3
2018-07-01,54,centinela_sulfuros,LC,9.888067271067618,13.473961128203827,17.7
2018-07-01,54,cerro colorado,SM,3.581,4.229190437626977,4.8
2018-07-01,54,chuquicamata,LC,23.479,20.70811592364001,27.108
2018-07-01,54,collahuasi,LC,42.903,48.56783214175109,41.1
2018-07-01,54,el abra,SM,8.718,7.450424535561008,6.8
2018-07-01,54,el soldado,SM,4.074,4.159709875121235,3.734
2018-07-01,54,el teniente,LC,32.758,31.075881555442766,43.4
2018-07-01,54,escondida,LC,93.319,99.10637685789757,81.4
2018-07-01,54,franke,SM,1.251,1.0263641167308426,1.7
2018-07-01,54,gabriela mistral,LC,7.517,8.492716485962204,11.5
2018-07-01,54,lomas bayas,SM,7.232,5.7325079278514846,6.5
2018-07-01,54,los bronces,LC,16.369,14.340161229805222,28.21
2018-07-01,54,los pelambres,LC,17.369,28.028973730970822,29.4
2018-07-01,54,mantos blancos,SM,4.134,4.041810789516707,4.053
2018-07-01,54,mantoverde,SM,3.34,4.627547724586206,3.908
2018-07-01,54,ministro hales,LC,10.731,10.533733965270521,16.7
2018-07-01,54,ojos del salado,SM,1.382,1.650275309813265,2.6
2018-07-01,54,otros,LC,12.32280417175306,11.04964622745495,11.347
2018-07-01,54,radomiro tomic,LC,26.388,23.10502762100395,28.572
2018-07-01,54,salvador,SM,2.516,2.7424726835907682,5.9
2018-07-01,54,sierra gorda,SM,10.725,10.975722106334592,7.2
2018-07-01,54,zaldivar,SM,7.572,6.741569505534308,8.4
2018-07-01,60,andacollo,SM,3.937,3.656072075077054,6.4
2018-07-01,60,andina,LC,14.043,15.606530271743068,17.8
2018-07-01,60,antucoya,SM,5.775,6.048882653004956,7.0
2018-07-01,60,atacama kozan,SM,1.11,1.0221269670400253,0.8
2018-07-01,60,candelaria,LC,10.868,11.2818043155596,11.4
2018-07-01,60,caserones,LC,10.542,9.754723936502252,10.1
2018-07-01,60,centinela_oxidos,SM,7.014,7.463980916852167,4.3
2018-07-01,60,centinela_sulfuros,LC,14.484,13.88631132297913,17.7
2018-07-01,60,cerro colorado,SM,3.617,4.218990437626978,4.8
2018-07-01,60,chuquicamata,LC,19.611,20.96871298895614,27.108
2018-07-01,60,collahuasi,LC,50.014,47.03646342502181,41.1
2018-07-01,60,el abra,SM,8.024889,7.711451996941557,6.8
2018-07-01,60,el soldado,SM,5.044,3.8513333289779275,3.734
2018-07-01,60,el teniente,LC,31.799,30.650238481514087,43.4
2018-07-01,60,escondida,LC,82.383,104.85158992246778,81.4
2018-07-01,60,franke,SM,0.951,1.0505094327692164,1.7
2018-07-01,60,gabriela mistral,LC,8.658,8.361813298411594,11.5
2018-07-01,60,lomas bayas,SM,4.8,5.402146295249939,6.5
2018-07-01,60,los bronces,LC,16.377,13.687563882594805,28.21
2018-07-01,60,los pelambres,LC,27.769,28.62212069782104,29.4
2018-07-01,60,mantos blancos,SM,3.742,4.1277878128588315,4.053
2018-07-01,60,mantoverde,SM,3.03,4.181409020990155,3.908
2018-07-01,60,ministro hales,LC,10.005,10.221802768629743,16.7
2018-07-01,60,ojos del salado,SM,1.368,1.4667640940203155,2.6
2018-07-01,60,otros,LC,8.587133571000003,10.421107252829476,11.347
2018-07-01,60,radomiro tomic,LC,31.341,22.93186885247464,28.572
2018-07-01,60,salvador,SM,1.012,3.398272683590768,5.9
2018-07-01,60,sierra gorda,SM,9.977,10.910359364993624,7.2
2018-07-01,60,zaldivar,SM,6.595,6.667879292191459,8.4
2019-01-01,6,andacollo,SM,5.4,3.613729442103803,6.0
2019-01-01,6,andina,LC,14.04,16.10992955378067,18.9
2019-01-01,6,antucoya,SM,6.0,6.3123573526420245,4.6
2019-01-01,6,atacama kozan,SM,1.0,1.139695579855427,0.8
2019-01-01,6,candelaria,LC,10.7,9.744086698929195,7.0
2019-01-01,6,caserones,LC,14.347,10.541190651694821,11.8
2019-01-01,6,centinela_oxidos,SM,5.7,7.731480140357136,7.8
2019-01-01,6,centinela_sulfuros,LC,20.8,14.466424312131537,7.8
2019-01-01,6,cerro colorado,SM,6.314,5.537817623152247,5.2
2019-01-01,6,chuquicamata,LC,24.19,23.909915196327077,19.12
2019-01-01,6,collahuasi,LC,47.341,50.527462748283966,54.1
2019-01-01,6,el abra,SM,6.704,6.426105615371218,7.2
2019-01-01,6,el soldado,SM,4.214,3.200397527594646,2.763
2019-01-01,6,el teniente,LC,39.561,36.38264696953216,36.7
2019-01-01,6,escondida,LC,97.228,84.0225604121042,107.0
2019-01-01,6,franke,SM,1.65,1.2003428955917725,1.1
2019-01-01,6,gabriela mistral,LC,9.379,8.854244490214692,8.7
2019-01-01,6,lomas bayas,SM,6.701,5.638516974775339,5.5
2019-01-01,6,los bronces,LC,29.657,29.08918252265467,25.981
2019-01-01,6,los pelambres,LC,31.541,24.71698763250425,27.4
2019-01-01,6,mantos blancos,SM,3.835,3.5915353586133385,3.505
2019-01-01,6,mantoverde,SM,3.52,3.4559470736376197,2.861
2019-01-01,6,ministro hales,LC,13.609,14.29623033677801,16.7
2019-01-01,6,ojos del salado,SM,2.251,2.0858156766935307,2.0
2019-01-01,6,otros,LC,13.251566999999998,11.396394478753118,11.038
2019-01-01,6,radomiro tomic,LC,24.658,23.27970234170002,31.738
2019-01-01,6,salvador,SM,3.961,6.165909040472515,5.1
2019-01-01,6,sierra gorda,SM,8.868,13.525446786378147,6.9
2019-01-01,6,zaldivar,SM,9.303,8.022336999182286,8.1
2019-01-01,9,andacollo,SM,2.1,3.742728379856157,6.0
2019-01-01,9,andina,LC,12.111,16.64673351632309,18.9
2019-01-01,9,antucoya,SM,3.4,6.076294385044658,4.6
2019-01-01,9,atacama kozan,SM,1.2,1.1402522678526907,0.8
2019-01-01,9,candelaria,LC,9.4,9.798019826540646,7.0
2019-01-01,9,caserones,LC,10.228,10.350954313511703,11.8
2019-01-01,9,centinela_oxidos,SM,7.6,7.551859635628024,7.8
2019-01-01,9,centinela_sulfuros,LC,10.9,13.670739837761003,7.8
2019-01-01,9,cerro colorado,SM,4.516,6.895871157436925,5.2
2019-01-01,9,chuquicamata,LC,34.7,23.477167997502846,19.12
2019-01-01,9,collahuasi,LC,50.957,49.852551574791114,54.1
2019-01-01,9,el abra,SM,8.366,6.6154955493878544,7.2
2019-01-01,9,el soldado,SM,4.242,3.158342662849379,2.763
2019-01-01,9,el teniente,LC,41.849,36.45318607544919,36.7
2019-01-01,9,escondida,LC,108.036,82.1843123205094,107.0
2019-01-01,9,franke,SM,1.468,1.1938870270365574,1.1
2019-01-01,9,gabriela mistral,LC,10.93,8.819587724314609,8.7
2019-01-01,9,lomas bayas,SM,6.229,5.631429528296284,5.5
2019-01-01,9,los bronces,LC,28.743,28.769251886761438,25.981
2019-01-01,9,los pelambres,LC,24.898,25.127634704460387,27.4
2019-01-01,9,mantos blancos,SM,3.965,3.751481400189494,3.505
2019-01-01,9,mantoverde,SM,3.915,3.851782807455219,2.861
2019-01-01,9,ministro hales,LC,15.143,13.73345765090796,16.7
2019-01-01,9,ojos del salado,SM,2.585,2.0516717076323405,2.0
2019-01-01,9,otros,LC,11.847238,11.255873704162346,11.038
2019-01-01,9,radomiro tomic,LC,21.219,23.643077533912425,31.738
2019-01-01,9,salvador,SM,7.859,6.282772410245732,5.1
2019-01-01,9,sierra gorda,SM,9.162,13.336054120266573,6.9
2019-01-01,9,zaldivar,SM,10.582,8.1617924739363,8.1
2019-01-01,12,andacollo,SM,6.32,3.67170609563564,6.0
2019-01-01,12,andina,LC,15.886,16.334620594480374,18.9
2019-01-01,12,antucoya,SM,6.78,6.260429150711661,4.6
2019-01-01,12,atacama kozan,SM,1.177,1.1303155334064308,0.8
2019-01-01,12,candelaria,LC,8.24,9.869058650266625,7.0
2019-01-01,12,caserones,LC,11.611,10.24970333232736,11.8
2019-01-01,12,centinela_oxidos,SM,7.457,7.6338056752093015,7.8
2019-01-01,12,centinela_sulfuros,LC,17.118,12.921489729373114,7.8
2019-01-01,12,cerro colorado,SM,7.601,5.8106233264339355,5.2
2019-01-01,12,chuquicamata,LC,15.69,22.751357240662497,19.12
2019-01-01,12,collahuasi,LC,53.542,49.58475069809743,54.1
2019-01-01,12,el abra,SM,7.0169,6.789057053877819,7.2
2019-01-01,12,el soldado,SM,3.923,3.3508713936957113,2.763
2019-01-01,12,el teniente,LC,33.386,36.13521990358516,36.7
2019-01-01,12,escondida,LC,100.944,82.90054886983691,107.0
2019-01-01,12,franke,SM,1.101,1.1916201715660482,1.1
2019-01-01,12,gabriela mistral,LC,8.929,8.675701370145257,8.7
2019-01-01,12,lomas bayas,SM,6.551,5.599509347198405,5.5
2019-01-01,12,los bronces,LC,20.815,27.42465103005411,25.981
2019-01-01,12,los pelambres,LC,29.774,25.561609108524696,27.4
2019-01-01,12,mantos blancos,SM,3.554,3.677060088046724,3.505
2019-01-01,12,mantoverde,SM,3.299,3.5617750623928375,2.861
2019-01-01,12,ministro hales,LC,14.335,14.35245657943086,16.7
2019-01-01,12,ojos del salado,SM,2.573,1.9253327803888654,2.0
2019-01-01,12,otros,LC,8.901,10.903679768302476,11.038
2019-01-01,12,radomiro tomic,LC,19.9,23.61441899017424,31.738
2019-01-01,12,salvador,SM,2.34,6.213574932498634,5.1
2019-01-01,12,sierra gorda,SM,10.715,13.231163470276096,6.9
2019-01-01,12,zaldivar,SM,9.951,8.019316659543136,8.1
2019-01-01,18,andacollo,SM,3.028,3.9151899587015886,6.0
2019-01-01,18,andina,LC,14.282,16.341418210213178,18.9
2019-01-01,18,antucoya,SM,5.5,6.2400020852450835,4.6
2019-01-01,18,atacama kozan,SM,1.62,1.1189178475751032,0.8
2019-01-01,18,candelaria,LC,10.129,10.084273776552822,7.0
2019-01-01,18,caserones,LC,9.481,10.184182493580868,11.8
2019-01-01,18,centinela_oxidos,SM,7.874,7.413335658225453,7.8
2019-01-01,18,centinela_sulfuros,LC,9.824,12.408770375569787,7.8
2019-01-01,18,cerro colorado,SM,5.22,6.950470425849366,5.2
2019-01-01,18,chuquicamata,LC,37.848,23.33124878135031,19.12
2019-01-01,18,collahuasi,LC,58.119,48.98001891310331,54.1
2019-01-01,18,el abra,SM,5.236,6.894438853093432,7.2
2019-01-01,18,el soldado,SM,2.856,3.404566984079365,2.763
2019-01-01,18,el teniente,LC,30.462,34.549595867258105,36.7
2019-01-01,18,escondida,LC,103.74,89.05361311570863,107.0
2019-01-01,18,franke,SM,1.243,1.1553379035185494,1.1
2019-01-01,18,gabriela mistral,LC,8.177,8.594792535507414,8.7
2019-01-01,18,lomas bayas,SM,6.463,5.628955030988983,5.5
2019-01-01,18,los bronces,LC,27.661,24.74578929268144,25.981
2019-01-01,18,los pelambres,LC,27.137,24.96921958195633,27.4
2019-01-01,18,mantos blancos,SM,2.862,3.638366877108405,3.505
2019-01-01,18,mantoverde,SM,3.159,3.5859433072633764,2.861
2019-01-01,18,ministro hales,LC,9.861,13.181301668254827,16.7
2019-01-01,18,ojos del salado,SM,2.351,1.8997236119699001,2.0
2019-01-01,18,otros,LC,12.753,11.27738950800147,11.038
2019-01-01,18,radomiro tomic,LC,19.38,23.716094932970716,31.738
2019-01-01,18,salvador,SM,4.597,6.127238329040734,5.1
2019-01-01,18,sierra gorda,SM,12.36,12.926775388656,6.9
2019-01-01,18,zaldivar,SM,7.871,8.046187364862417,8.1
2019-01-01,24,andacollo,SM,4.445,3.8523761251350876,6.0
2019-01-01,24,andina,LC,13.639,16.186544439487193,18.9
2019-01-01,24,antucoya,SM,6.812,6.359183067858583,4.6
2019-01-01,24,atacama kozan,SM,1.013,1.08717526129513,0.8
2019-01-01,24,candelaria,LC,9.0,10.312364256908124,7.0
2019-01-01,24,caserones,LC,8.761,10.26490005581497,11.8
2019-01-01,24,centinela_oxidos,SM,7.833,7.506944158277439,7.8
2019-01-01,24,centinela_sulfuros,LC,16.0,13.47650282073803,7.8
2019-01-01,24,cerro colorado,SM,4.491,6.854745491453839,5.2
2019-01-01,24,chuquicamata,LC,29.088,21.815273636354412,19.12
2019-01-01,24,collahuasi,LC,57.029,48.38718540306129,54.1
2019-01-01,24,el abra,SM,6.746,7.2072020390965505,7.2
2019-01-01,24,el soldado,SM,3.724,3.555301087458085,2.763
2019-01-01,24,el teniente,LC,39.124,33.51480080121174,36.7
2019-01-01,24,escondida,LC,84.669,94.45189206068248,107.0
2019-01-01,24,franke,SM,1.088,1.1284612777301102,1.1
2019-01-01,24,gabriela mistral,LC,6.399,8.462572254917182,8.7
2019-01-01,24,lomas bayas,SM,5.4,5.647091485315766,5.5
2019-01-01,24,los bronces,LC,24.529,23.630788133946112,25.981
2019-01-01,24,los pelambres,LC,28.8,25.427798478160067,27.4
2019-01-01,24,mantos blancos,SM,3.705,3.9639763371846684,3.505
2019-01-01,24,mantoverde,SM,3.144,3.5436755612061623,2.861
2019-01-01,24,ministro hales,LC,17.82,12.876241868042637,16.7
2019-01-01,24,ojos del salado,SM,2.335,1.861380063898519,2.0
2019-01-01,24,otros,LC,9.332877,11.11986086172848,11.038
2019-01-01,24,radomiro tomic,LC,22.516,24.13735774103153,31.738
2019-01-01,24,salvador,SM,4.462,6.4620445916371985,5.1
2019-01-01,24,sierra gorda,SM,11.565,12.526250923737429,6.9
2019-01-01,24,zaldivar,SM,7.298,7.8061403475825095,8.1
2019-01-01,30,andacollo,SM,3.84,3.8059149143698527,6.0
2019-01-01,30,andina,LC,19.517,16.421756570084497,18.9
2019-01-01,30,antucoya,SM,5.202,6.446374925099914,4.6
2019-01-01,30,atacama kozan,SM,1.125,1.0877022122314726,0.8
2019-01-01,30,candelaria,LC,9.268,10.474994945514336,7.0
2019-01-01,30,caserones,LC,10.492,10.315782433473116,11.8
2019-01-01,30,centinela_oxidos,SM,7.725,7.455117876219385,7.8
2019-01-01,30,centinela_sulfuros,LC,14.8,13.271631672483148,7.8
2019-01-01,30,cerro colorado,SM,4.555,5.920827645583735,5.2
2019-01-01,30,chuquicamata,LC,13.678,20.19900616842021,19.12
2019-01-01,30,collahuasi,LC,54.03,47.89001126626781,54.1
2019-01-01,30,el abra,SM,5.504,7.429658699138301,7.2
2019-01-01,30,el soldado,SM,4.427,3.5507851739235767,2.763
2019-01-01,30,el teniente,LC,41.2,32.65998045665588,36.7
2019-01-01,30,escondida,LC,86.258,94.15229394656274,107.0
2019-01-01,30,franke,SM,0.887,1.1249988153487114,1.1
2019-01-01,30,gabriela mistral,LC,10.068,8.428331325528024,8.7
2019-01-01,30,lomas bayas,SM,5.5,5.7552189777864635,5.5
2019-01-01,30,los bronces,LC,26.301,24.04716167310234,25.981
2019-01-01,30,los pelambres,LC,27.911,25.159057590456122,27.4
2019-01-01,30,mantos blancos,SM,4.27,3.927625472273266,3.505
2019-01-01,30,mantoverde,SM,4.3,3.6568695476892503,2.861
2019-01-01,30,ministro hales,LC,16.5,12.306776426420209,16.7
2019-01-01,30,ojos del salado,SM,2.121,1.7506265201240083,2.0
2019-01-01,30,otros,LC,10.465720999999998,10.847315382702295,11.038
2019-01-01,30,radomiro tomic,LC,23.227,23.840949729540725,31.738
2019-01-01,30,salvador,SM,3.862,7.059471660010479,5.1
2019-01-01,30,sierra gorda,SM,17.394,12.235680369861639,6.9
2019-01-01,30,zaldivar,SM,6.879,7.475102539138321,8.1
2019-01-01,36,andacollo,SM,3.061,3.9057933475063713,6.0
2019-01-01,36,andina,LC,18.84,15.498904234807847,18.9
2019-01-01,36,antucoya,SM,6.486,6.540209783800642,4.6
2019-01-01,36,atacama kozan,SM,0.886,1.0917344468285344,0.8
2019-01-01,36,candelaria,LC,12.325,10.676557153250766,7.0
2019-01-01,36,caserones,LC,12.422,10.132862320069474,11.8
2019-01-01,36,centinela_oxidos,SM,7.583,7.562143028680126,7.8
2019-01-01,36,centinela_sulfuros,LC,12.413,12.40567241505223,7.8
2019-01-01,36,cerro colorado,SM,3.933,5.74185532794356,5.2
2019-01-01,36,chuquicamata,LC,16.401,22.00089581470759,19.12
2019-01-01,36,collahuasi,LC,51.336,46.55271140224845,54.1
2019-01-01,36,el abra,SM,5.718,7.585008971821476,7.2
2019-01-01,36,el soldado,SM,2.894,3.356629725418136,2.763
2019-01-01,36,el teniente,LC,34.199,33.14359042179003,36.7
2019-01-01,36,escondida,LC,81.0,92.91232851197249,107.0
2019-01-01,36,franke,SM,0.864,1.1059260053066935,1.1
2019-01-01,36,gabriela mistral,LC,10.29,8.290315406056715,8.7
2019-01-01,36,lomas bayas,SM,6.004,5.830477471587612,5.5
2019-01-01,36,los bronces,LC,20.04,23.20659810261978,25.981
2019-01-01,36,los pelambres,LC,18.115,25.318549730809142,27.4
2019-01-01,36,mantos blancos,SM,3.453,3.588693698551693,3.505
2019-01-01,36,mantoverde,SM,4.106,4.299604424800242,2.861
2019-01-01,36,ministro hales,LC,11.635,11.641428499151063,16.7
2019-01-01,36,ojos del salado,SM,2.323,1.661196600665796,2.0
2019-01-01,36,otros,LC,11.546456999999998,10.912746004710456,11.038
2019-01-01,36,radomiro tomic,LC,20.479,23.470991247626376,31.738
2019-01-01,36,salvador,SM,1.607,6.857358334220392,5.1
2019-01-01,36,sierra gorda,SM,14.5,11.768481041211588,6.9
2019-01-01,36,zaldivar,SM,8.261,7.311495802240645,8.1
2019-01-01,42,andacollo,SM,2.221,3.8796893600512194,6.0
2019-01-01,42,andina,LC,17.03,14.5867812873196,18.9
2019-01-01,42,antucoya,SM,6.861993,6.629977434407984,4.6
2019-01-01,42,atacama kozan,SM,1.2634086232,1.0935754085973486,0.8
2019-01-01,42,candelaria,LC,10.720994127971508,10.8086018409945,7.0
2019-01-01,42,caserones,LC,4.999,9.908101117261857,11.8
2019-01-01,42,centinela_oxidos,SM,8.488439999999999,7.540229759760699,7.8
2019-01-01,42,centinela_sulfuros,LC,12.22597924234586,12.48433924200987,7.8
2019-01-01,42,cerro colorado,SM,3.598,5.564959421033031,5.2
2019-01-01,42,chuquicamata,LC,25.555,22.617119910680017,19.12
2019-01-01,42,collahuasi,LC,47.262,45.476380413330176,54.1
2019-01-01,42,el abra,SM,9.284,7.866683187440613,7.2
2019-01-01,42,el soldado,SM,2.57,3.4098223071663036,2.763
2019-01-01,42,el teniente,LC,28.068,31.4529395444948,36.7
2019-01-01,42,escondida,LC,81.399,94.71766347566697,107.0
2019-01-01,42,franke,SM,0.760445,1.09798793786046,1.1
2019-01-01,42,gabriela mistral,LC,9.132,8.200534471811189,8.7
2019-01-01,42,lomas bayas,SM,6.064031,5.7741463952651575,5.5
2019-01-01,42,los bronces,LC,16.49,21.68356826305527,25.981
2019-01-01,42,los pelambres,LC,23.391121186549768,25.496016242335585,27.4
2019-01-01,42,mantos blancos,SM,4.136,3.650946345627762,3.505
2019-01-01,42,mantoverde,SM,4.103,4.869995650976696,2.861
2019-01-01,42,ministro hales,LC,13.17,11.442655340248088,16.7
2019-01-01,42,ojos del salado,SM,1.858,1.6053124889302055,2.0
2019-01-01,42,otros,LC,10.002399353990002,10.455970004475624,11.038
2019-01-01,42,radomiro tomic,LC,25.265,23.642264913942796,31.738
2019-01-01,42,salvador,SM,1.423,5.994701533097083,5.1
2019-01-01,42,sierra gorda,SM,13.05851625126102,11.3922937335307,6.9
2019-01-01,42,zaldivar,SM,7.44,7.291061358279543,8.1
2019-01-01,48,andacollo,SM,3.161,3.835015000978639,6.0
2019-01-01,48,andina,LC,15.112,14.853873161379811,18.9
2019-01-01,48,antucoya,SM,7.046,6.534033011797729,4.6
2019-01-01,48,atacama kozan,SM,0.793,1.0826711124697308,0.8
2019-01-01,48,candelaria,LC,11.93,10.969258438087794,7.0
2019-01-01,48,caserones,LC,11.351,10.05484110884765,11.8
2019-01-01,48,centinela_oxidos,SM,7.836679,7.673650833647025,7.8
2019-01-01,48,centinela_sulfuros,LC,9.888067271067618,12.48302126479908,7.8
2019-01-01,48,cerro colorado,SM,3.581,5.291849106344895,5.2
2019-01-01,48,chuquicamata,LC,23.479,21.22249558935594,19.12
2019-01-01,48,collahuasi,LC,42.903,44.135828801336345,54.1
2019-01-01,48,el abra,SM,8.718,7.784330325194327,7.2
2019-01-01,48,el soldado,SM,4.074,3.6078749873177656,2.763
2019-01-01,48,el teniente,LC,32.758,29.67076192831957,36.7
2019-01-01,48,escondida,LC,93.319,96.47118726868581,107.0
2019-01-01,48,franke,SM,1.251,1.0960451042339663,1.1
2019-01-01,48,gabriela mistral,LC,7.517,8.099139227951778,8.7
2019-01-01,48,lomas bayas,SM,7.232,5.722744914920112,5.5
2019-01-01,48,los bronces,LC,16.369,18.738738375270568,25.981
2019-01-01,48,los pelambres,LC,17.369,25.70732074657098,27.4
2019-01-01,48,mantos blancos,SM,4.134,3.701491097137453,3.505
2019-01-01,48,mantoverde,SM,3.34,4.965709870283354,2.861
2019-01-01,48,ministro hales,LC,10.731,11.139825563099885,16.7
2019-01-01,48,ojos del salado,SM,1.382,1.5061312423518667,2.0
2019-01-01,48,otros,LC,12.32280417175306,10.343251630861898,11.038
2019-01-01,48,radomiro tomic,LC,26.388,23.4107931128159,31.738
2019-01-01,48,salvador,SM,2.516,5.275051295286023,5.1
2019-01-01,48,sierra gorda,SM,10.725,11.317804237130126,6.9
2019-01-01,48,zaldivar,SM,7.572,7.225691534755162,8.1
2019-01-01,54,andacollo,SM,3.937,3.8947945323356032,6.0
2019-01-01,54,andina,LC,14.043,15.308757545627246,18.9
2019-01-01,54,antucoya,SM,5.775,6.5419609240958865,4.6
2019-01-01,54,atacama kozan,SM,1.11,1.0768420528525402,0.8
2019-01-01,54,candelaria,LC,10.868,11.161949836981702,7.0
2019-01-01,54,caserones,LC,10.542,10.061990287185075,11.8
2019-01-01,54,centinela_oxidos,SM,7.014,7.841761662151158,7.8
2019-01-01,54,centinela_sulfuros,LC,14.484,12.415796115634363,7.8
2019-01-01,54,cerro colorado,SM,3.617,5.186249106344895,5.2
2019-01-01,54,chuquicamata,LC,19.611,20.10329968193436,19.12
2019-01-01,54,collahuasi,LC,50.014,43.085723930301924,54.1
2019-01-01,54,el abra,SM,8.024889,7.788837981112607,7.2
2019-01-01,54,el soldado,SM,5.044,3.42303987790152,2.763
2019-01-01,54,el teniente,LC,31.799,28.601605366588938,36.7
2019-01-01,54,escondida,LC,82.383,101.38517249950898,107.0
2019-01-01,54,franke,SM,0.951,1.1282734039945752,1.1
2019-01-01,54,gabriela mistral,LC,8.658,8.050443222022317,8.7
2019-01-01,54,lomas bayas,SM,4.8,5.598717416183635,5.5
2019-01-01,54,los bronces,LC,16.377,17.50044367005583,25.981
2019-01-01,54,los pelambres,LC,27.769,25.66794205577588,27.4
2019-01-01,54,mantos blancos,SM,3.742,3.6035258621156694,3.505
2019-01-01,54,mantoverde,SM,3.03,4.813053551259431,2.861
2019-01-01,54,ministro hales,LC,10.005,10.744851149704935,16.7
2019-01-01,54,ojos del salado,SM,1.368,1.35445727796947,2.0
2019-01-01,54,otros,LC,8.587133571000003,10.091118682084169,11.038
2019-01-01,54,radomiro tomic,LC,31.341,22.81798426281899,31.738
2019-01-01,54,salvador,SM,1.012,5.547751295286023,5.1
2019-01-01,54,sierra gorda,SM,9.977,11.222905530106882,6.9
2019-01-01,54,zaldivar,SM,6.595,7.083241689514288,8.1
2019-01-01,60,andacollo,SM,2.121,4.049641119988312,6.0
2019-01-01,60,andina,LC,15.595,15.656839022579291,18.9
2019-01-01,60,antucoya,SM,6.812,6.7108680962285945,4.6
2019-01-01,60,atacama kozan,SM,1.077,1.0731987395069196,0.8
2019-01-01,60,candelaria,LC,10.264,11.344699501357072,7.0
2019-01-01,60,caserones,LC,12.849,9.732520103756126,11.8
2019-01-01,60,centinela_oxidos,SM,7.922,7.685543975317012,7.8
2019-01-01,60,centinela_sulfuros,LC,6.318,11.844702948779034,7.8
2019-01-01,60,cerro colorado,SM,0.0,5.191949106344895,5.2
2019-01-01,60,chuquicamata,LC,16.976,20.256415533768013,19.12
2019-01-01,60,collahuasi,LC,52.15,42.23678854667937,54.1
2019-01-01,60,el abra,SM,8.841,8.061556719941358,7.2
2019-01-01,60,el soldado,SM,4.915,3.190399864292111,2.763
2019-01-01,60,el teniente,LC,26.984,28.304621035746933,36.7
2019-01-01,60,escondida,LC,97.522,103.95914546404443,107.0
2019-01-01,60,franke,SM,1.114,1.1386978990857821,1.1
2019-01-01,60,gabriela mistral,LC,9.013,7.952800729637829,8.7
2019-01-01,60,lomas bayas,SM,6.55,5.705335459089406,5.5
2019-01-01,60,los bronces,LC,14.981,16.866017117219787,25.981
2019-01-01,60,los pelambres,LC,28.087,25.61026814814368,27.4
2019-01-01,60,mantos blancos,SM,3.874,3.7830956419690196,3.505
2019-01-01,60,mantoverde,SM,3.394,4.530526251107855,2.861
2019-01-01,60,ministro hales,LC,3.779,10.434183562062485,16.7
2019-01-01,60,ojos del salado,SM,1.052,1.226229387611622,2.0
2019-01-01,60,otros,LC,12.176000000000002,10.046623314713768,11.038
2019-01-01,60,radomiro tomic,LC,26.353,22.24252377349043,31.738
2019-01-01,60,salvador,SM,0.0,5.424451295286023,5.1
2019-01-01,60,sierra gorda,SM,9.09,11.096182013430266,6.9
2019-01-01,60,zaldivar,SM,6.298,6.90811391772583,8.1
2019-07-01,6,andacollo,SM,6.32,3.652709762611743,5.4
2019-07-01,6,andina,LC,15.886,15.537442534902032,16.1
2019-07-01,6,antucoya,SM,6.78,6.522764133874716,5.0
2019-07-01,6,atacama kozan,SM,1.177,1.1299637811360328,1.1
2019-07-01,6,candelaria,SM,8.24,9.651272706184438,7.4
2019-07-01,6,caserones,LC,11.611,10.596776564895714,11.0
2019-07-01,6,centinela_oxidos,SM,7.457,7.760798338265796,7.1
2019-07-01,6,centinela_sulfuros,LC,17.118,12.62648860422491,8.6
2019-07-01,6,cerro colorado,SM,7.601,5.471305639073048,5.1
2019-07-01,6,chuquicamata,LC,15.69,26.208535941563763,16.621
2019-07-01,6,collahuasi,LC,53.542,52.38751638995847,43.2
2019-07-01,6,el abra,SM,7.0169,6.38823777583066,7.7
2019-07-01,6,el soldado,SM,3.923,3.7055562628826486,5.218
2019-07-01,6,el teniente,LC,33.386,36.500401255426716,42.6
2019-07-01,6,escondida,LC,100.944,88.30231471941981,110.9
2019-07-01,6,franke,SM,1.101,1.1657983616737626,1.8
2019-07-01,6,gabriela mistral,SM,8.929,8.827385064843433,9.3
2019-07-01,6,lomas bayas,SM,6.551,6.128200888204868,6.3
2019-07-01,6,los bronces,LC,20.815,27.363577520971933,33.943
2019-07-01,6,los pelambres,LC,29.774,24.48066865575517,35.2
2019-07-01,6,mantos blancos,SM,3.554,3.751714778540962,3.926
2019-07-01,6,mantoverde,SM,3.299,3.206153425081201,3.601
2019-07-01,6,ministro hales,LC,14.335,14.014929644760258,15.6
2019-07-01,6,ojos del salado,SM,2.573,2.210252321535179,2.8
2019-07-01,6,otros,LC,8.901,11.084025760740614,10.832
2019-07-01,6,radomiro tomic,LC,19.9,24.045214572625362,28.301
2019-07-01,6,salvador,SM,2.34,4.590655504376588,4.0
2019-07-01,6,sierra gorda,LC,10.715,13.450611086147143,7.9
2019-07-01,6,zaldivar,LC,9.951,8.214701686168178,8.0
2019-07-01,9,andacollo,SM,4.921,3.658772967973724,5.4
2019-07-01,9,andina,LC,12.324,16.04734499534822,16.1
2019-07-01,9,antucoya,SM,6.877,6.539323149587271,5.0
2019-07-01,9,atacama kozan,SM,1.105,1.1259829014384601,1.1
2019-07-01,9,candelaria,SM,7.808,9.730514988001106,7.4
2019-07-01,9,caserones,LC,10.122,10.588990959188758,11.0
2019-07-01,9,centinela_oxidos,SM,7.858,7.66920474546656,7.1
2019-07-01,9,centinela_sulfuros,LC,11.087,13.08549992530551,8.6
2019-07-01,9,cerro colorado,SM,5.278,6.116143012103903,5.1
2019-07-01,9,chuquicamata,LC,30.402,24.867506839985236,16.621
2019-07-01,9,collahuasi,LC,54.085,51.955873914063254,43.2
2019-07-01,9,el abra,SM,6.075,6.508891482221298,7.7
2019-07-01,9,el soldado,SM,3.659,3.699173580816995,5.218
2019-07-01,9,el teniente,LC,36.605,35.54937011339103,42.6
2019-07-01,9,escondida,LC,102.641,88.99985844688823,110.9
2019-07-01,9,franke,SM,1.125,1.154657286987823,1.8
2019-07-01,9,gabriela mistral,SM,8.541,8.97268865108247,9.3
2019-07-01,9,lomas bayas,SM,6.091,6.148391954571742,6.3
2019-07-01,9,los bronces,LC,24.731,26.989878433315987,33.943
2019-07-01,9,los pelambres,LC,31.17,24.659056288937734,35.2
2019-07-01,9,mantos blancos,SM,3.282,3.8184146893811945,3.926
2019-07-01,9,mantoverde,SM,3.235,3.6356456911802804,3.601
2019-07-01,9,ministro hales,LC,10.118,13.410975418893795,15.6
2019-07-01,9,ojos del salado,SM,2.08,2.202125858845662,2.8
2019-07-01,9,otros,LC,12.587,11.15157640486506,10.832
2019-07-01,9,radomiro tomic,LC,20.468,24.37554851230715,28.301
2019-07-01,9,salvador,SM,6.159,5.173457920297411,4.0
2019-07-01,9,sierra gorda,LC,10.868,13.285814329042179,7.9
2019-07-01,9,zaldivar,LC,8.302,8.466723943151498,8.0
2019-07-01,12,andacollo,SM,3.028,3.713800602351956,5.4
2019-07-01,12,andina,LC,14.282,15.34464447958293,16.1
2019-07-01,12,antucoya,SM,5.5,6.403390554447185,5.0
2019-07-01,12,atacama kozan,SM,1.62,1.1215217590368833,1.1
2019-07-01,12,candelaria,SM,10.129,9.816889199196295,7.4
2019-07-01,12,caserones,LC,9.481,10.53275969446056,11.0
2019-07-01,12,centinela_oxidos,SM,7.874,7.667052555456122,7.1
2019-07-01,12,centinela_sulfuros,LC,9.824,11.87611236507999,8.6
2019-07-01,12,cerro colorado,SM,5.22,5.746834358106427,5.1
2019-07-01,12,chuquicamata,LC,37.848,25.44370807623724,16.621
2019-07-01,12,collahuasi,LC,58.119,52.241264941162775,43.2
2019-07-01,12,el abra,SM,5.236,6.742853831927867,7.7
2019-07-01,12,el soldado,SM,2.856,3.7544453129068645,5.218
2019-07-01,12,el teniente,LC,30.462,35.987143718661905,42.6
2019-07-01,12,escondida,LC,103.74,89.75608595486241,110.9
2019-07-01,12,franke,SM,1.243,1.131069733327174,1.8
2019-07-01,12,gabriela mistral,SM,8.177,8.85487122972325,9.3
2019-07-01,12,lomas bayas,SM,6.463,6.119069177632026,6.3
2019-07-01,12,los bronces,LC,27.661,24.654627118537693,33.943
2019-07-01,12,los pelambres,LC,27.137,24.490318263514748,35.2
2019-07-01,12,mantos blancos,SM,2.862,3.9568299949942327,3.926
2019-07-01,12,mantoverde,SM,3.159,3.2939930887272357,3.601
2019-07-01,12,ministro hales,LC,9.861,13.393716293094176,15.6
2019-07-01,12,ojos del salado,SM,2.351,2.2318068075063744,2.8
2019-07-01,12,otros,LC,12.753,11.019660495163697,10.832
2019-07-01,12,radomiro tomic,LC,19.38,24.361697050016097,28.301
2019-07-01,12,salvador,SM,4.597,4.371321038508258,4.0
2019-07-01,12,sierra gorda,LC,12.36,13.147270503958739,7.9
2019-07-01,12,zaldivar,LC,7.871,8.289807135869122,8.0
2019-07-01,18,andacollo,SM,4.445,3.7244911004878114,5.4
2019-07-01,18,andina,LC,13.639,15.496790781218085,16.1
2019-07-01,18,antucoya,SM,6.812,6.555203113277543,5.0
2019-07-01,18,atacama kozan,SM,1.013,1.1061940199680553,1.1
2019-07-01,18,candelaria,SM,9.0,10.000024484461765,7.4
2019-07-01,18,caserones,LC,8.761,10.464536918246038,11.0
2019-07-01,18,centinela_oxidos,SM,7.833,7.744290898858898,7.1
2019-07-01,18,centinela_sulfuros,LC,16.0,12.187568622718004,8.6
2019-07-01,18,cerro colorado,SM,4.491,6.104902385208281,5.1
2019-07-01,18,chuquicamata,LC,29.088,24.545794862079983,16.621
2019-07-01,18,collahuasi,LC,57.029,51.983880882975704,43.2
2019-07-01,18,el abra,SM,6.746,6.97160704787519,7.7
2019-07-01,18,el soldado,SM,3.724,3.8212472294410493,5.218
2019-07-01,18,el teniente,LC,39.124,34.23717477208616,42.6
2019-07-01,18,escondida,LC,84.669,94.18058378527257,110.9
2019-07-01,18,franke,SM,1.088,1.0969371662828105,1.8
2019-07-01,18,gabriela mistral,SM,6.399,8.651541802993938,9.3
2019-07-01,18,lomas bayas,SM,5.4,6.138350082115591,6.3
2019-07-01,18,los bronces,LC,24.529,23.692485810174567,33.943
2019-07-01,18,los pelambres,LC,28.8,24.62744259561291,35.2
2019-07-01,18,mantos blancos,SM,3.705,4.0768208254739235,3.926
2019-07-01,18,mantoverde,SM,3.144,3.280250089272446,3.601
2019-07-01,18,ministro hales,LC,17.82,12.917065064367629,15.6
2019-07-01,18,ojos del salado,SM,2.335,2.1368361100001763,2.8
2019-07-01,18,otros,LC,9.332877,11.034329600903918,10.832
2019-07-01,18,radomiro tomic,LC,22.516,24.41606664570335,28.301
2019-07-01,18,salvador,SM,4.462,4.328532144660859,4.0
2019-07-01,18,sierra gorda,LC,11.565,12.845903757982827,7.9
2019-07-01,18,zaldivar,LC,7.298,8.169209236516854,8.0
2019-07-01,24,andacollo,SM,3.84,3.7549577922813007,5.4
2019-07-01,24,andina,LC,19.517,15.39793481921369,16.1
2019-07-01,24,antucoya,SM,5.202,6.560485380307512,5.0
2019-07-01,24,atacama kozan,SM,1.125,1.1015513303791904,1.1
2019-07-01,24,candelaria,SM,9.268,10.196813125929996,7.4
2019-07-01,24,caserones,LC,10.492,10.49602232442994,11.0
2019-07-01,24,centinela_oxidos,SM,7.725,7.741978877505266,7.1
2019-07-01,24,centinela_sulfuros,LC,14.8,12.23988813327771,8.6
2019-07-01,24,cerro colorado,SM,4.555,5.822511658852932,5.1
2019-07-01,24,chuquicamata,LC,13.678,23.717981882694595,16.621
2019-07-01,24,collahuasi,LC,54.03,51.58776513223682,43.2
2019-07-01,24,el abra,SM,5.504,7.229439881305994,7.7
2019-07-01,24,el soldado,SM,4.427,3.8542238814784837,5.218
2019-07-01,24,el teniente,LC,41.2,33.81483681745176,42.6
2019-07-01,24,escondida,LC,86.258,96.08917977436684,110.9
2019-07-01,24,franke,SM,0.887,1.0686550182426058,1.8
2019-07-01,24,gabriela mistral,SM,10.068,8.552468996106105,9.3
2019-07-01,24,lomas bayas,SM,5.5,6.190630380550814,6.3
2019-07-01,24,los bronces,LC,26.301,22.363514425568756,33.943
2019-07-01,24,los pelambres,LC,27.911,24.614559208635857,35.2
2019-07-01,24,mantos blancos,SM,4.27,4.185949990241492,3.926
2019-07-01,24,mantoverde,SM,4.3,3.3395800377977243,3.601
2019-07-01,24,ministro hales,LC,16.5,12.38581395523694,15.6
2019-07-01,24,ojos del salado,SM,2.121,2.0366509068304017,2.8
2019-07-01,24,otros,LC,10.465720999999998,11.10586499235949,10.832
2019-07-01,24,radomiro tomic,LC,23.227,24.4185592920295,28.301
2019-07-01,24,salvador,SM,3.862,4.261457989948218,4.0
2019-07-01,24,sierra gorda,LC,17.394,12.549794960688564,7.9
2019-07-01,24,zaldivar,LC,6.879,7.904216005632032,8.0
2019-07-01,30,andacollo,SM,3.061,3.770027813768414,5.4
2019-07-01,30,andina,LC,18.84,14.855779997891808,16.1
2019-07-01,30,antucoya,SM,6.486,6.832270191182883,5.0
2019-07-01,30,atacama kozan,SM,0.886,1.0894478486152914,1.1
2019-07-01,30,candelaria,SM,12.325,10.35842022486126,7.4
2019-07-01,30,caserones,LC,12.422,10.391952046626312,11.0
2019-07-01,30,centinela_oxidos,SM,7.583,7.768959907867704,7.1
2019-07-01,30,centinela_sulfuros,LC,12.413,12.125292656432912,8.6
2019-07-01,30,cerro colorado,SM,3.933,5.175055320113275,5.1
2019-07-01,30,chuquicamata,LC,16.401,23.562363837337315,16.621
2019-07-01,30,collahuasi,LC,51.336,51.2788501961636,43.2
2019-07-01,30,el abra,SM,5.718,7.494399608358429,7.7
2019-07-01,30,el soldado,SM,2.894,3.857114595624021,5.218
2019-07-01,30,el teniente,LC,34.199,32.87196043825292,42.6
2019-07-01,30,escondida,LC,81.0,96.70885693462611,110.9
2019-07-01,30,franke,SM,0.864,1.057475199427851,1.8
2019-07-01,30,gabriela mistral,SM,10.29,8.414798845126764,9.3
2019-07-01,30,lomas bayas,SM,6.004,6.232955087699007,6.3
2019-07-01,30,los bronces,LC,20.04,22.83056931535657,33.943
2019-07-01,30,los pelambres,LC,18.115,24.72023375461405,35.2
2019-07-01,30,mantos blancos,SM,3.453,4.190018213800532,3.926
2019-07-01,30,mantoverde,SM,4.106,3.7113472758287687,3.601
2019-07-01,30,ministro hales,LC,11.635,11.916552224312722,15.6
2019-07-01,30,ojos del salado,SM,2.323,1.936891331162235,2.8
2019-07-01,30,otros,LC,11.546456999999998,10.765512911988191,10.832
2019-07-01,30,radomiro tomic,LC,20.479,24.204271116504568,28.301
2019-07-01,30,salvador,SM,1.607,4.522427212865998,4.0
2019-07-01,30,sierra gorda,LC,14.5,12.157084095123027,7.9
2019-07-01,30,zaldivar,LC,8.261,7.523042648531071,8.0
2019-07-01,36,andacollo,SM,2.221,3.812658650070752,5.4
2019-07-01,36,andina,LC,17.03,14.227165012499094,16.1
2019-07-01,36,antucoya,SM,6.861993,6.8074856019924495,5.0
2019-07-01,36,atacama kozan,SM,1.2634086232,1.0843074554739824,1.1
2019-07-01,36,candelaria,SM,10.720994127971508,10.500385692648205,7.4
2019-07-01,36,caserones,LC,4.999,10.300914822407837,11.0
2019-07-01,36,centinela_oxidos,SM,8.488439999999999,7.709673315013895,7.1
2019-07-01,36,centinela_sulfuros,LC,12.22597924234586,11.635378019494137,8.6
2019-07-01,36,cerro colorado,SM,3.598,4.895327132627081,5.1
2019-07-01,36,chuquicamata,LC,25.555,24.35139275725131,16.621
2019-07-01,36,collahuasi,LC,47.262,49.86096076629876,43.2
2019-07-01,36,el abra,SM,9.284,7.709431752925805,7.7
2019-07-01,36,el soldado,SM,2.57,3.8736415129307704,5.218
2019-07-01,36,el teniente,LC,28.068,32.42952290970533,42.6
2019-07-01,36,escondida,LC,81.399,96.04238809435354,110.9
2019-07-01,36,franke,SM,0.760445,1.037011295610584,1.8
2019-07-01,36,gabriela mistral,SM,9.132,8.424186502983488,9.3
2019-07-01,36,lomas bayas,SM,6.064031,6.246730965306859,6.3
2019-07-01,36,los bronces,LC,16.49,21.078521333082445,33.943
2019-07-01,36,los pelambres,LC,23.391121186549768,24.829884864639364,35.2
2019-07-01,36,mantos blancos,SM,4.136,4.186963475948161,3.926
2019-07-01,36,mantoverde,SM,4.103,4.17031673609981,3.601
2019-07-01,36,ministro hales,LC,13.17,11.457137692061373,15.6
2019-07-01,36,ojos del salado,SM,1.858,1.8895506116829313,2.8
2019-07-01,36,otros,LC,10.002399353990002,10.600907388443645,10.832
2019-07-01,36,radomiro tomic,LC,25.265,24.114629169795315,28.301
2019-07-01,36,salvador,SM,1.423,3.8549838343104703,4.0
2019-07-01,36,sierra gorda,LC,13.05851625126102,11.88116200118312,7.9
2019-07-01,36,zaldivar,LC,7.44,7.462712203111679,8.0
2019-07-01,42,andacollo,SM,3.161,3.8259587903548335,5.4
2019-07-01,42,andina,LC,15.112,13.592952434087614,16.1
2019-07-01,42,antucoya,SM,7.046,6.895380501496184,5.0
2019-07-01,42,atacama kozan,SM,0.793,1.0726966891877403,1.1
2019-07-01,42,candelaria,SM,11.93,10.664981337669852,7.4
2019-07-01,42,caserones,LC,11.351,10.255465495193391,11.0
2019-07-01,42,centinela_oxidos,SM,7.836679,7.672122185979974,7.1
2019-07-01,42,centinela_sulfuros,LC,9.888067271067618,11.666264471633289,8.6
2019-07-01,42,cerro colorado,SM,3.581,4.720165340358395,5.1
2019-07-01,42,chuquicamata,LC,23.479,24.064071090928863,16.621
2019-07-01,42,collahuasi,LC,42.903,47.905049810602975,43.2
2019-07-01,42,el abra,SM,8.718,7.895259697835186,7.7
2019-07-01,42,el soldado,SM,4.074,3.9234382159514514,5.218
2019-07-01,42,el teniente,LC,32.758,30.710260775310132,42.6
2019-07-01,42,escondida,LC,93.319,97.36368931901208,110.9
2019-07-01,42,franke,SM,1.251,1.0122942667076793,1.8
2019-07-01,42,gabriela mistral,SM,7.517,8.363151952247353,9.3
2019-07-01,42,lomas bayas,SM,7.232,6.22100471247318,6.3
2019-07-01,42,los bronces,LC,16.369,19.076917815080545,33.943
2019-07-01,42,los pelambres,LC,17.369,24.956612525750447,35.2
2019-07-01,42,mantos blancos,SM,4.134,4.268129362525071,3.926
2019-07-01,42,mantoverde,SM,3.34,4.592726617316712,3.601
2019-07-01,42,ministro hales,LC,10.731,11.157643663733113,15.6
2019-07-01,42,ojos del salado,SM,1.382,1.7840346281323878,2.8
2019-07-01,42,otros,LC,12.32280417175306,10.324893176798213,10.832
2019-07-01,42,radomiro tomic,LC,26.388,23.931134214055884,28.301
2019-07-01,42,salvador,SM,2.516,3.211390070893907,4.0
2019-07-01,42,sierra gorda,LC,10.725,11.608950153754627,7.9
2019-07-01,42,zaldivar,LC,7.572,7.373442472620098,8.0
2019-07-01,48,andacollo,SM,3.937,3.859082802733152,5.4
2019-07-01,48,andina,LC,14.043,13.94343833346547,16.1
2019-07-01,48,antucoya,SM,5.775,6.812912722467417,5.0
2019-07-01,48,atacama kozan,SM,1.11,1.0682512925865844,1.1
2019-07-01,48,candelaria,SM,10.868,10.823163608162348,7.4
2019-07-01,48,caserones,LC,10.542,10.18079355716026,11.0
2019-07-01,48,centinela_oxidos,SM,7.014,7.546907025451696,7.1
2019-07-01,48,centinela_sulfuros,LC,14.484,11.720482343439429,8.6
2019-07-01,48,cerro colorado,SM,3.617,4.549105677216222,5.1
2019-07-01,48,chuquicamata,LC,19.611,22.979855067023227,16.621
2019-07-01,48,collahuasi,LC,50.014,46.266905478416646,43.2
2019-07-01,48,el abra,SM,8.024889,7.9734238677560185,7.7
2019-07-01,48,el soldado,SM,5.044,3.9536969052882234,5.218
2019-07-01,48,el teniente,LC,31.799,29.611984866240032,42.6
2019-07-01,48,escondida,LC,82.383,100.39507644868623,110.9
2019-07-01,48,franke,SM,0.951,1.0261103994573642,1.8
2019-07-01,48,gabriela mistral,SM,8.658,8.227963597524997,9.3
2019-07-01,48,lomas bayas,SM,4.8,6.151309343601195,6.3
2019-07-01,48,los bronces,LC,16.377,16.77843190308905,33.943
2019-07-01,48,los pelambres,LC,27.769,25.120513119054042,35.2
2019-07-01,48,mantos blancos,SM,3.742,4.411962411807975,3.926
2019-07-01,48,mantoverde,SM,3.03,4.411095160906983,3.601
2019-07-01,48,ministro hales,LC,10.005,10.900855078717003,15.6
2019-07-01,48,ojos del salado,SM,1.368,1.6538328552968438,2.8
2019-07-01,48,otros,LC,8.587133571000003,9.942071649749796,10.832
2019-07-01,48,radomiro tomic,LC,31.341,23.694341152647816,28.301
2019-07-01,48,salvador,SM,1.012,2.8992924511382254,4.0
2019-07-01,48,sierra gorda,LC,9.977,11.504807290889879,7.9
2019-07-01,48,zaldivar,LC,6.595,7.354433804699121,8.0
2019-07-01,54,andacollo,SM,2.121,3.912905280188525,5.4
2019-07-01,54,andina,LC,15.595,14.42614265244626,16.1
2019-07-01,54,antucoya,SM,6.812,6.990148047507168,5.0
2019-07-01,54,atacama kozan,SM,1.077,1.0588500383015567,1.1
2019-07-01,54,candelaria,SM,10.264,11.016689117392588,7.4
2019-07-01,54,caserones,LC,12.849,10.140208263752136,11.0
2019-07-01,54,centinela_oxidos,SM,7.922,7.402490899710751,7.1
2019-07-01,54,centinela_sulfuros,LC,6.318,11.096757214689266,8.6
2019-07-01,54,cerro colorado,SM,0.0,4.491800429229759,5.1
2019-07-01,54,chuquicamata,LC,16.976,22.420495093213717,16.621
2019-07-01,54,collahuasi,LC,52.15,45.01196189810131,43.2
2019-07-01,54,el abra,SM,8.841,8.03953602657919,7.7
2019-07-01,54,el soldado,SM,4.915,3.91537678483571,5.218
2019-07-01,54,el teniente,LC,26.984,28.438482974949995,42.6
2019-07-01,54,escondida,LC,97.522,102.78193757435906,110.9
2019-07-01,54,franke,SM,1.114,1.0243545207601141,1.8
2019-07-01,54,gabriela mistral,SM,9.013,8.064996091281685,9.3
2019-07-01,54,lomas bayas,SM,6.55,6.208174236931116,6.3
2019-07-01,54,los bronces,LC,14.981,15.545327420271104,33.943
2019-07-01,54,los pelambres,LC,28.087,24.999222051582286,35.2
2019-07-01,54,mantos blancos,SM,3.874,4.394582678824067,3.926
2019-07-01,54,mantoverde,SM,3.394,4.207396310872335,3.601
2019-07-01,54,ministro hales,LC,3.779,10.54415848742324,15.6
2019-07-01,54,ojos del salado,SM,1.052,1.501010382270491,2.8
2019-07-01,54,otros,LC,12.176000000000002,9.90889236692575,10.832
2019-07-01,54,radomiro tomic,LC,26.353,23.096261155603354,28.301
2019-07-01,54,salvador,SM,0.0,2.767591634648542,4.0
2019-07-01,54,sierra gorda,LC,9.09,11.354334080120863,7.9
2019-07-01,54,zaldivar,LC,6.298,7.141302843978637,8.0
2019-07-01,60,andacollo,SM,4.202,3.961798546233876,5.4
2019-07-01,60,andina,LC,15.292,14.461225298848607,16.1
2019-07-01,60,antucoya,SM,6.718,7.120347035807983,5.0
2019-07-01,60,atacama kozan,SM,1.208,1.0486382076772125,1.1
2019-07-01,60,candelaria,SM,12.249,11.206753586532246,7.4
2019-07-01,60,caserones,LC,9.504,9.94107164818111,11.0
2019-07-01,60,centinela_oxidos,SM,9.04,7.259356704120332,7.1
2019-07-01,60,centinela_sulfuros,LC,8.002,11.332462984117281,8.6
2019-07-01,60,cerro colorado,SM,0.0,3.723805102597307,5.1
2019-07-01,60,chuquicamata,LC,25.849,22.483690709277443,16.621
2019-07-01,60,collahuasi,LC,46.985,44.31317272531441,43.2
2019-07-01,60,el abra,SM,7.983,8.286522360517978,7.7
2019-07-01,60,el soldado,SM,3.715,3.8743296627694597,5.218
2019-07-01,60,el teniente,LC,26.477,27.59698859954326,42.6
2019-07-01,60,escondida,LC,106.47,106.47389095496105,110.9
2019-07-01,60,franke,SM,0.901,1.0363334318420734,1.8
2019-07-01,60,gabriela mistral,SM,9.931,7.973745265095216,9.3
2019-07-01,60,lomas bayas,SM,5.55,6.192978292014628,6.3
2019-07-01,60,los bronces,LC,12.965,14.71044609846377,33.943
2019-07-01,60,los pelambres,LC,26.73,24.9272605926615,35.2
2019-07-01,60,mantos blancos,SM,2.503,4.53479571840988,3.926
2019-07-01,60,mantoverde,SM,5.144,4.10016339459967,3.601
2019-07-01,60,ministro hales,LC,3.745,10.386113221574181,15.6
2019-07-01,60,ojos del salado,SM,1.033,1.3600524804212293,2.8
2019-07-01,60,otros,LC,8.933000000000002,9.533525622340552,10.832
2019-07-01,60,radomiro tomic,LC,22.813,22.97126045815743,28.301
2019-07-01,60,salvador,SM,0.0,2.479498586184922,4.0
2019-07-01,60,sierra gorda,LC,11.409,11.193529973388966,7.9
2019-07-01,60,zaldivar,LC,6.377,6.953184710219747,8.0
2020-01-01,6,andacollo,SM,3.028,3.8764145141580526,4.2
2020-01-01,6,andina,LC,14.282,15.464257701855304,16.746
2020-01-01,6,antucoya,SM,5.5,6.334739310825965,6.0
2020-01-01,6,atacama kozan,SM,1.62,1.1477016650247858,1.0
2020-01-01,6,candelaria,SM,10.129,9.832899749619326,7.8
2020-01-01,6,caserones,LC,9.481,10.556421345357862,11.887
2020-01-01,6,centinela_oxidos,SM,7.874,7.833698932790022,9.1
2020-01-01,6,centinela_sulfuros,LC,9.824,13.18762966604508,16.6
2020-01-01,6,cerro colorado,SM,5.22,5.842278587541554,3.007
2020-01-01,6,chuquicamata,LC,37.848,23.531339151719287,28.231
2020-01-01,6,collahuasi,LC,58.119,52.03002401304819,44.49
2020-01-01,6,el abra,SM,5.236,6.6197362325189495,6.353
2020-01-01,6,el soldado,SM,2.856,3.6370248178143774,4.322
2020-01-01,6,el teniente,LC,30.462,41.0687870648692,32.994
2020-01-01,6,escondida,LC,103.74,87.39413973116154,91.845
2020-01-01,6,franke,SM,1.243,1.1203146606878538,1.793
2020-01-01,6,gabriela mistral,SM,8.177,9.528356576507097,6.053
2020-01-01,6,lomas bayas,SM,6.463,5.9992616552023055,6.839
2020-01-01,6,los bronces,LC,27.661,23.941181545365094,30.232
2020-01-01,6,los pelambres,LC,27.137,25.624094177202366,30.455
2020-01-01,6,mantos blancos,SM,2.862,3.896048543936631,3.31
2020-01-01,6,mantoverde,SM,3.159,3.304454231958103,3.566
2020-01-01,6,ministro hales,LC,9.861,12.717407092509987,6.951
2020-01-01,6,ojos del salado,SM,2.351,2.2136443140422184,2.601
2020-01-01,6,otros,LC,12.753,11.114163157039759,13.72075
2020-01-01,6,radomiro tomic,LC,19.38,24.195403249058412,22.082
2020-01-01,6,salvador,SM,4.597,4.114600638340548,4.176
2020-01-01,6,sierra gorda,LC,12.36,13.331075963043354,9.557
2020-01-01,6,zaldivar,LC,7.871,7.430275443885009,8.302
2020-01-01,9,andacollo,SM,4.473,3.817287322258218,4.2
2020-01-01,9,andina,LC,11.466,16.208240251825018,16.746
2020-01-01,9,antucoya,SM,6.802,6.379609613524082,6.0
2020-01-01,9,atacama kozan,SM,1.051,1.1459213711254863,1.0
2020-01-01,9,candelaria,SM,4.465,9.92021020983586,7.8
2020-01-01,9,caserones,LC,11.726,10.447402407541766,11.887
2020-01-01,9,centinela_oxidos,SM,7.572,7.797096317348353,9.1
2020-01-01,9,centinela_sulfuros,LC,15.832,13.607484140789815,16.6
2020-01-01,9,cerro colorado,SM,5.448,6.096492204028257,3.007
2020-01-01,9,chuquicamata,LC,38.789,22.528784035352288,28.231
2020-01-01,9,collahuasi,LC,42.228,51.62246872498362,44.49
2020-01-01,9,el abra,SM,5.749,6.7703927838975595,6.353
2020-01-01,9,el soldado,SM,4.457,3.6421748590528886,4.322
2020-01-01,9,el teniente,LC,42.38,40.79469338049859,32.994
2020-01-01,9,escondida,LC,99.887,88.95502632718225,91.845
2020-01-01,9,franke,SM,1.045,1.1098562796527818,1.793
2020-01-01,9,gabriela mistral,SM,9.503,9.553902476257463,6.053
2020-01-01,9,lomas bayas,SM,6.002,6.0193582875577505,6.839
2020-01-01,9,los bronces,LC,31.067,23.835395470030278,30.232
2020-01-01,9,los pelambres,LC,29.904,25.849403628831524,30.455
2020-01-01,9,mantos blancos,SM,4.129,4.023720017501783,3.31
2020-01-01,9,mantoverde,SM,3.062,3.6279430249259628,3.566
2020-01-01,9,ministro hales,LC,18.275,12.402490760592976,6.951
2020-01-01,9,ojos del salado,SM,1.683,2.0593906900677443,2.601
2020-01-01,9,otros,LC,11.164,11.029314926525823,13.72075
2020-01-01,9,radomiro tomic,LC,24.698,24.345989092645137,22.082
2020-01-01,9,salvador,SM,4.874,4.931772706888891,4.176
2020-01-01,9,sierra gorda,LC,12.378,13.214419101126518,9.557
2020-01-01,9,zaldivar,LC,7.264,7.495518949832237,8.302
2020-01-01,12,andacollo,SM,4.445,3.8270072342856034,4.2
2020-01-01,12,andina,LC,13.639,15.513263486792928,16.746
2020-01-01,12,antucoya,SM,6.812,6.363580510762034,6.0
2020-01-01,12,atacama kozan,SM,1.013,1.1306804252991614,1.0
2020-01-01,12,candelaria,SM,9.0,10.013153713904092,7.8
2020-01-01,12,caserones,LC,8.761,10.42084828264444,11.887
2020-01-01,12,centinela_oxidos,SM,7.833,7.753031163750885,9.1
2020-01-01,12,centinela_sulfuros,LC,16.0,12.731509110782977,16.6
2020-01-01,12,cerro colorado,SM,4.491,5.859614113105818,3.007
2020-01-01,12,chuquicamata,LC,29.088,22.04743920401402,28.231
2020-01-01,12,collahuasi,LC,57.029,51.49948926920986,44.49
2020-01-01,12,el abra,SM,6.746,6.908993483953033,6.353
2020-01-01,12,el soldado,SM,3.724,3.71918664982192,4.322
2020-01-01,12,el teniente,LC,39.124,38.32414265876407,32.994
2020-01-01,12,escondida,LC,84.669,89.29582531639457,91.845
2020-01-01,12,franke,SM,1.088,1.0935083915940589,1.793
2020-01-01,12,gabriela mistral,SM,6.399,9.35072827553333,6.053
2020-01-01,12,lomas bayas,SM,5.4,5.99302462943458,6.839
2020-01-01,12,los bronces,LC,24.529,22.363564332519726,30.232
2020-01-01,12,los pelambres,LC,28.8,25.792044622914432,30.455
2020-01-01,12,mantos blancos,SM,3.705,4.152009768378533,3.31
2020-01-01,12,mantoverde,SM,3.144,3.29692752106916,3.566
2020-01-01,12,ministro hales,LC,17.82,12.457164316873042,6.951
2020-01-01,12,ojos del salado,SM,2.335,2.0837453985386083,2.601
2020-01-01,12,otros,LC,9.332877,11.214519381179795,13.72075
2020-01-01,12,radomiro tomic,LC,22.516,24.379968951984537,22.082
2020-01-01,12,salvador,SM,4.462,4.151649392624196,4.176
2020-01-01,12,sierra gorda,LC,11.565,13.091723841925138,9.557
2020-01-01,12,zaldivar,LC,7.298,7.311068682233639,8.302
2020-01-01,18,andacollo,SM,3.84,3.8743961533557534,4.2
2020-01-01,18,andina,LC,19.517,15.664614747007127,16.746
2020-01-01,18,antucoya,SM,5.202,6.396365122016178,6.0
2020-01-01,18,atacama kozan,SM,1.125,1.1226089041929912,1.0
2020-01-01,18,candelaria,SM,9.268,10.16007912391035,7.8
2020-01-01,18,caserones,LC,10.492,10.43023298670508,11.887
2020-01-01,18,centinela_oxidos,SM,7.725,7.651982876597414,9.1
2020-01-01,18,centinela_sulfuros,LC,14.8,12.299321090672896,16.6
2020-01-01,18,cerro colorado,SM,4.555,6.079484004785265,3.007
2020-01-01,18,chuquicamata,LC,13.678,22.065710147024618,28.231
2020-01-01,18,collahuasi,LC,54.03,51.13351199611832,44.49
2020-01-01,18,el abra,SM,5.504,7.105651087960245,6.353
2020-01-01,18,el soldado,SM,4.427,3.760701684591253,4.322
2020-01-01,18,el teniente,LC,41.2,39.01357941077307,32.994
2020-01-01,18,escondida,LC,86.258,91.4633338778959,91.845
2020-01-01,18,franke,SM,0.887,1.0764816511011202,1.793
2020-01-01,18,gabriela mistral,SM,10.068,9.382061500062896,6.053
2020-01-01,18,lomas bayas,SM,5.5,6.0317677010360615,6.839
2020-01-01,18,los bronces,LC,26.301,21.218657894399414,30.232
2020-01-01,18,los pelambres,LC,27.911,25.73201581637515,30.455
2020-01-01,18,mantos blancos,SM,4.27,4.199020192098878,3.31
2020-01-01,18,mantoverde,SM,4.3,3.3345935098486796,3.566
2020-01-01,18,ministro hales,LC,16.5,11.849626997045561,6.951
2020-01-01,18,ojos del salado,SM,2.121,1.9628371747622344,2.601
2020-01-01,18,otros,LC,10.465720999999998,10.962623867708249,13.72075
2020-01-01,18,radomiro tomic,LC,23.227,24.295077984556897,22.082
2020-01-01,18,salvador,SM,3.862,4.071765171624316,4.176
2020-01-01,18,sierra gorda,LC,17.394,12.859936419559427,9.557
2020-01-01,18,zaldivar,LC,6.879,7.151019070958681,8.302
2020-01-01,24,andacollo,SM,3.061,3.8685532522746002,4.2
2020-01-01,24,andina,LC,18.84,15.08263536601855,16.746
2020-01-01,24,antucoya,SM,6.486,6.53633272772571,6.0
2020-01-01,24,atacama kozan,SM,0.886,1.1116828530144736,1.0
2020-01-01,24,candelaria,SM,12.325,10.364391049898707,7.8
2020-01-01,24,caserones,LC,12.422,10.374067842842454,11.887
2020-01-01,24,centinela_oxidos,SM,7.583,7.672517419456471,9.1
2020-01-01,24,centinela_sulfuros,LC,12.413,12.39468995342658,16.6
2020-01-01,24,cerro colorado,SM,3.933,5.893170000420001,3.007
2020-01-01,24,chuquicamata,LC,16.401,22.01498185384891,28.231
2020-01-01,24,collahuasi,LC,51.336,50.57724992185227,44.49
2020-01-01,24,el abra,SM,5.718,7.318985299028543,6.353
2020-01-01,24,el soldado,SM,2.894,3.7772148392912044,4.322
2020-01-01,24,el teniente,LC,34.199,37.38360043660944,32.994
2020-01-01,24,escondida,LC,81.0,92.88889551192729,91.845
2020-01-01,24,franke,SM,0.864,1.0495723576861842,1.793
2020-01-01,24,gabriela mistral,SM,10.29,9.185165572680825,6.053
2020-01-01,24,lomas bayas,SM,6.004,6.0601266166192245,6.839
2020-01-01,24,los bronces,LC,20.04,20.29310229256913,30.232
2020-01-01,24,los pelambres,LC,18.115,25.8581542379438,30.455
2020-01-01,24,mantos blancos,SM,3.453,4.233930539717586,3.31
2020-01-01,24,mantoverde,SM,4.106,3.6021354859649266,3.566
2020-01-01,24,ministro hales,LC,11.635,11.40407622743155,6.951
2020-01-01,24,ojos del salado,SM,2.323,1.8989623738343777,2.601
2020-01-01,24,otros,LC,11.546456999999998,10.923558659725492,13.72075
2020-01-01,24,radomiro tomic,LC,20.479,24.259098479864214,22.082
2020-01-01,24,salvador,SM,1.607,3.861464852022845,4.176
2020-01-01,24,sierra gorda,LC,14.5,12.616707983648942,9.557
2020-01-01,24,zaldivar,LC,8.261,6.9048851194699115,8.302
2020-01-01,30,andacollo,SM,2.221,3.840753983184199,4.2
2020-01-01,30,andina,LC,17.03,14.718034021034743,16.746
2020-01-01,30,antucoya,SM,6.861993,6.661578289286257,6.0
2020-01-01,30,atacama kozan,SM,1.2634086232,1.1099717555615034,1.0
2020-01-01,30,candelaria,SM,10.720994127971508,10.498867350646712,7.8
2020-01-01,30,caserones,LC,4.999,10.301738833947223,11.887
2020-01-01,30,centinela_oxidos,SM,8.488439999999999,7.603010093801965,9.1
2020-01-01,30,centinela_sulfuros,LC,12.22597924234586,12.429519640305953,16.6
2020-01-01,30,cerro colorado,SM,3.598,5.325725533930346,3.007
2020-01-01,30,chuquicamata,LC,25.555,21.96943314591897,28.231
2020-01-01,30,collahuasi,LC,47.262,49.76407330114964,44.49
2020-01-01,30,el abra,SM,9.284,7.558588511312597,6.353
2020-01-01,30,el soldado,SM,2.57,3.822904609146798,4.322
2020-01-01,30,el teniente,LC,28.068,37.316003629202726,32.994
2020-01-01,30,escondida,LC,81.399,93.58519082052096,91.845
2020-01-01,30,franke,SM,0.760445,1.0488972620545105,1.793
2020-01-01,30,gabriela mistral,SM,9.132,9.199781015018242,6.053
2020-01-01,30,lomas bayas,SM,6.064031,6.075872769770044,6.839
2020-01-01,30,los bronces,LC,16.49,19.709594655245823,30.232
2020-01-01,30,los pelambres,LC,23.391121186549768,25.857190361664877,30.455
2020-01-01,30,mantos blancos,SM,4.136,4.3074029362913855,3.31
2020-01-01,30,mantoverde,SM,4.103,3.9573735527980967,3.566
2020-01-01,30,ministro hales,LC,13.17,11.073303349579946,6.951
2020-01-01,30,ojos del salado,SM,1.858,1.8381981686118631,2.601
2020-01-01,30,otros,LC,10.002399353990002,10.587992527423152,13.72075
2020-01-01,30,radomiro tomic,LC,25.265,24.191969941257028,22.082
2020-01-01,30,salvador,SM,1.423,3.7621010009879567,4.176
2020-01-01,30,sierra gorda,LC,13.05851625126102,12.384166525320598,9.557
2020-01-01,30,zaldivar,LC,7.44,6.693840221453422,8.302
2020-01-01,36,andacollo,SM,3.161,3.856965847135333,4.2
2020-01-01,36,andina,LC,15.112,14.369802339416026,16.746
2020-01-01,36,antucoya,SM,7.046,6.607210073562002,6.0
2020-01-01,36,atacama kozan,SM,0.793,1.1068655191607866,1.0
2020-01-01,36,candelaria,SM,11.93,10.676934755962659,7.8
2020-01-01,36,caserones,LC,11.351,10.280665395724215,11.887
2020-01-01,36,centinela_oxidos,SM,7.836679,7.549644895370159,9.1
2020-01-01,36,centinela_sulfuros,LC,9.888067271067618,11.841308827089783,16.6
2020-01-01,36,cerro colorado,SM,3.581,5.110626394622319,3.007
2020-01-01,36,chuquicamata,LC,23.479,21.97930333434385,28.231
2020-01-01,36,collahuasi,LC,42.903,48.21861240411949,44.49
2020-01-01,36,el abra,SM,8.718,7.637203242547309,6.353
2020-01-01,36,el soldado,SM,4.074,3.8519078913520737,4.322
2020-01-01,36,el teniente,LC,32.758,35.991379460581555,32.994
2020-01-01,36,escondida,LC,93.319,93.83861873081267,91.845
2020-01-01,36,franke,SM,1.251,1.022994260232923,1.793
2020-01-01,36,gabriela mistral,SM,7.517,9.018989295420344,6.053
2020-01-01,36,lomas bayas,SM,7.232,6.084181003998901,6.839
2020-01-01,36,los bronces,LC,16.369,17.765980170907007,30.232
2020-01-01,36,los pelambres,LC,17.369,25.970851608573593,30.455
2020-01-01,36,mantos blancos,SM,4.134,4.337827601776635,3.31
2020-01-01,36,mantoverde,SM,3.34,4.235324075772957,3.566
2020-01-01,36,ministro hales,LC,10.731,10.60574517032558,6.951
2020-01-01,36,ojos del salado,SM,1.382,1.7243524713705605,2.601
2020-01-01,36,otros,LC,12.32280417175306,10.504183866617335,13.72075
2020-01-01,36,radomiro tomic,LC,26.388,23.95235617494081,22.082
2020-01-01,36,salvador,SM,2.516,3.2016012736318906,4.176
2020-01-01,36,sierra gorda,LC,10.725,12.167063947496896,9.557
2020-01-01,36,zaldivar,LC,7.572,6.5769542239284435,8.302
2020-01-01,42,andacollo,SM,3.937,3.866650566838386,4.2
2020-01-01,42,andina,LC,14.043,14.186045865807973,16.746
2020-01-01,42,antucoya,SM,5.775,6.651006330819704,6.0
2020-01-01,42,atacama kozan,SM,1.11,1.1027316589609475,1.0
2020-01-01,42,candelaria,SM,10.868,10.805032222915445,7.8
2020-01-01,42,caserones,LC,10.542,10.158570265937133,11.887
2020-01-01,42,centinela_oxidos,SM,7.014,7.5151859700982415,9.1
2020-01-01,42,centinela_sulfuros,LC,14.484,11.864465563887823,16.6
2020-01-01,42,cerro colorado,SM,3.617,4.980219958067054,3.007
2020-01-01,42,chuquicamata,LC,19.611,22.215319223088574,28.231
2020-01-01,42,collahuasi,LC,50.014,46.4063389499366,44.49
2020-01-01,42,el abra,SM,8.024889,7.7462269935159505,6.353
2020-01-01,42,el soldado,SM,5.044,3.855985674523911,4.322
2020-01-01,42,el teniente,LC,31.799,35.3322758865207,32.994
2020-01-01,42,escondida,LC,82.383,96.32665857353034,91.845
2020-01-01,42,franke,SM,0.951,1.0280168413321453,1.793
2020-01-01,42,gabriela mistral,SM,8.658,9.030414107091795,6.053
2020-01-01,42,lomas bayas,SM,4.8,6.043713631234516,6.839
2020-01-01,42,los bronces,LC,16.377,16.392774573307875,30.232
2020-01-01,42,los pelambres,LC,27.769,25.9870389618522,30.455
2020-01-01,42,mantos blancos,SM,3.742,4.310254867187211,3.31
2020-01-01,42,mantoverde,SM,3.03,4.465457056030667,3.566
2020-01-01,42,ministro hales,LC,10.005,10.361362262016018,6.951
2020-01-01,42,ojos del salado,SM,1.368,1.597703745369081,2.601
2020-01-01,42,otros,LC,8.587133571000003,10.109030640210241,13.72075
2020-01-01,42,radomiro tomic,LC,31.341,23.706497989115096,22.082
2020-01-01,42,salvador,SM,1.012,2.931230040343795,4.176
2020-01-01,42,sierra gorda,LC,9.977,11.937343282860466,9.557
2020-01-01,42,zaldivar,LC,6.595,6.488061878829907,8.302
2020-01-01,48,andacollo,SM,2.121,3.898216886547086,4.2
2020-01-01,48,andina,LC,15.595,14.554111788387102,16.746
2020-01-01,48,antucoya,SM,6.812,6.656704480286876,6.0
2020-01-01,48,atacama kozan,SM,1.077,1.0953567693902706,1.0
2020-01-01,48,candelaria,SM,10.264,10.961557619284246,7.8
2020-01-01,48,caserones,LC,12.849,10.058387054548282,11.887
2020-01-01,48,centinela_oxidos,SM,7.922,7.394453169287489,9.1
2020-01-01,48,centinela_sulfuros,LC,6.318,11.608645437552255,16.6
2020-01-01,48,cerro colorado,SM,0.0,4.8244720544547,3.007
2020-01-01,48,chuquicamata,LC,16.976,21.435189560804055,28.231
2020-01-01,48,collahuasi,LC,52.15,45.29603004539784,44.49
2020-01-01,48,el abra,SM,8.841,7.8287609833911525,6.353
2020-01-01,48,el soldado,SM,4.915,3.8660116467685177,4.322
2020-01-01,48,el teniente,LC,26.984,33.975235763338425,32.994
2020-01-01,48,escondida,LC,97.522,98.40966241145927,91.845
2020-01-01,48,franke,SM,1.114,1.0255554707834065,1.793
2020-01-01,48,gabriela mistral,SM,9.013,8.873624709448444,6.053
2020-01-01,48,lomas bayas,SM,6.55,6.059794705884641,6.839
2020-01-01,48,los bronces,LC,14.981,14.610223144129879,30.232
2020-01-01,48,los pelambres,LC,28.087,26.069128358832863,30.455
2020-01-01,48,mantos blancos,SM,3.874,4.493196254683336,3.31
2020-01-01,48,mantoverde,SM,3.394,4.273483647222358,3.566
2020-01-01,48,ministro hales,LC,3.779,10.11901928787185,6.951
2020-01-01,48,ojos del salado,SM,1.052,1.48708143896994,2.601
2020-01-01,48,otros,LC,12.176000000000002,9.98948368265618,13.72075
2020-01-01,48,radomiro tomic,LC,26.353,23.412860993397505,22.082
2020-01-01,48,salvador,SM,0.0,2.4715830352691515,4.176
2020-01-01,48,sierra gorda,LC,9.09,11.708299789030887,9.557
2020-01-01,48,zaldivar,LC,6.298,6.361857341042079,8.302
2020-01-01,54,andacollo,SM,4.202,3.910115837309963,4.2
2020-01-01,54,andina,LC,15.292,14.718939049509991,16.746
2020-01-01,54,antucoya,SM,6.718,6.703223978476079,6.0
2020-01-01,54,atacama kozan,SM,1.208,1.0844325025018264,1.0
2020-01-01,54,candelaria,SM,12.249,11.133951799993373,7.8
2020-01-01,54,caserones,LC,9.504,9.967087568557105,11.887
2020-01-01,54,centinela_oxidos,SM,9.04,7.303194653703869,9.1
2020-01-01,54,centinela_sulfuros,LC,8.002,11.784960516811372,16.6
2020-01-01,54,cerro colorado,SM,0.0,4.231281559578253,3.007
2020-01-01,54,chuquicamata,LC,25.849,21.371074838744217,28.231
2020-01-01,54,collahuasi,LC,46.985,43.88628874238547,44.49
2020-01-01,54,el abra,SM,7.983,7.916668285698077,6.353
2020-01-01,54,el soldado,SM,3.715,3.8361417387195775,4.322
2020-01-01,54,el teniente,LC,26.477,33.09994394617445,32.994
2020-01-01,54,escondida,LC,106.47,101.82998789406919,91.845
2020-01-01,54,franke,SM,0.901,1.0311681887897723,1.793
2020-01-01,54,gabriela mistral,SM,9.931,8.880105918172495,6.053
2020-01-01,54,lomas bayas,SM,5.55,6.048288091968033,6.839
2020-01-01,54,los bronces,LC,12.965,13.301922887911498,30.232
2020-01-01,54,los pelambres,LC,26.73,26.067813095539936,30.455
2020-01-01,54,mantos blancos,SM,2.503,4.5071847948831465,3.31
2020-01-01,54,mantoverde,SM,5.144,4.258721488292466,3.566
2020-01-01,54,ministro hales,LC,3.745,9.903850307358873,6.951
2020-01-01,54,ojos del salado,SM,1.033,1.356463835363004,2.601
2020-01-01,54,otros,LC,8.933000000000002,9.769008648181927,13.72075
2020-01-01,54,radomiro tomic,LC,22.813,23.177378112930246,22.082
2020-01-01,54,salvador,SM,0.0,2.26557604999812,4.176
2020-01-01,54,sierra gorda,LC,11.409,11.440713349884419,9.557
2020-01-01,54,zaldivar,LC,6.377,6.1441084002567745,8.302
2020-01-01,60,andacollo,SM,4.461,3.9834727601739655,4.2
2020-01-01,60,andina,LC,14.098,14.75307487136949,16.746
2020-01-01,60,antucoya,SM,7.065,6.79546270986092,6.0
2020-01-01,60,atacama kozan,SM,0.975,1.0783568212471295,1.0
2020-01-01,60,candelaria,SM,10.406,11.319489032864853,7.8
2020-01-01,60,caserones,LC,9.863,9.78797138740261,11.887
2020-01-01,60,centinela_oxidos,SM,6.839,7.223856954009373,9.1
2020-01-01,60,centinela_sulfuros,LC,10.271,11.79765143991881,16.6
2020-01-01,60,cerro colorado,SM,0.0,3.6850912809468683,3.007
2020-01-01,60,chuquicamata,LC,13.055,20.896241859805155,28.231
2020-01-01,60,collahuasi,LC,28.019,42.9591325562149,44.49
2020-01-01,60,el abra,SM,9.701,8.183820111138786,6.353
2020-01-01,60,el soldado,SM,3.638,3.83236625883326,4.322
2020-01-01,60,el teniente,LC,25.733,32.0625531314837,32.994
2020-01-01,60,escondida,LC,109.412,105.88229799092552,91.845
2020-01-01,60,franke,SM,0.892,1.0286171997981373,1.793
2020-01-01,60,gabriela mistral,SM,6.874,8.714752102435593,6.053
2020-01-01,60,lomas bayas,SM,6.242,6.058456468558401,6.839
2020-01-01,60,los bronces,LC,18.115,12.229095196414763,30.232
2020-01-01,60,los pelambres,LC,23.954,26.12971867413274,30.455
2020-01-01,60,mantos blancos,SM,4.736,4.863425328877792,3.31
2020-01-01,60,mantoverde,SM,8.905,4.603485452108697,3.566
2020-01-01,60,ministro hales,LC,11.2,9.721031326523496,6.951
2020-01-01,60,ojos del salado,SM,1.343,1.235311797762109,2.601
2020-01-01,60,otros,LC,9.494,9.633792644294218,13.72075
2020-01-01,60,radomiro tomic,LC,20.887,23.240799507295076,22.082
2020-01-01,60,salvador,SM,0.907,2.0596587837408666,4.176
2020-01-01,60,sierra gorda,LC,12.3,11.203414557715325,9.557
2020-01-01,60,zaldivar,LC,6.638,5.974254205905423,8.302
2020-07-01,6,andacollo,SM,4.445,3.847522412654322,5.4
2020-07-01,6,andina,LC,13.639,14.973677963238607,14.04
2020-07-01,6,antucoya,SM,6.812,6.367954301571465,6.0
2020-07-01,6,atacama kozan,SM,1.013,1.1205124550972447,1.0
2020-07-01,6,candelaria,LC,9.0,9.602164621999298,10.7
2020-07-01,6,caserones,LC,8.761,10.645888215834084,14.347
2020-07-01,6,centinela_oxidos,SM,7.833,7.605529329946217,5.7
2020-07-01,6,centinela_sulfuros,LC,16.0,13.839364794346517,20.8
2020-07-01,6,cerro colorado,SM,4.491,5.349160999677709,6.314
2020-07-01,6,chuquicamata,LC,29.088,20.270349967086243,24.19
2020-07-01,6,collahuasi,LC,57.029,49.182057243467,47.341
2020-07-01,6,el abra,SM,6.746,7.033989767282041,6.704
2020-07-01,6,el soldado,SM,3.724,3.53593567236299,4.214
2020-07-01,6,el teniente,LC,39.124,33.09719291737284,39.561
2020-07-01,6,escondida,LC,84.669,90.94265407607857,97.228
2020-07-01,6,franke,SM,1.088,1.0991878609589267,1.65
2020-07-01,6,gabriela mistral,SM,6.399,9.19248989603335,9.379
2020-07-01,6,lomas bayas,SM,5.4,5.674490942836286,6.701
2020-07-01,6,los bronces,LC,24.529,25.88514876672908,29.657
2020-07-01,6,los pelambres,LC,28.8,25.2939980356349,31.541
2020-07-01,6,mantos blancos,SM,3.705,3.6129702995904873,3.835
2020-07-01,6,mantoverde,SM,3.144,3.4753112885884403,3.52
2020-07-01,6,ministro hales,LC,17.82,11.895843688808561,13.609
2020-07-01,6,ojos del salado,SM,2.335,1.991189649125026,2.251
2020-07-01,6,otros,LC,9.332877,11.324088158768316,13.251566999999998
2020-07-01,6,radomiro tomic,LC,22.516,24.584201590166188,24.658
2020-07-01,6,salvador,SM,4.462,3.9350995044920616,3.961
2020-07-01,6,sierra gorda,LC,11.565,13.292480527919448,8.868
2020-07-01,6,zaldivar,SM,7.298,7.541638824645724,9.303
2020-07-01,9,andacollo,SM,3.088,3.867686191000938,5.4
2020-07-01,9,andina,LC,11.804,15.919654691901428,14.04
2020-07-01,9,antucoya,SM,6.182,6.309548686682887,6.0
2020-07-01,9,atacama kozan,SM,1.027,1.11938622025972,1.0
2020-07-01,9,candelaria,LC,8.987,9.745680298777458,10.7
2020-07-01,9,caserones,LC,9.778,10.599119836915225,14.347
2020-07-01,9,centinela_oxidos,SM,5.004,7.592981507305338,5.7
2020-07-01,9,centinela_sulfuros,LC,15.9,13.747752184545387,20.8
2020-07-01,9,cerro colorado,SM,4.888,5.573484999860685,6.314
2020-07-01,9,chuquicamata,LC,25.605,19.733009574533032,24.19
2020-07-01,9,collahuasi,LC,57.022,48.15323668958454,47.341
2020-07-01,9,el abra,SM,6.061,7.177572936306457,6.704
2020-07-01,9,el soldado,SM,3.26,3.5012898356443443,4.214
2020-07-01,9,el teniente,LC,36.139,33.7927657676824,39.561
2020-07-01,9,escondida,LC,85.661,91.80146558278432,97.228
2020-07-01,9,franke,SM,0.821,1.0829863747125454,1.65
2020-07-01,9,gabriela mistral,SM,7.917,9.184150688271957,9.379
2020-07-01,9,lomas bayas,SM,5.2,5.6926895913947115,6.701
2020-07-01,9,los bronces,LC,26.765,26.175572419895857,29.657
2020-07-01,9,los pelambres,LC,29.249,25.292727760791227,31.541
2020-07-01,9,mantos blancos,SM,4.151,3.589754994486054,3.835
2020-07-01,9,mantoverde,SM,3.681,3.70947486054537,3.52
2020-07-01,9,ministro hales,LC,15.362,11.824177059831875,13.609
2020-07-01,9,ojos del salado,SM,2.606,1.91809026956663,2.251
2020-07-01,9,otros,LC,11.06465804,10.854021744603198,13.251566999999998
2020-07-01,9,radomiro tomic,LC,22.696,24.594167341083438,24.658
2020-07-01,9,salvador,SM,4.208,4.5926785940235275,3.961
2020-07-01,9,sierra gorda,LC,18.729,13.22004141210151,8.868
2020-07-01,9,zaldivar,SM,6.108,7.550980602336897,9.303
2020-07-01,12,andacollo,SM,3.84,3.928674501587694,5.4
2020-07-01,12,andina,LC,19.517,15.139062186628403,14.04
2020-07-01,12,antucoya,SM,5.202,6.314682400701932,6.0
2020-07-01,12,atacama kozan,SM,1.125,1.107444448751755,1.0
2020-07-01,12,candelaria,LC,9.268,9.763918062109122,10.7
2020-07-01,12,caserones,LC,10.492,10.561375408652616,14.347
2020-07-01,12,centinela_oxidos,SM,7.725,7.573382904444933,5.7
2020-07-01,12,centinela_sulfuros,LC,14.8,12.907275317879066,20.8
2020-07-01,12,cerro colorado,SM,4.555,5.279556227356314,6.314
2020-07-01,12,chuquicamata,LC,13.678,20.613698620545186,24.19
2020-07-01,12,collahuasi,LC,54.03,48.401796488766436,47.341
2020-07-01,12,el abra,SM,5.504,7.331411046775374,6.704
2020-07-01,12,el soldado,SM,4.427,3.5733653473324116,4.214
2020-07-01,12,el teniente,LC,41.2,32.56733659118185,39.561
2020-07-01,12,escondida,LC,86.258,91.69316542897432,97.228
2020-07-01,12,franke,SM,0.887,1.0699076214286332,1.65
2020-07-01,12,gabriela mistral,SM,10.068,9.2361156664124,9.379
2020-07-01,12,lomas bayas,SM,5.5,5.687561470900968,6.701
2020-07-01,12,los bronces,LC,26.301,24.43372557217905,29.657
2020-07-01,12,los pelambres,LC,27.911,25.464630732158373,31.541
2020-07-01,12,mantos blancos,SM,4.27,3.6419716381082963,3.835
2020-07-01,12,mantoverde,SM,4.3,3.5153858920505803,3.52
2020-07-01,12,ministro hales,LC,16.5,11.651672392252696,13.609
2020-07-01,12,ojos del salado,SM,2.121,1.8761147065282797,2.251
2020-07-01,12,otros,LC,10.465720999999998,10.843754889045586,13.251566999999998
2020-07-01,12,radomiro tomic,LC,23.227,24.679934958638615,24.658
2020-07-01,12,salvador,SM,3.862,3.920909656557561,3.961
2020-07-01,12,sierra gorda,LC,17.394,13.147184260546764,8.868
2020-07-01,12,zaldivar,SM,6.879,7.3985554892578245,9.303
2020-07-01,18,andacollo,SM,3.061,3.9020030084201607,5.4
2020-07-01,18,andina,LC,18.84,14.812320640375773,14.04
2020-07-01,18,antucoya,SM,6.486,6.44393956126507,6.0
2020-07-01,18,atacama kozan,SM,0.886,1.0899430395804395,1.0
2020-07-01,18,candelaria,LC,12.325,9.971766846211862,10.7
2020-07-01,18,caserones,LC,12.422,10.47431994014726,14.347
2020-07-01,18,centinela_oxidos,SM,7.583,7.442513162411027,5.7
2020-07-01,18,centinela_sulfuros,LC,12.413,12.820274496854651,20.8
2020-07-01,18,cerro colorado,SM,3.933,5.3396356357590955,6.314
2020-07-01,18,chuquicamata,LC,16.401,19.813578672042606,24.19
2020-07-01,18,collahuasi,LC,51.336,47.7672123612481,47.341
2020-07-01,18,el abra,SM,5.718,7.566089551939702,6.704
2020-07-01,18,el soldado,SM,2.894,3.5996090556081906,4.214
2020-07-01,18,el teniente,LC,34.199,32.36828163302151,39.561
2020-07-01,18,escondida,LC,81.0,93.4972090612282,97.228
2020-07-01,18,franke,SM,0.864,1.0367379605175604,1.65
2020-07-01,18,gabriela mistral,SM,10.29,9.029837489770454,9.379
2020-07-01,18,lomas bayas,SM,6.004,5.700125432640743,6.701
2020-07-01,18,los bronces,LC,20.04,23.319992605272894,29.657
2020-07-01,18,los pelambres,LC,18.115,25.352193362566855,31.541
2020-07-01,18,mantos blancos,SM,3.453,3.5999835858025566,3.835
2020-07-01,18,mantoverde,SM,4.106,3.742917061823318,3.52
2020-07-01,18,ministro hales,LC,11.635,11.248212315465311,13.609
2020-07-01,18,ojos del salado,SM,2.323,1.8113786886368282,2.251
2020-07-01,18,otros,LC,11.546456999999998,10.886080924770221,13.251566999999998
2020-07-01,18,radomiro tomic,LC,20.479,24.587083286089467,24.658
2020-07-01,18,salvador,SM,1.607,3.763904424025438,3.961
2020-07-01,18,sierra gorda,LC,14.5,13.026438477395343,8.868
2020-07-01,18,zaldivar,SM,8.261,7.233137068451215,9.303
2020-07-01,24,andacollo,SM,2.221,3.9120945540867957,5.4
2020-07-01,24,andina,LC,17.03,14.458676995105922,14.04
2020-07-01,24,antucoya,SM,6.861993,6.49085267710468,6.0
2020-07-01,24,atacama kozan,SM,1.2634086232,1.080884547555379,1.0
2020-07-01,24,candelaria,LC,10.720994127971508,10.159649315932896,10.7
2020-07-01,24,caserones,LC,4.999,10.405360772400304,14.347
2020-07-01,24,centinela_oxidos,SM,8.488439999999999,7.41882465799121,5.7
2020-07-01,24,centinela_sulfuros,LC,12.22597924234586,13.137798650600207,20.8
2020-07-01,24,cerro colorado,SM,3.598,4.969897247068865,6.314
2020-07-01,24,chuquicamata,LC,25.555,20.978820693140978,24.19
2020-07-01,24,collahuasi,LC,47.262,47.02777744243643,47.341
2020-07-01,24,el abra,SM,9.284,7.820100911374525,6.704
2020-07-01,24,el soldado,SM,2.57,3.6456787901163734,4.214
2020-07-01,24,el teniente,LC,28.068,31.632267549796097,39.561
2020-07-01,24,escondida,LC,81.399,94.73232376973036,97.228
2020-07-01,24,franke,SM,0.760445,1.0054317738356526,1.65
2020-07-01,24,gabriela mistral,SM,9.132,9.037557533676042,9.379
2020-07-01,24,lomas bayas,SM,6.064031,5.70898058405801,6.701
2020-07-01,24,los bronces,LC,16.49,21.722508646791855,29.657
2020-07-01,24,los pelambres,LC,23.391121186549768,25.464713551565684,31.541
2020-07-01,24,mantos blancos,SM,4.136,3.642742727614332,3.835
2020-07-01,24,mantoverde,SM,4.103,3.953610252456695,3.52
2020-07-01,24,ministro hales,LC,13.17,10.88907299818877,13.609
2020-07-01,24,ojos del salado,SM,1.858,1.767186081329753,2.251
2020-07-01,24,otros,LC,10.002399353990002,10.700213283726999,13.251566999999998
2020-07-01,24,radomiro tomic,LC,25.265,24.67073482223545,24.658
2020-07-01,24,salvador,SM,1.423,3.2538601646889314,3.961
2020-07-01,24,sierra gorda,LC,13.05851625126102,12.894913408530478,8.868
2020-07-01,24,zaldivar,SM,7.44,7.077524618458455,9.303
2020-07-01,30,andacollo,SM,3.161,3.8531728332038355,5.4
2020-07-01,30,andina,LC,15.112,14.258128245489353,14.04
2020-07-01,30,antucoya,SM,7.046,6.599380878607503,6.0
2020-07-01,30,atacama kozan,SM,0.793,1.0652410116514148,1.0
2020-07-01,30,candelaria,LC,11.93,10.346073413375937,10.7
2020-07-01,30,caserones,LC,11.351,10.419106805095685,14.347
2020-07-01,30,centinela_oxidos,SM,7.836679,7.3517270136780475,5.7
2020-07-01,30,centinela_sulfuros,LC,9.888067271067618,13.168595966511143,20.8
2020-07-01,30,cerro colorado,SM,3.581,4.537382559128622,6.314
2020-07-01,30,chuquicamata,LC,23.479,19.25445077989141,24.19
2020-07-01,30,collahuasi,LC,42.903,45.9928091149819,47.341
2020-07-01,30,el abra,SM,8.718,8.002147342688557,6.704
2020-07-01,30,el soldado,SM,4.074,3.695336830167353,4.214
2020-07-01,30,el teniente,LC,32.758,30.79874785053751,39.561
2020-07-01,30,escondida,LC,93.319,95.21941122176659,97.228
2020-07-01,30,franke,SM,1.251,0.9934098080639154,1.65
2020-07-01,30,gabriela mistral,SM,7.517,8.865106851402896,9.379
2020-07-01,30,lomas bayas,SM,7.232,5.711825742849451,6.701
2020-07-01,30,los bronces,LC,16.369,20.59111499792866,29.657
2020-07-01,30,los pelambres,LC,17.369,25.502933111838534,31.541
2020-07-01,30,mantos blancos,SM,4.134,3.7048593717764216,3.835
2020-07-01,30,mantoverde,SM,3.34,4.237938643160489,3.52
2020-07-01,30,ministro hales,LC,10.731,10.529809953619276,13.609
2020-07-01,30,ojos del salado,SM,1.382,1.6490346958097961,2.251
2020-07-01,30,otros,LC,12.32280417175306,10.46459151900289,13.251566999999998
2020-07-01,30,radomiro tomic,LC,26.388,24.504965503160246,24.658
2020-07-01,30,salvador,SM,2.516,3.1085717837471494,3.961
2020-07-01,30,sierra gorda,LC,10.725,12.705328007505804,8.868
2020-07-01,30,zaldivar,SM,7.572,6.8321787459076395,9.303
2020-07-01,36,andacollo,SM,3.937,3.8779554190102834,5.4
2020-07-01,36,andina,LC,14.043,14.165857787533664,14.04
2020-07-01,36,antucoya,SM,5.775,6.571846187166831,6.0
2020-07-01,36,atacama kozan,SM,1.11,1.0590648173442203,1.0
2020-07-01,36,candelaria,LC,10.868,10.517209027641709,10.7
2020-07-01,36,caserones,LC,10.542,10.26624249702276,14.347
2020-07-01,36,centinela_oxidos,SM,7.014,7.251072059547284,5.7
2020-07-01,36,centinela_sulfuros,LC,14.484,12.796144313595615,20.8
2020-07-01,36,cerro colorado,SM,3.617,4.347149446940103,6.314
2020-07-01,36,chuquicamata,LC,19.611,20.53203044560453,24.19
2020-07-01,36,collahuasi,LC,50.014,45.00658583761806,47.341
2020-07-01,36,el abra,SM,8.024889,8.146088044296208,6.704
2020-07-01,36,el soldado,SM,5.044,3.679018869046268,4.214
2020-07-01,36,el teniente,LC,31.799,30.176289153720145,39.561
2020-07-01,36,escondida,LC,82.383,96.06517231788452,97.228
2020-07-01,36,franke,SM,0.951,0.9852111574659036,1.65
2020-07-01,36,gabriela mistral,SM,8.658,8.885487202174149,9.379
2020-07-01,36,lomas bayas,SM,4.8,5.710291928360994,6.701
2020-07-01,36,los bronces,LC,16.377,18.96750218516381,29.657
2020-07-01,36,los pelambres,LC,27.769,25.56026958231861,31.541
2020-07-01,36,mantos blancos,SM,3.742,3.737892869326292,3.835
2020-07-01,36,mantoverde,SM,3.03,4.325269118100114,3.52
2020-07-01,36,ministro hales,LC,10.005,10.176953663386797,13.609
2020-07-01,36,ojos del salado,SM,1.368,1.5377797385829286,2.251
2020-07-01,36,otros,LC,8.587133571000003,10.25648887369079,13.251566999999998
2020-07-01,36,radomiro tomic,LC,31.341,24.316407081218895,24.658
2020-07-01,36,salvador,SM,1.012,2.842078545598906,3.961
2020-07-01,36,sierra gorda,LC,9.977,12.481908941973927,8.868
2020-07-01,36,zaldivar,SM,6.595,6.726661631887327,9.303
2020-07-01,42,andacollo,SM,2.121,3.8890298368866296,5.4
2020-07-01,42,andina,LC,15.595,14.061928625068983,14.04
2020-07-01,42,antucoya,SM,6.812,6.719208109895043,6.0
2020-07-01,42,atacama kozan,SM,1.077,1.0453878538535524,1.0
2020-07-01,42,candelaria,LC,10.264,10.686511962452071,10.7
2020-07-01,42,caserones,LC,12.849,10.12127232650093,14.347
2020-07-01,42,centinela_oxidos,SM,7.922,7.117787937573034,5.7
2020-07-01,42,centinela_sulfuros,LC,6.318,12.50067626476259,20.8
2020-07-01,42,cerro colorado,SM,0.0,4.251269803668429,6.314
2020-07-01,42,chuquicamata,LC,16.976,19.6887696106229,24.19
2020-07-01,42,collahuasi,LC,52.15,44.05272159763371,47.341
2020-07-01,42,el abra,SM,8.841,8.309179530687292,6.704
2020-07-01,42,el soldado,SM,4.915,3.659876802807101,4.214
2020-07-01,42,el teniente,LC,26.984,29.012861098617137,39.561
2020-07-01,42,escondida,LC,97.522,97.4102200365415,97.228
2020-07-01,42,franke,SM,1.114,0.9759420907673988,1.65
2020-07-01,42,gabriela mistral,SM,9.013,8.696319400711667,9.379
2020-07-01,42,lomas bayas,SM,6.55,5.717263623206154,6.701
2020-07-01,42,los bronces,LC,14.981,17.44989419344725,29.657
2020-07-01,42,los pelambres,LC,28.087,25.560031747522093,31.541
2020-07-01,42,mantos blancos,SM,3.874,3.8677011997358863,3.835
2020-07-01,42,mantoverde,SM,3.394,4.392478596316364,3.52
2020-07-01,42,ministro hales,LC,3.779,9.818857325418726,13.609
2020-07-01,42,ojos del salado,SM,1.052,1.4204214353658637,2.251
2020-07-01,42,otros,LC,12.176000000000002,10.103930084003126,13.251566999999998
2020-07-01,42,radomiro tomic,LC,26.353,24.085455940972462,24.658
2020-07-01,42,salvador,SM,0.0,2.422310898365903,3.961
2020-07-01,42,sierra gorda,LC,9.09,12.265693338780398,8.868
2020-07-01,42,zaldivar,SM,6.298,6.590484280668426,9.303
2020-07-01,48,andacollo,SM,4.202,3.890131776464119,5.4
2020-07-01,48,andina,LC,15.292,14.284244105525618,14.04
2020-07-01,48,antucoya,SM,6.718,6.693628475350416,6.0
2020-07-01,48,atacama kozan,SM,1.208,1.0343261595789606,1.0
2020-07-01,48,candelaria,LC,12.249,10.875866687528411,10.7
2020-07-01,48,caserones,LC,9.504,9.971175475357128,14.347
2020-07-01,48,centinela_oxidos,SM,9.04,7.043579412779183,5.7
2020-07-01,48,centinela_sulfuros,LC,8.002,12.735978615845598,20.8
2020-07-01,48,cerro colorado,SM,0.0,3.705726904507067,6.314
2020-07-01,48,chuquicamata,LC,25.849,20.255470075375214,24.19
2020-07-01,48,collahuasi,LC,46.985,43.155286466982574,47.341
2020-07-01,48,el abra,SM,7.983,8.399726779802386,6.704
2020-07-01,48,el soldado,SM,3.715,3.6519885406717623,4.214
2020-07-01,48,el teniente,LC,26.477,27.7597257531015,39.561
2020-07-01,48,escondida,LC,106.47,100.15077753134362,97.228
2020-07-01,48,franke,SM,0.901,0.9760330697370385,1.65
2020-07-01,48,gabriela mistral,SM,9.931,8.709467471951799,9.379
2020-07-01,48,lomas bayas,SM,5.55,5.70937812299237,6.701
2020-07-01,48,los bronces,LC,12.965,15.73519137306927,29.657
2020-07-01,48,los pelambres,LC,26.73,25.57413988882764,31.541
2020-07-01,48,mantos blancos,SM,2.503,3.9771081172516936,3.835
2020-07-01,48,mantoverde,SM,5.144,4.375283251859691,3.52
2020-07-01,48,ministro hales,LC,3.745,9.47573392644798,13.609
2020-07-01,48,ojos del salado,SM,1.033,1.3152519331019032,2.251
2020-07-01,48,otros,LC,8.933000000000002,9.826610899847832,13.251566999999998
2020-07-01,48,radomiro tomic,LC,22.813,23.97861770996633,24.658
2020-07-01,48,salvador,SM,0.0,1.985998205796963,3.961
2020-07-01,48,sierra gorda,LC,11.409,11.971904322215183,8.868
2020-07-01,48,zaldivar,SM,6.377,6.493987540983336,9.303
2020-07-01,54,andacollo,SM,4.461,3.93100663372598,5.4
2020-07-01,54,andina,LC,14.098,14.416867865076718,14.04
2020-07-01,54,antucoya,SM,7.065,6.7641362861041605,6.0
2020-07-01,54,atacama kozan,SM,0.975,1.0191446966642115,1.0
2020-07-01,54,candelaria,LC,10.406,11.066893980740913,10.7
2020-07-01,54,caserones,LC,9.863,9.911787887316608,14.347
2020-07-01,54,centinela_oxidos,SM,6.839,6.946791534166027,5.7
2020-07-01,54,centinela_sulfuros,LC,10.271,12.781809156640895,20.8
2020-07-01,54,cerro colorado,SM,0.0,3.2461128958215415,6.314
2020-07-01,54,chuquicamata,LC,13.055,18.63799005650949,24.19
2020-07-01,54,collahuasi,LC,28.019,42.230769463986654,47.341
2020-07-01,54,el abra,SM,9.701,8.48144029183873,6.704
2020-07-01,54,el soldado,SM,3.638,3.6461978496354503,4.214
2020-07-01,54,el teniente,LC,25.733,26.706782533078364,39.561
2020-07-01,54,escondida,LC,109.412,103.66001578935891,97.228
2020-07-01,54,franke,SM,0.892,0.9727802035137328,1.65
2020-07-01,54,gabriela mistral,SM,6.874,8.537139391963413,9.379
2020-07-01,54,lomas bayas,SM,6.242,5.714633593852837,6.701
2020-07-01,54,los bronces,LC,18.115,14.330800357844,29.657
2020-07-01,54,los pelambres,LC,23.954,25.54507617732367,31.541
2020-07-01,54,mantos blancos,SM,4.736,4.10300882928475,3.835
2020-07-01,54,mantoverde,SM,8.905,4.6683962859563835,3.52
2020-07-01,54,ministro hales,LC,11.2,9.108916082800782,13.609
2020-07-01,54,ojos del salado,SM,1.343,1.1742609526955865,2.251
2020-07-01,54,otros,LC,9.494,9.739063950543825,13.251566999999998
2020-07-01,54,radomiro tomic,LC,20.887,23.884202742406018,24.658
2020-07-01,54,salvador,SM,0.907,1.9082444444444449,3.961
2020-07-01,54,sierra gorda,LC,12.3,11.729401331140805,8.868
2020-07-01,54,zaldivar,SM,6.638,6.3079530004039714,9.303
2020-07-01,60,andacollo,SM,4.366,3.9937636060655755,5.4
2020-07-01,60,andina,LC,13.025,14.572136622649206,14.04
2020-07-01,60,antucoya,SM,6.202,6.851326871029773,6.0
2020-07-01,60,atacama kozan,SM,1.145,1.01103232393103,1.0
2020-07-01,60,candelaria,LC,10.102,11.255749487924714,10.7
2020-07-01,60,caserones,LC,11.837,9.696425409545768,14.347
2020-07-01,60,centinela_oxidos,SM,5.917,6.904401185240814,5.7
2020-07-01,60,centinela_sulfuros,LC,13.979,12.605816946786074,20.8
2020-07-01,60,cerro colorado,SM,0.0,2.7680556412665336,6.314
2020-07-01,60,chuquicamata,LC,17.088,19.834814463312696,24.19
2020-07-01,60,collahuasi,LC,34.232,40.83253478532878,47.341
2020-07-01,60,el abra,SM,6.984,8.683981725319933,6.704
2020-07-01,60,el soldado,SM,4.07,3.6397948842016654,4.214
2020-07-01,60,el teniente,LC,30.507,25.803690879000875,39.561
2020-07-01,60,escondida,LC,114.78,107.2876158706948,97.228
2020-07-01,60,franke,SM,0.943,0.9718108149686956,1.65
2020-07-01,60,gabriela mistral,SM,6.26,8.56561227196443,9.379
2020-07-01,60,lomas bayas,SM,4.78,5.717636843592025,6.701
2020-07-01,60,los bronces,LC,12.726,13.731047458932824,29.657
2020-07-01,60,los pelambres,LC,25.051,25.563332818254096,31.541
2020-07-01,60,mantos blancos,SM,4.871,4.217845679374634,3.835
2020-07-01,60,mantoverde,SM,7.76,5.5978704616509525,3.52
2020-07-01,60,ministro hales,LC,14.81,8.743278228644495,13.609
2020-07-01,60,ojos del salado,SM,1.023,1.0809951231811255,2.251
2020-07-01,60,otros,LC,8.628,9.564286192081667,13.251566999999998
2020-07-01,60,radomiro tomic,LC,23.844,23.930548130324116,24.658
2020-07-01,60,salvador,SM,4.34,1.9082444444444449,3.961
2020-07-01,60,sierra gorda,LC,12.183,11.509696144701444,8.868
2020-07-01,60,zaldivar,SM,4.277,6.171987093365518,9.303
2020-10-01,6,andacollo,SM,3.088,3.587160756843051,2.1
2020-10-01,6,andina,LC,11.804,14.570510305717303,12.111
2020-10-01,6,antucoya,SM,6.182,5.933690363834859,3.4
2020-10-01,6,atacama kozan,SM,1.027,1.0931184094035846,1.2
2020-10-01,6,candelaria,LC,8.987,9.258041130115066,9.4
2020-10-01,6,caserones,LC,9.778,10.130840489436425,10.228
2020-10-01,6,centinela_oxidos,SM,5.004,7.708786977652335,7.6
2020-10-01,6,centinela_sulfuros,LC,15.9,14.767621231002163,10.9
2020-10-01,6,cerro colorado,SM,4.888,5.354739098448759,4.516
2020-10-01,6,chuquicamata,LC,25.605,19.991665934366317,34.7
2020-10-01,6,collahuasi,LC,57.022,49.123084471692735,50.957
2020-10-01,6,el abra,SM,6.061,6.340709896730825,8.366
2020-10-01,6,el soldado,SM,3.26,3.5656923359147057,4.242
2020-10-01,6,el teniente,LC,36.139,34.892151822482276,41.849
2020-10-01,6,escondida,LC,85.661,89.52978197904258,108.036
2020-10-01,6,franke,SM,0.821,1.061236961796143,1.468
2020-10-01,6,gabriela mistral,SM,7.917,8.925425249048969,10.93
2020-10-01,6,lomas bayas,SM,5.2,5.712621057186145,6.229
2020-10-01,6,los bronces,LC,26.765,24.424783444878862,28.743
2020-10-01,6,los pelambres,LC,29.249,25.29407710094575,24.898
2020-10-01,6,mantos blancos,SM,4.151,3.5406180790474124,3.965
2020-10-01,6,mantoverde,SM,3.681,3.8639763853656275,3.915
2020-10-01,6,ministro hales,LC,15.362,13.909622032224934,15.143
2020-10-01,6,ojos del salado,SM,2.606,2.055976969895712,2.585
2020-10-01,6,otros,LC,11.06465804,11.488830971509554,11.847238
2020-10-01,6,radomiro tomic,LC,22.696,23.847468229264717,21.219
2020-10-01,6,salvador,SM,4.208,4.032642539230491,7.859
2020-10-01,6,sierra gorda,LC,18.729,12.957234737277822,9.162
2020-10-01,6,zaldivar,SM,6.108,7.4524925443022045,10.582
2020-10-01,9,andacollo,SM,3.84,3.5833219886912344,2.1
2020-10-01,9,andina,LC,19.517,14.88231794442821,12.111
2020-10-01,9,antucoya,SM,5.202,5.9219166249099935,3.4
2020-10-01,9,atacama kozan,SM,1.125,1.1035486890837476,1.2
2020-10-01,9,candelaria,LC,9.268,9.352735880423207,9.4
2020-10-01,9,caserones,LC,10.492,10.154331169037345,10.228
2020-10-01,9,centinela_oxidos,SM,7.725,7.671919279031789,7.6
2020-10-01,9,centinela_sulfuros,LC,14.8,14.643614343892237,10.9
2020-10-01,9,cerro colorado,SM,4.555,5.571892419319892,4.516
2020-10-01,9,chuquicamata,LC,13.678,18.98139644596483,34.7
2020-10-01,9,collahuasi,LC,54.03,48.87306871639332,50.957
2020-10-01,9,el abra,SM,5.504,6.455572928130653,8.366
2020-10-01,9,el soldado,SM,4.427,3.5382827101819267,4.242
2020-10-01,9,el teniente,LC,41.2,34.50109932609836,41.849
2020-10-01,9,escondida,LC,86.258,90.97966690509253,108.036
2020-10-01,9,franke,SM,0.887,1.0373283530502724,1.468
2020-10-01,9,gabriela mistral,SM,10.068,8.856936598031732,10.93
2020-10-01,9,lomas bayas,SM,5.5,5.732537377193037,6.229
2020-10-01,9,los bronces,LC,26.301,24.866231109254038,28.743
2020-10-01,9,los pelambres,LC,27.911,25.376873783063942,24.898
2020-10-01,9,mantos blancos,SM,4.27,3.3538358588306196,3.965
2020-10-01,9,mantoverde,SM,4.3,4.078633419120734,3.915
2020-10-01,9,ministro hales,LC,16.5,13.530222840678045,15.143
2020-10-01,9,ojos del salado,SM,2.121,1.94492887280234,2.585
2020-10-01,9,otros,LC,10.465720999999998,11.210254546396293,11.847238
2020-10-01,9,radomiro tomic,LC,23.227,23.874058348328425,21.219
2020-10-01,9,salvador,SM,3.862,4.589249356736434,7.859
2020-10-01,9,sierra gorda,LC,17.394,12.994099573258927,9.162
2020-10-01,9,zaldivar,SM,6.879,7.399485336352873,10.582
2020-10-01,12,andacollo,SM,3.734,3.5713494488593542,2.1
2020-10-01,12,andina,LC,17.434,14.368584526847055,12.111
2020-10-01,12,antucoya,SM,6.489,5.979448268330334,3.4
2020-10-01,12,atacama kozan,SM,1.178,1.0820950177455342,1.2
2020-10-01,12,candelaria,LC,11.584,9.240180346272524,9.4
2020-10-01,12,caserones,LC,12.675,10.075592998610281,10.228
2020-10-01,12,centinela_oxidos,SM,8.114,7.66960013941787,7.6
2020-10-01,12,centinela_sulfuros,LC,14.5,14.03875376676411,10.9
2020-10-01,12,cerro colorado,SM,5.045,5.325760782533149,4.516
2020-10-01,12,chuquicamata,LC,18.941,19.897328411427196,34.7
2020-10-01,12,collahuasi,LC,49.525,49.197531493524295,50.957
2020-10-01,12,el abra,SM,7.751,6.642584508356509,8.366
2020-10-01,12,el soldado,SM,3.529,3.6301203980359507,4.242
2020-10-01,12,el teniente,LC,37.414,35.14302876945067,41.849
2020-10-01,12,escondida,LC,84.651,91.51965401037599,108.036
2020-10-01,12,franke,SM,1.04,1.0272810075090804,1.468
2020-10-01,12,gabriela mistral,SM,9.616,8.996743600745072,10.93
2020-10-01,12,lomas bayas,SM,5.3,5.707262024263318,6.229
2020-10-01,12,los bronces,LC,27.684,23.333216814139114,28.743
2020-10-01,12,los pelambres,LC,20.373,25.277613885572247,24.898
2020-10-01,12,mantos blancos,SM,3.53,3.6677708657904255,3.965
2020-10-01,12,mantoverde,SM,4.92,4.07066334299553,3.915
2020-10-01,12,ministro hales,LC,12.222,13.325310186986153,15.143
2020-10-01,12,ojos del salado,SM,2.402,1.98594448284002,2.585
2020-10-01,12,otros,LC,12.480114,11.28231244228687,11.847238
2020-10-01,12,radomiro tomic,LC,34.15,23.940192921502963,21.219
2020-10-01,12,salvador,SM,4.293,4.037458726765735,7.859
2020-10-01,12,sierra gorda,LC,13.341,12.9125993030747,9.162
2020-10-01,12,zaldivar,SM,8.094,7.284642683758132,10.582
2020-10-01,18,andacollo,SM,4.293,3.5586855597530787,2.1
2020-10-01,18,andina,LC,12.175,14.254411365074168,12.111
2020-10-01,18,antucoya,SM,6.143,6.019024707304757,3.4
2020-10-01,18,atacama kozan,SM,1.047,1.0765337378798219,1.2
2020-10-01,18,candelaria,LC,12.4,9.401467304932362,9.4
2020-10-01,18,caserones,LC,8.945,9.998086823584076,10.228
2020-10-01,18,centinela_oxidos,SM,8.0,7.592854617456642,7.6
2020-10-01,18,centinela_sulfuros,LC,10.4,13.953555089235305,10.9
2020-10-01,18,cerro colorado,SM,4.8,5.2467785105722955,4.516
2020-10-01,18,chuquicamata,LC,21.753,19.418269301758205,34.7
2020-10-01,18,collahuasi,LC,41.9,48.12016672486536,50.957
2020-10-01,18,el abra,SM,5.6,6.868978946378252,8.366
2020-10-01,18,el soldado,SM,2.278,3.687008336953512,4.242
2020-10-01,18,el teniente,LC,31.567,33.366446075041914,41.849
2020-10-01,18,escondida,LC,87.9,91.8562593532466,108.036
2020-10-01,18,franke,SM,0.661,0.9963573693911499,1.468
2020-10-01,18,gabriela mistral,SM,10.25,8.720946904479923,10.93
2020-10-01,18,lomas bayas,SM,5.491,5.713808804231471,6.229
2020-10-01,18,los bronces,LC,16.419,21.74521335986785,28.743
2020-10-01,18,los pelambres,LC,20.1,25.26928719291501,24.898
2020-10-01,18,mantos blancos,SM,4.141,3.6967683517931467,3.965
2020-10-01,18,mantoverde,SM,4.271,4.285744751053003,3.915
2020-10-01,18,ministro hales,LC,12.149,12.811515888846378,15.143
2020-10-01,18,ojos del salado,SM,1.503,1.8724444254905501,2.585
2020-10-01,18,otros,LC,11.941515,11.223735177201622,11.847238
2020-10-01,18,radomiro tomic,LC,25.491,24.040106610669657,21.219
2020-10-01,18,salvador,SM,2.85,3.8994417106763732,7.859
2020-10-01,18,sierra gorda,LC,13.015,12.774476576862318,9.162
2020-10-01,18,zaldivar,SM,7.1,7.174074645379001,10.582
2020-10-01,24,andacollo,SM,3.961,3.532799813132948,2.1
2020-10-01,24,andina,LC,11.063,14.10214743298484,12.111
2020-10-01,24,antucoya,SM,7.356126,6.040259093261091,3.4
2020-10-01,24,atacama kozan,SM,1.176,1.0620414632960968,1.2
2020-10-01,24,candelaria,LC,7.651,9.636000119450033,9.4
2020-10-01,24,caserones,LC,10.426297993513188,10.167704783926412,10.228
2020-10-01,24,centinela_oxidos,SM,9.618,7.554647778785013,7.6
2020-10-01,24,centinela_sulfuros,LC,14.262,13.915653605532098,10.9
2020-10-01,24,cerro colorado,SM,4.357,4.826590971033629,4.516
2020-10-01,24,chuquicamata,LC,22.285,19.22864568352369,34.7
2020-10-01,24,collahuasi,LC,44.931,47.2217505583608,50.957
2020-10-01,24,el abra,SM,9.299,7.053747867127704,8.366
2020-10-01,24,el soldado,SM,5.035,3.7469997179693633,4.242
2020-10-01,24,el teniente,LC,38.725,33.01730661175178,41.849
2020-10-01,24,escondida,LC,99.734,93.91470715042945,108.036
2020-10-01,24,franke,SM,1.233,0.9630355384137448,1.468
2020-10-01,24,gabriela mistral,SM,7.042,8.811379161857255,10.93
2020-10-01,24,lomas bayas,SM,5.87,5.720185556223192,6.229
2020-10-01,24,los bronces,LC,29.719,20.320642730270464,28.743
2020-10-01,24,los pelambres,LC,30.96,25.262318675599452,24.898
2020-10-01,24,mantos blancos,SM,4.532,3.7613100508546435,3.965
2020-10-01,24,mantoverde,SM,3.311,4.502130348139082,3.915
2020-10-01,24,ministro hales,LC,14.433,12.339256705344399,15.143
2020-10-01,24,ojos del salado,SM,1.1384098842376669,1.781789879841189,2.585
2020-10-01,24,otros,LC,9.450314989185712,11.154359070577753,11.847238
2020-10-01,24,radomiro tomic,LC,26.986,24.10932133052516,21.219
2020-10-01,24,salvador,SM,3.753,3.528225243172365,7.859
2020-10-01,24,sierra gorda,LC,14.885564678817758,12.653382827102483,9.162
2020-10-01,24,zaldivar,SM,7.461,6.966695820620405,10.582
2020-10-01,30,andacollo,SM,3.377,3.518536587754958,2.1
2020-10-01,30,andina,LC,8.61,14.047854837364058,12.111
2020-10-01,30,antucoya,SM,5.771,6.1171135929095355,3.4
2020-10-01,30,atacama kozan,SM,1.374,1.06283764537482,1.2
2020-10-01,30,candelaria,LC,10.574,9.787006555187608,9.4
2020-10-01,30,caserones,LC,9.161,10.114150590864183,10.228
2020-10-01,30,centinela_oxidos,SM,6.065934,7.476086030035961,7.6
2020-10-01,30,centinela_sulfuros,LC,12.806759283752966,13.85468293451631,10.9
2020-10-01,30,cerro colorado,SM,4.269,4.416386471168417,4.516
2020-10-01,30,chuquicamata,LC,12.386,18.231978468511173,34.7
2020-10-01,30,collahuasi,LC,41.541,45.56813058191093,50.957
2020-10-01,30,el abra,SM,8.209,7.260574984223842,8.366
2020-10-01,30,el soldado,SM,3.913,3.7838206429182453,4.242
2020-10-01,30,el teniente,LC,26.417,31.637279520233058,41.849
2020-10-01,30,escondida,LC,105.142,94.74989223637768,108.036
2020-10-01,30,franke,SM,1.171,0.9621243143295598,1.468
2020-10-01,30,gabriela mistral,SM,7.794,8.607340717235427,10.93
2020-10-01,30,lomas bayas,SM,4.378,5.6998203775697025,6.229
2020-10-01,30,los bronces,LC,19.842,19.286830144474152,28.743
2020-10-01,30,los pelambres,LC,19.068,25.271609949995785,24.898
2020-10-01,30,mantos blancos,SM,4.25,3.8044366845616144,3.965
2020-10-01,30,mantoverde,SM,2.846,4.669507122269417,3.915
2020-10-01,30,ministro hales,LC,11.182,11.931067629402483,15.143
2020-10-01,30,ojos del salado,SM,1.243,1.6585934659013017,2.585
2020-10-01,30,otros,LC,11.856488506198836,10.795659742144085,11.847238
2020-10-01,30,radomiro tomic,LC,24.518,24.147714476135683,21.219
2020-10-01,30,salvador,SM,1.586,3.4933420097208865,7.859
2020-10-01,30,sierra gorda,LC,12.653,12.462330109403249,9.162
2020-10-01,30,zaldivar,SM,6.781,6.738988580775985,10.582
2020-10-01,36,andacollo,SM,3.902,3.51340765507633,2.1
2020-10-01,36,andina,LC,16.308,13.981042412719615,12.111
2020-10-01,36,antucoya,SM,7.18,6.169314329157041,3.4
2020-10-01,36,atacama kozan,SM,1.207,1.0647306715272582,1.2
2020-10-01,36,candelaria,LC,10.825,9.864423038932497,9.4
2020-10-01,36,caserones,LC,9.659,10.015746517235067,10.228
2020-10-01,36,centinela_oxidos,SM,7.511,7.397732258730732,7.6
2020-10-01,36,centinela_sulfuros,LC,15.955,13.189082658767116,10.9
2020-10-01,36,cerro colorado,SM,1.256,4.276665436363728,4.516
2020-10-01,36,chuquicamata,LC,23.173,18.574396212394785,34.7
2020-10-01,36,collahuasi,LC,54.803,44.620998696988764,50.957
2020-10-01,36,el abra,SM,8.137,7.415400562655407,8.366
2020-10-01,36,el soldado,SM,2.476,3.781048608897594,4.242
2020-10-01,36,el teniente,LC,31.479,31.147494368449557,41.849
2020-10-01,36,escondida,LC,88.354,95.92797377753709,108.036
2020-10-01,36,franke,SM,1.16,0.9457594486511273,1.468
2020-10-01,36,gabriela mistral,SM,10.527,8.679862450199716,10.93
2020-10-01,36,lomas bayas,SM,6.002,5.718822899653855,6.229
2020-10-01,36,los bronces,LC,20.227,17.900764482706315,28.743
2020-10-01,36,los pelambres,LC,28.023,25.20939736137037,24.898
2020-10-01,36,mantos blancos,SM,4.045,3.7982351360031053,3.965
2020-10-01,36,mantoverde,SM,3.007,4.78900264165658,3.915
2020-10-01,36,ministro hales,LC,14.909,11.45665283884341,15.143
2020-10-01,36,ojos del salado,SM,1.385,1.5299253146937868,2.585
2020-10-01,36,otros,LC,12.753735280653318,10.749329677470245,11.847238
2020-10-01,36,radomiro tomic,LC,22.463,24.14243999301268,21.219
2020-10-01,36,salvador,SM,0.534,3.064856121443225,7.859
2020-10-01,36,sierra gorda,LC,11.191,12.255287467122608,9.162
2020-10-01,36,zaldivar,SM,7.572,6.5654933472903645,10.582
2020-10-01,42,andacollo,SM,2.507,3.5001451363503335,2.1
2020-10-01,42,andina,LC,14.54,13.859615308856284,12.111
2020-10-01,42,antucoya,SM,6.592,6.256308512473542,3.4
2020-10-01,42,atacama kozan,SM,0.668,1.0541983728952138,1.2
2020-10-01,42,candelaria,LC,8.25,10.060984018381385,9.4
2020-10-01,42,caserones,LC,7.891,9.83595359190247,10.228
2020-10-01,42,centinela_oxidos,SM,8.98,7.287085889536089,7.6
2020-10-01,42,centinela_sulfuros,LC,6.862,13.239097930559087,10.9
2020-10-01,42,cerro colorado,SM,0.0,3.846340971142139,4.516
2020-10-01,42,chuquicamata,LC,19.64,18.120630003988843,34.7
2020-10-01,42,collahuasi,LC,42.269,43.3333110797458,50.957
2020-10-01,42,el abra,SM,7.871,7.580331996368137,8.366
2020-10-01,42,el soldado,SM,4.14,3.8093081309932764,4.242
2020-10-01,42,el teniente,LC,17.851,29.84789804502069,41.849
2020-10-01,42,escondida,LC,97.98,97.20432119976111,108.036
2020-10-01,42,franke,SM,0.971,0.9399493599351407,1.468
2020-10-01,42,gabriela mistral,SM,10.19,8.433348029439308,10.93
2020-10-01,42,lomas bayas,SM,5.7,5.688058325283757,6.229
2020-10-01,42,los bronces,LC,18.82,16.44366828616094,28.743
2020-10-01,42,los pelambres,LC,27.865,25.14366376600299,24.898
2020-10-01,42,mantos blancos,SM,3.39,3.8887583792151013,3.965
2020-10-01,42,mantoverde,SM,2.62,4.9657148898914425,3.915
2020-10-01,42,ministro hales,LC,6.202,11.211054484963157,15.143
2020-10-01,42,ojos del salado,SM,0.707,1.3775925390228094,2.585
2020-10-01,42,otros,LC,9.066,10.437927517107253,11.847238
2020-10-01,42,radomiro tomic,LC,18.23,24.206593578889684,21.219
2020-10-01,42,salvador,SM,0.0,2.6188869159926553,7.859
2020-10-01,42,sierra gorda,LC,9.51,12.043908718986492,9.162
2020-10-01,42,zaldivar,SM,6.502,6.382156735031646,10.582
2020-10-01,48,andacollo,SM,4.947,3.490053299885484,2.1
2020-10-01,48,andina,LC,12.658,13.893181100163229,12.111
2020-10-01,48,antucoya,SM,6.938,6.223471983291587,3.4
2020-10-01,48,atacama kozan,SM,1.234,1.0444196348820816,1.2
2020-10-01,48,candelaria,LC,16.627,10.252918913175172,9.4
2020-10-01,48,caserones,LC,10.004,9.79933367472525,10.228
2020-10-01,48,centinela_oxidos,SM,7.89,7.313565106205907,7.6
2020-10-01,48,centinela_sulfuros,LC,14.916,13.163364697725548,10.9
2020-10-01,48,cerro colorado,SM,0.0,3.380849650591058,4.516
2020-10-01,48,chuquicamata,LC,24.782,17.686633249401996,34.7
2020-10-01,48,collahuasi,LC,49.545,42.40346527461963,50.957
2020-10-01,48,el abra,SM,9.686,7.7314082052236355,8.366
2020-10-01,48,el soldado,SM,4.194,3.856648955037835,4.242
2020-10-01,48,el teniente,LC,35.989,29.025242180846963,41.849
2020-10-01,48,escondida,LC,107.976,99.86075689752364,108.036
2020-10-01,48,franke,SM,1.159,0.9339881650653689,1.468
2020-10-01,48,gabriela mistral,SM,9.403,8.506764764369342,10.93
2020-10-01,48,lomas bayas,SM,6.359,5.6721288508945875,6.229
2020-10-01,48,los bronces,LC,12.035,14.81754754082177,28.743
2020-10-01,48,los pelambres,LC,30.123,25.088977310019434,24.898
2020-10-01,48,mantos blancos,SM,4.463,4.1517584892952195,3.965
2020-10-01,48,mantoverde,SM,6.30192595419825,5.2273159227628385,3.915
2020-10-01,48,ministro hales,LC,13.816,10.924962226266835,15.143
2020-10-01,48,ojos del salado,SM,1.683,1.257713277603275,2.585
2020-10-01,48,otros,LC,9.861,10.30047683513752,11.847238
2020-10-01,48,radomiro tomic,LC,21.542,24.285326095282457,21.219
2020-10-01,48,salvador,SM,1.684,2.2643003871997482,7.859
2020-10-01,48,sierra gorda,LC,12.894,11.797599452134696,9.162
2020-10-01,48,zaldivar,SM,7.392,6.266799495977473,10.582
2020-10-01,54,andacollo,SM,4.935,3.4855640490174844,2.1
2020-10-01,54,andina,LC,11.863,13.947317715383758,12.111
2020-10-01,54,antucoya,SM,6.258,6.282818789579984,3.4
2020-10-01,54,atacama kozan,SM,0.923,1.033400810657652,1.2
2020-10-01,54,candelaria,LC,12.069,10.454894102411648,9.4
2020-10-01,54,caserones,LC,8.984,9.794953852647915,10.228
2020-10-01,54,centinela_oxidos,SM,6.133,7.234651389699627,7.6
2020-10-01,54,centinela_sulfuros,LC,13.707,12.928667524676683,10.9
2020-10-01,54,cerro colorado,SM,0.0,2.982721357291173,4.516
2020-10-01,54,chuquicamata,LC,18.365,16.96899737661892,34.7
2020-10-01,54,collahuasi,LC,36.567,40.536058509623466,50.957
2020-10-01,54,el abra,SM,8.357,7.80698529967402,8.366
2020-10-01,54,el soldado,SM,3.975,3.872575866876866,4.242
2020-10-01,54,el teniente,LC,31.068,27.90149793715909,41.849
2020-10-01,54,escondida,LC,128.36,102.1800491305504,108.036
2020-10-01,54,franke,SM,1.002,0.9294779064952897,1.468
2020-10-01,54,gabriela mistral,SM,6.616,8.313004748055475,10.93
2020-10-01,54,lomas bayas,SM,5.221,5.662607041819743,6.229
2020-10-01,54,los bronces,LC,12.278,14.000878995656103,28.743
2020-10-01,54,los pelambres,LC,24.881,24.984846779932766,24.898
2020-10-01,54,mantos blancos,SM,5.369,4.066557748967611,3.965
2020-10-01,54,mantoverde,SM,7.329,5.902645848639651,3.915
2020-10-01,54,ministro hales,LC,10.381,10.454793415378031,15.143
2020-10-01,54,ojos del salado,SM,1.854,1.1377053836563829,2.585
2020-10-01,54,otros,LC,8.842999999999998,10.212626022094618,11.847238
2020-10-01,54,radomiro tomic,LC,24.124,24.363920863861114,21.219
2020-10-01,54,salvador,SM,3.14,2.1910661911365583,7.859
2020-10-01,54,sierra gorda,LC,12.007,11.593829081349272,9.162
2020-10-01,54,zaldivar,SM,5.059,6.070899254482576,10.582
2020-10-01,60,andacollo,SM,5.277,3.4909939629496027,2.1
2020-10-01,60,andina,LC,12.346,13.994647410177802,12.111
2020-10-01,60,antucoya,SM,7.336,6.3801978247719555,3.4
2020-10-01,60,atacama kozan,SM,1.019,1.0287517081035396,1.2
2020-10-01,60,candelaria,LC,10.193,10.684324290052908,9.4
2020-10-01,60,caserones,LC,10.893,9.549165402463775,10.228
2020-10-01,60,centinela_oxidos,SM,4.625,7.190418288954696,7.6
2020-10-01,60,centinela_sulfuros,LC,17.195,12.467777454080077,10.9
2020-10-01,60,cerro colorado,SM,0.0,2.641847784970544,4.516
2020-10-01,60,chuquicamata,LC,20.314,17.07430588568849,34.7
2020-10-01,60,collahuasi,LC,35.015,39.213353596901676,50.957
2020-10-01,60,el abra,SM,6.321,8.072030718375139,8.366
2020-10-01,60,el soldado,SM,2.765,3.8781948662938954,4.242
2020-10-01,60,el teniente,LC,22.708,27.17972294488876,41.849
2020-10-01,60,escondida,LC,120.612,104.98259120904237,108.036
2020-10-01,60,franke,SM,0.841,0.9320176322553533,1.468
2020-10-01,60,gabriela mistral,SM,7.258,8.412543179259943,10.93
2020-10-01,60,lomas bayas,SM,5.617,5.67850288330877,6.229
2020-10-01,60,los bronces,LC,14.25,13.090308116830709,28.743
2020-10-01,60,los pelambres,LC,26.943,24.909622214718716,24.898
2020-10-01,60,mantos blancos,SM,6.011,4.120575608710426,3.965
2020-10-01,60,mantoverde,SM,5.935392883080209,6.494510350882193,3.915
2020-10-01,60,ministro hales,LC,13.223,9.948364725056187,15.143
2020-10-01,60,ojos del salado,SM,1.335,1.0249828201906261,2.585
2020-10-01,60,otros,LC,9.988,10.108089391752051,11.847238
2020-10-01,60,radomiro tomic,LC,23.595,24.447875930814234,21.219
2020-10-01,60,salvador,SM,3.372,2.49220826627299,7.859
2020-10-01,60,sierra gorda,LC,12.511,11.397122405161817,9.162
2020-10-01,60,zaldivar,SM,6.86,5.817286124858417,10.582
2021-04-01,6,andacollo,SM,3.734,3.6573239758156277,4.921
2021-04-01,6,andina,LC,17.434,14.355719352239035,12.324
2021-04-01,6,antucoya,SM,6.489,6.106416235758641,6.877
2021-04-01,6,atacama kozan,SM,1.178,1.1283804657469068,1.105
2021-04-01,6,candelaria,LC,11.584,9.637233774124047,7.808
2021-04-01,6,caserones,LC,12.675,10.275349876879146,10.122
2021-04-01,6,centinela_oxidos,SM,8.114,7.5667800461183035,7.858
2021-04-01,6,centinela_sulfuros,LC,14.5,13.966902436618733,11.087
2021-04-01,6,cerro colorado,SM,5.045,5.117455885431179,5.278
2021-04-01,6,chuquicamata,LC,18.941,24.267287556239896,30.402
2021-04-01,6,collahuasi,LC,49.525,52.969890115420476,54.085
2021-04-01,6,el abra,SM,7.751,6.497899098361169,6.075
2021-04-01,6,el soldado,SM,3.529,3.641254047764498,3.659
2021-04-01,6,el teniente,LC,37.414,36.74706021634412,36.605
2021-04-01,6,escondida,LC,84.651,92.8447629978841,102.641
2021-04-01,6,franke,SM,1.04,1.0598999199567207,1.125
2021-04-01,6,gabriela mistral,SM,9.616,8.998611280809175,8.541
2021-04-01,6,lomas bayas,SM,5.3,5.924615972573483,6.091
2021-04-01,6,los bronces,LC,27.684,26.365006420462315,24.731
2021-04-01,6,los pelambres,LC,20.373,26.538265226311648,31.17
2021-04-01,6,mantos blancos,SM,3.53,3.6167024166722443,3.282
2021-04-01,6,mantoverde,SM,4.92,3.4265480284068746,3.235
2021-04-01,6,ministro hales,LC,12.222,14.492688390974115,10.118
2021-04-01,6,ojos del salado,SM,2.402,2.3442374895836524,2.08
2021-04-01,6,otros,LC,12.480114,11.151111582150833,12.587
2021-04-01,6,radomiro tomic,LC,34.15,23.703928010585603,20.468
2021-04-01,6,salvador,SM,4.293,4.053268222933185,6.159
2021-04-01,6,sierra gorda,LC,13.341,15.534545928802867,10.868
2021-04-01,6,zaldivar,SM,8.094,8.110727192505125,8.302
2021-04-01,9,andacollo,SM,3.061,3.634024459549511,4.921
2021-04-01,9,andina,LC,18.84,14.351744038935378,12.324
2021-04-01,9,antucoya,SM,6.486,6.170505709229316,6.877
2021-04-01,9,atacama kozan,SM,0.886,1.1420425379287518,1.105
2021-04-01,9,candelaria,LC,12.325,9.71392585680871,7.808
2021-04-01,9,caserones,LC,12.422,10.252282757075363,10.122
2021-04-01,9,centinela_oxidos,SM,7.583,7.5605744551911735,7.858
2021-04-01,9,centinela_sulfuros,LC,12.413,13.928666378992279,11.087
2021-04-01,9,cerro colorado,SM,3.933,5.280571326645511,5.278
2021-04-01,9,chuquicamata,LC,16.401,22.72791286303434,30.402
2021-04-01,9,collahuasi,LC,51.336,51.464473483889094,54.085
2021-04-01,9,el abra,SM,5.718,6.667175991734231,6.075
2021-04-01,9,el soldado,SM,2.894,3.6370954311186714,3.659
2021-04-01,9,el teniente,LC,34.199,36.43086282833827,36.605
2021-04-01,9,escondida,LC,81.0,93.06138625210482,102.641
2021-04-01,9,franke,SM,0.864,1.0408101250428938,1.125
2021-04-01,9,gabriela mistral,SM,10.29,8.569650412676289,8.541
2021-04-01,9,lomas bayas,SM,6.004,5.974080822149448,6.091
2021-04-01,9,los bronces,LC,20.04,26.58069185853151,24.731
2021-04-01,9,los pelambres,LC,18.115,26.44245662984918,31.17
2021-04-01,9,mantos blancos,SM,3.453,3.5794067392159343,3.282
2021-04-01,9,mantoverde,SM,4.106,3.688262923675329,3.235
2021-04-01,9,ministro hales,LC,11.635,14.209973669910852,10.118
2021-04-01,9,ojos del salado,SM,2.323,2.1735070642244354,2.08
2021-04-01,9,otros,LC,11.546456999999998,10.999213323762776,12.587
2021-04-01,9,radomiro tomic,LC,20.479,23.79613872286325,20.468
2021-04-01,9,salvador,SM,1.607,4.473621264137295,6.159
2021-04-01,9,sierra gorda,LC,14.5,15.411621956537333,10.868
2021-04-01,9,zaldivar,SM,8.261,8.065955066681799,8.302
2021-04-01,12,andacollo,SM,4.293,3.627560263089311,4.921
2021-04-01,12,andina,LC,12.175,14.150789534685712,12.324
2021-04-01,12,antucoya,SM,6.143,6.16474086382365,6.877
2021-04-01,12,atacama kozan,SM,1.047,1.112701514785762,1.105
2021-04-01,12,candelaria,LC,12.4,9.869660411469306,7.808
2021-04-01,12,caserones,LC,8.945,10.142874902240782,10.122
2021-04-01,12,centinela_oxidos,SM,8.0,7.6309782896898675,7.858
2021-04-01,12,centinela_sulfuros,LC,10.4,13.564832017837942,11.087
2021-04-01,12,cerro colorado,SM,4.8,5.103647677788742,5.278
2021-04-01,12,chuquicamata,LC,21.753,23.357914432377093,30.402
2021-04-01,12,collahuasi,LC,41.9,51.646709048614326,54.085
2021-04-01,12,el abra,SM,5.6,6.827155781547336,6.075
2021-04-01,12,el soldado,SM,2.278,3.6725120885357754,3.659
2021-04-01,12,el teniente,LC,31.567,35.70262899898047,36.605
2021-04-01,12,escondida,LC,87.9,92.99299248388917,102.641
2021-04-01,12,franke,SM,0.661,1.0396671470170697,1.125
2021-04-01,12,gabriela mistral,SM,10.25,8.658140295289696,8.541
2021-04-01,12,lomas bayas,SM,5.491,5.949933365114829,6.091
2021-04-01,12,los bronces,LC,16.419,25.25948967574866,24.731
2021-04-01,12,los pelambres,LC,20.1,26.06345217826333,31.17
2021-04-01,12,mantos blancos,SM,4.141,3.718374261719902,3.282
2021-04-01,12,mantoverde,SM,4.271,3.712634360321788,3.235
2021-04-01,12,ministro hales,LC,12.149,14.019966625772328,10.118
2021-04-01,12,ojos del salado,SM,1.503,2.146451032387918,2.08
2021-04-01,12,otros,LC,11.941515,10.93509212422592,12.587
2021-04-01,12,radomiro tomic,LC,25.491,23.744596011243384,20.468
2021-04-01,12,salvador,SM,2.85,3.9978116789250966,6.159
2021-04-01,12,sierra gorda,LC,13.015,15.386167502429444,10.868
2021-04-01,12,zaldivar,SM,7.1,8.004059407488548,8.302
2021-04-01,18,andacollo,SM,3.961,3.6301179913338504,4.921
2021-04-01,18,andina,LC,11.063,14.119724145480758,12.324
2021-04-01,18,antucoya,SM,7.356126,6.225220790112374,6.877
2021-04-01,18,atacama kozan,SM,1.176,1.1072992772846229,1.105
2021-04-01,18,candelaria,LC,7.651,10.097978894805125,7.808
2021-04-01,18,caserones,LC,10.426297993513188,10.174430942368112,10.122
2021-04-01,18,centinela_oxidos,SM,9.618,7.602994057672543,7.858
2021-04-01,18,centinela_sulfuros,LC,14.262,13.379968798242846,11.087
2021-04-01,18,cerro colorado,SM,4.357,5.001988793104494,5.278
2021-04-01,18,chuquicamata,LC,22.285,23.40790108315515,30.402
2021-04-01,18,collahuasi,LC,44.931,50.78944442404265,54.085
2021-04-01,18,el abra,SM,9.299,7.089822926544241,6.075
2021-04-01,18,el soldado,SM,5.035,3.710799609443865,3.659
2021-04-01,18,el teniente,LC,38.725,34.876026207081516,36.605
2021-04-01,18,escondida,LC,99.734,94.80434649385127,102.641
2021-04-01,18,franke,SM,1.233,1.0154665109377585,1.125
2021-04-01,18,gabriela mistral,SM,7.042,8.79143455674767,8.541
2021-04-01,18,lomas bayas,SM,5.87,5.963698224880394,6.091
2021-04-01,18,los bronces,LC,29.719,23.103814241214998,24.731
2021-04-01,18,los pelambres,LC,30.96,25.634874117536285,31.17
2021-04-01,18,mantos blancos,SM,4.532,3.759181008421525,3.282
2021-04-01,18,mantoverde,SM,3.311,3.8731131623422614,3.235
2021-04-01,18,ministro hales,LC,14.433,13.468550993467803,10.118
2021-04-01,18,ojos del salado,SM,1.1384098842376669,2.020058894487908,2.08
2021-04-01,18,otros,LC,9.450314989185712,10.876535002525602,12.587
2021-04-01,18,radomiro tomic,LC,26.986,24.097381551076477,20.468
2021-04-01,18,salvador,SM,3.753,3.625638869133481,6.159
2021-04-01,18,sierra gorda,LC,14.885564678817758,15.11815933784428,10.868
2021-04-01,18,zaldivar,SM,7.461,7.8779623999499275,8.302
2021-04-01,24,andacollo,SM,3.377,3.5788192251102484,4.921
2021-04-01,24,andina,LC,8.61,14.032416146644323,12.324
2021-04-01,24,antucoya,SM,5.771,6.199634990850307,6.877
2021-04-01,24,atacama kozan,SM,1.374,1.0839973205109934,1.105
2021-04-01,24,candelaria,LC,10.574,10.281024894070727,7.808
2021-04-01,24,caserones,LC,9.161,10.341302038758386,10.122
2021-04-01,24,centinela_oxidos,SM,6.065934,7.596232990761912,7.858
2021-04-01,24,centinela_sulfuros,LC,12.806759283752966,13.089024499759152,11.087
2021-04-01,24,cerro colorado,SM,4.269,4.566165359046102,5.278
2021-04-01,24,chuquicamata,LC,12.386,22.229734651086083,30.402
2021-04-01,24,collahuasi,LC,41.541,49.49376960147824,54.085
2021-04-01,24,el abra,SM,8.209,7.352417874297669,6.075
2021-04-01,24,el soldado,SM,3.913,3.728828983438941,3.659
2021-04-01,24,el teniente,LC,26.417,33.878330978760346,36.605
2021-04-01,24,escondida,LC,105.142,96.21574504504326,102.641
2021-04-01,24,franke,SM,1.171,1.0063456903734869,1.125
2021-04-01,24,gabriela mistral,SM,7.794,8.510362727558356,8.541
2021-04-01,24,lomas bayas,SM,4.378,5.96636204026417,6.091
2021-04-01,24,los bronces,LC,19.842,22.372809351882644,24.731
2021-04-01,24,los pelambres,LC,19.068,25.57675443282437,31.17
2021-04-01,24,mantos blancos,SM,4.25,3.774954582750138,3.282
2021-04-01,24,mantoverde,SM,2.846,3.9710253126459256,3.235
2021-04-01,24,ministro hales,LC,11.182,12.932080162850164,10.118
2021-04-01,24,ojos del salado,SM,1.243,1.9165067074344877,2.08
2021-04-01,24,otros,LC,11.856488506198836,10.98473600727602,12.587
2021-04-01,24,radomiro tomic,LC,24.518,24.20435450102235,20.468
2021-04-01,24,salvador,SM,1.586,3.2831209937720303,6.159
2021-04-01,24,sierra gorda,LC,12.653,14.888307160639119,10.868
2021-04-01,24,zaldivar,SM,6.781,7.7291163881946625,8.302
2021-04-01,30,andacollo,SM,3.902,3.5336847512950618,4.921
2021-04-01,30,andina,LC,16.308,14.026395626532556,12.324
2021-04-01,30,antucoya,SM,7.18,6.379774414863818,6.877
2021-04-01,30,atacama kozan,SM,1.207,1.0795664548147346,1.105
2021-04-01,30,candelaria,LC,10.825,10.516114982785654,7.808
2021-04-01,30,caserones,LC,9.659,10.353481388048111,10.122
2021-04-01,30,centinela_oxidos,SM,7.511,7.54058494739003,7.858
2021-04-01,30,centinela_sulfuros,LC,15.955,12.864562550363184,11.087
2021-04-01,30,cerro colorado,SM,1.256,4.215217501510105,5.278
2021-04-01,30,chuquicamata,LC,23.173,21.955756315743752,30.402
2021-04-01,30,collahuasi,LC,54.803,48.04684702153162,54.085
2021-04-01,30,el abra,SM,8.137,7.595580205777812,6.075
2021-04-01,30,el soldado,SM,2.476,3.7617061019742177,3.659
2021-04-01,30,el teniente,LC,31.479,32.81169330969873,36.605
2021-04-01,30,escondida,LC,88.354,97.59632817367512,102.641
2021-04-01,30,franke,SM,1.16,1.0044097502840095,1.125
2021-04-01,30,gabriela mistral,SM,10.527,8.672360470520323,8.541
2021-04-01,30,lomas bayas,SM,6.002,5.990816734211168,6.091
2021-04-01,30,los bronces,LC,20.227,20.73230156821014,24.731
2021-04-01,30,los pelambres,LC,28.023,24.95855922796096,31.17
2021-04-01,30,mantos blancos,SM,4.045,3.8529789853965934,3.282
2021-04-01,30,mantoverde,SM,3.007,4.057205251932368,3.235
2021-04-01,30,ministro hales,LC,14.909,12.41865951910473,10.118
2021-04-01,30,ojos del salado,SM,1.385,1.783087713112088,2.08
2021-04-01,30,otros,LC,12.753735280653318,10.536985112800211,12.587
2021-04-01,30,radomiro tomic,LC,22.463,24.2768332013263,20.468
2021-04-01,30,salvador,SM,0.534,3.1165266547575134,6.159
2021-04-01,30,sierra gorda,LC,11.191,14.626276000205511,10.868
2021-04-01,30,zaldivar,SM,7.572,7.571649143742646,8.302
2021-04-01,36,andacollo,SM,2.507,3.5486858372609857,4.921
2021-04-01,36,andina,LC,14.54,13.852124126178342,12.324
2021-04-01,36,antucoya,SM,6.592,6.392665752264791,6.877
2021-04-01,36,atacama kozan,SM,0.668,1.091219658158791,1.105
2021-04-01,36,candelaria,LC,8.25,10.728193166927387,7.808
2021-04-01,36,caserones,LC,7.891,10.268271913586803,10.122
2021-04-01,36,centinela_oxidos,SM,8.98,7.529717953609144,7.858
2021-04-01,36,centinela_sulfuros,LC,6.862,12.296560758198682,11.087
2021-04-01,36,cerro colorado,SM,0.0,3.7958430796763296,5.278
2021-04-01,36,chuquicamata,LC,19.64,21.248318060770014,30.402
2021-04-01,36,collahuasi,LC,42.269,47.19829412275288,54.085
2021-04-01,36,el abra,SM,7.871,7.845470643168149,6.075
2021-04-01,36,el soldado,SM,4.14,3.7794364430374343,3.659
2021-04-01,36,el teniente,LC,17.851,31.88953207118894,36.605
2021-04-01,36,escondida,LC,97.98,97.21547670247979,102.641
2021-04-01,36,franke,SM,0.971,0.9908509517914762,1.125
2021-04-01,36,gabriela mistral,SM,10.19,8.354507850646602,8.541
2021-04-01,36,lomas bayas,SM,5.7,5.992462718912891,6.091
2021-04-01,36,los bronces,LC,18.82,19.337927101804365,24.731
2021-04-01,36,los pelambres,LC,27.865,25.06951737075077,31.17
2021-04-01,36,mantos blancos,SM,3.39,3.8946588391122794,3.282
2021-04-01,36,mantoverde,SM,2.62,4.228642469940356,3.235
2021-04-01,36,ministro hales,LC,6.202,11.880794864598107,10.118
2021-04-01,36,ojos del salado,SM,0.707,1.665607405255908,2.08
2021-04-01,36,otros,LC,9.066,10.500311900425723,12.587
2021-04-01,36,radomiro tomic,LC,18.23,24.256103142369636,20.468
2021-04-01,36,salvador,SM,0.0,2.714273382784947,6.159
2021-04-01,36,sierra gorda,LC,9.51,14.35640881546467,10.868
2021-04-01,36,zaldivar,SM,6.502,7.42996319272006,8.302
2021-04-01,42,andacollo,SM,4.947,3.5026873037135133,4.921
2021-04-01,42,andina,LC,12.658,13.770604311997282,12.324
2021-04-01,42,antucoya,SM,6.938,6.545496421583522,6.877
2021-04-01,42,atacama kozan,SM,1.234,1.0950927576749734,1.105
2021-04-01,42,candelaria,LC,16.627,10.932714553485633,7.808
2021-04-01,42,caserones,LC,10.004,10.170631895675372,10.122
2021-04-01,42,centinela_oxidos,SM,7.89,7.510793654754467,7.858
2021-04-01,42,centinela_sulfuros,LC,14.916,12.288226873217296,11.087
2021-04-01,42,cerro colorado,SM,0.0,3.296537012319852,5.278
2021-04-01,42,chuquicamata,LC,24.782,21.363582602115645,30.402
2021-04-01,42,collahuasi,LC,49.545,45.290000369318406,54.085
2021-04-01,42,el abra,SM,9.686,8.046231572211466,6.075
2021-04-01,42,el soldado,SM,4.194,3.7863123910054552,3.659
2021-04-01,42,el teniente,LC,35.989,30.567607094604654,36.605
2021-04-01,42,escondida,LC,107.976,99.69519327360591,102.641
2021-04-01,42,franke,SM,1.159,0.9837837029771851,1.125
2021-04-01,42,gabriela mistral,SM,9.403,8.494396548174812,8.541
2021-04-01,42,lomas bayas,SM,6.359,5.955185406082898,6.091
2021-04-01,42,los bronces,LC,12.035,17.907302841203894,24.731
2021-04-01,42,los pelambres,LC,30.123,24.931523362696822,31.17
2021-04-01,42,mantos blancos,SM,4.463,4.005522974185666,3.282
2021-04-01,42,mantoverde,SM,6.30192595419825,4.308758369696377,3.235
2021-04-01,42,ministro hales,LC,13.816,11.415604415105662,10.118
2021-04-01,42,ojos del salado,SM,1.683,1.4836606627739046,2.08
2021-04-01,42,otros,LC,9.861,10.370069276823658,12.587
2021-04-01,42,radomiro tomic,LC,21.542,24.41533210631682,20.468
2021-04-01,42,salvador,SM,1.684,2.318868015335015,6.159
2021-04-01,42,sierra gorda,LC,12.894,14.091555285797108,10.868
2021-04-01,42,zaldivar,SM,7.392,7.28005724934435,8.302
2021-04-01,48,andacollo,SM,4.935,3.540167154133518,4.921
2021-04-01,48,andina,LC,11.863,13.813105255319314,12.324
2021-04-01,48,antucoya,SM,6.258,6.552350180521363,6.877
2021-04-01,48,atacama kozan,SM,0.923,1.0651110893588265,1.105
2021-04-01,48,candelaria,LC,12.069,11.2028388903542,7.808
2021-04-01,48,caserones,LC,8.984,10.09709104003591,10.122
2021-04-01,48,centinela_oxidos,SM,6.133,7.499993852936203,7.858
2021-04-01,48,centinela_sulfuros,LC,13.707,11.83860653509868,11.087
2021-04-01,48,cerro colorado,SM,0.0,2.895388270693014,5.278
2021-04-01,48,chuquicamata,LC,18.365,19.899435556964704,30.402
2021-04-01,48,collahuasi,LC,36.567,43.90964875270338,54.085
2021-04-01,48,el abra,SM,8.357,8.273053448167333,6.075
2021-04-01,48,el soldado,SM,3.975,3.8186918731857844,3.659
2021-04-01,48,el teniente,LC,31.068,29.72643539395787,36.605
2021-04-01,48,escondida,LC,128.36,102.45006436371682,102.641
2021-04-01,48,franke,SM,1.002,0.9822646541303691,1.125
2021-04-01,48,gabriela mistral,SM,6.616,8.201949971233784,8.541
2021-04-01,48,lomas bayas,SM,5.221,5.9199265608879825,6.091
2021-04-01,48,los bronces,LC,12.278,15.835337921245149,24.731
2021-04-01,48,los pelambres,LC,24.881,24.849157518441952,31.17
2021-04-01,48,mantos blancos,SM,5.369,4.1193701669562435,3.282
2021-04-01,48,mantoverde,SM,7.329,4.871412262073788,3.235
2021-04-01,48,ministro hales,LC,10.381,10.90567576497052,10.118
2021-04-01,48,ojos del salado,SM,1.854,1.411660733543195,2.08
2021-04-01,48,otros,LC,8.842999999999998,10.22511607647089,12.587
2021-04-01,48,radomiro tomic,LC,24.124,24.525337631499085,20.468
2021-04-01,48,salvador,SM,3.14,2.137325941680969,6.159
2021-04-01,48,sierra gorda,LC,12.007,13.837679089583272,10.868
2021-04-01,48,zaldivar,SM,5.059,7.150672052768006,8.302
2021-04-01,54,andacollo,SM,5.277,3.5606040559158934,4.921
2021-04-01,54,andina,LC,12.346,13.830470743891967,12.324
2021-04-01,54,antucoya,SM,7.336,6.647039456632645,6.877
2021-04-01,54,atacama kozan,SM,1.019,1.0633341342834137,1.105
2021-04-01,54,candelaria,LC,10.193,11.372871749053422,7.808
2021-04-01,54,caserones,LC,10.893,10.154885237467017,10.122
2021-04-01,54,centinela_oxidos,SM,4.625,7.4823889746224035,7.858
2021-04-01,54,centinela_sulfuros,LC,17.195,11.5067565279043,11.087
2021-04-01,54,cerro colorado,SM,0.0,2.5526025005670894,5.278
2021-04-01,54,chuquicamata,LC,20.314,19.755635878958422,30.402
2021-04-01,54,collahuasi,LC,35.015,41.67727716195856,54.085
2021-04-01,54,el abra,SM,6.321,8.48867431340476,6.075
2021-04-01,54,el soldado,SM,2.765,3.8422268255777423,3.659
2021-04-01,54,el teniente,LC,22.708,28.61749146413438,36.605
2021-04-01,54,escondida,LC,120.612,106.02600945772367,102.641
2021-04-01,54,franke,SM,0.841,0.9733426823395569,1.125
2021-04-01,54,gabriela mistral,SM,7.258,8.40082775996144,8.541
2021-04-01,54,lomas bayas,SM,5.617,5.940985193779813,6.091
2021-04-01,54,los bronces,LC,14.25,15.028746925879831,24.731
2021-04-01,54,los pelambres,LC,26.943,24.741799985101213,31.17
2021-04-01,54,mantos blancos,SM,6.011,4.083102225873268,3.282
2021-04-01,54,mantoverde,SM,5.935392883080209,5.515007636017097,3.235
2021-04-01,54,ministro hales,LC,13.223,10.389127348726548,10.118
2021-04-01,54,ojos del salado,SM,1.335,1.2888283022887341,2.08
2021-04-01,54,otros,LC,9.988,10.177167735938307,12.587
2021-04-01,54,radomiro tomic,LC,23.595,24.620783797210002,20.468
2021-04-01,54,salvador,SM,3.372,2.203088752680601,6.159
2021-04-01,54,sierra gorda,LC,12.511,13.587951954404444,10.868
2021-04-01,54,zaldivar,SM,6.86,6.983532376005304,8.302
