ML,Stat,α_sm_s,α_sm_l,α_sm_mid,α_lc,MAPE,Skill,WR,WR_Focus,M50,Label
LGB,ARIMA,0.3,0.5,0.4,0.2,21.0,21.43,63.7,65.0,25,LGB+ARIMA SM=0.3/0.5 LC=0.2
LGB,ARIMA,0.3,0.5,0.4,0.3,20.88,22.02,63.3,64.8,24,LGB+ARIMA SM=0.3/0.5 LC=0.3
LGB,ARIMA,0.3,0.5,0.4,0.4,20.83,22.14,63.4,65.4,24,LGB+ARIMA SM=0.3/0.5 LC=0.4
LGB,ARIMA,0.3,0.5,0.4,0.5,20.86,21.54,63.3,65.6,24,LGB+ARIMA SM=0.3/0.5 LC=0.5
LGB,ARIMA,0.3,0.5,0.4,0.6,20.96,20.49,62.5,64.2,23,LGB+ARIMA SM=0.3/0.5 LC=0.6
LGB,ARIMA,0.3,0.5,0.4,0.7,21.08,19.13,61.7,63.6,23,LGB+ARIMA SM=0.3/0.5 LC=0.7
LGB,ARIMA,0.3,0.6,0.45,0.2,20.86,21.48,63.7,64.6,25,LGB+ARIMA SM=0.3/0.6 LC=0.2
LGB,ARIMA,0.3,0.6,0.45,0.3,20.74,22.07,63.3,64.4,24,LGB+ARIMA SM=0.3/0.6 LC=0.3
LGB,ARIMA,0.3,0.6,0.45,0.4,20.69,22.2,63.4,65.0,24,LGB+ARIMA SM=0.3/0.6 LC=0.4
LGB,ARIMA,0.3,0.6,0.45,0.5,20.72,21.6,63.3,65.2,24,LGB+ARIMA SM=0.3/0.6 LC=0.5
LGB,ARIMA,0.3,0.6,0.45,0.6,20.82,20.54,62.5,63.8,23,LGB+ARIMA SM=0.3/0.6 LC=0.6
LGB,ARIMA,0.3,0.6,0.45,0.7,20.94,19.18,61.7,63.2,23,LGB+ARIMA SM=0.3/0.6 LC=0.7
LGB,ARIMA,0.3,0.7,0.5,0.2,20.77,21.43,63.2,63.4,25,LGB+ARIMA SM=0.3/0.7 LC=0.2
LGB,ARIMA,0.3,0.7,0.5,0.3,20.65,22.02,62.8,63.2,24,LGB+ARIMA SM=0.3/0.7 LC=0.3
LGB,ARIMA,0.3,0.7,0.5,0.4,20.6,22.15,62.9,63.8,24,LGB+ARIMA SM=0.3/0.7 LC=0.4
LGB,ARIMA,0.3,0.7,0.5,0.5,20.63,21.55,62.8,64.0,24,LGB+ARIMA SM=0.3/0.7 LC=0.5
LGB,ARIMA,0.3,0.7,0.5,0.6,20.73,20.49,62.0,62.6,23,LGB+ARIMA SM=0.3/0.7 LC=0.6
LGB,ARIMA,0.3,0.7,0.5,0.7,20.86,19.13,61.2,61.9,23,LGB+ARIMA SM=0.3/0.7 LC=0.7
LGB,ARIMA,0.3,0.8,0.55,0.2,20.74,21.27,63.2,63.4,25,LGB+ARIMA SM=0.3/0.8 LC=0.2
LGB,ARIMA,0.3,0.8,0.55,0.3,20.62,21.86,62.8,63.2,24,LGB+ARIMA SM=0.3/0.8 LC=0.3
LGB,ARIMA,0.3,0.8,0.55,0.4,20.57,21.98,62.9,63.8,24,LGB+ARIMA SM=0.3/0.8 LC=0.4
LGB,ARIMA,0.3,0.8,0.55,0.5,20.6,21.38,62.8,64.0,24,LGB+ARIMA SM=0.3/0.8 LC=0.5
LGB,ARIMA,0.3,0.8,0.55,0.6,20.7,20.33,62.0,62.6,23,LGB+ARIMA SM=0.3/0.8 LC=0.6
LGB,ARIMA,0.3,0.8,0.55,0.7,20.83,18.96,61.2,61.9,23,LGB+ARIMA SM=0.3/0.8 LC=0.7
LGB,ARIMA,0.3,0.9,0.6,0.2,20.81,20.96,63.1,63.0,24,LGB+ARIMA SM=0.3/0.9 LC=0.2
LGB,ARIMA,0.3,0.9,0.6,0.3,20.69,21.55,62.6,62.8,23,LGB+ARIMA SM=0.3/0.9 LC=0.3
LGB,ARIMA,0.3,0.9,0.6,0.4,20.64,21.68,62.7,63.4,23,LGB+ARIMA SM=0.3/0.9 LC=0.4
LGB,ARIMA,0.3,0.9,0.6,0.5,20.67,21.08,62.6,63.6,23,LGB+ARIMA SM=0.3/0.9 LC=0.5
LGB,ARIMA,0.3,0.9,0.6,0.6,20.77,20.02,61.8,62.1,22,LGB+ARIMA SM=0.3/0.9 LC=0.6
LGB,ARIMA,0.3,0.9,0.6,0.7,20.9,18.66,61.1,61.5,22,LGB+ARIMA SM=0.3/0.9 LC=0.7
LGB,ARIMA,0.3,1.0,0.65,0.2,20.93,20.59,62.5,61.3,24,LGB+ARIMA SM=0.3/1.0 LC=0.2
LGB,ARIMA,0.3,1.0,0.65,0.3,20.81,21.17,62.0,61.1,23,LGB+ARIMA SM=0.3/1.0 LC=0.3
LGB,ARIMA,0.3,1.0,0.65,0.4,20.76,21.3,62.1,61.7,23,LGB+ARIMA SM=0.3/1.0 LC=0.4
LGB,ARIMA,0.3,1.0,0.65,0.5,20.8,20.7,62.0,61.9,23,LGB+ARIMA SM=0.3/1.0 LC=0.5
LGB,ARIMA,0.3,1.0,0.65,0.6,20.89,19.65,61.2,60.5,22,LGB+ARIMA SM=0.3/1.0 LC=0.6
LGB,ARIMA,0.3,1.0,0.65,0.7,21.02,18.28,60.4,59.9,22,LGB+ARIMA SM=0.3/1.0 LC=0.7
LGB,ARIMA,0.4,0.5,0.45,0.2,21.04,21.38,63.9,65.0,25,LGB+ARIMA SM=0.4/0.5 LC=0.2
LGB,ARIMA,0.4,0.5,0.45,0.3,20.92,21.97,63.4,64.8,24,LGB+ARIMA SM=0.4/0.5 LC=0.3
LGB,ARIMA,0.4,0.5,0.45,0.4,20.87,22.09,63.5,65.4,24,LGB+ARIMA SM=0.4/0.5 LC=0.4
LGB,ARIMA,0.4,0.5,0.45,0.5,20.91,21.49,63.4,65.6,24,LGB+ARIMA SM=0.4/0.5 LC=0.5
LGB,ARIMA,0.4,0.5,0.45,0.6,21.0,20.44,62.6,64.2,23,LGB+ARIMA SM=0.4/0.5 LC=0.6
LGB,ARIMA,0.4,0.5,0.45,0.7,21.13,19.08,61.8,63.6,23,LGB+ARIMA SM=0.4/0.5 LC=0.7
LGB,ARIMA,0.4,0.6,0.5,0.2,20.9,21.43,63.8,64.6,25,LGB+ARIMA SM=0.4/0.6 LC=0.2
LGB,ARIMA,0.4,0.6,0.5,0.3,20.78,22.02,63.4,64.4,24,LGB+ARIMA SM=0.4/0.6 LC=0.3
LGB,ARIMA,0.4,0.6,0.5,0.4,20.73,22.14,63.4,65.0,24,LGB+ARIMA SM=0.4/0.6 LC=0.4
LGB,ARIMA,0.4,0.6,0.5,0.5,20.77,21.54,63.4,65.2,24,LGB+ARIMA SM=0.4/0.6 LC=0.5
LGB,ARIMA,0.4,0.6,0.5,0.6,20.86,20.49,62.5,63.8,23,LGB+ARIMA SM=0.4/0.6 LC=0.6
LGB,ARIMA,0.4,0.6,0.5,0.7,20.99,19.13,61.8,63.2,23,LGB+ARIMA SM=0.4/0.6 LC=0.7
LGB,ARIMA,0.4,0.7,0.55,0.2,20.82,21.38,63.3,63.4,25,LGB+ARIMA SM=0.4/0.7 LC=0.2
LGB,ARIMA,0.4,0.7,0.55,0.3,20.7,21.97,62.9,63.2,24,LGB+ARIMA SM=0.4/0.7 LC=0.3
LGB,ARIMA,0.4,0.7,0.55,0.4,20.65,22.1,62.9,63.8,24,LGB+ARIMA SM=0.4/0.7 LC=0.4
LGB,ARIMA,0.4,0.7,0.55,0.5,20.68,21.5,62.9,64.0,24,LGB+ARIMA SM=0.4/0.7 LC=0.5
LGB,ARIMA,0.4,0.7,0.55,0.6,20.78,20.44,62.0,62.6,23,LGB+ARIMA SM=0.4/0.7 LC=0.6
LGB,ARIMA,0.4,0.7,0.55,0.7,20.91,19.08,61.3,61.9,23,LGB+ARIMA SM=0.4/0.7 LC=0.7
LGB,ARIMA,0.4,0.8,0.6,0.2,20.79,21.22,63.3,63.4,25,LGB+ARIMA SM=0.4/0.8 LC=0.2
LGB,ARIMA,0.4,0.8,0.6,0.3,20.67,21.8,62.9,63.2,24,LGB+ARIMA SM=0.4/0.8 LC=0.3
LGB,ARIMA,0.4,0.8,0.6,0.4,20.62,21.93,62.9,63.8,24,LGB+ARIMA SM=0.4/0.8 LC=0.4
LGB,ARIMA,0.4,0.8,0.6,0.5,20.65,21.33,62.9,64.0,24,LGB+ARIMA SM=0.4/0.8 LC=0.5
LGB,ARIMA,0.4,0.8,0.6,0.6,20.75,20.28,62.0,62.6,23,LGB+ARIMA SM=0.4/0.8 LC=0.6
LGB,ARIMA,0.4,0.8,0.6,0.7,20.88,18.91,61.3,61.9,23,LGB+ARIMA SM=0.4/0.8 LC=0.7
LGB,ARIMA,0.4,0.9,0.65,0.2,20.86,20.91,63.1,63.0,24,LGB+ARIMA SM=0.4/0.9 LC=0.2
LGB,ARIMA,0.4,0.9,0.65,0.3,20.74,21.5,62.6,62.8,23,LGB+ARIMA SM=0.4/0.9 LC=0.3
LGB,ARIMA,0.4,0.9,0.65,0.4,20.69,21.62,62.7,63.4,23,LGB+ARIMA SM=0.4/0.9 LC=0.4
LGB,ARIMA,0.4,0.9,0.65,0.5,20.72,21.02,62.6,63.6,23,LGB+ARIMA SM=0.4/0.9 LC=0.5
LGB,ARIMA,0.4,0.9,0.65,0.6,20.82,19.97,61.8,62.1,22,LGB+ARIMA SM=0.4/0.9 LC=0.6
LGB,ARIMA,0.4,0.9,0.65,0.7,20.95,18.6,61.1,61.5,22,LGB+ARIMA SM=0.4/0.9 LC=0.7
LGB,ARIMA,0.4,1.0,0.7,0.2,20.99,20.53,62.5,61.3,24,LGB+ARIMA SM=0.4/1.0 LC=0.2
LGB,ARIMA,0.4,1.0,0.7,0.3,20.86,21.12,62.0,61.1,23,LGB+ARIMA SM=0.4/1.0 LC=0.3
LGB,ARIMA,0.4,1.0,0.7,0.4,20.82,21.24,62.1,61.7,23,LGB+ARIMA SM=0.4/1.0 LC=0.4
LGB,ARIMA,0.4,1.0,0.7,0.5,20.85,20.64,62.0,61.9,23,LGB+ARIMA SM=0.4/1.0 LC=0.5
LGB,ARIMA,0.4,1.0,0.7,0.6,20.94,19.59,61.2,60.5,22,LGB+ARIMA SM=0.4/1.0 LC=0.6
LGB,ARIMA,0.4,1.0,0.7,0.7,21.07,18.22,60.4,59.9,22,LGB+ARIMA SM=0.4/1.0 LC=0.7
LGB,ARIMA,0.5,0.5,0.5,0.2,21.1,21.32,63.8,65.0,25,LGB+ARIMA SM=0.5/0.5 LC=0.2
LGB,ARIMA,0.5,0.5,0.5,0.3,20.97,21.91,63.4,64.8,24,LGB+ARIMA SM=0.5/0.5 LC=0.3
LGB,ARIMA,0.5,0.5,0.5,0.4,20.93,22.04,63.4,65.4,24,LGB+ARIMA SM=0.5/0.5 LC=0.4
LGB,ARIMA,0.5,0.5,0.5,0.5,20.96,21.44,63.4,65.6,24,LGB+ARIMA SM=0.5/0.5 LC=0.5
LGB,ARIMA,0.5,0.5,0.5,0.6,21.05,20.38,62.5,64.2,23,LGB+ARIMA SM=0.5/0.5 LC=0.6
LGB,ARIMA,0.5,0.5,0.5,0.7,21.18,19.02,61.8,63.6,23,LGB+ARIMA SM=0.5/0.5 LC=0.7
LGB,ARIMA,0.5,0.6,0.55,0.2,20.96,21.37,63.7,64.6,25,LGB+ARIMA SM=0.5/0.6 LC=0.2
LGB,ARIMA,0.5,0.6,0.55,0.3,20.83,21.96,63.3,64.4,24,LGB+ARIMA SM=0.5/0.6 LC=0.3
LGB,ARIMA,0.5,0.6,0.55,0.4,20.79,22.09,63.4,65.0,24,LGB+ARIMA SM=0.5/0.6 LC=0.4
LGB,ARIMA,0.5,0.6,0.55,0.5,20.82,21.49,63.3,65.2,24,LGB+ARIMA SM=0.5/0.6 LC=0.5
LGB,ARIMA,0.5,0.6,0.55,0.6,20.91,20.43,62.5,63.8,23,LGB+ARIMA SM=0.5/0.6 LC=0.6
LGB,ARIMA,0.5,0.6,0.55,0.7,21.04,19.07,61.7,63.2,23,LGB+ARIMA SM=0.5/0.6 LC=0.7
LGB,ARIMA,0.5,0.7,0.6,0.2,20.87,21.32,63.2,63.4,25,LGB+ARIMA SM=0.5/0.7 LC=0.2
LGB,ARIMA,0.5,0.7,0.6,0.3,20.75,21.91,62.8,63.2,24,LGB+ARIMA SM=0.5/0.7 LC=0.3
LGB,ARIMA,0.5,0.7,0.6,0.4,20.7,22.04,62.9,63.8,24,LGB+ARIMA SM=0.5/0.7 LC=0.4
LGB,ARIMA,0.5,0.7,0.6,0.5,20.73,21.43,62.8,64.0,24,LGB+ARIMA SM=0.5/0.7 LC=0.5
LGB,ARIMA,0.5,0.7,0.6,0.6,20.83,20.38,62.0,62.6,23,LGB+ARIMA SM=0.5/0.7 LC=0.6
LGB,ARIMA,0.5,0.7,0.6,0.7,20.96,19.02,61.2,61.9,23,LGB+ARIMA SM=0.5/0.7 LC=0.7
LGB,ARIMA,0.5,0.8,0.65,0.2,20.84,21.15,63.2,63.4,25,LGB+ARIMA SM=0.5/0.8 LC=0.2
LGB,ARIMA,0.5,0.8,0.65,0.3,20.72,21.74,62.7,63.2,24,LGB+ARIMA SM=0.5/0.8 LC=0.3
LGB,ARIMA,0.5,0.8,0.65,0.4,20.67,21.87,62.8,63.8,24,LGB+ARIMA SM=0.5/0.8 LC=0.4
LGB,ARIMA,0.5,0.8,0.65,0.5,20.71,21.27,62.7,64.0,24,LGB+ARIMA SM=0.5/0.8 LC=0.5
LGB,ARIMA,0.5,0.8,0.65,0.6,20.8,20.21,61.9,62.6,23,LGB+ARIMA SM=0.5/0.8 LC=0.6
LGB,ARIMA,0.5,0.8,0.65,0.7,20.93,18.85,61.2,61.9,23,LGB+ARIMA SM=0.5/0.8 LC=0.7
LGB,ARIMA,0.5,0.9,0.7,0.2,20.91,20.85,63.0,63.0,24,LGB+ARIMA SM=0.5/0.9 LC=0.2
LGB,ARIMA,0.5,0.9,0.7,0.3,20.79,21.43,62.5,62.8,23,LGB+ARIMA SM=0.5/0.9 LC=0.3
LGB,ARIMA,0.5,0.9,0.7,0.4,20.74,21.56,62.6,63.4,23,LGB+ARIMA SM=0.5/0.9 LC=0.4
LGB,ARIMA,0.5,0.9,0.7,0.5,20.78,20.96,62.5,63.6,23,LGB+ARIMA SM=0.5/0.9 LC=0.5
LGB,ARIMA,0.5,0.9,0.7,0.6,20.87,19.91,61.7,62.1,22,LGB+ARIMA SM=0.5/0.9 LC=0.6
LGB,ARIMA,0.5,0.9,0.7,0.7,21.0,18.54,60.9,61.5,22,LGB+ARIMA SM=0.5/0.9 LC=0.7
LGB,ARIMA,0.5,1.0,0.75,0.2,21.04,20.46,62.3,61.3,24,LGB+ARIMA SM=0.5/1.0 LC=0.2
LGB,ARIMA,0.5,1.0,0.75,0.3,20.92,21.05,61.9,61.1,23,LGB+ARIMA SM=0.5/1.0 LC=0.3
LGB,ARIMA,0.5,1.0,0.75,0.4,20.87,21.17,62.0,61.7,23,LGB+ARIMA SM=0.5/1.0 LC=0.4
LGB,ARIMA,0.5,1.0,0.75,0.5,20.91,20.57,61.9,61.9,23,LGB+ARIMA SM=0.5/1.0 LC=0.5
LGB,ARIMA,0.5,1.0,0.75,0.6,21.0,19.52,61.1,60.5,22,LGB+ARIMA SM=0.5/1.0 LC=0.6
LGB,ARIMA,0.5,1.0,0.75,0.7,21.13,18.16,60.3,59.9,22,LGB+ARIMA SM=0.5/1.0 LC=0.7
LGB,ARIMA,0.6,0.5,0.55,0.2,21.15,21.26,63.3,65.0,25,LGB+ARIMA SM=0.6/0.5 LC=0.2
LGB,ARIMA,0.6,0.5,0.55,0.3,21.03,21.85,62.9,64.8,24,LGB+ARIMA SM=0.6/0.5 LC=0.3
LGB,ARIMA,0.6,0.5,0.55,0.4,20.98,21.97,62.9,65.4,24,LGB+ARIMA SM=0.6/0.5 LC=0.4
LGB,ARIMA,0.6,0.5,0.55,0.5,21.01,21.37,62.9,65.6,24,LGB+ARIMA SM=0.6/0.5 LC=0.5
LGB,ARIMA,0.6,0.5,0.55,0.6,21.11,20.32,62.0,64.2,23,LGB+ARIMA SM=0.6/0.5 LC=0.6
LGB,ARIMA,0.6,0.5,0.55,0.7,21.24,18.95,61.3,63.6,22,LGB+ARIMA SM=0.6/0.5 LC=0.7
LGB,ARIMA,0.6,0.6,0.6,0.2,21.01,21.31,63.2,64.6,25,LGB+ARIMA SM=0.6/0.6 LC=0.2
LGB,ARIMA,0.6,0.6,0.6,0.3,20.89,21.9,62.8,64.4,24,LGB+ARIMA SM=0.6/0.6 LC=0.3
LGB,ARIMA,0.6,0.6,0.6,0.4,20.84,22.02,62.9,65.0,24,LGB+ARIMA SM=0.6/0.6 LC=0.4
LGB,ARIMA,0.6,0.6,0.6,0.5,20.87,21.42,62.8,65.2,24,LGB+ARIMA SM=0.6/0.6 LC=0.5
LGB,ARIMA,0.6,0.6,0.6,0.6,20.97,20.37,62.0,63.8,23,LGB+ARIMA SM=0.6/0.6 LC=0.6
LGB,ARIMA,0.6,0.6,0.6,0.7,21.1,19.0,61.2,63.2,22,LGB+ARIMA SM=0.6/0.6 LC=0.7
LGB,ARIMA,0.6,0.7,0.65,0.2,20.93,21.26,62.7,63.4,25,LGB+ARIMA SM=0.6/0.7 LC=0.2
LGB,ARIMA,0.6,0.7,0.65,0.3,20.81,21.84,62.2,63.2,24,LGB+ARIMA SM=0.6/0.7 LC=0.3
LGB,ARIMA,0.6,0.7,0.65,0.4,20.76,21.97,62.3,63.8,24,LGB+ARIMA SM=0.6/0.7 LC=0.4
LGB,ARIMA,0.6,0.7,0.65,0.5,20.79,21.37,62.2,64.0,24,LGB+ARIMA SM=0.6/0.7 LC=0.5
LGB,ARIMA,0.6,0.7,0.65,0.6,20.89,20.32,61.4,62.6,23,LGB+ARIMA SM=0.6/0.7 LC=0.6
LGB,ARIMA,0.6,0.7,0.65,0.7,21.01,18.95,60.7,61.9,22,LGB+ARIMA SM=0.6/0.7 LC=0.7
LGB,ARIMA,0.6,0.8,0.7,0.2,20.9,21.08,62.6,63.4,25,LGB+ARIMA SM=0.6/0.8 LC=0.2
LGB,ARIMA,0.6,0.8,0.7,0.3,20.78,21.67,62.2,63.2,24,LGB+ARIMA SM=0.6/0.8 LC=0.3
LGB,ARIMA,0.6,0.8,0.7,0.4,20.73,21.8,62.2,63.8,24,LGB+ARIMA SM=0.6/0.8 LC=0.4
LGB,ARIMA,0.6,0.8,0.7,0.5,20.77,21.2,62.2,64.0,24,LGB+ARIMA SM=0.6/0.8 LC=0.5
LGB,ARIMA,0.6,0.8,0.7,0.6,20.86,20.15,61.3,62.6,23,LGB+ARIMA SM=0.6/0.8 LC=0.6
LGB,ARIMA,0.6,0.8,0.7,0.7,20.99,18.78,60.6,61.9,23,LGB+ARIMA SM=0.6/0.8 LC=0.7
LGB,ARIMA,0.6,0.9,0.75,0.2,20.97,20.77,62.4,63.0,24,LGB+ARIMA SM=0.6/0.9 LC=0.2
LGB,ARIMA,0.6,0.9,0.75,0.3,20.85,21.36,62.0,62.8,23,LGB+ARIMA SM=0.6/0.9 LC=0.3
LGB,ARIMA,0.6,0.9,0.75,0.4,20.8,21.49,62.0,63.4,23,LGB+ARIMA SM=0.6/0.9 LC=0.4
LGB,ARIMA,0.6,0.9,0.75,0.5,20.84,20.89,62.0,63.6,23,LGB+ARIMA SM=0.6/0.9 LC=0.5
LGB,ARIMA,0.6,0.9,0.75,0.6,20.93,19.83,61.1,62.1,22,LGB+ARIMA SM=0.6/0.9 LC=0.6
LGB,ARIMA,0.6,0.9,0.75,0.7,21.06,18.47,60.4,61.5,22,LGB+ARIMA SM=0.6/0.9 LC=0.7
LGB,ARIMA,0.6,1.0,0.8,0.2,21.1,20.39,61.9,61.3,24,LGB+ARIMA SM=0.6/1.0 LC=0.2
LGB,ARIMA,0.6,1.0,0.8,0.3,20.98,20.98,61.4,61.1,23,LGB+ARIMA SM=0.6/1.0 LC=0.3
LGB,ARIMA,0.6,1.0,0.8,0.4,20.93,21.1,61.5,61.7,23,LGB+ARIMA SM=0.6/1.0 LC=0.4
LGB,ARIMA,0.6,1.0,0.8,0.5,20.96,20.5,61.4,61.9,23,LGB+ARIMA SM=0.6/1.0 LC=0.5
LGB,ARIMA,0.6,1.0,0.8,0.6,21.06,19.45,60.6,60.5,22,LGB+ARIMA SM=0.6/1.0 LC=0.6
LGB,ARIMA,0.6,1.0,0.8,0.7,21.19,18.08,59.9,59.9,22,LGB+ARIMA SM=0.6/1.0 LC=0.7
LGB,ARIMA,0.7,0.5,0.6,0.2,21.21,21.18,62.9,65.0,25,LGB+ARIMA SM=0.7/0.5 LC=0.2
LGB,ARIMA,0.7,0.5,0.6,0.3,21.09,21.77,62.5,64.8,24,LGB+ARIMA SM=0.7/0.5 LC=0.3
LGB,ARIMA,0.7,0.5,0.6,0.4,21.04,21.89,62.5,65.4,24,LGB+ARIMA SM=0.7/0.5 LC=0.4
LGB,ARIMA,0.7,0.5,0.6,0.5,21.07,21.29,62.5,65.6,24,LGB+ARIMA SM=0.7/0.5 LC=0.5
LGB,ARIMA,0.7,0.5,0.6,0.6,21.17,20.24,61.6,64.2,23,LGB+ARIMA SM=0.7/0.5 LC=0.6
LGB,ARIMA,0.7,0.5,0.6,0.7,21.3,18.88,60.9,63.6,22,LGB+ARIMA SM=0.7/0.5 LC=0.7
LGB,ARIMA,0.7,0.6,0.65,0.2,21.07,21.23,62.8,64.6,25,LGB+ARIMA SM=0.7/0.6 LC=0.2
LGB,ARIMA,0.7,0.6,0.65,0.3,20.95,21.82,62.3,64.4,24,LGB+ARIMA SM=0.7/0.6 LC=0.3
LGB,ARIMA,0.7,0.6,0.65,0.4,20.9,21.94,62.4,65.0,24,LGB+ARIMA SM=0.7/0.6 LC=0.4
LGB,ARIMA,0.7,0.6,0.65,0.5,20.94,21.34,62.3,65.2,24,LGB+ARIMA SM=0.7/0.6 LC=0.5
LGB,ARIMA,0.7,0.6,0.65,0.6,21.03,20.29,61.5,63.8,23,LGB+ARIMA SM=0.7/0.6 LC=0.6
LGB,ARIMA,0.7,0.6,0.65,0.7,21.16,18.92,60.8,63.2,22,LGB+ARIMA SM=0.7/0.6 LC=0.7
LGB,ARIMA,0.7,0.7,0.7,0.2,20.99,21.17,62.2,63.4,25,LGB+ARIMA SM=0.7/0.7 LC=0.2
LGB,ARIMA,0.7,0.7,0.7,0.3,20.87,21.76,61.8,63.2,24,LGB+ARIMA SM=0.7/0.7 LC=0.3
LGB,ARIMA,0.7,0.7,0.7,0.4,20.82,21.89,61.8,63.8,24,LGB+ARIMA SM=0.7/0.7 LC=0.4
LGB,ARIMA,0.7,0.7,0.7,0.5,20.85,21.29,61.8,64.0,24,LGB+ARIMA SM=0.7/0.7 LC=0.5
LGB,ARIMA,0.7,0.7,0.7,0.6,20.95,20.23,60.9,62.6,23,LGB+ARIMA SM=0.7/0.7 LC=0.6
LGB,ARIMA,0.7,0.7,0.7,0.7,21.08,18.87,60.2,61.9,22,LGB+ARIMA SM=0.7/0.7 LC=0.7
LGB,ARIMA,0.7,0.8,0.75,0.2,20.97,21.0,62.2,63.4,24,LGB+ARIMA SM=0.7/0.8 LC=0.2
LGB,ARIMA,0.7,0.8,0.75,0.3,20.85,21.59,61.7,63.2,23,LGB+ARIMA SM=0.7/0.8 LC=0.3
LGB,ARIMA,0.7,0.8,0.75,0.4,20.8,21.71,61.8,63.8,23,LGB+ARIMA SM=0.7/0.8 LC=0.4
LGB,ARIMA,0.7,0.8,0.75,0.5,20.83,21.11,61.7,64.0,23,LGB+ARIMA SM=0.7/0.8 LC=0.5
LGB,ARIMA,0.7,0.8,0.75,0.6,20.93,20.06,60.9,62.6,22,LGB+ARIMA SM=0.7/0.8 LC=0.6
LGB,ARIMA,0.7,0.8,0.75,0.7,21.06,18.69,60.2,61.9,22,LGB+ARIMA SM=0.7/0.8 LC=0.7
LGB,ARIMA,0.7,0.9,0.8,0.2,21.04,20.69,62.1,63.0,24,LGB+ARIMA SM=0.7/0.9 LC=0.2
LGB,ARIMA,0.7,0.9,0.8,0.3,20.92,21.27,61.6,62.8,23,LGB+ARIMA SM=0.7/0.9 LC=0.3
LGB,ARIMA,0.7,0.9,0.8,0.4,20.87,21.4,61.7,63.4,23,LGB+ARIMA SM=0.7/0.9 LC=0.4
LGB,ARIMA,0.7,0.9,0.8,0.5,20.9,20.8,61.6,63.6,23,LGB+ARIMA SM=0.7/0.9 LC=0.5
LGB,ARIMA,0.7,0.9,0.8,0.6,21.0,19.75,60.8,62.1,22,LGB+ARIMA SM=0.7/0.9 LC=0.6
LGB,ARIMA,0.7,0.9,0.8,0.7,21.13,18.38,60.0,61.5,22,LGB+ARIMA SM=0.7/0.9 LC=0.7
LGB,ARIMA,0.7,1.0,0.85,0.2,21.17,20.3,61.6,61.3,24,LGB+ARIMA SM=0.7/1.0 LC=0.2
LGB,ARIMA,0.7,1.0,0.85,0.3,21.05,20.89,61.1,61.1,23,LGB+ARIMA SM=0.7/1.0 LC=0.3
LGB,ARIMA,0.7,1.0,0.85,0.4,21.0,21.01,61.2,61.7,23,LGB+ARIMA SM=0.7/1.0 LC=0.4
LGB,ARIMA,0.7,1.0,0.85,0.5,21.03,20.41,61.1,61.9,23,LGB+ARIMA SM=0.7/1.0 LC=0.5
LGB,ARIMA,0.7,1.0,0.85,0.6,21.13,19.36,60.3,60.5,22,LGB+ARIMA SM=0.7/1.0 LC=0.6
LGB,ARIMA,0.7,1.0,0.85,0.7,21.26,17.99,59.5,59.9,22,LGB+ARIMA SM=0.7/1.0 LC=0.7
LGB,SARIMAX,0.3,0.5,0.4,0.2,23.35,3.87,60.1,59.5,20,LGB+SARIMAX SM=0.3/0.5 LC=0.2
LGB,SARIMAX,0.3,0.5,0.4,0.3,22.91,7.0,60.3,60.3,21,LGB+SARIMAX SM=0.3/0.5 LC=0.3
LGB,SARIMAX,0.3,0.5,0.4,0.4,22.54,9.61,60.2,60.5,21,LGB+SARIMAX SM=0.3/0.5 LC=0.4
LGB,SARIMAX,0.3,0.5,0.4,0.5,22.27,11.59,60.5,61.1,21,LGB+SARIMAX SM=0.3/0.5 LC=0.5
LGB,SARIMAX,0.3,0.5,0.4,0.6,22.05,13.1,60.6,61.1,23,LGB+SARIMAX SM=0.3/0.5 LC=0.6
LGB,SARIMAX,0.3,0.5,0.4,0.7,21.91,13.91,60.2,60.9,21,LGB+SARIMAX SM=0.3/0.5 LC=0.7
LGB,SARIMAX,0.3,0.6,0.45,0.2,23.14,4.1,60.2,59.9,20,LGB+SARIMAX SM=0.3/0.6 LC=0.2
LGB,SARIMAX,0.3,0.6,0.45,0.3,22.71,7.22,60.4,60.7,21,LGB+SARIMAX SM=0.3/0.6 LC=0.3
LGB,SARIMAX,0.3,0.6,0.45,0.4,22.34,9.84,60.3,60.9,21,LGB+SARIMAX SM=0.3/0.6 LC=0.4
LGB,SARIMAX,0.3,0.6,0.45,0.5,22.06,11.81,60.7,61.5,21,LGB+SARIMAX SM=0.3/0.6 LC=0.5
LGB,SARIMAX,0.3,0.6,0.45,0.6,21.84,13.33,60.7,61.5,23,LGB+SARIMAX SM=0.3/0.6 LC=0.6
LGB,SARIMAX,0.3,0.6,0.45,0.7,21.71,14.13,60.3,61.3,21,LGB+SARIMAX SM=0.3/0.6 LC=0.7
LGB,SARIMAX,0.3,0.7,0.5,0.2,23.0,4.22,60.1,59.5,20,LGB+SARIMAX SM=0.3/0.7 LC=0.2
LGB,SARIMAX,0.3,0.7,0.5,0.3,22.57,7.35,60.3,60.3,21,LGB+SARIMAX SM=0.3/0.7 LC=0.3
LGB,SARIMAX,0.3,0.7,0.5,0.4,22.2,9.97,60.2,60.5,21,LGB+SARIMAX SM=0.3/0.7 LC=0.4
LGB,SARIMAX,0.3,0.7,0.5,0.5,21.92,11.94,60.5,61.1,21,LGB+SARIMAX SM=0.3/0.7 LC=0.5
LGB,SARIMAX,0.3,0.7,0.5,0.6,21.7,13.45,60.6,61.1,23,LGB+SARIMAX SM=0.3/0.7 LC=0.6
LGB,SARIMAX,0.3,0.7,0.5,0.7,21.56,14.26,60.2,60.9,21,LGB+SARIMAX SM=0.3/0.7 LC=0.7
LGB,SARIMAX,0.3,0.8,0.55,0.2,22.92,4.21,60.4,59.9,20,LGB+SARIMAX SM=0.3/0.8 LC=0.2
LGB,SARIMAX,0.3,0.8,0.55,0.3,22.49,7.34,60.5,60.7,21,LGB+SARIMAX SM=0.3/0.8 LC=0.3
LGB,SARIMAX,0.3,0.8,0.55,0.4,22.12,9.95,60.4,60.9,21,LGB+SARIMAX SM=0.3/0.8 LC=0.4
LGB,SARIMAX,0.3,0.8,0.55,0.5,21.84,11.92,60.8,61.5,21,LGB+SARIMAX SM=0.3/0.8 LC=0.5
LGB,SARIMAX,0.3,0.8,0.55,0.6,21.62,13.44,60.9,61.5,23,LGB+SARIMAX SM=0.3/0.8 LC=0.6
LGB,SARIMAX,0.3,0.8,0.55,0.7,21.49,14.24,60.5,61.3,21,LGB+SARIMAX SM=0.3/0.8 LC=0.7
LGB,SARIMAX,0.3,0.9,0.6,0.2,22.97,3.99,60.1,59.1,19,LGB+SARIMAX SM=0.3/0.9 LC=0.2
LGB,SARIMAX,0.3,0.9,0.6,0.3,22.54,7.12,60.3,59.9,20,LGB+SARIMAX SM=0.3/0.9 LC=0.3
LGB,SARIMAX,0.3,0.9,0.6,0.4,22.17,9.73,60.2,60.1,20,LGB+SARIMAX SM=0.3/0.9 LC=0.4
LGB,SARIMAX,0.3,0.9,0.6,0.5,21.89,11.7,60.5,60.7,20,LGB+SARIMAX SM=0.3/0.9 LC=0.5
LGB,SARIMAX,0.3,0.9,0.6,0.6,21.67,13.22,60.6,60.7,22,LGB+SARIMAX SM=0.3/0.9 LC=0.6
LGB,SARIMAX,0.3,0.9,0.6,0.7,21.54,14.03,60.2,60.5,20,LGB+SARIMAX SM=0.3/0.9 LC=0.7
LGB,SARIMAX,0.3,1.0,0.65,0.2,23.12,3.59,59.8,58.0,19,LGB+SARIMAX SM=0.3/1.0 LC=0.2
LGB,SARIMAX,0.3,1.0,0.65,0.3,22.69,6.72,59.9,58.8,20,LGB+SARIMAX SM=0.3/1.0 LC=0.3
LGB,SARIMAX,0.3,1.0,0.65,0.4,22.32,9.33,59.8,59.1,20,LGB+SARIMAX SM=0.3/1.0 LC=0.4
LGB,SARIMAX,0.3,1.0,0.65,0.5,22.04,11.3,60.2,59.7,20,LGB+SARIMAX SM=0.3/1.0 LC=0.5
LGB,SARIMAX,0.3,1.0,0.65,0.6,21.82,12.82,60.3,59.7,22,LGB+SARIMAX SM=0.3/1.0 LC=0.6
LGB,SARIMAX,0.3,1.0,0.65,0.7,21.69,13.63,59.9,59.5,20,LGB+SARIMAX SM=0.3/1.0 LC=0.7
LGB,SARIMAX,0.4,0.5,0.45,0.2,23.35,3.92,60.0,59.5,20,LGB+SARIMAX SM=0.4/0.5 LC=0.2
LGB,SARIMAX,0.4,0.5,0.45,0.3,22.91,7.05,60.2,60.3,21,LGB+SARIMAX SM=0.4/0.5 LC=0.3
LGB,SARIMAX,0.4,0.5,0.45,0.4,22.54,9.67,60.1,60.5,21,LGB+SARIMAX SM=0.4/0.5 LC=0.4
LGB,SARIMAX,0.4,0.5,0.45,0.5,22.26,11.64,60.5,61.1,21,LGB+SARIMAX SM=0.4/0.5 LC=0.5
LGB,SARIMAX,0.4,0.5,0.45,0.6,22.05,13.15,60.5,61.1,23,LGB+SARIMAX SM=0.4/0.5 LC=0.6
LGB,SARIMAX,0.4,0.5,0.45,0.7,21.91,13.96,60.2,60.9,21,LGB+SARIMAX SM=0.4/0.5 LC=0.7
LGB,SARIMAX,0.4,0.6,0.5,0.2,23.14,4.15,60.0,59.9,20,LGB+SARIMAX SM=0.4/0.6 LC=0.2
LGB,SARIMAX,0.4,0.6,0.5,0.3,22.71,7.28,60.2,60.7,21,LGB+SARIMAX SM=0.4/0.6 LC=0.3
LGB,SARIMAX,0.4,0.6,0.5,0.4,22.34,9.89,60.1,60.9,21,LGB+SARIMAX SM=0.4/0.6 LC=0.4
LGB,SARIMAX,0.4,0.6,0.5,0.5,22.06,11.86,60.5,61.5,21,LGB+SARIMAX SM=0.4/0.6 LC=0.5
LGB,SARIMAX,0.4,0.6,0.5,0.6,21.84,13.38,60.5,61.5,23,LGB+SARIMAX SM=0.4/0.6 LC=0.6
LGB,SARIMAX,0.4,0.6,0.5,0.7,21.71,14.19,60.2,61.3,21,LGB+SARIMAX SM=0.4/0.6 LC=0.7
LGB,SARIMAX,0.4,0.7,0.55,0.2,23.0,4.27,60.0,59.5,20,LGB+SARIMAX SM=0.4/0.7 LC=0.2
LGB,SARIMAX,0.4,0.7,0.55,0.3,22.57,7.4,60.2,60.3,21,LGB+SARIMAX SM=0.4/0.7 LC=0.3
LGB,SARIMAX,0.4,0.7,0.55,0.4,22.2,10.02,60.1,60.5,21,LGB+SARIMAX SM=0.4/0.7 LC=0.4
LGB,SARIMAX,0.4,0.7,0.55,0.5,21.92,11.99,60.5,61.1,21,LGB+SARIMAX SM=0.4/0.7 LC=0.5
LGB,SARIMAX,0.4,0.7,0.55,0.6,21.7,13.5,60.5,61.1,23,LGB+SARIMAX SM=0.4/0.7 LC=0.6
LGB,SARIMAX,0.4,0.7,0.55,0.7,21.56,14.31,60.2,60.9,21,LGB+SARIMAX SM=0.4/0.7 LC=0.7
LGB,SARIMAX,0.4,0.8,0.6,0.2,22.92,4.26,60.3,59.9,20,LGB+SARIMAX SM=0.4/0.8 LC=0.2
LGB,SARIMAX,0.4,0.8,0.6,0.3,22.49,7.38,60.5,60.7,21,LGB+SARIMAX SM=0.4/0.8 LC=0.3
LGB,SARIMAX,0.4,0.8,0.6,0.4,22.12,10.0,60.4,60.9,21,LGB+SARIMAX SM=0.4/0.8 LC=0.4
LGB,SARIMAX,0.4,0.8,0.6,0.5,21.84,11.97,60.8,61.5,21,LGB+SARIMAX SM=0.4/0.8 LC=0.5
LGB,SARIMAX,0.4,0.8,0.6,0.6,21.63,13.49,60.8,61.5,23,LGB+SARIMAX SM=0.4/0.8 LC=0.6
LGB,SARIMAX,0.4,0.8,0.6,0.7,21.49,14.29,60.4,61.3,21,LGB+SARIMAX SM=0.4/0.8 LC=0.7
LGB,SARIMAX,0.4,0.9,0.65,0.2,22.97,4.04,60.0,59.1,19,LGB+SARIMAX SM=0.4/0.9 LC=0.2
LGB,SARIMAX,0.4,0.9,0.65,0.3,22.54,7.16,60.2,59.9,20,LGB+SARIMAX SM=0.4/0.9 LC=0.3
LGB,SARIMAX,0.4,0.9,0.65,0.4,22.17,9.78,60.1,60.1,20,LGB+SARIMAX SM=0.4/0.9 LC=0.4
LGB,SARIMAX,0.4,0.9,0.65,0.5,21.89,11.75,60.5,60.7,20,LGB+SARIMAX SM=0.4/0.9 LC=0.5
LGB,SARIMAX,0.4,0.9,0.65,0.6,21.67,13.27,60.5,60.7,22,LGB+SARIMAX SM=0.4/0.9 LC=0.6
LGB,SARIMAX,0.4,0.9,0.65,0.7,21.54,14.07,60.2,60.5,20,LGB+SARIMAX SM=0.4/0.9 LC=0.7
LGB,SARIMAX,0.4,1.0,0.7,0.2,23.12,3.64,59.7,58.0,19,LGB+SARIMAX SM=0.4/1.0 LC=0.2
LGB,SARIMAX,0.4,1.0,0.7,0.3,22.69,6.76,59.9,58.8,20,LGB+SARIMAX SM=0.4/1.0 LC=0.3
LGB,SARIMAX,0.4,1.0,0.7,0.4,22.32,9.38,59.8,59.1,20,LGB+SARIMAX SM=0.4/1.0 LC=0.4
LGB,SARIMAX,0.4,1.0,0.7,0.5,22.04,11.35,60.2,59.7,20,LGB+SARIMAX SM=0.4/1.0 LC=0.5
LGB,SARIMAX,0.4,1.0,0.7,0.6,21.83,12.87,60.2,59.7,22,LGB+SARIMAX SM=0.4/1.0 LC=0.6
LGB,SARIMAX,0.4,1.0,0.7,0.7,21.69,13.67,59.8,59.5,20,LGB+SARIMAX SM=0.4/1.0 LC=0.7
LGB,SARIMAX,0.5,0.5,0.5,0.2,23.36,3.95,59.8,59.5,20,LGB+SARIMAX SM=0.5/0.5 LC=0.2
LGB,SARIMAX,0.5,0.5,0.5,0.3,22.93,7.08,60.0,60.3,21,LGB+SARIMAX SM=0.5/0.5 LC=0.3
LGB,SARIMAX,0.5,0.5,0.5,0.4,22.56,9.7,59.9,60.5,21,LGB+SARIMAX SM=0.5/0.5 LC=0.4
LGB,SARIMAX,0.5,0.5,0.5,0.5,22.28,11.67,60.3,61.1,21,LGB+SARIMAX SM=0.5/0.5 LC=0.5
LGB,SARIMAX,0.5,0.5,0.5,0.6,22.06,13.18,60.3,61.1,23,LGB+SARIMAX SM=0.5/0.5 LC=0.6
LGB,SARIMAX,0.5,0.5,0.5,0.7,21.92,13.99,59.9,60.9,21,LGB+SARIMAX SM=0.5/0.5 LC=0.7
LGB,SARIMAX,0.5,0.6,0.55,0.2,23.16,4.17,59.9,59.9,20,LGB+SARIMAX SM=0.5/0.6 LC=0.2
LGB,SARIMAX,0.5,0.6,0.55,0.3,22.72,7.3,60.1,60.7,21,LGB+SARIMAX SM=0.5/0.6 LC=0.3
LGB,SARIMAX,0.5,0.6,0.55,0.4,22.35,9.92,60.0,60.9,21,LGB+SARIMAX SM=0.5/0.6 LC=0.4
LGB,SARIMAX,0.5,0.6,0.55,0.5,22.07,11.89,60.4,61.5,21,LGB+SARIMAX SM=0.5/0.6 LC=0.5
LGB,SARIMAX,0.5,0.6,0.55,0.6,21.86,13.4,60.4,61.5,23,LGB+SARIMAX SM=0.5/0.6 LC=0.6
LGB,SARIMAX,0.5,0.6,0.55,0.7,21.72,14.21,60.0,61.3,21,LGB+SARIMAX SM=0.5/0.6 LC=0.7
LGB,SARIMAX,0.5,0.7,0.6,0.2,23.02,4.3,59.9,59.5,20,LGB+SARIMAX SM=0.5/0.7 LC=0.2
LGB,SARIMAX,0.5,0.7,0.6,0.3,22.58,7.42,60.1,60.3,21,LGB+SARIMAX SM=0.5/0.7 LC=0.3
LGB,SARIMAX,0.5,0.7,0.6,0.4,22.21,10.04,60.0,60.5,21,LGB+SARIMAX SM=0.5/0.7 LC=0.4
LGB,SARIMAX,0.5,0.7,0.6,0.5,21.93,12.01,60.4,61.1,21,LGB+SARIMAX SM=0.5/0.7 LC=0.5
LGB,SARIMAX,0.5,0.7,0.6,0.6,21.72,13.53,60.4,61.1,23,LGB+SARIMAX SM=0.5/0.7 LC=0.6
LGB,SARIMAX,0.5,0.7,0.6,0.7,21.58,14.33,60.0,60.9,21,LGB+SARIMAX SM=0.5/0.7 LC=0.7
LGB,SARIMAX,0.5,0.8,0.65,0.2,22.94,4.28,60.2,59.9,20,LGB+SARIMAX SM=0.5/0.8 LC=0.2
LGB,SARIMAX,0.5,0.8,0.65,0.3,22.51,7.41,60.4,60.7,21,LGB+SARIMAX SM=0.5/0.8 LC=0.3
LGB,SARIMAX,0.5,0.8,0.65,0.4,22.14,10.03,60.3,60.9,21,LGB+SARIMAX SM=0.5/0.8 LC=0.4
LGB,SARIMAX,0.5,0.8,0.65,0.5,21.86,12.0,60.7,61.5,21,LGB+SARIMAX SM=0.5/0.8 LC=0.5
LGB,SARIMAX,0.5,0.8,0.65,0.6,21.64,13.51,60.7,61.5,23,LGB+SARIMAX SM=0.5/0.8 LC=0.6
LGB,SARIMAX,0.5,0.8,0.65,0.7,21.5,14.32,60.3,61.3,21,LGB+SARIMAX SM=0.5/0.8 LC=0.7
LGB,SARIMAX,0.5,0.9,0.7,0.2,22.99,4.06,59.9,59.1,19,LGB+SARIMAX SM=0.5/0.9 LC=0.2
LGB,SARIMAX,0.5,0.9,0.7,0.3,22.56,7.19,60.1,59.9,20,LGB+SARIMAX SM=0.5/0.9 LC=0.3
LGB,SARIMAX,0.5,0.9,0.7,0.4,22.19,9.81,60.0,60.1,20,LGB+SARIMAX SM=0.5/0.9 LC=0.4
LGB,SARIMAX,0.5,0.9,0.7,0.5,21.91,11.78,60.4,60.7,20,LGB+SARIMAX SM=0.5/0.9 LC=0.5
LGB,SARIMAX,0.5,0.9,0.7,0.6,21.69,13.29,60.4,60.7,22,LGB+SARIMAX SM=0.5/0.9 LC=0.6
LGB,SARIMAX,0.5,0.9,0.7,0.7,21.55,14.1,60.0,60.5,20,LGB+SARIMAX SM=0.5/0.9 LC=0.7
LGB,SARIMAX,0.5,1.0,0.75,0.2,23.14,3.66,59.6,58.0,19,LGB+SARIMAX SM=0.5/1.0 LC=0.2
LGB,SARIMAX,0.5,1.0,0.75,0.3,22.71,6.78,59.8,58.8,20,LGB+SARIMAX SM=0.5/1.0 LC=0.3
LGB,SARIMAX,0.5,1.0,0.75,0.4,22.34,9.4,59.7,59.1,20,LGB+SARIMAX SM=0.5/1.0 LC=0.4
LGB,SARIMAX,0.5,1.0,0.75,0.5,22.06,11.37,60.0,59.7,20,LGB+SARIMAX SM=0.5/1.0 LC=0.5
LGB,SARIMAX,0.5,1.0,0.75,0.6,21.85,12.89,60.1,59.7,22,LGB+SARIMAX SM=0.5/1.0 LC=0.6
LGB,SARIMAX,0.5,1.0,0.75,0.7,21.71,13.69,59.7,59.5,20,LGB+SARIMAX SM=0.5/1.0 LC=0.7
LGB,SARIMAX,0.6,0.5,0.55,0.2,23.38,3.97,59.4,59.5,20,LGB+SARIMAX SM=0.6/0.5 LC=0.2
LGB,SARIMAX,0.6,0.5,0.55,0.3,22.94,7.1,59.6,60.3,21,LGB+SARIMAX SM=0.6/0.5 LC=0.3
LGB,SARIMAX,0.6,0.5,0.55,0.4,22.58,9.72,59.5,60.5,21,LGB+SARIMAX SM=0.6/0.5 LC=0.4
LGB,SARIMAX,0.6,0.5,0.55,0.5,22.3,11.69,59.9,61.1,21,LGB+SARIMAX SM=0.6/0.5 LC=0.5
LGB,SARIMAX,0.6,0.5,0.55,0.6,22.08,13.2,59.9,61.1,23,LGB+SARIMAX SM=0.6/0.5 LC=0.6
LGB,SARIMAX,0.6,0.5,0.55,0.7,21.94,14.01,59.5,60.9,21,LGB+SARIMAX SM=0.6/0.5 LC=0.7
LGB,SARIMAX,0.6,0.6,0.6,0.2,23.18,4.19,59.5,59.9,20,LGB+SARIMAX SM=0.6/0.6 LC=0.2
LGB,SARIMAX,0.6,0.6,0.6,0.3,22.74,7.32,59.7,60.7,21,LGB+SARIMAX SM=0.6/0.6 LC=0.3
LGB,SARIMAX,0.6,0.6,0.6,0.4,22.37,9.94,59.6,60.9,21,LGB+SARIMAX SM=0.6/0.6 LC=0.4
LGB,SARIMAX,0.6,0.6,0.6,0.5,22.1,11.91,60.0,61.5,21,LGB+SARIMAX SM=0.6/0.6 LC=0.5
LGB,SARIMAX,0.6,0.6,0.6,0.6,21.88,13.42,60.0,61.5,23,LGB+SARIMAX SM=0.6/0.6 LC=0.6
LGB,SARIMAX,0.6,0.6,0.6,0.7,21.74,14.23,59.7,61.3,21,LGB+SARIMAX SM=0.6/0.6 LC=0.7
LGB,SARIMAX,0.6,0.7,0.65,0.2,23.04,4.31,59.5,59.5,20,LGB+SARIMAX SM=0.6/0.7 LC=0.2
LGB,SARIMAX,0.6,0.7,0.65,0.3,22.6,7.44,59.7,60.3,21,LGB+SARIMAX SM=0.6/0.7 LC=0.3
LGB,SARIMAX,0.6,0.7,0.65,0.4,22.23,10.06,59.6,60.5,21,LGB+SARIMAX SM=0.6/0.7 LC=0.4
LGB,SARIMAX,0.6,0.7,0.65,0.5,21.95,12.03,60.0,61.1,21,LGB+SARIMAX SM=0.6/0.7 LC=0.5
LGB,SARIMAX,0.6,0.7,0.65,0.6,21.74,13.54,60.0,61.1,23,LGB+SARIMAX SM=0.6/0.7 LC=0.6
LGB,SARIMAX,0.6,0.7,0.65,0.7,21.6,14.35,59.7,60.9,21,LGB+SARIMAX SM=0.6/0.7 LC=0.7
LGB,SARIMAX,0.6,0.8,0.7,0.2,22.96,4.3,59.8,59.9,20,LGB+SARIMAX SM=0.6/0.8 LC=0.2
LGB,SARIMAX,0.6,0.8,0.7,0.3,22.53,7.42,60.0,60.7,21,LGB+SARIMAX SM=0.6/0.8 LC=0.3
LGB,SARIMAX,0.6,0.8,0.7,0.4,22.16,10.04,59.9,60.9,21,LGB+SARIMAX SM=0.6/0.8 LC=0.4
LGB,SARIMAX,0.6,0.8,0.7,0.5,21.88,12.01,60.3,61.5,21,LGB+SARIMAX SM=0.6/0.8 LC=0.5
LGB,SARIMAX,0.6,0.8,0.7,0.6,21.66,13.53,60.3,61.5,23,LGB+SARIMAX SM=0.6/0.8 LC=0.6
LGB,SARIMAX,0.6,0.8,0.7,0.7,21.53,14.33,59.9,61.3,21,LGB+SARIMAX SM=0.6/0.8 LC=0.7
LGB,SARIMAX,0.6,0.9,0.75,0.2,23.02,4.07,59.5,59.1,19,LGB+SARIMAX SM=0.6/0.9 LC=0.2
LGB,SARIMAX,0.6,0.9,0.75,0.3,22.58,7.2,59.7,59.9,20,LGB+SARIMAX SM=0.6/0.9 LC=0.3
LGB,SARIMAX,0.6,0.9,0.75,0.4,22.21,9.82,59.6,60.1,20,LGB+SARIMAX SM=0.6/0.9 LC=0.4
LGB,SARIMAX,0.6,0.9,0.75,0.5,21.93,11.79,60.0,60.7,20,LGB+SARIMAX SM=0.6/0.9 LC=0.5
LGB,SARIMAX,0.6,0.9,0.75,0.6,21.72,13.3,60.0,60.7,22,LGB+SARIMAX SM=0.6/0.9 LC=0.6
LGB,SARIMAX,0.6,0.9,0.75,0.7,21.58,14.11,59.7,60.5,20,LGB+SARIMAX SM=0.6/0.9 LC=0.7
LGB,SARIMAX,0.6,1.0,0.8,0.2,23.17,3.67,59.1,58.0,19,LGB+SARIMAX SM=0.6/1.0 LC=0.2
LGB,SARIMAX,0.6,1.0,0.8,0.3,22.73,6.79,59.3,58.8,20,LGB+SARIMAX SM=0.6/1.0 LC=0.3
LGB,SARIMAX,0.6,1.0,0.8,0.4,22.37,9.41,59.2,59.1,20,LGB+SARIMAX SM=0.6/1.0 LC=0.4
LGB,SARIMAX,0.6,1.0,0.8,0.5,22.09,11.38,59.6,59.7,20,LGB+SARIMAX SM=0.6/1.0 LC=0.5
LGB,SARIMAX,0.6,1.0,0.8,0.6,21.87,12.9,59.7,59.7,22,LGB+SARIMAX SM=0.6/1.0 LC=0.6
LGB,SARIMAX,0.6,1.0,0.8,0.7,21.73,13.7,59.3,59.5,20,LGB+SARIMAX SM=0.6/1.0 LC=0.7
LGB,SARIMAX,0.7,0.5,0.6,0.2,23.41,3.97,59.0,59.5,20,LGB+SARIMAX SM=0.7/0.5 LC=0.2
LGB,SARIMAX,0.7,0.5,0.6,0.3,22.98,7.1,59.2,60.3,21,LGB+SARIMAX SM=0.7/0.5 LC=0.3
LGB,SARIMAX,0.7,0.5,0.6,0.4,22.61,9.71,59.1,60.5,21,LGB+SARIMAX SM=0.7/0.5 LC=0.4
LGB,SARIMAX,0.7,0.5,0.6,0.5,22.33,11.68,59.5,61.1,21,LGB+SARIMAX SM=0.7/0.5 LC=0.5
LGB,SARIMAX,0.7,0.5,0.6,0.6,22.11,13.2,59.5,61.1,23,LGB+SARIMAX SM=0.7/0.5 LC=0.6
LGB,SARIMAX,0.7,0.5,0.6,0.7,21.97,14.0,59.1,60.9,21,LGB+SARIMAX SM=0.7/0.5 LC=0.7
LGB,SARIMAX,0.7,0.6,0.65,0.2,23.21,4.19,59.1,59.9,20,LGB+SARIMAX SM=0.7/0.6 LC=0.2
LGB,SARIMAX,0.7,0.6,0.65,0.3,22.77,7.32,59.3,60.7,21,LGB+SARIMAX SM=0.7/0.6 LC=0.3
LGB,SARIMAX,0.7,0.6,0.65,0.4,22.41,9.93,59.2,60.9,21,LGB+SARIMAX SM=0.7/0.6 LC=0.4
LGB,SARIMAX,0.7,0.6,0.65,0.5,22.13,11.9,59.6,61.5,21,LGB+SARIMAX SM=0.7/0.6 LC=0.5
LGB,SARIMAX,0.7,0.6,0.65,0.6,21.91,13.42,59.7,61.5,23,LGB+SARIMAX SM=0.7/0.6 LC=0.6
LGB,SARIMAX,0.7,0.6,0.65,0.7,21.77,14.23,59.3,61.3,21,LGB+SARIMAX SM=0.7/0.6 LC=0.7
LGB,SARIMAX,0.7,0.7,0.7,0.2,23.07,4.31,59.1,59.5,19,LGB+SARIMAX SM=0.7/0.7 LC=0.2
LGB,SARIMAX,0.7,0.7,0.7,0.3,22.63,7.44,59.3,60.3,20,LGB+SARIMAX SM=0.7/0.7 LC=0.3
LGB,SARIMAX,0.7,0.7,0.7,0.4,22.27,10.05,59.2,60.5,20,LGB+SARIMAX SM=0.7/0.7 LC=0.4
LGB,SARIMAX,0.7,0.7,0.7,0.5,21.99,12.02,59.6,61.1,20,LGB+SARIMAX SM=0.7/0.7 LC=0.5
LGB,SARIMAX,0.7,0.7,0.7,0.6,21.77,13.54,59.7,61.1,22,LGB+SARIMAX SM=0.7/0.7 LC=0.6
LGB,SARIMAX,0.7,0.7,0.7,0.7,21.63,14.35,59.3,60.9,20,LGB+SARIMAX SM=0.7/0.7 LC=0.7
LGB,SARIMAX,0.7,0.8,0.75,0.2,23.0,4.29,59.4,59.9,19,LGB+SARIMAX SM=0.7/0.8 LC=0.2
LGB,SARIMAX,0.7,0.8,0.75,0.3,22.56,7.42,59.6,60.7,20,LGB+SARIMAX SM=0.7/0.8 LC=0.3
LGB,SARIMAX,0.7,0.8,0.75,0.4,22.19,10.03,59.5,60.9,20,LGB+SARIMAX SM=0.7/0.8 LC=0.4
LGB,SARIMAX,0.7,0.8,0.75,0.5,21.92,12.0,59.9,61.5,20,LGB+SARIMAX SM=0.7/0.8 LC=0.5
LGB,SARIMAX,0.7,0.8,0.75,0.6,21.7,13.52,59.9,61.5,22,LGB+SARIMAX SM=0.7/0.8 LC=0.6
LGB,SARIMAX,0.7,0.8,0.75,0.7,21.56,14.33,59.5,61.3,20,LGB+SARIMAX SM=0.7/0.8 LC=0.7
LGB,SARIMAX,0.7,0.9,0.8,0.2,23.05,4.06,59.1,59.1,19,LGB+SARIMAX SM=0.7/0.9 LC=0.2
LGB,SARIMAX,0.7,0.9,0.8,0.3,22.62,7.19,59.3,59.9,20,LGB+SARIMAX SM=0.7/0.9 LC=0.3
LGB,SARIMAX,0.7,0.9,0.8,0.4,22.25,9.81,59.1,60.1,20,LGB+SARIMAX SM=0.7/0.9 LC=0.4
LGB,SARIMAX,0.7,0.9,0.8,0.5,21.97,11.78,59.5,60.7,20,LGB+SARIMAX SM=0.7/0.9 LC=0.5
LGB,SARIMAX,0.7,0.9,0.8,0.6,21.75,13.29,59.6,60.7,22,LGB+SARIMAX SM=0.7/0.9 LC=0.6
LGB,SARIMAX,0.7,0.9,0.8,0.7,21.61,14.1,59.2,60.5,20,LGB+SARIMAX SM=0.7/0.9 LC=0.7
LGB,SARIMAX,0.7,1.0,0.85,0.2,23.21,3.66,58.8,58.0,19,LGB+SARIMAX SM=0.7/1.0 LC=0.2
LGB,SARIMAX,0.7,1.0,0.85,0.3,22.77,6.78,59.0,58.8,20,LGB+SARIMAX SM=0.7/1.0 LC=0.3
LGB,SARIMAX,0.7,1.0,0.85,0.4,22.4,9.4,58.9,59.1,20,LGB+SARIMAX SM=0.7/1.0 LC=0.4
LGB,SARIMAX,0.7,1.0,0.85,0.5,22.12,11.37,59.3,59.7,20,LGB+SARIMAX SM=0.7/1.0 LC=0.5
LGB,SARIMAX,0.7,1.0,0.85,0.6,21.91,12.89,59.3,59.7,22,LGB+SARIMAX SM=0.7/1.0 LC=0.6
LGB,SARIMAX,0.7,1.0,0.85,0.7,21.77,13.69,58.9,59.5,20,LGB+SARIMAX SM=0.7/1.0 LC=0.7
LGB,RollingMean,0.3,0.5,0.4,0.2,21.02,21.35,65.1,65.6,26,LGB+RollingMean SM=0.3/0.5 LC=0.2
LGB,RollingMean,0.3,0.5,0.4,0.3,20.79,22.51,65.5,66.5,26,LGB+RollingMean SM=0.3/0.5 LC=0.3
LGB,RollingMean,0.3,0.5,0.4,0.4,20.67,22.95,64.9,65.6,25,LGB+RollingMean SM=0.3/0.5 LC=0.4
LGB,RollingMean,0.3,0.5,0.4,0.5,20.65,22.56,64.5,64.6,25,LGB+RollingMean SM=0.3/0.5 LC=0.5
LGB,RollingMean,0.3,0.5,0.4,0.6,20.73,21.57,64.1,64.6,24,LGB+RollingMean SM=0.3/0.5 LC=0.6
LGB,RollingMean,0.3,0.5,0.4,0.7,20.88,20.07,63.1,63.0,23,LGB+RollingMean SM=0.3/0.5 LC=0.7
LGB,RollingMean,0.3,0.6,0.45,0.2,20.84,21.42,65.2,65.0,25,LGB+RollingMean SM=0.3/0.6 LC=0.2
LGB,RollingMean,0.3,0.6,0.45,0.3,20.61,22.57,65.5,65.8,25,LGB+RollingMean SM=0.3/0.6 LC=0.3
LGB,RollingMean,0.3,0.6,0.45,0.4,20.49,23.02,64.9,65.0,24,LGB+RollingMean SM=0.3/0.6 LC=0.4
LGB,RollingMean,0.3,0.6,0.45,0.5,20.47,22.62,64.5,64.0,24,LGB+RollingMean SM=0.3/0.6 LC=0.5
LGB,RollingMean,0.3,0.6,0.45,0.6,20.54,21.64,64.2,64.0,23,LGB+RollingMean SM=0.3/0.6 LC=0.6
LGB,RollingMean,0.3,0.6,0.45,0.7,20.7,20.13,63.1,62.3,22,LGB+RollingMean SM=0.3/0.6 LC=0.7
LGB,RollingMean,0.3,0.7,0.5,0.2,20.74,21.35,64.5,63.6,25,LGB+RollingMean SM=0.3/0.7 LC=0.2
LGB,RollingMean,0.3,0.7,0.5,0.3,20.51,22.5,64.9,64.4,25,LGB+RollingMean SM=0.3/0.7 LC=0.3
LGB,RollingMean,0.3,0.7,0.5,0.4,20.4,22.95,64.3,63.6,24,LGB+RollingMean SM=0.3/0.7 LC=0.4
LGB,RollingMean,0.3,0.7,0.5,0.5,20.38,22.55,63.9,62.6,24,LGB+RollingMean SM=0.3/0.7 LC=0.5
LGB,RollingMean,0.3,0.7,0.5,0.6,20.45,21.57,63.5,62.6,23,LGB+RollingMean SM=0.3/0.7 LC=0.6
LGB,RollingMean,0.3,0.7,0.5,0.7,20.61,20.06,62.5,60.9,22,LGB+RollingMean SM=0.3/0.7 LC=0.7
LGB,RollingMean,0.3,0.8,0.55,0.2,20.75,21.12,64.2,63.0,25,LGB+RollingMean SM=0.3/0.8 LC=0.2
LGB,RollingMean,0.3,0.8,0.55,0.3,20.52,22.27,64.6,63.8,25,LGB+RollingMean SM=0.3/0.8 LC=0.3
LGB,RollingMean,0.3,0.8,0.55,0.4,20.41,22.72,64.0,63.0,24,LGB+RollingMean SM=0.3/0.8 LC=0.4
LGB,RollingMean,0.3,0.8,0.55,0.5,20.39,22.32,63.6,61.9,24,LGB+RollingMean SM=0.3/0.8 LC=0.5
LGB,RollingMean,0.3,0.8,0.55,0.6,20.46,21.34,63.2,61.9,23,LGB+RollingMean SM=0.3/0.8 LC=0.6
LGB,RollingMean,0.3,0.8,0.55,0.7,20.62,19.84,62.2,60.3,22,LGB+RollingMean SM=0.3/0.8 LC=0.7
LGB,RollingMean,0.3,0.9,0.6,0.2,20.87,20.75,63.9,63.0,24,LGB+RollingMean SM=0.3/0.9 LC=0.2
LGB,RollingMean,0.3,0.9,0.6,0.3,20.64,21.9,64.3,63.8,24,LGB+RollingMean SM=0.3/0.9 LC=0.3
LGB,RollingMean,0.3,0.9,0.6,0.4,20.52,22.35,63.7,63.0,23,LGB+RollingMean SM=0.3/0.9 LC=0.4
LGB,RollingMean,0.3,0.9,0.6,0.5,20.5,21.95,63.3,61.9,23,LGB+RollingMean SM=0.3/0.9 LC=0.5
LGB,RollingMean,0.3,0.9,0.6,0.6,20.57,20.97,63.0,61.9,22,LGB+RollingMean SM=0.3/0.9 LC=0.6
LGB,RollingMean,0.3,0.9,0.6,0.7,20.73,19.46,61.9,60.3,21,LGB+RollingMean SM=0.3/0.9 LC=0.7
LGB,RollingMean,0.3,1.0,0.65,0.2,21.05,20.28,63.4,61.5,24,LGB+RollingMean SM=0.3/1.0 LC=0.2
LGB,RollingMean,0.3,1.0,0.65,0.3,20.82,21.44,63.7,62.3,24,LGB+RollingMean SM=0.3/1.0 LC=0.3
LGB,RollingMean,0.3,1.0,0.65,0.4,20.7,21.88,63.1,61.5,23,LGB+RollingMean SM=0.3/1.0 LC=0.4
LGB,RollingMean,0.3,1.0,0.65,0.5,20.68,21.49,62.7,60.5,23,LGB+RollingMean SM=0.3/1.0 LC=0.5
LGB,RollingMean,0.3,1.0,0.65,0.6,20.75,20.5,62.4,60.5,22,LGB+RollingMean SM=0.3/1.0 LC=0.6
LGB,RollingMean,0.3,1.0,0.65,0.7,20.91,19.0,61.3,58.8,21,LGB+RollingMean SM=0.3/1.0 LC=0.7
LGB,RollingMean,0.4,0.5,0.45,0.2,21.03,21.36,65.2,65.6,26,LGB+RollingMean SM=0.4/0.5 LC=0.2
LGB,RollingMean,0.4,0.5,0.45,0.3,20.8,22.52,65.5,66.5,26,LGB+RollingMean SM=0.4/0.5 LC=0.3
LGB,RollingMean,0.4,0.5,0.45,0.4,20.68,22.96,64.9,65.6,25,LGB+RollingMean SM=0.4/0.5 LC=0.4
LGB,RollingMean,0.4,0.5,0.45,0.5,20.67,22.57,64.5,64.6,25,LGB+RollingMean SM=0.4/0.5 LC=0.5
LGB,RollingMean,0.4,0.5,0.45,0.6,20.74,21.58,64.2,64.6,24,LGB+RollingMean SM=0.4/0.5 LC=0.6
LGB,RollingMean,0.4,0.5,0.45,0.7,20.89,20.08,63.1,63.0,23,LGB+RollingMean SM=0.4/0.5 LC=0.7
LGB,RollingMean,0.4,0.6,0.5,0.2,20.85,21.42,65.1,65.0,25,LGB+RollingMean SM=0.4/0.6 LC=0.2
LGB,RollingMean,0.4,0.6,0.5,0.3,20.62,22.58,65.5,65.8,25,LGB+RollingMean SM=0.4/0.6 LC=0.3
LGB,RollingMean,0.4,0.6,0.5,0.4,20.5,23.02,64.9,65.0,24,LGB+RollingMean SM=0.4/0.6 LC=0.4
LGB,RollingMean,0.4,0.6,0.5,0.5,20.48,22.63,64.5,64.0,24,LGB+RollingMean SM=0.4/0.6 LC=0.5
LGB,RollingMean,0.4,0.6,0.5,0.6,20.56,21.64,64.1,64.0,23,LGB+RollingMean SM=0.4/0.6 LC=0.6
LGB,RollingMean,0.4,0.6,0.5,0.7,20.71,20.14,63.1,62.3,22,LGB+RollingMean SM=0.4/0.6 LC=0.7
LGB,RollingMean,0.4,0.7,0.55,0.2,20.76,21.35,64.5,63.6,25,LGB+RollingMean SM=0.4/0.7 LC=0.2
LGB,RollingMean,0.4,0.7,0.55,0.3,20.53,22.51,64.9,64.4,25,LGB+RollingMean SM=0.4/0.7 LC=0.3
LGB,RollingMean,0.4,0.7,0.55,0.4,20.41,22.95,64.3,63.6,24,LGB+RollingMean SM=0.4/0.7 LC=0.4
LGB,RollingMean,0.4,0.7,0.55,0.5,20.39,22.56,63.9,62.6,24,LGB+RollingMean SM=0.4/0.7 LC=0.5
LGB,RollingMean,0.4,0.7,0.55,0.6,20.46,21.57,63.6,62.6,23,LGB+RollingMean SM=0.4/0.7 LC=0.6
LGB,RollingMean,0.4,0.7,0.55,0.7,20.62,20.07,62.5,60.9,22,LGB+RollingMean SM=0.4/0.7 LC=0.7
LGB,RollingMean,0.4,0.8,0.6,0.2,20.77,21.12,64.3,63.0,25,LGB+RollingMean SM=0.4/0.8 LC=0.2
LGB,RollingMean,0.4,0.8,0.6,0.3,20.54,22.28,64.6,63.8,25,LGB+RollingMean SM=0.4/0.8 LC=0.3
LGB,RollingMean,0.4,0.8,0.6,0.4,20.42,22.72,64.0,63.0,24,LGB+RollingMean SM=0.4/0.8 LC=0.4
LGB,RollingMean,0.4,0.8,0.6,0.5,20.4,22.33,63.6,61.9,24,LGB+RollingMean SM=0.4/0.8 LC=0.5
LGB,RollingMean,0.4,0.8,0.6,0.6,20.48,21.34,63.3,61.9,23,LGB+RollingMean SM=0.4/0.8 LC=0.6
LGB,RollingMean,0.4,0.8,0.6,0.7,20.63,19.84,62.2,60.3,22,LGB+RollingMean SM=0.4/0.8 LC=0.7
LGB,RollingMean,0.4,0.9,0.65,0.2,20.88,20.75,64.0,63.0,24,LGB+RollingMean SM=0.4/0.9 LC=0.2
LGB,RollingMean,0.4,0.9,0.65,0.3,20.65,21.9,64.4,63.8,24,LGB+RollingMean SM=0.4/0.9 LC=0.3
LGB,RollingMean,0.4,0.9,0.65,0.4,20.54,22.35,63.7,63.0,23,LGB+RollingMean SM=0.4/0.9 LC=0.4
LGB,RollingMean,0.4,0.9,0.65,0.5,20.52,21.95,63.4,61.9,23,LGB+RollingMean SM=0.4/0.9 LC=0.5
LGB,RollingMean,0.4,0.9,0.65,0.6,20.59,20.97,63.0,61.9,22,LGB+RollingMean SM=0.4/0.9 LC=0.6
LGB,RollingMean,0.4,0.9,0.65,0.7,20.75,19.47,62.0,60.3,21,LGB+RollingMean SM=0.4/0.9 LC=0.7
LGB,RollingMean,0.4,1.0,0.7,0.2,21.07,20.28,63.5,61.5,24,LGB+RollingMean SM=0.4/1.0 LC=0.2
LGB,RollingMean,0.4,1.0,0.7,0.3,20.84,21.44,63.9,62.3,24,LGB+RollingMean SM=0.4/1.0 LC=0.3
LGB,RollingMean,0.4,1.0,0.7,0.4,20.72,21.88,63.2,61.5,23,LGB+RollingMean SM=0.4/1.0 LC=0.4
LGB,RollingMean,0.4,1.0,0.7,0.5,20.7,21.48,62.9,60.5,23,LGB+RollingMean SM=0.4/1.0 LC=0.5
LGB,RollingMean,0.4,1.0,0.7,0.6,20.77,20.5,62.5,60.5,22,LGB+RollingMean SM=0.4/1.0 LC=0.6
LGB,RollingMean,0.4,1.0,0.7,0.7,20.93,19.0,61.4,58.8,21,LGB+RollingMean SM=0.4/1.0 LC=0.7
LGB,RollingMean,0.5,0.5,0.5,0.2,21.06,21.33,64.9,65.6,26,LGB+RollingMean SM=0.5/0.5 LC=0.2
LGB,RollingMean,0.5,0.5,0.5,0.3,20.83,22.49,65.3,66.5,26,LGB+RollingMean SM=0.5/0.5 LC=0.3
LGB,RollingMean,0.5,0.5,0.5,0.4,20.71,22.93,64.7,65.6,25,LGB+RollingMean SM=0.5/0.5 LC=0.4
LGB,RollingMean,0.5,0.5,0.5,0.5,20.7,22.54,64.3,64.6,25,LGB+RollingMean SM=0.5/0.5 LC=0.5
LGB,RollingMean,0.5,0.5,0.5,0.6,20.77,21.55,64.0,64.6,24,LGB+RollingMean SM=0.5/0.5 LC=0.6
LGB,RollingMean,0.5,0.5,0.5,0.7,20.92,20.05,62.9,63.0,23,LGB+RollingMean SM=0.5/0.5 LC=0.7
LGB,RollingMean,0.5,0.6,0.55,0.2,20.88,21.39,65.0,65.0,25,LGB+RollingMean SM=0.5/0.6 LC=0.2
LGB,RollingMean,0.5,0.6,0.55,0.3,20.65,22.55,65.4,65.8,25,LGB+RollingMean SM=0.5/0.6 LC=0.3
LGB,RollingMean,0.5,0.6,0.55,0.4,20.53,22.99,64.8,65.0,24,LGB+RollingMean SM=0.5/0.6 LC=0.4
LGB,RollingMean,0.5,0.6,0.55,0.5,20.52,22.6,64.4,64.0,24,LGB+RollingMean SM=0.5/0.6 LC=0.5
LGB,RollingMean,0.5,0.6,0.55,0.6,20.59,21.61,64.0,64.0,23,LGB+RollingMean SM=0.5/0.6 LC=0.6
LGB,RollingMean,0.5,0.6,0.55,0.7,20.74,20.11,63.0,62.3,22,LGB+RollingMean SM=0.5/0.6 LC=0.7
LGB,RollingMean,0.5,0.7,0.6,0.2,20.79,21.32,64.4,63.6,24,LGB+RollingMean SM=0.5/0.7 LC=0.2
LGB,RollingMean,0.5,0.7,0.6,0.3,20.56,22.47,64.8,64.4,24,LGB+RollingMean SM=0.5/0.7 LC=0.3
LGB,RollingMean,0.5,0.7,0.6,0.4,20.44,22.92,64.2,63.6,23,LGB+RollingMean SM=0.5/0.7 LC=0.4
LGB,RollingMean,0.5,0.7,0.6,0.5,20.43,22.52,63.8,62.6,23,LGB+RollingMean SM=0.5/0.7 LC=0.5
LGB,RollingMean,0.5,0.7,0.6,0.6,20.5,21.54,63.5,62.6,22,LGB+RollingMean SM=0.5/0.7 LC=0.6
LGB,RollingMean,0.5,0.7,0.6,0.7,20.65,20.04,62.4,60.9,21,LGB+RollingMean SM=0.5/0.7 LC=0.7
LGB,RollingMean,0.5,0.8,0.65,0.2,20.81,21.08,64.1,63.0,24,LGB+RollingMean SM=0.5/0.8 LC=0.2
LGB,RollingMean,0.5,0.8,0.65,0.3,20.58,22.24,64.5,63.8,24,LGB+RollingMean SM=0.5/0.8 LC=0.3
LGB,RollingMean,0.5,0.8,0.65,0.4,20.46,22.68,63.9,63.0,23,LGB+RollingMean SM=0.5/0.8 LC=0.4
LGB,RollingMean,0.5,0.8,0.65,0.5,20.44,22.29,63.5,61.9,23,LGB+RollingMean SM=0.5/0.8 LC=0.5
LGB,RollingMean,0.5,0.8,0.65,0.6,20.51,21.3,63.2,61.9,22,LGB+RollingMean SM=0.5/0.8 LC=0.6
LGB,RollingMean,0.5,0.8,0.65,0.7,20.67,19.8,62.1,60.3,21,LGB+RollingMean SM=0.5/0.8 LC=0.7
LGB,RollingMean,0.5,0.9,0.7,0.2,20.92,20.71,63.9,63.0,24,LGB+RollingMean SM=0.5/0.9 LC=0.2
LGB,RollingMean,0.5,0.9,0.7,0.3,20.69,21.86,64.3,63.8,24,LGB+RollingMean SM=0.5/0.9 LC=0.3
LGB,RollingMean,0.5,0.9,0.7,0.4,20.57,22.31,63.7,63.0,23,LGB+RollingMean SM=0.5/0.9 LC=0.4
LGB,RollingMean,0.5,0.9,0.7,0.5,20.56,21.91,63.3,61.9,23,LGB+RollingMean SM=0.5/0.9 LC=0.5
LGB,RollingMean,0.5,0.9,0.7,0.6,20.63,20.93,63.0,61.9,22,LGB+RollingMean SM=0.5/0.9 LC=0.6
LGB,RollingMean,0.5,0.9,0.7,0.7,20.78,19.42,61.9,60.3,21,LGB+RollingMean SM=0.5/0.9 LC=0.7
LGB,RollingMean,0.5,1.0,0.75,0.2,21.11,20.24,63.3,61.5,24,LGB+RollingMean SM=0.5/1.0 LC=0.2
LGB,RollingMean,0.5,1.0,0.75,0.3,20.88,21.39,63.7,62.3,24,LGB+RollingMean SM=0.5/1.0 LC=0.3
LGB,RollingMean,0.5,1.0,0.75,0.4,20.76,21.84,63.1,61.5,23,LGB+RollingMean SM=0.5/1.0 LC=0.4
LGB,RollingMean,0.5,1.0,0.75,0.5,20.74,21.44,62.7,60.5,23,LGB+RollingMean SM=0.5/1.0 LC=0.5
LGB,RollingMean,0.5,1.0,0.75,0.6,20.81,20.46,62.3,60.5,22,LGB+RollingMean SM=0.5/1.0 LC=0.6
LGB,RollingMean,0.5,1.0,0.75,0.7,20.97,18.96,61.3,58.8,21,LGB+RollingMean SM=0.5/1.0 LC=0.7
LGB,RollingMean,0.6,0.5,0.55,0.2,21.11,21.26,64.4,65.6,26,LGB+RollingMean SM=0.6/0.5 LC=0.2
LGB,RollingMean,0.6,0.5,0.55,0.3,20.88,22.42,64.8,66.5,26,LGB+RollingMean SM=0.6/0.5 LC=0.3
LGB,RollingMean,0.6,0.5,0.55,0.4,20.77,22.86,64.2,65.6,25,LGB+RollingMean SM=0.6/0.5 LC=0.4
LGB,RollingMean,0.6,0.5,0.55,0.5,20.75,22.47,63.8,64.6,25,LGB+RollingMean SM=0.6/0.5 LC=0.5
LGB,RollingMean,0.6,0.5,0.55,0.6,20.82,21.48,63.5,64.6,24,LGB+RollingMean SM=0.6/0.5 LC=0.6
LGB,RollingMean,0.6,0.5,0.55,0.7,20.98,19.98,62.4,63.0,23,LGB+RollingMean SM=0.6/0.5 LC=0.7
LGB,RollingMean,0.6,0.6,0.6,0.2,20.94,21.32,64.5,65.0,25,LGB+RollingMean SM=0.6/0.6 LC=0.2
LGB,RollingMean,0.6,0.6,0.6,0.3,20.71,22.48,64.9,65.8,25,LGB+RollingMean SM=0.6/0.6 LC=0.3
LGB,RollingMean,0.6,0.6,0.6,0.4,20.59,22.92,64.3,65.0,24,LGB+RollingMean SM=0.6/0.6 LC=0.4
LGB,RollingMean,0.6,0.6,0.6,0.5,20.57,22.53,63.9,64.0,24,LGB+RollingMean SM=0.6/0.6 LC=0.5
LGB,RollingMean,0.6,0.6,0.6,0.6,20.64,21.54,63.5,64.0,23,LGB+RollingMean SM=0.6/0.6 LC=0.6
LGB,RollingMean,0.6,0.6,0.6,0.7,20.8,20.04,62.5,62.3,22,LGB+RollingMean SM=0.6/0.6 LC=0.7
LGB,RollingMean,0.6,0.7,0.65,0.2,20.85,21.24,63.9,63.6,24,LGB+RollingMean SM=0.6/0.7 LC=0.2
LGB,RollingMean,0.6,0.7,0.65,0.3,20.62,22.4,64.3,64.4,24,LGB+RollingMean SM=0.6/0.7 LC=0.3
LGB,RollingMean,0.6,0.7,0.65,0.4,20.5,22.84,63.7,63.6,23,LGB+RollingMean SM=0.6/0.7 LC=0.4
LGB,RollingMean,0.6,0.7,0.65,0.5,20.48,22.45,63.3,62.6,23,LGB+RollingMean SM=0.6/0.7 LC=0.5
LGB,RollingMean,0.6,0.7,0.65,0.6,20.55,21.46,63.0,62.6,22,LGB+RollingMean SM=0.6/0.7 LC=0.6
LGB,RollingMean,0.6,0.7,0.65,0.7,20.71,19.96,61.9,60.9,21,LGB+RollingMean SM=0.6/0.7 LC=0.7
LGB,RollingMean,0.6,0.8,0.7,0.2,20.86,21.01,63.7,63.0,24,LGB+RollingMean SM=0.6/0.8 LC=0.2
LGB,RollingMean,0.6,0.8,0.7,0.3,20.63,22.16,64.1,63.8,24,LGB+RollingMean SM=0.6/0.8 LC=0.3
LGB,RollingMean,0.6,0.8,0.7,0.4,20.52,22.61,63.5,63.0,23,LGB+RollingMean SM=0.6/0.8 LC=0.4
LGB,RollingMean,0.6,0.8,0.7,0.5,20.5,22.21,63.1,61.9,23,LGB+RollingMean SM=0.6/0.8 LC=0.5
LGB,RollingMean,0.6,0.8,0.7,0.6,20.57,21.23,62.7,61.9,22,LGB+RollingMean SM=0.6/0.8 LC=0.6
LGB,RollingMean,0.6,0.8,0.7,0.7,20.73,19.72,61.7,60.3,21,LGB+RollingMean SM=0.6/0.8 LC=0.7
LGB,RollingMean,0.6,0.9,0.75,0.2,20.98,20.63,63.4,63.0,24,LGB+RollingMean SM=0.6/0.9 LC=0.2
LGB,RollingMean,0.6,0.9,0.75,0.3,20.75,21.79,63.7,63.8,24,LGB+RollingMean SM=0.6/0.9 LC=0.3
LGB,RollingMean,0.6,0.9,0.75,0.4,20.63,22.23,63.1,63.0,23,LGB+RollingMean SM=0.6/0.9 LC=0.4
LGB,RollingMean,0.6,0.9,0.75,0.5,20.62,21.83,62.7,61.9,23,LGB+RollingMean SM=0.6/0.9 LC=0.5
LGB,RollingMean,0.6,0.9,0.75,0.6,20.69,20.85,62.4,61.9,22,LGB+RollingMean SM=0.6/0.9 LC=0.6
LGB,RollingMean,0.6,0.9,0.75,0.7,20.84,19.35,61.3,60.3,21,LGB+RollingMean SM=0.6/0.9 LC=0.7
LGB,RollingMean,0.6,1.0,0.8,0.2,21.17,20.15,62.7,61.5,24,LGB+RollingMean SM=0.6/1.0 LC=0.2
LGB,RollingMean,0.6,1.0,0.8,0.3,20.94,21.31,63.1,62.3,24,LGB+RollingMean SM=0.6/1.0 LC=0.3
LGB,RollingMean,0.6,1.0,0.8,0.4,20.82,21.75,62.5,61.5,23,LGB+RollingMean SM=0.6/1.0 LC=0.4
LGB,RollingMean,0.6,1.0,0.8,0.5,20.8,21.36,62.1,60.5,23,LGB+RollingMean SM=0.6/1.0 LC=0.5
LGB,RollingMean,0.6,1.0,0.8,0.6,20.88,20.37,61.8,60.5,22,LGB+RollingMean SM=0.6/1.0 LC=0.6
LGB,RollingMean,0.6,1.0,0.8,0.7,21.03,18.87,60.7,58.8,21,LGB+RollingMean SM=0.6/1.0 LC=0.7
LGB,RollingMean,0.7,0.5,0.6,0.2,21.19,21.16,64.1,65.6,25,LGB+RollingMean SM=0.7/0.5 LC=0.2
LGB,RollingMean,0.7,0.5,0.6,0.3,20.96,22.31,64.5,66.5,25,LGB+RollingMean SM=0.7/0.5 LC=0.3
LGB,RollingMean,0.7,0.5,0.6,0.4,20.84,22.76,63.9,65.6,24,LGB+RollingMean SM=0.7/0.5 LC=0.4
LGB,RollingMean,0.7,0.5,0.6,0.5,20.82,22.36,63.5,64.6,24,LGB+RollingMean SM=0.7/0.5 LC=0.5
LGB,RollingMean,0.7,0.5,0.6,0.6,20.89,21.38,63.1,64.6,23,LGB+RollingMean SM=0.7/0.5 LC=0.6
LGB,RollingMean,0.7,0.5,0.6,0.7,21.05,19.88,62.1,63.0,22,LGB+RollingMean SM=0.7/0.5 LC=0.7
LGB,RollingMean,0.7,0.6,0.65,0.2,21.01,21.21,64.1,65.0,24,LGB+RollingMean SM=0.7/0.6 LC=0.2
LGB,RollingMean,0.7,0.6,0.65,0.3,20.78,22.37,64.5,65.8,24,LGB+RollingMean SM=0.7/0.6 LC=0.3
LGB,RollingMean,0.7,0.6,0.65,0.4,20.66,22.81,63.9,65.0,23,LGB+RollingMean SM=0.7/0.6 LC=0.4
LGB,RollingMean,0.7,0.6,0.65,0.5,20.64,22.42,63.5,64.0,23,LGB+RollingMean SM=0.7/0.6 LC=0.5
LGB,RollingMean,0.7,0.6,0.65,0.6,20.72,21.43,63.2,64.0,22,LGB+RollingMean SM=0.7/0.6 LC=0.6
LGB,RollingMean,0.7,0.6,0.65,0.7,20.87,19.93,62.1,62.3,21,LGB+RollingMean SM=0.7/0.6 LC=0.7
LGB,RollingMean,0.7,0.7,0.7,0.2,20.92,21.13,63.6,63.6,24,LGB+RollingMean SM=0.7/0.7 LC=0.2
LGB,RollingMean,0.7,0.7,0.7,0.3,20.69,22.29,64.0,64.4,24,LGB+RollingMean SM=0.7/0.7 LC=0.3
LGB,RollingMean,0.7,0.7,0.7,0.4,20.58,22.73,63.4,63.6,23,LGB+RollingMean SM=0.7/0.7 LC=0.4
LGB,RollingMean,0.7,0.7,0.7,0.5,20.56,22.34,63.0,62.6,23,LGB+RollingMean SM=0.7/0.7 LC=0.5
LGB,RollingMean,0.7,0.7,0.7,0.6,20.63,21.35,62.7,62.6,22,LGB+RollingMean SM=0.7/0.7 LC=0.6
LGB,RollingMean,0.7,0.7,0.7,0.7,20.79,19.85,61.6,60.9,21,LGB+RollingMean SM=0.7/0.7 LC=0.7
LGB,RollingMean,0.7,0.8,0.75,0.2,20.94,20.89,63.3,63.0,24,LGB+RollingMean SM=0.7/0.8 LC=0.2
LGB,RollingMean,0.7,0.8,0.75,0.3,20.71,22.05,63.7,63.8,24,LGB+RollingMean SM=0.7/0.8 LC=0.3
LGB,RollingMean,0.7,0.8,0.75,0.4,20.59,22.49,63.1,63.0,23,LGB+RollingMean SM=0.7/0.8 LC=0.4
LGB,RollingMean,0.7,0.8,0.75,0.5,20.58,22.1,62.7,61.9,23,LGB+RollingMean SM=0.7/0.8 LC=0.5
LGB,RollingMean,0.7,0.8,0.75,0.6,20.65,21.11,62.3,61.9,22,LGB+RollingMean SM=0.7/0.8 LC=0.6
LGB,RollingMean,0.7,0.8,0.75,0.7,20.8,19.61,61.3,60.3,21,LGB+RollingMean SM=0.7/0.8 LC=0.7
LGB,RollingMean,0.7,0.9,0.8,0.2,21.06,20.51,63.0,63.0,24,LGB+RollingMean SM=0.7/0.9 LC=0.2
LGB,RollingMean,0.7,0.9,0.8,0.3,20.83,21.67,63.4,63.8,24,LGB+RollingMean SM=0.7/0.9 LC=0.3
LGB,RollingMean,0.7,0.9,0.8,0.4,20.71,22.11,62.7,63.0,23,LGB+RollingMean SM=0.7/0.9 LC=0.4
LGB,RollingMean,0.7,0.9,0.8,0.5,20.7,21.71,62.3,61.9,23,LGB+RollingMean SM=0.7/0.9 LC=0.5
LGB,RollingMean,0.7,0.9,0.8,0.6,20.77,20.73,62.0,61.9,22,LGB+RollingMean SM=0.7/0.9 LC=0.6
LGB,RollingMean,0.7,0.9,0.8,0.7,20.92,19.23,60.9,60.3,21,LGB+RollingMean SM=0.7/0.9 LC=0.7
LGB,RollingMean,0.7,1.0,0.85,0.2,21.25,20.03,62.4,61.5,24,LGB+RollingMean SM=0.7/1.0 LC=0.2
LGB,RollingMean,0.7,1.0,0.85,0.3,21.02,21.19,62.8,62.3,24,LGB+RollingMean SM=0.7/1.0 LC=0.3
LGB,RollingMean,0.7,1.0,0.85,0.4,20.9,21.63,62.2,61.5,23,LGB+RollingMean SM=0.7/1.0 LC=0.4
LGB,RollingMean,0.7,1.0,0.85,0.5,20.88,21.24,61.8,60.5,23,LGB+RollingMean SM=0.7/1.0 LC=0.5
LGB,RollingMean,0.7,1.0,0.85,0.6,20.96,20.26,61.4,60.5,22,LGB+RollingMean SM=0.7/1.0 LC=0.6
LGB,RollingMean,0.7,1.0,0.85,0.7,21.11,18.75,60.4,58.8,21,LGB+RollingMean SM=0.7/1.0 LC=0.7
RF,ARIMA,0.3,0.5,0.4,0.2,21.02,21.22,62.7,64.0,24,RF+ARIMA SM=0.3/0.5 LC=0.2
RF,ARIMA,0.3,0.5,0.4,0.3,20.87,22.11,62.8,63.8,24,RF+ARIMA SM=0.3/0.5 LC=0.3
RF,ARIMA,0.3,0.5,0.4,0.4,20.79,22.59,62.7,63.2,24,RF+ARIMA SM=0.3/0.5 LC=0.4
RF,ARIMA,0.3,0.5,0.4,0.5,20.77,22.61,62.3,63.4,24,RF+ARIMA SM=0.3/0.5 LC=0.5
RF,ARIMA,0.3,0.5,0.4,0.6,20.8,22.25,61.9,63.0,23,RF+ARIMA SM=0.3/0.5 LC=0.6
RF,ARIMA,0.3,0.5,0.4,0.7,20.87,21.52,61.4,63.4,23,RF+ARIMA SM=0.3/0.5 LC=0.7
RF,ARIMA,0.3,0.6,0.45,0.2,20.82,21.32,62.8,64.4,24,RF+ARIMA SM=0.3/0.6 LC=0.2
RF,ARIMA,0.3,0.6,0.45,0.3,20.67,22.21,62.9,64.2,24,RF+ARIMA SM=0.3/0.6 LC=0.3
RF,ARIMA,0.3,0.6,0.45,0.4,20.59,22.69,62.7,63.6,24,RF+ARIMA SM=0.3/0.6 LC=0.4
RF,ARIMA,0.3,0.6,0.45,0.5,20.57,22.71,62.4,63.8,24,RF+ARIMA SM=0.3/0.6 LC=0.5
RF,ARIMA,0.3,0.6,0.45,0.6,20.6,22.35,62.0,63.4,23,RF+ARIMA SM=0.3/0.6 LC=0.6
RF,ARIMA,0.3,0.6,0.45,0.7,20.67,21.62,61.4,63.8,23,RF+ARIMA SM=0.3/0.6 LC=0.7
RF,ARIMA,0.3,0.7,0.5,0.2,20.67,21.35,63.0,64.8,24,RF+ARIMA SM=0.3/0.7 LC=0.2
RF,ARIMA,0.3,0.7,0.5,0.3,20.52,22.24,63.0,64.6,24,RF+ARIMA SM=0.3/0.7 LC=0.3
RF,ARIMA,0.3,0.7,0.5,0.4,20.44,22.73,62.9,64.0,24,RF+ARIMA SM=0.3/0.7 LC=0.4
RF,ARIMA,0.3,0.7,0.5,0.5,20.42,22.75,62.6,64.2,24,RF+ARIMA SM=0.3/0.7 LC=0.5
RF,ARIMA,0.3,0.7,0.5,0.6,20.45,22.39,62.1,63.8,23,RF+ARIMA SM=0.3/0.7 LC=0.6
RF,ARIMA,0.3,0.7,0.5,0.7,20.53,21.65,61.6,64.2,23,RF+ARIMA SM=0.3/0.7 LC=0.7
RF,ARIMA,0.3,0.8,0.55,0.2,20.58,21.27,62.9,64.4,24,RF+ARIMA SM=0.3/0.8 LC=0.2
RF,ARIMA,0.3,0.8,0.55,0.3,20.44,22.16,63.0,64.2,24,RF+ARIMA SM=0.3/0.8 LC=0.3
RF,ARIMA,0.3,0.8,0.55,0.4,20.36,22.65,62.9,63.6,24,RF+ARIMA SM=0.3/0.8 LC=0.4
RF,ARIMA,0.3,0.8,0.55,0.5,20.34,22.67,62.5,63.8,24,RF+ARIMA SM=0.3/0.8 LC=0.5
RF,ARIMA,0.3,0.8,0.55,0.6,20.37,22.31,62.1,63.4,23,RF+ARIMA SM=0.3/0.8 LC=0.6
RF,ARIMA,0.3,0.8,0.55,0.7,20.44,21.57,61.6,63.8,23,RF+ARIMA SM=0.3/0.8 LC=0.7
RF,ARIMA,0.3,0.9,0.6,0.2,20.53,21.11,62.9,63.6,23,RF+ARIMA SM=0.3/0.9 LC=0.2
RF,ARIMA,0.3,0.9,0.6,0.3,20.38,22.01,62.9,63.4,23,RF+ARIMA SM=0.3/0.9 LC=0.3
RF,ARIMA,0.3,0.9,0.6,0.4,20.3,22.49,62.8,62.8,23,RF+ARIMA SM=0.3/0.9 LC=0.4
RF,ARIMA,0.3,0.9,0.6,0.5,20.28,22.51,62.5,63.0,23,RF+ARIMA SM=0.3/0.9 LC=0.5
RF,ARIMA,0.3,0.9,0.6,0.6,20.31,22.15,62.0,62.6,22,RF+ARIMA SM=0.3/0.9 LC=0.6
RF,ARIMA,0.3,0.9,0.6,0.7,20.39,21.42,61.5,63.0,22,RF+ARIMA SM=0.3/0.9 LC=0.7
RF,ARIMA,0.3,1.0,0.65,0.2,20.53,20.89,62.6,63.0,23,RF+ARIMA SM=0.3/1.0 LC=0.2
RF,ARIMA,0.3,1.0,0.65,0.3,20.39,21.79,62.7,62.8,23,RF+ARIMA SM=0.3/1.0 LC=0.3
RF,ARIMA,0.3,1.0,0.65,0.4,20.31,22.27,62.6,62.1,23,RF+ARIMA SM=0.3/1.0 LC=0.4
RF,ARIMA,0.3,1.0,0.65,0.5,20.29,22.29,62.2,62.3,23,RF+ARIMA SM=0.3/1.0 LC=0.5
RF,ARIMA,0.3,1.0,0.65,0.6,20.32,21.93,61.8,61.9,22,RF+ARIMA SM=0.3/1.0 LC=0.6
RF,ARIMA,0.3,1.0,0.65,0.7,20.39,21.2,61.3,62.3,22,RF+ARIMA SM=0.3/1.0 LC=0.7
RF,ARIMA,0.4,0.5,0.45,0.2,21.05,21.19,62.9,64.0,24,RF+ARIMA SM=0.4/0.5 LC=0.2
RF,ARIMA,0.4,0.5,0.45,0.3,20.9,22.08,63.0,63.8,24,RF+ARIMA SM=0.4/0.5 LC=0.3
RF,ARIMA,0.4,0.5,0.45,0.4,20.82,22.57,62.9,63.2,24,RF+ARIMA SM=0.4/0.5 LC=0.4
RF,ARIMA,0.4,0.5,0.45,0.5,20.8,22.59,62.5,63.4,24,RF+ARIMA SM=0.4/0.5 LC=0.5
RF,ARIMA,0.4,0.5,0.45,0.6,20.83,22.23,62.1,63.0,23,RF+ARIMA SM=0.4/0.5 LC=0.6
RF,ARIMA,0.4,0.5,0.45,0.7,20.9,21.5,61.6,63.4,23,RF+ARIMA SM=0.4/0.5 LC=0.7
RF,ARIMA,0.4,0.6,0.5,0.2,20.85,21.29,62.9,64.4,24,RF+ARIMA SM=0.4/0.6 LC=0.2
RF,ARIMA,0.4,0.6,0.5,0.3,20.7,22.18,62.9,64.2,24,RF+ARIMA SM=0.4/0.6 LC=0.3
RF,ARIMA,0.4,0.6,0.5,0.4,20.62,22.67,62.8,63.6,24,RF+ARIMA SM=0.4/0.6 LC=0.4
RF,ARIMA,0.4,0.6,0.5,0.5,20.6,22.69,62.5,63.8,24,RF+ARIMA SM=0.4/0.6 LC=0.5
RF,ARIMA,0.4,0.6,0.5,0.6,20.63,22.33,62.0,63.4,23,RF+ARIMA SM=0.4/0.6 LC=0.6
RF,ARIMA,0.4,0.6,0.5,0.7,20.71,21.6,61.5,63.8,23,RF+ARIMA SM=0.4/0.6 LC=0.7
RF,ARIMA,0.4,0.7,0.55,0.2,20.7,21.32,63.1,64.8,24,RF+ARIMA SM=0.4/0.7 LC=0.2
RF,ARIMA,0.4,0.7,0.55,0.3,20.56,22.21,63.1,64.6,24,RF+ARIMA SM=0.4/0.7 LC=0.3
RF,ARIMA,0.4,0.7,0.55,0.4,20.47,22.7,63.0,64.0,24,RF+ARIMA SM=0.4/0.7 LC=0.4
RF,ARIMA,0.4,0.7,0.55,0.5,20.46,22.72,62.7,64.2,24,RF+ARIMA SM=0.4/0.7 LC=0.5
RF,ARIMA,0.4,0.7,0.55,0.6,20.48,22.36,62.2,63.8,23,RF+ARIMA SM=0.4/0.7 LC=0.6
RF,ARIMA,0.4,0.7,0.55,0.7,20.56,21.63,61.7,64.2,23,RF+ARIMA SM=0.4/0.7 LC=0.7
RF,ARIMA,0.4,0.8,0.6,0.2,20.62,21.24,63.0,64.4,24,RF+ARIMA SM=0.4/0.8 LC=0.2
RF,ARIMA,0.4,0.8,0.6,0.3,20.47,22.13,63.1,64.2,24,RF+ARIMA SM=0.4/0.8 LC=0.3
RF,ARIMA,0.4,0.8,0.6,0.4,20.39,22.62,63.0,63.6,24,RF+ARIMA SM=0.4/0.8 LC=0.4
RF,ARIMA,0.4,0.8,0.6,0.5,20.37,22.64,62.6,63.8,24,RF+ARIMA SM=0.4/0.8 LC=0.5
RF,ARIMA,0.4,0.8,0.6,0.6,20.4,22.28,62.2,63.4,23,RF+ARIMA SM=0.4/0.8 LC=0.6
RF,ARIMA,0.4,0.8,0.6,0.7,20.47,21.55,61.7,63.8,23,RF+ARIMA SM=0.4/0.8 LC=0.7
RF,ARIMA,0.4,0.9,0.65,0.2,20.56,21.08,63.0,63.6,24,RF+ARIMA SM=0.4/0.9 LC=0.2
RF,ARIMA,0.4,0.9,0.65,0.3,20.42,21.98,63.0,63.4,24,RF+ARIMA SM=0.4/0.9 LC=0.3
RF,ARIMA,0.4,0.9,0.65,0.4,20.34,22.46,62.9,62.8,24,RF+ARIMA SM=0.4/0.9 LC=0.4
RF,ARIMA,0.4,0.9,0.65,0.5,20.32,22.48,62.6,63.0,24,RF+ARIMA SM=0.4/0.9 LC=0.5
RF,ARIMA,0.4,0.9,0.65,0.6,20.34,22.12,62.1,62.6,23,RF+ARIMA SM=0.4/0.9 LC=0.6
RF,ARIMA,0.4,0.9,0.65,0.7,20.42,21.39,61.6,63.0,23,RF+ARIMA SM=0.4/0.9 LC=0.7
RF,ARIMA,0.4,1.0,0.7,0.2,20.57,20.86,62.7,63.0,24,RF+ARIMA SM=0.4/1.0 LC=0.2
RF,ARIMA,0.4,1.0,0.7,0.3,20.42,21.76,62.8,62.8,24,RF+ARIMA SM=0.4/1.0 LC=0.3
RF,ARIMA,0.4,1.0,0.7,0.4,20.34,22.24,62.7,62.1,24,RF+ARIMA SM=0.4/1.0 LC=0.4
RF,ARIMA,0.4,1.0,0.7,0.5,20.32,22.26,62.3,62.3,24,RF+ARIMA SM=0.4/1.0 LC=0.5
RF,ARIMA,0.4,1.0,0.7,0.6,20.35,21.9,61.9,61.9,23,RF+ARIMA SM=0.4/1.0 LC=0.6
RF,ARIMA,0.4,1.0,0.7,0.7,20.43,21.17,61.4,62.3,23,RF+ARIMA SM=0.4/1.0 LC=0.7
RF,ARIMA,0.5,0.5,0.5,0.2,21.09,21.15,62.7,64.0,24,RF+ARIMA SM=0.5/0.5 LC=0.2
RF,ARIMA,0.5,0.5,0.5,0.3,20.94,22.04,62.7,63.8,24,RF+ARIMA SM=0.5/0.5 LC=0.3
RF,ARIMA,0.5,0.5,0.5,0.4,20.86,22.53,62.6,63.2,24,RF+ARIMA SM=0.5/0.5 LC=0.4
RF,ARIMA,0.5,0.5,0.5,0.5,20.84,22.55,62.3,63.4,24,RF+ARIMA SM=0.5/0.5 LC=0.5
RF,ARIMA,0.5,0.5,0.5,0.6,20.87,22.19,61.8,63.0,23,RF+ARIMA SM=0.5/0.5 LC=0.6
RF,ARIMA,0.5,0.5,0.5,0.7,20.94,21.46,61.3,63.4,23,RF+ARIMA SM=0.5/0.5 LC=0.7
RF,ARIMA,0.5,0.6,0.55,0.2,20.89,21.25,62.7,64.4,24,RF+ARIMA SM=0.5/0.6 LC=0.2
RF,ARIMA,0.5,0.6,0.55,0.3,20.75,22.14,62.7,64.2,24,RF+ARIMA SM=0.5/0.6 LC=0.3
RF,ARIMA,0.5,0.6,0.55,0.4,20.66,22.63,62.6,63.6,24,RF+ARIMA SM=0.5/0.6 LC=0.4
RF,ARIMA,0.5,0.6,0.55,0.5,20.64,22.65,62.3,63.8,24,RF+ARIMA SM=0.5/0.6 LC=0.5
RF,ARIMA,0.5,0.6,0.55,0.6,20.67,22.29,61.8,63.4,23,RF+ARIMA SM=0.5/0.6 LC=0.6
RF,ARIMA,0.5,0.6,0.55,0.7,20.75,21.55,61.3,63.8,23,RF+ARIMA SM=0.5/0.6 LC=0.7
RF,ARIMA,0.5,0.7,0.6,0.2,20.74,21.28,62.9,64.8,24,RF+ARIMA SM=0.5/0.7 LC=0.2
RF,ARIMA,0.5,0.7,0.6,0.3,20.6,22.17,63.0,64.6,24,RF+ARIMA SM=0.5/0.7 LC=0.3
RF,ARIMA,0.5,0.7,0.6,0.4,20.52,22.66,62.9,64.0,24,RF+ARIMA SM=0.5/0.7 LC=0.4
RF,ARIMA,0.5,0.7,0.6,0.5,20.5,22.68,62.5,64.2,24,RF+ARIMA SM=0.5/0.7 LC=0.5
RF,ARIMA,0.5,0.7,0.6,0.6,20.52,22.32,62.1,63.8,23,RF+ARIMA SM=0.5/0.7 LC=0.6
RF,ARIMA,0.5,0.7,0.6,0.7,20.6,21.59,61.6,64.2,23,RF+ARIMA SM=0.5/0.7 LC=0.7
RF,ARIMA,0.5,0.8,0.65,0.2,20.66,21.2,62.9,64.4,24,RF+ARIMA SM=0.5/0.8 LC=0.2
RF,ARIMA,0.5,0.8,0.65,0.3,20.51,22.09,62.9,64.2,24,RF+ARIMA SM=0.5/0.8 LC=0.3
RF,ARIMA,0.5,0.8,0.65,0.4,20.43,22.58,62.8,63.6,24,RF+ARIMA SM=0.5/0.8 LC=0.4
RF,ARIMA,0.5,0.8,0.65,0.5,20.41,22.6,62.5,63.8,24,RF+ARIMA SM=0.5/0.8 LC=0.5
RF,ARIMA,0.5,0.8,0.65,0.6,20.44,22.24,62.0,63.4,23,RF+ARIMA SM=0.5/0.8 LC=0.6
RF,ARIMA,0.5,0.8,0.65,0.7,20.52,21.51,61.5,63.8,23,RF+ARIMA SM=0.5/0.8 LC=0.7
RF,ARIMA,0.5,0.9,0.7,0.2,20.6,21.04,62.8,63.6,23,RF+ARIMA SM=0.5/0.9 LC=0.2
RF,ARIMA,0.5,0.9,0.7,0.3,20.46,21.94,62.9,63.4,23,RF+ARIMA SM=0.5/0.9 LC=0.3
RF,ARIMA,0.5,0.9,0.7,0.4,20.38,22.42,62.7,62.8,23,RF+ARIMA SM=0.5/0.9 LC=0.4
RF,ARIMA,0.5,0.9,0.7,0.5,20.36,22.44,62.4,63.0,23,RF+ARIMA SM=0.5/0.9 LC=0.5
RF,ARIMA,0.5,0.9,0.7,0.6,20.39,22.08,62.0,62.6,22,RF+ARIMA SM=0.5/0.9 LC=0.6
RF,ARIMA,0.5,0.9,0.7,0.7,20.46,21.35,61.4,63.0,22,RF+ARIMA SM=0.5/0.9 LC=0.7
RF,ARIMA,0.5,1.0,0.75,0.2,20.61,20.82,62.6,63.0,23,RF+ARIMA SM=0.5/1.0 LC=0.2
RF,ARIMA,0.5,1.0,0.75,0.3,20.47,21.72,62.6,62.8,23,RF+ARIMA SM=0.5/1.0 LC=0.3
RF,ARIMA,0.5,1.0,0.75,0.4,20.38,22.2,62.5,62.1,23,RF+ARIMA SM=0.5/1.0 LC=0.4
RF,ARIMA,0.5,1.0,0.75,0.5,20.37,22.22,62.2,62.3,23,RF+ARIMA SM=0.5/1.0 LC=0.5
RF,ARIMA,0.5,1.0,0.75,0.6,20.39,21.86,61.7,61.9,22,RF+ARIMA SM=0.5/1.0 LC=0.6
RF,ARIMA,0.5,1.0,0.75,0.7,20.47,21.13,61.2,62.3,22,RF+ARIMA SM=0.5/1.0 LC=0.7
RF,ARIMA,0.6,0.5,0.55,0.2,21.13,21.1,62.4,64.0,24,RF+ARIMA SM=0.6/0.5 LC=0.2
RF,ARIMA,0.6,0.5,0.55,0.3,20.99,21.99,62.5,63.8,24,RF+ARIMA SM=0.6/0.5 LC=0.3
RF,ARIMA,0.6,0.5,0.55,0.4,20.91,22.48,62.3,63.2,24,RF+ARIMA SM=0.6/0.5 LC=0.4
RF,ARIMA,0.6,0.5,0.55,0.5,20.89,22.5,62.0,63.4,24,RF+ARIMA SM=0.6/0.5 LC=0.5
RF,ARIMA,0.6,0.5,0.55,0.6,20.91,22.14,61.6,63.0,23,RF+ARIMA SM=0.6/0.5 LC=0.6
RF,ARIMA,0.6,0.5,0.55,0.7,20.99,21.41,61.1,63.4,23,RF+ARIMA SM=0.6/0.5 LC=0.7
RF,ARIMA,0.6,0.6,0.6,0.2,20.94,21.2,62.4,64.4,24,RF+ARIMA SM=0.6/0.6 LC=0.2
RF,ARIMA,0.6,0.6,0.6,0.3,20.79,22.09,62.5,64.2,24,RF+ARIMA SM=0.6/0.6 LC=0.3
RF,ARIMA,0.6,0.6,0.6,0.4,20.71,22.57,62.3,63.6,24,RF+ARIMA SM=0.6/0.6 LC=0.4
RF,ARIMA,0.6,0.6,0.6,0.5,20.69,22.59,62.0,63.8,24,RF+ARIMA SM=0.6/0.6 LC=0.5
RF,ARIMA,0.6,0.6,0.6,0.6,20.72,22.23,61.6,63.4,23,RF+ARIMA SM=0.6/0.6 LC=0.6
RF,ARIMA,0.6,0.6,0.6,0.7,20.79,21.5,61.1,63.8,23,RF+ARIMA SM=0.6/0.6 LC=0.7
RF,ARIMA,0.6,0.7,0.65,0.2,20.79,21.23,62.6,64.8,24,RF+ARIMA SM=0.6/0.7 LC=0.2
RF,ARIMA,0.6,0.7,0.65,0.3,20.64,22.12,62.7,64.6,24,RF+ARIMA SM=0.6/0.7 LC=0.3
RF,ARIMA,0.6,0.7,0.65,0.4,20.56,22.6,62.6,64.0,24,RF+ARIMA SM=0.6/0.7 LC=0.4
RF,ARIMA,0.6,0.7,0.65,0.5,20.54,22.63,62.2,64.2,24,RF+ARIMA SM=0.6/0.7 LC=0.5
RF,ARIMA,0.6,0.7,0.65,0.6,20.57,22.26,61.8,63.8,23,RF+ARIMA SM=0.6/0.7 LC=0.6
RF,ARIMA,0.6,0.7,0.65,0.7,20.65,21.53,61.3,64.2,23,RF+ARIMA SM=0.6/0.7 LC=0.7
RF,ARIMA,0.6,0.8,0.7,0.2,20.71,21.14,62.6,64.4,23,RF+ARIMA SM=0.6/0.8 LC=0.2
RF,ARIMA,0.6,0.8,0.7,0.3,20.56,22.04,62.6,64.2,23,RF+ARIMA SM=0.6/0.8 LC=0.3
RF,ARIMA,0.6,0.8,0.7,0.4,20.48,22.52,62.5,63.6,23,RF+ARIMA SM=0.6/0.8 LC=0.4
RF,ARIMA,0.6,0.8,0.7,0.5,20.46,22.54,62.2,63.8,23,RF+ARIMA SM=0.6/0.8 LC=0.5
RF,ARIMA,0.6,0.8,0.7,0.6,20.49,22.18,61.7,63.4,22,RF+ARIMA SM=0.6/0.8 LC=0.6
RF,ARIMA,0.6,0.8,0.7,0.7,20.56,21.45,61.2,63.8,22,RF+ARIMA SM=0.6/0.8 LC=0.7
RF,ARIMA,0.6,0.9,0.75,0.2,20.65,20.99,62.5,63.6,23,RF+ARIMA SM=0.6/0.9 LC=0.2
RF,ARIMA,0.6,0.9,0.75,0.3,20.51,21.88,62.6,63.4,23,RF+ARIMA SM=0.6/0.9 LC=0.3
RF,ARIMA,0.6,0.9,0.75,0.4,20.43,22.37,62.5,62.8,23,RF+ARIMA SM=0.6/0.9 LC=0.4
RF,ARIMA,0.6,0.9,0.75,0.5,20.41,22.39,62.1,63.0,23,RF+ARIMA SM=0.6/0.9 LC=0.5
RF,ARIMA,0.6,0.9,0.75,0.6,20.43,22.03,61.7,62.6,22,RF+ARIMA SM=0.6/0.9 LC=0.6
RF,ARIMA,0.6,0.9,0.75,0.7,20.51,21.3,61.2,63.0,22,RF+ARIMA SM=0.6/0.9 LC=0.7
RF,ARIMA,0.6,1.0,0.8,0.2,20.66,20.77,62.3,63.0,23,RF+ARIMA SM=0.6/1.0 LC=0.2
RF,ARIMA,0.6,1.0,0.8,0.3,20.52,21.66,62.3,62.8,23,RF+ARIMA SM=0.6/1.0 LC=0.3
RF,ARIMA,0.6,1.0,0.8,0.4,20.43,22.15,62.2,62.1,23,RF+ARIMA SM=0.6/1.0 LC=0.4
RF,ARIMA,0.6,1.0,0.8,0.5,20.41,22.17,61.9,62.3,23,RF+ARIMA SM=0.6/1.0 LC=0.5
RF,ARIMA,0.6,1.0,0.8,0.6,20.44,21.81,61.4,61.9,22,RF+ARIMA SM=0.6/1.0 LC=0.6
RF,ARIMA,0.6,1.0,0.8,0.7,20.52,21.07,60.9,62.3,22,RF+ARIMA SM=0.6/1.0 LC=0.7
RF,ARIMA,0.7,0.5,0.6,0.2,21.19,21.03,62.0,64.0,23,RF+ARIMA SM=0.7/0.5 LC=0.2
RF,ARIMA,0.7,0.5,0.6,0.3,21.04,21.92,62.0,63.8,23,RF+ARIMA SM=0.7/0.5 LC=0.3
RF,ARIMA,0.7,0.5,0.6,0.4,20.96,22.41,61.9,63.2,23,RF+ARIMA SM=0.7/0.5 LC=0.4
RF,ARIMA,0.7,0.5,0.6,0.5,20.94,22.43,61.6,63.4,23,RF+ARIMA SM=0.7/0.5 LC=0.5
RF,ARIMA,0.7,0.5,0.6,0.6,20.97,22.07,61.1,63.0,22,RF+ARIMA SM=0.7/0.5 LC=0.6
RF,ARIMA,0.7,0.5,0.6,0.7,21.04,21.34,60.6,63.4,22,RF+ARIMA SM=0.7/0.5 LC=0.7
RF,ARIMA,0.7,0.6,0.65,0.2,20.99,21.13,62.0,64.4,23,RF+ARIMA SM=0.7/0.6 LC=0.2
RF,ARIMA,0.7,0.6,0.65,0.3,20.85,22.02,62.0,64.2,23,RF+ARIMA SM=0.7/0.6 LC=0.3
RF,ARIMA,0.7,0.6,0.65,0.4,20.76,22.5,61.9,63.6,23,RF+ARIMA SM=0.7/0.6 LC=0.4
RF,ARIMA,0.7,0.6,0.65,0.5,20.75,22.53,61.6,63.8,23,RF+ARIMA SM=0.7/0.6 LC=0.5
RF,ARIMA,0.7,0.6,0.65,0.6,20.77,22.16,61.1,63.4,22,RF+ARIMA SM=0.7/0.6 LC=0.6
RF,ARIMA,0.7,0.6,0.65,0.7,20.85,21.43,60.6,63.8,22,RF+ARIMA SM=0.7/0.6 LC=0.7
RF,ARIMA,0.7,0.7,0.7,0.2,20.84,21.16,62.2,64.8,23,RF+ARIMA SM=0.7/0.7 LC=0.2
RF,ARIMA,0.7,0.7,0.7,0.3,20.7,22.05,62.2,64.6,23,RF+ARIMA SM=0.7/0.7 LC=0.3
RF,ARIMA,0.7,0.7,0.7,0.4,20.62,22.54,62.1,64.0,23,RF+ARIMA SM=0.7/0.7 LC=0.4
RF,ARIMA,0.7,0.7,0.7,0.5,20.6,22.56,61.8,64.2,23,RF+ARIMA SM=0.7/0.7 LC=0.5
RF,ARIMA,0.7,0.7,0.7,0.6,20.63,22.2,61.3,63.8,22,RF+ARIMA SM=0.7/0.7 LC=0.6
RF,ARIMA,0.7,0.7,0.7,0.7,20.7,21.46,60.8,64.2,22,RF+ARIMA SM=0.7/0.7 LC=0.7
RF,ARIMA,0.7,0.8,0.75,0.2,20.76,21.08,62.1,64.4,23,RF+ARIMA SM=0.7/0.8 LC=0.2
RF,ARIMA,0.7,0.8,0.75,0.3,20.62,21.97,62.2,64.2,23,RF+ARIMA SM=0.7/0.8 LC=0.3
RF,ARIMA,0.7,0.8,0.75,0.4,20.54,22.45,62.1,63.6,23,RF+ARIMA SM=0.7/0.8 LC=0.4
RF,ARIMA,0.7,0.8,0.75,0.5,20.52,22.47,61.7,63.8,23,RF+ARIMA SM=0.7/0.8 LC=0.5
RF,ARIMA,0.7,0.8,0.75,0.6,20.54,22.11,61.3,63.4,22,RF+ARIMA SM=0.7/0.8 LC=0.6
RF,ARIMA,0.7,0.8,0.75,0.7,20.62,21.38,60.8,63.8,22,RF+ARIMA SM=0.7/0.8 LC=0.7
RF,ARIMA,0.7,0.9,0.8,0.2,20.71,20.92,62.1,63.6,23,RF+ARIMA SM=0.7/0.9 LC=0.2
RF,ARIMA,0.7,0.9,0.8,0.3,20.56,21.81,62.1,63.4,23,RF+ARIMA SM=0.7/0.9 LC=0.3
RF,ARIMA,0.7,0.9,0.8,0.4,20.48,22.3,62.0,62.8,23,RF+ARIMA SM=0.7/0.9 LC=0.4
RF,ARIMA,0.7,0.9,0.8,0.5,20.46,22.32,61.7,63.0,23,RF+ARIMA SM=0.7/0.9 LC=0.5
RF,ARIMA,0.7,0.9,0.8,0.6,20.49,21.96,61.2,62.6,22,RF+ARIMA SM=0.7/0.9 LC=0.6
RF,ARIMA,0.7,0.9,0.8,0.7,20.57,21.23,60.7,63.0,22,RF+ARIMA SM=0.7/0.9 LC=0.7
RF,ARIMA,0.7,1.0,0.85,0.2,20.72,20.7,61.8,63.0,23,RF+ARIMA SM=0.7/1.0 LC=0.2
RF,ARIMA,0.7,1.0,0.85,0.3,20.57,21.59,61.9,62.8,23,RF+ARIMA SM=0.7/1.0 LC=0.3
RF,ARIMA,0.7,1.0,0.85,0.4,20.49,22.07,61.8,62.1,23,RF+ARIMA SM=0.7/1.0 LC=0.4
RF,ARIMA,0.7,1.0,0.85,0.5,20.47,22.1,61.4,62.3,23,RF+ARIMA SM=0.7/1.0 LC=0.5
RF,ARIMA,0.7,1.0,0.85,0.6,20.5,21.73,61.0,61.9,22,RF+ARIMA SM=0.7/1.0 LC=0.6
RF,ARIMA,0.7,1.0,0.85,0.7,20.57,21.0,60.5,62.3,22,RF+ARIMA SM=0.7/1.0 LC=0.7
RF,SARIMAX,0.3,0.5,0.4,0.2,23.26,4.46,59.9,59.9,20,RF+SARIMAX SM=0.3/0.5 LC=0.2
RF,SARIMAX,0.3,0.5,0.4,0.3,22.79,8.03,60.1,60.1,20,RF+SARIMAX SM=0.3/0.5 LC=0.3
RF,SARIMAX,0.3,0.5,0.4,0.4,22.38,11.3,60.0,60.7,20,RF+SARIMAX SM=0.3/0.5 LC=0.4
RF,SARIMAX,0.3,0.5,0.4,0.5,22.04,13.98,60.3,61.5,22,RF+SARIMAX SM=0.3/0.5 LC=0.5
RF,SARIMAX,0.3,0.5,0.4,0.6,21.76,16.12,60.1,61.1,22,RF+SARIMAX SM=0.3/0.5 LC=0.6
RF,SARIMAX,0.3,0.5,0.4,0.7,21.56,17.56,60.3,60.5,22,RF+SARIMAX SM=0.3/0.5 LC=0.7
RF,SARIMAX,0.3,0.6,0.45,0.2,23.02,4.71,60.2,60.3,20,RF+SARIMAX SM=0.3/0.6 LC=0.2
RF,SARIMAX,0.3,0.6,0.45,0.3,22.55,8.29,60.4,60.5,20,RF+SARIMAX SM=0.3/0.6 LC=0.3
RF,SARIMAX,0.3,0.6,0.45,0.4,22.13,11.56,60.3,61.1,20,RF+SARIMAX SM=0.3/0.6 LC=0.4
RF,SARIMAX,0.3,0.6,0.45,0.5,21.8,14.23,60.6,61.9,22,RF+SARIMAX SM=0.3/0.6 LC=0.5
RF,SARIMAX,0.3,0.6,0.45,0.6,21.52,16.38,60.4,61.5,22,RF+SARIMAX SM=0.3/0.6 LC=0.6
RF,SARIMAX,0.3,0.6,0.45,0.7,21.32,17.81,60.5,60.9,22,RF+SARIMAX SM=0.3/0.6 LC=0.7
RF,SARIMAX,0.3,0.7,0.5,0.2,22.83,4.89,60.0,60.1,20,RF+SARIMAX SM=0.3/0.7 LC=0.2
RF,SARIMAX,0.3,0.7,0.5,0.3,22.36,8.47,60.2,60.3,20,RF+SARIMAX SM=0.3/0.7 LC=0.3
RF,SARIMAX,0.3,0.7,0.5,0.4,21.94,11.74,60.1,60.9,20,RF+SARIMAX SM=0.3/0.7 LC=0.4
RF,SARIMAX,0.3,0.7,0.5,0.5,21.61,14.41,60.4,61.7,22,RF+SARIMAX SM=0.3/0.7 LC=0.5
RF,SARIMAX,0.3,0.7,0.5,0.6,21.33,16.56,60.2,61.3,22,RF+SARIMAX SM=0.3/0.7 LC=0.6
RF,SARIMAX,0.3,0.7,0.5,0.7,21.13,17.99,60.4,60.7,22,RF+SARIMAX SM=0.3/0.7 LC=0.7
RF,SARIMAX,0.3,0.8,0.55,0.2,22.69,4.98,60.0,60.3,19,RF+SARIMAX SM=0.3/0.8 LC=0.2
RF,SARIMAX,0.3,0.8,0.55,0.3,22.22,8.56,60.2,60.5,19,RF+SARIMAX SM=0.3/0.8 LC=0.3
RF,SARIMAX,0.3,0.8,0.55,0.4,21.8,11.83,60.1,61.1,19,RF+SARIMAX SM=0.3/0.8 LC=0.4
RF,SARIMAX,0.3,0.8,0.55,0.5,21.47,14.5,60.4,61.9,21,RF+SARIMAX SM=0.3/0.8 LC=0.5
RF,SARIMAX,0.3,0.8,0.55,0.6,21.19,16.65,60.2,61.5,21,RF+SARIMAX SM=0.3/0.8 LC=0.6
RF,SARIMAX,0.3,0.8,0.55,0.7,20.99,18.08,60.4,60.9,21,RF+SARIMAX SM=0.3/0.8 LC=0.7
RF,SARIMAX,0.3,0.9,0.6,0.2,22.6,4.95,60.2,60.1,19,RF+SARIMAX SM=0.3/0.9 LC=0.2
RF,SARIMAX,0.3,0.9,0.6,0.3,22.13,8.53,60.4,60.3,19,RF+SARIMAX SM=0.3/0.9 LC=0.3
RF,SARIMAX,0.3,0.9,0.6,0.4,21.72,11.8,60.3,60.9,19,RF+SARIMAX SM=0.3/0.9 LC=0.4
RF,SARIMAX,0.3,0.9,0.6,0.5,21.38,14.47,60.6,61.7,21,RF+SARIMAX SM=0.3/0.9 LC=0.5
RF,SARIMAX,0.3,0.9,0.6,0.6,21.1,16.62,60.4,61.3,21,RF+SARIMAX SM=0.3/0.9 LC=0.6
RF,SARIMAX,0.3,0.9,0.6,0.7,20.9,18.05,60.5,60.7,21,RF+SARIMAX SM=0.3/0.9 LC=0.7
RF,SARIMAX,0.3,1.0,0.65,0.2,22.63,4.74,60.2,59.7,20,RF+SARIMAX SM=0.3/1.0 LC=0.2
RF,SARIMAX,0.3,1.0,0.65,0.3,22.16,8.31,60.4,59.9,20,RF+SARIMAX SM=0.3/1.0 LC=0.3
RF,SARIMAX,0.3,1.0,0.65,0.4,21.74,11.58,60.3,60.5,20,RF+SARIMAX SM=0.3/1.0 LC=0.4
RF,SARIMAX,0.3,1.0,0.65,0.5,21.4,14.26,60.6,61.3,22,RF+SARIMAX SM=0.3/1.0 LC=0.5
RF,SARIMAX,0.3,1.0,0.65,0.6,21.13,16.4,60.4,60.9,22,RF+SARIMAX SM=0.3/1.0 LC=0.6
RF,SARIMAX,0.3,1.0,0.65,0.7,20.93,17.84,60.5,60.3,22,RF+SARIMAX SM=0.3/1.0 LC=0.7
RF,SARIMAX,0.4,0.5,0.45,0.2,23.25,4.51,59.9,59.9,20,RF+SARIMAX SM=0.4/0.5 LC=0.2
RF,SARIMAX,0.4,0.5,0.45,0.3,22.79,8.09,60.1,60.1,20,RF+SARIMAX SM=0.4/0.5 LC=0.3
RF,SARIMAX,0.4,0.5,0.45,0.4,22.37,11.36,60.0,60.7,20,RF+SARIMAX SM=0.4/0.5 LC=0.4
RF,SARIMAX,0.4,0.5,0.45,0.5,22.03,14.03,60.3,61.5,22,RF+SARIMAX SM=0.4/0.5 LC=0.5
RF,SARIMAX,0.4,0.5,0.45,0.6,21.75,16.18,60.1,61.1,22,RF+SARIMAX SM=0.4/0.5 LC=0.6
RF,SARIMAX,0.4,0.5,0.45,0.7,21.56,17.61,60.3,60.5,22,RF+SARIMAX SM=0.4/0.5 LC=0.7
RF,SARIMAX,0.4,0.6,0.5,0.2,23.01,4.77,60.2,60.3,20,RF+SARIMAX SM=0.4/0.6 LC=0.2
RF,SARIMAX,0.4,0.6,0.5,0.3,22.55,8.34,60.4,60.5,20,RF+SARIMAX SM=0.4/0.6 LC=0.3
RF,SARIMAX,0.4,0.6,0.5,0.4,22.13,11.62,60.3,61.1,20,RF+SARIMAX SM=0.4/0.6 LC=0.4
RF,SARIMAX,0.4,0.6,0.5,0.5,21.79,14.29,60.6,61.9,22,RF+SARIMAX SM=0.4/0.6 LC=0.5
RF,SARIMAX,0.4,0.6,0.5,0.6,21.51,16.44,60.4,61.5,22,RF+SARIMAX SM=0.4/0.6 LC=0.6
RF,SARIMAX,0.4,0.6,0.5,0.7,21.32,17.87,60.5,60.9,22,RF+SARIMAX SM=0.4/0.6 LC=0.7
RF,SARIMAX,0.4,0.7,0.55,0.2,22.82,4.95,60.0,60.1,20,RF+SARIMAX SM=0.4/0.7 LC=0.2
RF,SARIMAX,0.4,0.7,0.55,0.3,22.36,8.53,60.2,60.3,20,RF+SARIMAX SM=0.4/0.7 LC=0.3
RF,SARIMAX,0.4,0.7,0.55,0.4,21.94,11.8,60.1,60.9,20,RF+SARIMAX SM=0.4/0.7 LC=0.4
RF,SARIMAX,0.4,0.7,0.55,0.5,21.6,14.47,60.4,61.7,22,RF+SARIMAX SM=0.4/0.7 LC=0.5
RF,SARIMAX,0.4,0.7,0.55,0.6,21.32,16.62,60.2,61.3,22,RF+SARIMAX SM=0.4/0.7 LC=0.6
RF,SARIMAX,0.4,0.7,0.55,0.7,21.13,18.05,60.4,60.7,22,RF+SARIMAX SM=0.4/0.7 LC=0.7
RF,SARIMAX,0.4,0.8,0.6,0.2,22.69,5.04,60.0,60.3,19,RF+SARIMAX SM=0.4/0.8 LC=0.2
RF,SARIMAX,0.4,0.8,0.6,0.3,22.22,8.62,60.2,60.5,19,RF+SARIMAX SM=0.4/0.8 LC=0.3
RF,SARIMAX,0.4,0.8,0.6,0.4,21.8,11.89,60.1,61.1,19,RF+SARIMAX SM=0.4/0.8 LC=0.4
RF,SARIMAX,0.4,0.8,0.6,0.5,21.46,14.56,60.4,61.9,21,RF+SARIMAX SM=0.4/0.8 LC=0.5
RF,SARIMAX,0.4,0.8,0.6,0.6,21.19,16.71,60.2,61.5,21,RF+SARIMAX SM=0.4/0.8 LC=0.6
RF,SARIMAX,0.4,0.8,0.6,0.7,20.99,18.14,60.4,60.9,21,RF+SARIMAX SM=0.4/0.8 LC=0.7
RF,SARIMAX,0.4,0.9,0.65,0.2,22.6,5.01,60.2,60.1,19,RF+SARIMAX SM=0.4/0.9 LC=0.2
RF,SARIMAX,0.4,0.9,0.65,0.3,22.13,8.58,60.3,60.3,19,RF+SARIMAX SM=0.4/0.9 LC=0.3
RF,SARIMAX,0.4,0.9,0.65,0.4,21.71,11.86,60.2,60.9,19,RF+SARIMAX SM=0.4/0.9 LC=0.4
RF,SARIMAX,0.4,0.9,0.65,0.5,21.37,14.53,60.5,61.7,21,RF+SARIMAX SM=0.4/0.9 LC=0.5
RF,SARIMAX,0.4,0.9,0.65,0.6,21.1,16.67,60.3,61.3,21,RF+SARIMAX SM=0.4/0.9 LC=0.6
RF,SARIMAX,0.4,0.9,0.65,0.7,20.9,18.11,60.5,60.7,21,RF+SARIMAX SM=0.4/0.9 LC=0.7
RF,SARIMAX,0.4,1.0,0.7,0.2,22.62,4.79,60.2,59.7,20,RF+SARIMAX SM=0.4/1.0 LC=0.2
RF,SARIMAX,0.4,1.0,0.7,0.3,22.16,8.37,60.4,59.9,20,RF+SARIMAX SM=0.4/1.0 LC=0.3
RF,SARIMAX,0.4,1.0,0.7,0.4,21.74,11.64,60.3,60.5,20,RF+SARIMAX SM=0.4/1.0 LC=0.4
RF,SARIMAX,0.4,1.0,0.7,0.5,21.4,14.31,60.6,61.3,22,RF+SARIMAX SM=0.4/1.0 LC=0.5
RF,SARIMAX,0.4,1.0,0.7,0.6,21.12,16.46,60.4,60.9,22,RF+SARIMAX SM=0.4/1.0 LC=0.6
RF,SARIMAX,0.4,1.0,0.7,0.7,20.93,17.89,60.5,60.3,22,RF+SARIMAX SM=0.4/1.0 LC=0.7
RF,SARIMAX,0.5,0.5,0.5,0.2,23.26,4.55,59.9,59.9,20,RF+SARIMAX SM=0.5/0.5 LC=0.2
RF,SARIMAX,0.5,0.5,0.5,0.3,22.79,8.13,60.1,60.1,20,RF+SARIMAX SM=0.5/0.5 LC=0.3
RF,SARIMAX,0.5,0.5,0.5,0.4,22.38,11.4,60.0,60.7,20,RF+SARIMAX SM=0.5/0.5 LC=0.4
RF,SARIMAX,0.5,0.5,0.5,0.5,22.04,14.07,60.3,61.5,22,RF+SARIMAX SM=0.5/0.5 LC=0.5
RF,SARIMAX,0.5,0.5,0.5,0.6,21.76,16.22,60.1,61.1,22,RF+SARIMAX SM=0.5/0.5 LC=0.6
RF,SARIMAX,0.5,0.5,0.5,0.7,21.56,17.65,60.3,60.5,22,RF+SARIMAX SM=0.5/0.5 LC=0.7
RF,SARIMAX,0.5,0.6,0.55,0.2,23.02,4.81,60.2,60.3,20,RF+SARIMAX SM=0.5/0.6 LC=0.2
RF,SARIMAX,0.5,0.6,0.55,0.3,22.55,8.38,60.4,60.5,20,RF+SARIMAX SM=0.5/0.6 LC=0.3
RF,SARIMAX,0.5,0.6,0.55,0.4,22.13,11.66,60.3,61.1,20,RF+SARIMAX SM=0.5/0.6 LC=0.4
RF,SARIMAX,0.5,0.6,0.55,0.5,21.8,14.33,60.6,61.9,22,RF+SARIMAX SM=0.5/0.6 LC=0.5
RF,SARIMAX,0.5,0.6,0.55,0.6,21.52,16.48,60.4,61.5,22,RF+SARIMAX SM=0.5/0.6 LC=0.6
RF,SARIMAX,0.5,0.6,0.55,0.7,21.32,17.91,60.5,60.9,22,RF+SARIMAX SM=0.5/0.6 LC=0.7
RF,SARIMAX,0.5,0.7,0.6,0.2,22.83,4.99,60.0,60.1,20,RF+SARIMAX SM=0.5/0.7 LC=0.2
RF,SARIMAX,0.5,0.7,0.6,0.3,22.36,8.57,60.2,60.3,20,RF+SARIMAX SM=0.5/0.7 LC=0.3
RF,SARIMAX,0.5,0.7,0.6,0.4,21.94,11.84,60.1,60.9,20,RF+SARIMAX SM=0.5/0.7 LC=0.4
RF,SARIMAX,0.5,0.7,0.6,0.5,21.61,14.51,60.4,61.7,22,RF+SARIMAX SM=0.5/0.7 LC=0.5
RF,SARIMAX,0.5,0.7,0.6,0.6,21.33,16.66,60.2,61.3,22,RF+SARIMAX SM=0.5/0.7 LC=0.6
RF,SARIMAX,0.5,0.7,0.6,0.7,21.13,18.09,60.4,60.7,22,RF+SARIMAX SM=0.5/0.7 LC=0.7
RF,SARIMAX,0.5,0.8,0.65,0.2,22.69,5.08,60.0,60.3,19,RF+SARIMAX SM=0.5/0.8 LC=0.2
RF,SARIMAX,0.5,0.8,0.65,0.3,22.23,8.65,60.2,60.5,19,RF+SARIMAX SM=0.5/0.8 LC=0.3
RF,SARIMAX,0.5,0.8,0.65,0.4,21.81,11.93,60.0,61.1,19,RF+SARIMAX SM=0.5/0.8 LC=0.4
RF,SARIMAX,0.5,0.8,0.65,0.5,21.47,14.6,60.4,61.9,21,RF+SARIMAX SM=0.5/0.8 LC=0.5
RF,SARIMAX,0.5,0.8,0.65,0.6,21.19,16.75,60.2,61.5,21,RF+SARIMAX SM=0.5/0.8 LC=0.6
RF,SARIMAX,0.5,0.8,0.65,0.7,21.0,18.18,60.3,60.9,21,RF+SARIMAX SM=0.5/0.8 LC=0.7
RF,SARIMAX,0.5,0.9,0.7,0.2,22.6,5.05,60.2,60.1,19,RF+SARIMAX SM=0.5/0.9 LC=0.2
RF,SARIMAX,0.5,0.9,0.7,0.3,22.14,8.62,60.3,60.3,19,RF+SARIMAX SM=0.5/0.9 LC=0.3
RF,SARIMAX,0.5,0.9,0.7,0.4,21.72,11.89,60.2,60.9,19,RF+SARIMAX SM=0.5/0.9 LC=0.4
RF,SARIMAX,0.5,0.9,0.7,0.5,21.38,14.57,60.5,61.7,21,RF+SARIMAX SM=0.5/0.9 LC=0.5
RF,SARIMAX,0.5,0.9,0.7,0.6,21.1,16.71,60.3,61.3,21,RF+SARIMAX SM=0.5/0.9 LC=0.6
RF,SARIMAX,0.5,0.9,0.7,0.7,20.91,18.15,60.5,60.7,21,RF+SARIMAX SM=0.5/0.9 LC=0.7
RF,SARIMAX,0.5,1.0,0.75,0.2,22.63,4.83,60.2,59.7,20,RF+SARIMAX SM=0.5/1.0 LC=0.2
RF,SARIMAX,0.5,1.0,0.75,0.3,22.17,8.4,60.3,59.9,20,RF+SARIMAX SM=0.5/1.0 LC=0.3
RF,SARIMAX,0.5,1.0,0.75,0.4,21.75,11.68,60.2,60.5,20,RF+SARIMAX SM=0.5/1.0 LC=0.4
RF,SARIMAX,0.5,1.0,0.75,0.5,21.41,14.35,60.5,61.3,22,RF+SARIMAX SM=0.5/1.0 LC=0.5
RF,SARIMAX,0.5,1.0,0.75,0.6,21.13,16.5,60.3,60.9,22,RF+SARIMAX SM=0.5/1.0 LC=0.6
RF,SARIMAX,0.5,1.0,0.75,0.7,20.94,17.93,60.5,60.3,22,RF+SARIMAX SM=0.5/1.0 LC=0.7
RF,SARIMAX,0.6,0.5,0.55,0.2,23.27,4.58,59.5,59.9,20,RF+SARIMAX SM=0.6/0.5 LC=0.2
RF,SARIMAX,0.6,0.5,0.55,0.3,22.81,8.16,59.7,60.1,20,RF+SARIMAX SM=0.6/0.5 LC=0.3
RF,SARIMAX,0.6,0.5,0.55,0.4,22.39,11.43,59.5,60.7,20,RF+SARIMAX SM=0.6/0.5 LC=0.4
RF,SARIMAX,0.6,0.5,0.55,0.5,22.05,14.1,59.9,61.5,22,RF+SARIMAX SM=0.6/0.5 LC=0.5
RF,SARIMAX,0.6,0.5,0.55,0.6,21.77,16.25,59.7,61.1,22,RF+SARIMAX SM=0.6/0.5 LC=0.6
RF,SARIMAX,0.6,0.5,0.55,0.7,21.58,17.68,59.8,60.5,22,RF+SARIMAX SM=0.6/0.5 LC=0.7
RF,SARIMAX,0.6,0.6,0.6,0.2,23.03,4.84,59.8,60.3,20,RF+SARIMAX SM=0.6/0.6 LC=0.2
RF,SARIMAX,0.6,0.6,0.6,0.3,22.56,8.41,59.9,60.5,20,RF+SARIMAX SM=0.6/0.6 LC=0.3
RF,SARIMAX,0.6,0.6,0.6,0.4,22.15,11.69,59.8,61.1,20,RF+SARIMAX SM=0.6/0.6 LC=0.4
RF,SARIMAX,0.6,0.6,0.6,0.5,21.81,14.36,60.2,61.9,22,RF+SARIMAX SM=0.6/0.6 LC=0.5
RF,SARIMAX,0.6,0.6,0.6,0.6,21.53,16.5,59.9,61.5,22,RF+SARIMAX SM=0.6/0.6 LC=0.6
RF,SARIMAX,0.6,0.6,0.6,0.7,21.34,17.94,60.1,60.9,22,RF+SARIMAX SM=0.6/0.6 LC=0.7
RF,SARIMAX,0.6,0.7,0.65,0.2,22.84,5.02,59.5,60.1,19,RF+SARIMAX SM=0.6/0.7 LC=0.2
RF,SARIMAX,0.6,0.7,0.65,0.3,22.38,8.59,59.7,60.3,19,RF+SARIMAX SM=0.6/0.7 LC=0.3
RF,SARIMAX,0.6,0.7,0.65,0.4,21.96,11.87,59.6,60.9,19,RF+SARIMAX SM=0.6/0.7 LC=0.4
RF,SARIMAX,0.6,0.7,0.65,0.5,21.62,14.54,59.9,61.7,21,RF+SARIMAX SM=0.6/0.7 LC=0.5
RF,SARIMAX,0.6,0.7,0.65,0.6,21.34,16.69,59.7,61.3,21,RF+SARIMAX SM=0.6/0.7 LC=0.6
RF,SARIMAX,0.6,0.7,0.65,0.7,21.15,18.12,59.9,60.7,21,RF+SARIMAX SM=0.6/0.7 LC=0.7
RF,SARIMAX,0.6,0.8,0.7,0.2,22.71,5.11,59.5,60.3,19,RF+SARIMAX SM=0.6/0.8 LC=0.2
RF,SARIMAX,0.6,0.8,0.7,0.3,22.24,8.68,59.7,60.5,19,RF+SARIMAX SM=0.6/0.8 LC=0.3
RF,SARIMAX,0.6,0.8,0.7,0.4,21.82,11.96,59.6,61.1,19,RF+SARIMAX SM=0.6/0.8 LC=0.4
RF,SARIMAX,0.6,0.8,0.7,0.5,21.48,14.63,59.9,61.9,21,RF+SARIMAX SM=0.6/0.8 LC=0.5
RF,SARIMAX,0.6,0.8,0.7,0.6,21.21,16.77,59.7,61.5,21,RF+SARIMAX SM=0.6/0.8 LC=0.6
RF,SARIMAX,0.6,0.8,0.7,0.7,21.01,18.21,59.9,60.9,21,RF+SARIMAX SM=0.6/0.8 LC=0.7
RF,SARIMAX,0.6,0.9,0.75,0.2,22.62,5.07,59.7,60.1,19,RF+SARIMAX SM=0.6/0.9 LC=0.2
RF,SARIMAX,0.6,0.9,0.75,0.3,22.15,8.65,59.8,60.3,19,RF+SARIMAX SM=0.6/0.9 LC=0.3
RF,SARIMAX,0.6,0.9,0.75,0.4,21.73,11.92,59.7,60.9,19,RF+SARIMAX SM=0.6/0.9 LC=0.4
RF,SARIMAX,0.6,0.9,0.75,0.5,21.4,14.59,60.0,61.7,21,RF+SARIMAX SM=0.6/0.9 LC=0.5
RF,SARIMAX,0.6,0.9,0.75,0.6,21.12,16.74,59.8,61.3,21,RF+SARIMAX SM=0.6/0.9 LC=0.6
RF,SARIMAX,0.6,0.9,0.75,0.7,20.92,18.17,60.0,60.7,21,RF+SARIMAX SM=0.6/0.9 LC=0.7
RF,SARIMAX,0.6,1.0,0.8,0.2,22.65,4.85,59.7,59.7,19,RF+SARIMAX SM=0.6/1.0 LC=0.2
RF,SARIMAX,0.6,1.0,0.8,0.3,22.18,8.43,59.9,59.9,19,RF+SARIMAX SM=0.6/1.0 LC=0.3
RF,SARIMAX,0.6,1.0,0.8,0.4,21.76,11.7,59.8,60.5,19,RF+SARIMAX SM=0.6/1.0 LC=0.4
RF,SARIMAX,0.6,1.0,0.8,0.5,21.43,14.37,60.1,61.3,21,RF+SARIMAX SM=0.6/1.0 LC=0.5
RF,SARIMAX,0.6,1.0,0.8,0.6,21.15,16.52,59.9,60.9,21,RF+SARIMAX SM=0.6/1.0 LC=0.6
RF,SARIMAX,0.6,1.0,0.8,0.7,20.95,17.95,60.0,60.3,21,RF+SARIMAX SM=0.6/1.0 LC=0.7
RF,SARIMAX,0.7,0.5,0.6,0.2,23.29,4.6,59.2,59.9,19,RF+SARIMAX SM=0.7/0.5 LC=0.2
RF,SARIMAX,0.7,0.5,0.6,0.3,22.82,8.17,59.4,60.1,19,RF+SARIMAX SM=0.7/0.5 LC=0.3
RF,SARIMAX,0.7,0.5,0.6,0.4,22.41,11.45,59.3,60.7,19,RF+SARIMAX SM=0.7/0.5 LC=0.4
RF,SARIMAX,0.7,0.5,0.6,0.5,22.07,14.12,59.6,61.5,21,RF+SARIMAX SM=0.7/0.5 LC=0.5
RF,SARIMAX,0.7,0.5,0.6,0.6,21.79,16.26,59.4,61.1,21,RF+SARIMAX SM=0.7/0.5 LC=0.6
RF,SARIMAX,0.7,0.5,0.6,0.7,21.6,17.7,59.5,60.5,21,RF+SARIMAX SM=0.7/0.5 LC=0.7
RF,SARIMAX,0.7,0.6,0.65,0.2,23.05,4.85,59.4,60.3,19,RF+SARIMAX SM=0.7/0.6 LC=0.2
RF,SARIMAX,0.7,0.6,0.65,0.3,22.58,8.43,59.6,60.5,19,RF+SARIMAX SM=0.7/0.6 LC=0.3
RF,SARIMAX,0.7,0.6,0.65,0.4,22.17,11.7,59.5,61.1,19,RF+SARIMAX SM=0.7/0.6 LC=0.4
RF,SARIMAX,0.7,0.6,0.65,0.5,21.83,14.37,59.8,61.9,21,RF+SARIMAX SM=0.7/0.6 LC=0.5
RF,SARIMAX,0.7,0.6,0.65,0.6,21.55,16.52,59.6,61.5,21,RF+SARIMAX SM=0.7/0.6 LC=0.6
RF,SARIMAX,0.7,0.6,0.65,0.7,21.35,17.95,59.8,60.9,21,RF+SARIMAX SM=0.7/0.6 LC=0.7
RF,SARIMAX,0.7,0.7,0.7,0.2,22.86,5.03,59.3,60.1,19,RF+SARIMAX SM=0.7/0.7 LC=0.2
RF,SARIMAX,0.7,0.7,0.7,0.3,22.4,8.61,59.4,60.3,19,RF+SARIMAX SM=0.7/0.7 LC=0.3
RF,SARIMAX,0.7,0.7,0.7,0.4,21.98,11.88,59.3,60.9,19,RF+SARIMAX SM=0.7/0.7 LC=0.4
RF,SARIMAX,0.7,0.7,0.7,0.5,21.64,14.55,59.7,61.7,21,RF+SARIMAX SM=0.7/0.7 LC=0.5
RF,SARIMAX,0.7,0.7,0.7,0.6,21.36,16.7,59.4,61.3,21,RF+SARIMAX SM=0.7/0.7 LC=0.6
RF,SARIMAX,0.7,0.7,0.7,0.7,21.17,18.13,59.6,60.7,21,RF+SARIMAX SM=0.7/0.7 LC=0.7
RF,SARIMAX,0.7,0.8,0.75,0.2,22.73,5.12,59.2,60.3,19,RF+SARIMAX SM=0.7/0.8 LC=0.2
RF,SARIMAX,0.7,0.8,0.75,0.3,22.26,8.69,59.4,60.5,19,RF+SARIMAX SM=0.7/0.8 LC=0.3
RF,SARIMAX,0.7,0.8,0.75,0.4,21.84,11.97,59.3,61.1,19,RF+SARIMAX SM=0.7/0.8 LC=0.4
RF,SARIMAX,0.7,0.8,0.75,0.5,21.5,14.64,59.6,61.9,21,RF+SARIMAX SM=0.7/0.8 LC=0.5
RF,SARIMAX,0.7,0.8,0.75,0.6,21.23,16.79,59.4,61.5,21,RF+SARIMAX SM=0.7/0.8 LC=0.6
RF,SARIMAX,0.7,0.8,0.75,0.7,21.03,18.22,59.5,60.9,21,RF+SARIMAX SM=0.7/0.8 LC=0.7
RF,SARIMAX,0.7,0.9,0.8,0.2,22.64,5.09,59.4,60.1,19,RF+SARIMAX SM=0.7/0.9 LC=0.2
RF,SARIMAX,0.7,0.9,0.8,0.3,22.17,8.66,59.5,60.3,19,RF+SARIMAX SM=0.7/0.9 LC=0.3
RF,SARIMAX,0.7,0.9,0.8,0.4,21.76,11.93,59.4,60.9,19,RF+SARIMAX SM=0.7/0.9 LC=0.4
RF,SARIMAX,0.7,0.9,0.8,0.5,21.42,14.6,59.8,61.7,21,RF+SARIMAX SM=0.7/0.9 LC=0.5
RF,SARIMAX,0.7,0.9,0.8,0.6,21.14,16.75,59.5,61.3,21,RF+SARIMAX SM=0.7/0.9 LC=0.6
RF,SARIMAX,0.7,0.9,0.8,0.7,20.94,18.18,59.7,60.7,21,RF+SARIMAX SM=0.7/0.9 LC=0.7
RF,SARIMAX,0.7,1.0,0.85,0.2,22.67,4.86,59.4,59.7,19,RF+SARIMAX SM=0.7/1.0 LC=0.2
RF,SARIMAX,0.7,1.0,0.85,0.3,22.2,8.44,59.6,59.9,19,RF+SARIMAX SM=0.7/1.0 LC=0.3
RF,SARIMAX,0.7,1.0,0.85,0.4,21.79,11.71,59.5,60.5,19,RF+SARIMAX SM=0.7/1.0 LC=0.4
RF,SARIMAX,0.7,1.0,0.85,0.5,21.45,14.38,59.8,61.3,21,RF+SARIMAX SM=0.7/1.0 LC=0.5
RF,SARIMAX,0.7,1.0,0.85,0.6,21.17,16.53,59.6,60.9,21,RF+SARIMAX SM=0.7/1.0 LC=0.6
RF,SARIMAX,0.7,1.0,0.85,0.7,20.97,17.96,59.8,60.3,21,RF+SARIMAX SM=0.7/1.0 LC=0.7
RF,RollingMean,0.3,0.5,0.4,0.2,21.0,21.57,64.8,65.4,26,RF+RollingMean SM=0.3/0.5 LC=0.2
RF,RollingMean,0.3,0.5,0.4,0.3,20.74,23.07,64.9,65.4,26,RF+RollingMean SM=0.3/0.5 LC=0.3
RF,RollingMean,0.3,0.5,0.4,0.4,20.59,23.81,65.4,65.2,26,RF+RollingMean SM=0.3/0.5 LC=0.4
RF,RollingMean,0.3,0.5,0.4,0.5,20.53,23.99,64.9,65.0,26,RF+RollingMean SM=0.3/0.5 LC=0.5
RF,RollingMean,0.3,0.5,0.4,0.6,20.55,23.68,64.6,64.4,24,RF+RollingMean SM=0.3/0.5 LC=0.6
RF,RollingMean,0.3,0.5,0.4,0.7,20.64,22.85,63.6,63.6,24,RF+RollingMean SM=0.3/0.5 LC=0.7
RF,RollingMean,0.3,0.6,0.45,0.2,20.78,21.68,64.5,65.4,25,RF+RollingMean SM=0.3/0.6 LC=0.2
RF,RollingMean,0.3,0.6,0.45,0.3,20.53,23.18,64.6,65.4,25,RF+RollingMean SM=0.3/0.6 LC=0.3
RF,RollingMean,0.3,0.6,0.45,0.4,20.38,23.92,65.1,65.2,25,RF+RollingMean SM=0.3/0.6 LC=0.4
RF,RollingMean,0.3,0.6,0.45,0.5,20.32,24.1,64.6,65.0,25,RF+RollingMean SM=0.3/0.6 LC=0.5
RF,RollingMean,0.3,0.6,0.45,0.6,20.34,23.79,64.4,64.4,23,RF+RollingMean SM=0.3/0.6 LC=0.6
RF,RollingMean,0.3,0.6,0.45,0.7,20.43,22.96,63.3,63.6,23,RF+RollingMean SM=0.3/0.6 LC=0.7
RF,RollingMean,0.3,0.7,0.5,0.2,20.64,21.69,64.5,65.6,24,RF+RollingMean SM=0.3/0.7 LC=0.2
RF,RollingMean,0.3,0.7,0.5,0.3,20.38,23.19,64.5,65.6,24,RF+RollingMean SM=0.3/0.7 LC=0.3
RF,RollingMean,0.3,0.7,0.5,0.4,20.24,23.93,65.0,65.4,24,RF+RollingMean SM=0.3/0.7 LC=0.4
RF,RollingMean,0.3,0.7,0.5,0.5,20.17,24.11,64.6,65.2,24,RF+RollingMean SM=0.3/0.7 LC=0.5
RF,RollingMean,0.3,0.7,0.5,0.6,20.19,23.8,64.3,64.6,22,RF+RollingMean SM=0.3/0.7 LC=0.6
RF,RollingMean,0.3,0.7,0.5,0.7,20.29,22.97,63.2,63.8,22,RF+RollingMean SM=0.3/0.7 LC=0.7
RF,RollingMean,0.3,0.8,0.55,0.2,20.57,21.55,64.4,65.4,25,RF+RollingMean SM=0.3/0.8 LC=0.2
RF,RollingMean,0.3,0.8,0.55,0.3,20.32,23.06,64.5,65.4,25,RF+RollingMean SM=0.3/0.8 LC=0.3
RF,RollingMean,0.3,0.8,0.55,0.4,20.17,23.79,65.0,65.2,25,RF+RollingMean SM=0.3/0.8 LC=0.4
RF,RollingMean,0.3,0.8,0.55,0.5,20.11,23.98,64.5,65.0,25,RF+RollingMean SM=0.3/0.8 LC=0.5
RF,RollingMean,0.3,0.8,0.55,0.6,20.13,23.66,64.3,64.4,23,RF+RollingMean SM=0.3/0.8 LC=0.6
RF,RollingMean,0.3,0.8,0.55,0.7,20.22,22.83,63.2,63.6,23,RF+RollingMean SM=0.3/0.8 LC=0.7
RF,RollingMean,0.3,0.9,0.6,0.2,20.56,21.32,64.1,64.6,23,RF+RollingMean SM=0.3/0.9 LC=0.2
RF,RollingMean,0.3,0.9,0.6,0.3,20.3,22.82,64.2,64.6,23,RF+RollingMean SM=0.3/0.9 LC=0.3
RF,RollingMean,0.3,0.9,0.6,0.4,20.15,23.55,64.7,64.4,23,RF+RollingMean SM=0.3/0.9 LC=0.4
RF,RollingMean,0.3,0.9,0.6,0.5,20.09,23.74,64.3,64.2,23,RF+RollingMean SM=0.3/0.9 LC=0.5
RF,RollingMean,0.3,0.9,0.6,0.6,20.11,23.42,64.0,63.6,21,RF+RollingMean SM=0.3/0.9 LC=0.6
RF,RollingMean,0.3,0.9,0.6,0.7,20.2,22.6,62.9,62.8,21,RF+RollingMean SM=0.3/0.9 LC=0.7
RF,RollingMean,0.3,1.0,0.65,0.2,20.61,21.0,63.7,63.6,23,RF+RollingMean SM=0.3/1.0 LC=0.2
RF,RollingMean,0.3,1.0,0.65,0.3,20.35,22.5,63.8,63.6,23,RF+RollingMean SM=0.3/1.0 LC=0.3
RF,RollingMean,0.3,1.0,0.65,0.4,20.2,23.24,64.3,63.4,23,RF+RollingMean SM=0.3/1.0 LC=0.4
RF,RollingMean,0.3,1.0,0.65,0.5,20.14,23.43,63.9,63.2,23,RF+RollingMean SM=0.3/1.0 LC=0.5
RF,RollingMean,0.3,1.0,0.65,0.6,20.16,23.11,63.6,62.6,21,RF+RollingMean SM=0.3/1.0 LC=0.6
RF,RollingMean,0.3,1.0,0.65,0.7,20.25,22.28,62.5,61.7,21,RF+RollingMean SM=0.3/1.0 LC=0.7
RF,RollingMean,0.4,0.5,0.45,0.2,21.0,21.59,64.6,65.4,26,RF+RollingMean SM=0.4/0.5 LC=0.2
RF,RollingMean,0.4,0.5,0.45,0.3,20.74,23.09,64.7,65.4,26,RF+RollingMean SM=0.4/0.5 LC=0.3
RF,RollingMean,0.4,0.5,0.45,0.4,20.6,23.83,65.2,65.2,26,RF+RollingMean SM=0.4/0.5 LC=0.4
RF,RollingMean,0.4,0.5,0.45,0.5,20.53,24.01,64.8,65.0,26,RF+RollingMean SM=0.4/0.5 LC=0.5
RF,RollingMean,0.4,0.5,0.45,0.6,20.55,23.7,64.5,64.4,24,RF+RollingMean SM=0.4/0.5 LC=0.6
RF,RollingMean,0.4,0.5,0.45,0.7,20.65,22.87,63.4,63.6,24,RF+RollingMean SM=0.4/0.5 LC=0.7
RF,RollingMean,0.4,0.6,0.5,0.2,20.79,21.7,64.5,65.4,25,RF+RollingMean SM=0.4/0.6 LC=0.2
RF,RollingMean,0.4,0.6,0.5,0.3,20.53,23.2,64.5,65.4,25,RF+RollingMean SM=0.4/0.6 LC=0.3
RF,RollingMean,0.4,0.6,0.5,0.4,20.38,23.94,65.0,65.2,25,RF+RollingMean SM=0.4/0.6 LC=0.4
RF,RollingMean,0.4,0.6,0.5,0.5,20.32,24.12,64.6,65.0,25,RF+RollingMean SM=0.4/0.6 LC=0.5
RF,RollingMean,0.4,0.6,0.5,0.6,20.34,23.8,64.3,64.4,23,RF+RollingMean SM=0.4/0.6 LC=0.6
RF,RollingMean,0.4,0.6,0.5,0.7,20.43,22.98,63.2,63.6,23,RF+RollingMean SM=0.4/0.6 LC=0.7
RF,RollingMean,0.4,0.7,0.55,0.2,20.65,21.71,64.4,65.6,24,RF+RollingMean SM=0.4/0.7 LC=0.2
RF,RollingMean,0.4,0.7,0.55,0.3,20.39,23.21,64.5,65.6,24,RF+RollingMean SM=0.4/0.7 LC=0.3
RF,RollingMean,0.4,0.7,0.55,0.4,20.24,23.94,65.0,65.4,24,RF+RollingMean SM=0.4/0.7 LC=0.4
RF,RollingMean,0.4,0.7,0.55,0.5,20.18,24.13,64.5,65.2,24,RF+RollingMean SM=0.4/0.7 LC=0.5
RF,RollingMean,0.4,0.7,0.55,0.6,20.2,23.81,64.3,64.6,22,RF+RollingMean SM=0.4/0.7 LC=0.6
RF,RollingMean,0.4,0.7,0.55,0.7,20.29,22.99,63.2,63.8,22,RF+RollingMean SM=0.4/0.7 LC=0.7
RF,RollingMean,0.4,0.8,0.6,0.2,20.58,21.57,64.4,65.4,25,RF+RollingMean SM=0.4/0.8 LC=0.2
RF,RollingMean,0.4,0.8,0.6,0.3,20.32,23.07,64.4,65.4,25,RF+RollingMean SM=0.4/0.8 LC=0.3
RF,RollingMean,0.4,0.8,0.6,0.4,20.18,23.81,64.9,65.2,25,RF+RollingMean SM=0.4/0.8 LC=0.4
RF,RollingMean,0.4,0.8,0.6,0.5,20.11,23.99,64.5,65.0,25,RF+RollingMean SM=0.4/0.8 LC=0.5
RF,RollingMean,0.4,0.8,0.6,0.6,20.13,23.67,64.2,64.4,23,RF+RollingMean SM=0.4/0.8 LC=0.6
RF,RollingMean,0.4,0.8,0.6,0.7,20.23,22.85,63.1,63.6,23,RF+RollingMean SM=0.4/0.8 LC=0.7
RF,RollingMean,0.4,0.9,0.65,0.2,20.56,21.33,64.1,64.6,23,RF+RollingMean SM=0.4/0.9 LC=0.2
RF,RollingMean,0.4,0.9,0.65,0.3,20.31,22.83,64.1,64.6,23,RF+RollingMean SM=0.4/0.9 LC=0.3
RF,RollingMean,0.4,0.9,0.65,0.4,20.16,23.57,64.6,64.4,23,RF+RollingMean SM=0.4/0.9 LC=0.4
RF,RollingMean,0.4,0.9,0.65,0.5,20.1,23.75,64.2,64.2,23,RF+RollingMean SM=0.4/0.9 LC=0.5
RF,RollingMean,0.4,0.9,0.65,0.6,20.12,23.43,63.9,63.6,21,RF+RollingMean SM=0.4/0.9 LC=0.6
RF,RollingMean,0.4,0.9,0.65,0.7,20.21,22.61,62.9,62.8,21,RF+RollingMean SM=0.4/0.9 LC=0.7
RF,RollingMean,0.4,1.0,0.7,0.2,20.62,21.01,63.7,63.6,23,RF+RollingMean SM=0.4/1.0 LC=0.2
RF,RollingMean,0.4,1.0,0.7,0.3,20.36,22.52,63.7,63.6,23,RF+RollingMean SM=0.4/1.0 LC=0.3
RF,RollingMean,0.4,1.0,0.7,0.4,20.21,23.25,64.3,63.4,23,RF+RollingMean SM=0.4/1.0 LC=0.4
RF,RollingMean,0.4,1.0,0.7,0.5,20.15,23.44,63.8,63.2,23,RF+RollingMean SM=0.4/1.0 LC=0.5
RF,RollingMean,0.4,1.0,0.7,0.6,20.17,23.12,63.5,62.6,21,RF+RollingMean SM=0.4/1.0 LC=0.6
RF,RollingMean,0.4,1.0,0.7,0.7,20.26,22.29,62.5,61.7,21,RF+RollingMean SM=0.4/1.0 LC=0.7
RF,RollingMean,0.5,0.5,0.5,0.2,21.02,21.57,64.6,65.4,26,RF+RollingMean SM=0.5/0.5 LC=0.2
RF,RollingMean,0.5,0.5,0.5,0.3,20.77,23.08,64.7,65.4,26,RF+RollingMean SM=0.5/0.5 LC=0.3
RF,RollingMean,0.5,0.5,0.5,0.4,20.62,23.81,65.2,65.2,26,RF+RollingMean SM=0.5/0.5 LC=0.4
RF,RollingMean,0.5,0.5,0.5,0.5,20.56,24.0,64.8,65.0,26,RF+RollingMean SM=0.5/0.5 LC=0.5
RF,RollingMean,0.5,0.5,0.5,0.6,20.58,23.68,64.5,64.4,24,RF+RollingMean SM=0.5/0.5 LC=0.6
RF,RollingMean,0.5,0.5,0.5,0.7,20.67,22.86,63.4,63.6,24,RF+RollingMean SM=0.5/0.5 LC=0.7
RF,RollingMean,0.5,0.6,0.55,0.2,20.81,21.68,64.5,65.4,25,RF+RollingMean SM=0.5/0.6 LC=0.2
RF,RollingMean,0.5,0.6,0.55,0.3,20.56,23.18,64.5,65.4,25,RF+RollingMean SM=0.5/0.6 LC=0.3
RF,RollingMean,0.5,0.6,0.55,0.4,20.41,23.92,65.0,65.2,25,RF+RollingMean SM=0.5/0.6 LC=0.4
RF,RollingMean,0.5,0.6,0.55,0.5,20.35,24.1,64.6,65.0,25,RF+RollingMean SM=0.5/0.6 LC=0.5
RF,RollingMean,0.5,0.6,0.55,0.6,20.36,23.79,64.3,64.4,23,RF+RollingMean SM=0.5/0.6 LC=0.6
RF,RollingMean,0.5,0.6,0.55,0.7,20.46,22.96,63.2,63.6,23,RF+RollingMean SM=0.5/0.6 LC=0.7
RF,RollingMean,0.5,0.7,0.6,0.2,20.67,21.69,64.4,65.6,24,RF+RollingMean SM=0.5/0.7 LC=0.2
RF,RollingMean,0.5,0.7,0.6,0.3,20.41,23.19,64.5,65.6,24,RF+RollingMean SM=0.5/0.7 LC=0.3
RF,RollingMean,0.5,0.7,0.6,0.4,20.27,23.92,65.0,65.4,24,RF+RollingMean SM=0.5/0.7 LC=0.4
RF,RollingMean,0.5,0.7,0.6,0.5,20.21,24.11,64.5,65.2,24,RF+RollingMean SM=0.5/0.7 LC=0.5
RF,RollingMean,0.5,0.7,0.6,0.6,20.22,23.79,64.3,64.6,22,RF+RollingMean SM=0.5/0.7 LC=0.6
RF,RollingMean,0.5,0.7,0.6,0.7,20.32,22.97,63.2,63.8,22,RF+RollingMean SM=0.5/0.7 LC=0.7
RF,RollingMean,0.5,0.8,0.65,0.2,20.61,21.55,64.4,65.4,25,RF+RollingMean SM=0.5/0.8 LC=0.2
RF,RollingMean,0.5,0.8,0.65,0.3,20.35,23.05,64.4,65.4,25,RF+RollingMean SM=0.5/0.8 LC=0.3
RF,RollingMean,0.5,0.8,0.65,0.4,20.21,23.78,64.9,65.2,25,RF+RollingMean SM=0.5/0.8 LC=0.4
RF,RollingMean,0.5,0.8,0.65,0.5,20.14,23.97,64.5,65.0,25,RF+RollingMean SM=0.5/0.8 LC=0.5
RF,RollingMean,0.5,0.8,0.65,0.6,20.16,23.65,64.2,64.4,23,RF+RollingMean SM=0.5/0.8 LC=0.6
RF,RollingMean,0.5,0.8,0.65,0.7,20.25,22.83,63.1,63.6,23,RF+RollingMean SM=0.5/0.8 LC=0.7
RF,RollingMean,0.5,0.9,0.7,0.2,20.59,21.31,64.1,64.6,23,RF+RollingMean SM=0.5/0.9 LC=0.2
RF,RollingMean,0.5,0.9,0.7,0.3,20.34,22.81,64.1,64.6,23,RF+RollingMean SM=0.5/0.9 LC=0.3
RF,RollingMean,0.5,0.9,0.7,0.4,20.19,23.54,64.6,64.4,23,RF+RollingMean SM=0.5/0.9 LC=0.4
RF,RollingMean,0.5,0.9,0.7,0.5,20.13,23.73,64.2,64.2,23,RF+RollingMean SM=0.5/0.9 LC=0.5
RF,RollingMean,0.5,0.9,0.7,0.6,20.14,23.41,63.9,63.6,21,RF+RollingMean SM=0.5/0.9 LC=0.6
RF,RollingMean,0.5,0.9,0.7,0.7,20.24,22.59,62.9,62.8,21,RF+RollingMean SM=0.5/0.9 LC=0.7
RF,RollingMean,0.5,1.0,0.75,0.2,20.64,20.99,63.7,63.6,23,RF+RollingMean SM=0.5/1.0 LC=0.2
RF,RollingMean,0.5,1.0,0.75,0.3,20.39,22.49,63.8,63.6,23,RF+RollingMean SM=0.5/1.0 LC=0.3
RF,RollingMean,0.5,1.0,0.75,0.4,20.24,23.23,64.3,63.4,23,RF+RollingMean SM=0.5/1.0 LC=0.4
RF,RollingMean,0.5,1.0,0.75,0.5,20.18,23.41,63.9,63.2,23,RF+RollingMean SM=0.5/1.0 LC=0.5
RF,RollingMean,0.5,1.0,0.75,0.6,20.2,23.1,63.6,62.6,21,RF+RollingMean SM=0.5/1.0 LC=0.6
RF,RollingMean,0.5,1.0,0.75,0.7,20.29,22.27,62.5,61.7,21,RF+RollingMean SM=0.5/1.0 LC=0.7
RF,RollingMean,0.6,0.5,0.55,0.2,21.07,21.52,64.2,65.4,25,RF+RollingMean SM=0.6/0.5 LC=0.2
RF,RollingMean,0.6,0.5,0.55,0.3,20.81,23.02,64.3,65.4,25,RF+RollingMean SM=0.6/0.5 LC=0.3
RF,RollingMean,0.6,0.5,0.55,0.4,20.66,23.75,64.8,65.2,25,RF+RollingMean SM=0.6/0.5 LC=0.4
RF,RollingMean,0.6,0.5,0.55,0.5,20.6,23.94,64.3,65.0,25,RF+RollingMean SM=0.6/0.5 LC=0.5
RF,RollingMean,0.6,0.5,0.55,0.6,20.62,23.62,64.0,64.4,23,RF+RollingMean SM=0.6/0.5 LC=0.6
RF,RollingMean,0.6,0.5,0.55,0.7,20.71,22.8,63.0,63.6,23,RF+RollingMean SM=0.6/0.5 LC=0.7
RF,RollingMean,0.6,0.6,0.6,0.2,20.86,21.62,64.0,65.4,24,RF+RollingMean SM=0.6/0.6 LC=0.2
RF,RollingMean,0.6,0.6,0.6,0.3,20.6,23.12,64.1,65.4,24,RF+RollingMean SM=0.6/0.6 LC=0.3
RF,RollingMean,0.6,0.6,0.6,0.4,20.45,23.86,64.6,65.2,24,RF+RollingMean SM=0.6/0.6 LC=0.4
RF,RollingMean,0.6,0.6,0.6,0.5,20.39,24.05,64.1,65.0,24,RF+RollingMean SM=0.6/0.6 LC=0.5
RF,RollingMean,0.6,0.6,0.6,0.6,20.41,23.73,63.9,64.4,22,RF+RollingMean SM=0.6/0.6 LC=0.6
RF,RollingMean,0.6,0.6,0.6,0.7,20.5,22.9,62.8,63.6,22,RF+RollingMean SM=0.6/0.6 LC=0.7
RF,RollingMean,0.6,0.7,0.65,0.2,20.72,21.62,64.0,65.6,23,RF+RollingMean SM=0.6/0.7 LC=0.2
RF,RollingMean,0.6,0.7,0.65,0.3,20.46,23.13,64.0,65.6,23,RF+RollingMean SM=0.6/0.7 LC=0.3
RF,RollingMean,0.6,0.7,0.65,0.4,20.32,23.86,64.5,65.4,23,RF+RollingMean SM=0.6/0.7 LC=0.4
RF,RollingMean,0.6,0.7,0.65,0.5,20.25,24.05,64.1,65.2,23,RF+RollingMean SM=0.6/0.7 LC=0.5
RF,RollingMean,0.6,0.7,0.65,0.6,20.27,23.73,63.8,64.6,21,RF+RollingMean SM=0.6/0.7 LC=0.6
RF,RollingMean,0.6,0.7,0.65,0.7,20.37,22.91,62.7,63.8,21,RF+RollingMean SM=0.6/0.7 LC=0.7
RF,RollingMean,0.6,0.8,0.7,0.2,20.66,21.48,63.9,65.4,24,RF+RollingMean SM=0.6/0.8 LC=0.2
RF,RollingMean,0.6,0.8,0.7,0.3,20.4,22.99,64.0,65.4,24,RF+RollingMean SM=0.6/0.8 LC=0.3
RF,RollingMean,0.6,0.8,0.7,0.4,20.25,23.72,64.5,65.2,24,RF+RollingMean SM=0.6/0.8 LC=0.4
RF,RollingMean,0.6,0.8,0.7,0.5,20.19,23.91,64.0,65.0,24,RF+RollingMean SM=0.6/0.8 LC=0.5
RF,RollingMean,0.6,0.8,0.7,0.6,20.21,23.59,63.7,64.4,22,RF+RollingMean SM=0.6/0.8 LC=0.6
RF,RollingMean,0.6,0.8,0.7,0.7,20.3,22.76,62.7,63.6,22,RF+RollingMean SM=0.6/0.8 LC=0.7
RF,RollingMean,0.6,0.9,0.75,0.2,20.64,21.24,63.7,64.6,23,RF+RollingMean SM=0.6/0.9 LC=0.2
RF,RollingMean,0.6,0.9,0.75,0.3,20.38,22.75,63.7,64.6,23,RF+RollingMean SM=0.6/0.9 LC=0.3
RF,RollingMean,0.6,0.9,0.75,0.4,20.24,23.48,64.3,64.4,23,RF+RollingMean SM=0.6/0.9 LC=0.4
RF,RollingMean,0.6,0.9,0.75,0.5,20.17,23.67,63.8,64.2,23,RF+RollingMean SM=0.6/0.9 LC=0.5
RF,RollingMean,0.6,0.9,0.75,0.6,20.19,23.35,63.5,63.6,21,RF+RollingMean SM=0.6/0.9 LC=0.6
RF,RollingMean,0.6,0.9,0.75,0.7,20.29,22.52,62.5,62.8,21,RF+RollingMean SM=0.6/0.9 LC=0.7
RF,RollingMean,0.6,1.0,0.8,0.2,20.69,20.92,63.2,63.6,23,RF+RollingMean SM=0.6/1.0 LC=0.2
RF,RollingMean,0.6,1.0,0.8,0.3,20.44,22.43,63.3,63.6,23,RF+RollingMean SM=0.6/1.0 LC=0.3
RF,RollingMean,0.6,1.0,0.8,0.4,20.29,23.16,63.8,63.4,23,RF+RollingMean SM=0.6/1.0 LC=0.4
RF,RollingMean,0.6,1.0,0.8,0.5,20.23,23.35,63.4,63.2,23,RF+RollingMean SM=0.6/1.0 LC=0.5
RF,RollingMean,0.6,1.0,0.8,0.6,20.25,23.03,63.1,62.6,21,RF+RollingMean SM=0.6/1.0 LC=0.6
RF,RollingMean,0.6,1.0,0.8,0.7,20.34,22.21,62.0,61.7,21,RF+RollingMean SM=0.6/1.0 LC=0.7
RF,RollingMean,0.7,0.5,0.6,0.2,21.13,21.43,63.7,65.4,24,RF+RollingMean SM=0.7/0.5 LC=0.2
RF,RollingMean,0.7,0.5,0.6,0.3,20.87,22.94,63.8,65.4,24,RF+RollingMean SM=0.7/0.5 LC=0.3
RF,RollingMean,0.7,0.5,0.6,0.4,20.72,23.67,64.3,65.2,24,RF+RollingMean SM=0.7/0.5 LC=0.4
RF,RollingMean,0.7,0.5,0.6,0.5,20.66,23.86,63.9,65.0,24,RF+RollingMean SM=0.7/0.5 LC=0.5
RF,RollingMean,0.7,0.5,0.6,0.6,20.68,23.54,63.6,64.4,22,RF+RollingMean SM=0.7/0.5 LC=0.6
RF,RollingMean,0.7,0.5,0.6,0.7,20.77,22.72,62.5,63.6,22,RF+RollingMean SM=0.7/0.5 LC=0.7
RF,RollingMean,0.7,0.6,0.65,0.2,20.92,21.54,63.6,65.4,23,RF+RollingMean SM=0.7/0.6 LC=0.2
RF,RollingMean,0.7,0.6,0.65,0.3,20.66,23.04,63.6,65.4,23,RF+RollingMean SM=0.7/0.6 LC=0.3
RF,RollingMean,0.7,0.6,0.65,0.4,20.51,23.77,64.1,65.2,23,RF+RollingMean SM=0.7/0.6 LC=0.4
RF,RollingMean,0.7,0.6,0.65,0.5,20.45,23.96,63.7,65.0,23,RF+RollingMean SM=0.7/0.6 LC=0.5
RF,RollingMean,0.7,0.6,0.65,0.6,20.47,23.64,63.4,64.4,21,RF+RollingMean SM=0.7/0.6 LC=0.6
RF,RollingMean,0.7,0.6,0.65,0.7,20.56,22.82,62.3,63.6,21,RF+RollingMean SM=0.7/0.6 LC=0.7
RF,RollingMean,0.7,0.7,0.7,0.2,20.78,21.54,63.5,65.6,23,RF+RollingMean SM=0.7/0.7 LC=0.2
RF,RollingMean,0.7,0.7,0.7,0.3,20.52,23.04,63.6,65.6,23,RF+RollingMean SM=0.7/0.7 LC=0.3
RF,RollingMean,0.7,0.7,0.7,0.4,20.38,23.78,64.1,65.4,23,RF+RollingMean SM=0.7/0.7 LC=0.4
RF,RollingMean,0.7,0.7,0.7,0.5,20.31,23.96,63.6,65.2,23,RF+RollingMean SM=0.7/0.7 LC=0.5
RF,RollingMean,0.7,0.7,0.7,0.6,20.33,23.65,63.4,64.6,21,RF+RollingMean SM=0.7/0.7 LC=0.6
RF,RollingMean,0.7,0.7,0.7,0.7,20.43,22.82,62.3,63.8,21,RF+RollingMean SM=0.7/0.7 LC=0.7
RF,RollingMean,0.7,0.8,0.75,0.2,20.72,21.4,63.5,65.4,24,RF+RollingMean SM=0.7/0.8 LC=0.2
RF,RollingMean,0.7,0.8,0.75,0.3,20.46,22.9,63.6,65.4,24,RF+RollingMean SM=0.7/0.8 LC=0.3
RF,RollingMean,0.7,0.8,0.75,0.4,20.32,23.64,64.1,65.2,24,RF+RollingMean SM=0.7/0.8 LC=0.4
RF,RollingMean,0.7,0.8,0.75,0.5,20.25,23.82,63.6,65.0,24,RF+RollingMean SM=0.7/0.8 LC=0.5
RF,RollingMean,0.7,0.8,0.75,0.6,20.27,23.5,63.4,64.4,22,RF+RollingMean SM=0.7/0.8 LC=0.6
RF,RollingMean,0.7,0.8,0.75,0.7,20.36,22.68,62.3,63.6,22,RF+RollingMean SM=0.7/0.8 LC=0.7
RF,RollingMean,0.7,0.9,0.8,0.2,20.7,21.15,63.2,64.6,23,RF+RollingMean SM=0.7/0.9 LC=0.2
RF,RollingMean,0.7,0.9,0.8,0.3,20.45,22.66,63.2,64.6,23,RF+RollingMean SM=0.7/0.9 LC=0.3
RF,RollingMean,0.7,0.9,0.8,0.4,20.3,23.39,63.7,64.4,23,RF+RollingMean SM=0.7/0.9 LC=0.4
RF,RollingMean,0.7,0.9,0.8,0.5,20.24,23.58,63.3,64.2,23,RF+RollingMean SM=0.7/0.9 LC=0.5
RF,RollingMean,0.7,0.9,0.8,0.6,20.26,23.26,63.0,63.6,21,RF+RollingMean SM=0.7/0.9 LC=0.6
RF,RollingMean,0.7,0.9,0.8,0.7,20.35,22.44,62.0,62.8,21,RF+RollingMean SM=0.7/0.9 LC=0.7
RF,RollingMean,0.7,1.0,0.85,0.2,20.76,20.83,62.9,63.6,23,RF+RollingMean SM=0.7/1.0 LC=0.2
RF,RollingMean,0.7,1.0,0.85,0.3,20.5,22.34,62.9,63.6,23,RF+RollingMean SM=0.7/1.0 LC=0.3
RF,RollingMean,0.7,1.0,0.85,0.4,20.35,23.07,63.4,63.4,23,RF+RollingMean SM=0.7/1.0 LC=0.4
RF,RollingMean,0.7,1.0,0.85,0.5,20.29,23.26,63.0,63.2,23,RF+RollingMean SM=0.7/1.0 LC=0.5
RF,RollingMean,0.7,1.0,0.85,0.6,20.31,22.94,62.7,62.6,21,RF+RollingMean SM=0.7/1.0 LC=0.6
RF,RollingMean,0.7,1.0,0.85,0.7,20.4,22.12,61.6,61.7,21,RF+RollingMean SM=0.7/1.0 LC=0.7
LGB+RF,ARIMA,0.3,0.5,0.4,0.2,20.96,21.52,63.4,65.2,25,LGB+RF+ARIMA SM=0.3/0.5 LC=0.2
LGB+RF,ARIMA,0.3,0.5,0.4,0.3,20.82,22.35,63.2,65.2,25,LGB+RF+ARIMA SM=0.3/0.5 LC=0.3
LGB+RF,ARIMA,0.3,0.5,0.4,0.4,20.74,22.78,63.4,65.4,24,LGB+RF+ARIMA SM=0.3/0.5 LC=0.4
LGB+RF,ARIMA,0.3,0.5,0.4,0.5,20.73,22.74,63.6,65.8,24,LGB+RF+ARIMA SM=0.3/0.5 LC=0.5
LGB+RF,ARIMA,0.3,0.5,0.4,0.6,20.78,22.25,62.9,65.4,24,LGB+RF+ARIMA SM=0.3/0.5 LC=0.6
LGB+RF,ARIMA,0.3,0.5,0.4,0.7,20.86,21.47,62.1,63.8,23,LGB+RF+ARIMA SM=0.3/0.5 LC=0.7
LGB+RF,ARIMA,0.3,0.6,0.45,0.2,20.78,21.6,63.4,64.4,25,LGB+RF+ARIMA SM=0.3/0.6 LC=0.2
LGB+RF,ARIMA,0.3,0.6,0.45,0.3,20.64,22.43,63.2,64.4,25,LGB+RF+ARIMA SM=0.3/0.6 LC=0.3
LGB+RF,ARIMA,0.3,0.6,0.45,0.4,20.56,22.86,63.4,64.6,24,LGB+RF+ARIMA SM=0.3/0.6 LC=0.4
LGB+RF,ARIMA,0.3,0.6,0.45,0.5,20.55,22.82,63.6,65.0,24,LGB+RF+ARIMA SM=0.3/0.6 LC=0.5
LGB+RF,ARIMA,0.3,0.6,0.45,0.6,20.6,22.33,62.9,64.6,24,LGB+RF+ARIMA SM=0.3/0.6 LC=0.6
LGB+RF,ARIMA,0.3,0.6,0.45,0.7,20.68,21.55,62.1,63.0,23,LGB+RF+ARIMA SM=0.3/0.6 LC=0.7
LGB+RF,ARIMA,0.3,0.7,0.5,0.2,20.66,21.59,63.3,64.0,24,LGB+RF+ARIMA SM=0.3/0.7 LC=0.2
LGB+RF,ARIMA,0.3,0.7,0.5,0.3,20.52,22.43,63.1,64.0,24,LGB+RF+ARIMA SM=0.3/0.7 LC=0.3
LGB+RF,ARIMA,0.3,0.7,0.5,0.4,20.44,22.86,63.2,64.2,23,LGB+RF+ARIMA SM=0.3/0.7 LC=0.4
LGB+RF,ARIMA,0.3,0.7,0.5,0.5,20.43,22.82,63.5,64.6,23,LGB+RF+ARIMA SM=0.3/0.7 LC=0.5
LGB+RF,ARIMA,0.3,0.7,0.5,0.6,20.48,22.32,62.7,64.2,23,LGB+RF+ARIMA SM=0.3/0.7 LC=0.6
LGB+RF,ARIMA,0.3,0.7,0.5,0.7,20.56,21.54,62.0,62.6,22,LGB+RF+ARIMA SM=0.3/0.7 LC=0.7
LGB+RF,ARIMA,0.3,0.8,0.55,0.2,20.6,21.5,63.5,64.4,25,LGB+RF+ARIMA SM=0.3/0.8 LC=0.2
LGB+RF,ARIMA,0.3,0.8,0.55,0.3,20.45,22.33,63.3,64.4,25,LGB+RF+ARIMA SM=0.3/0.8 LC=0.3
LGB+RF,ARIMA,0.3,0.8,0.55,0.4,20.38,22.76,63.4,64.6,24,LGB+RF+ARIMA SM=0.3/0.8 LC=0.4
LGB+RF,ARIMA,0.3,0.8,0.55,0.5,20.36,22.72,63.7,65.0,24,LGB+RF+ARIMA SM=0.3/0.8 LC=0.5
LGB+RF,ARIMA,0.3,0.8,0.55,0.6,20.41,22.23,62.9,64.6,24,LGB+RF+ARIMA SM=0.3/0.8 LC=0.6
LGB+RF,ARIMA,0.3,0.8,0.55,0.7,20.5,21.45,62.2,63.0,23,LGB+RF+ARIMA SM=0.3/0.8 LC=0.7
LGB+RF,ARIMA,0.3,0.9,0.6,0.2,20.58,21.3,63.1,63.4,24,LGB+RF+ARIMA SM=0.3/0.9 LC=0.2
LGB+RF,ARIMA,0.3,0.9,0.6,0.3,20.44,22.13,63.0,63.4,24,LGB+RF+ARIMA SM=0.3/0.9 LC=0.3
LGB+RF,ARIMA,0.3,0.9,0.6,0.4,20.36,22.56,63.1,63.6,23,LGB+RF+ARIMA SM=0.3/0.9 LC=0.4
LGB+RF,ARIMA,0.3,0.9,0.6,0.5,20.35,22.52,63.4,64.0,23,LGB+RF+ARIMA SM=0.3/0.9 LC=0.5
LGB+RF,ARIMA,0.3,0.9,0.6,0.6,20.4,22.03,62.6,63.6,23,LGB+RF+ARIMA SM=0.3/0.9 LC=0.6
LGB+RF,ARIMA,0.3,0.9,0.6,0.7,20.48,21.25,61.8,61.9,22,LGB+RF+ARIMA SM=0.3/0.9 LC=0.7
LGB+RF,ARIMA,0.3,1.0,0.65,0.2,20.65,21.0,62.7,62.6,24,LGB+RF+ARIMA SM=0.3/1.0 LC=0.2
LGB+RF,ARIMA,0.3,1.0,0.65,0.3,20.51,21.84,62.6,62.6,24,LGB+RF+ARIMA SM=0.3/1.0 LC=0.3
LGB+RF,ARIMA,0.3,1.0,0.65,0.4,20.43,22.27,62.7,62.8,23,LGB+RF+ARIMA SM=0.3/1.0 LC=0.4
LGB+RF,ARIMA,0.3,1.0,0.65,0.5,20.42,22.23,63.0,63.2,23,LGB+RF+ARIMA SM=0.3/1.0 LC=0.5
LGB+RF,ARIMA,0.3,1.0,0.65,0.6,20.47,21.73,62.2,62.8,23,LGB+RF+ARIMA SM=0.3/1.0 LC=0.6
LGB+RF,ARIMA,0.3,1.0,0.65,0.7,20.55,20.95,61.4,61.1,22,LGB+RF+ARIMA SM=0.3/1.0 LC=0.7
LGB+RF,ARIMA,0.4,0.5,0.45,0.2,21.0,21.48,63.5,65.2,24,LGB+RF+ARIMA SM=0.4/0.5 LC=0.2
LGB+RF,ARIMA,0.4,0.5,0.45,0.3,20.86,22.32,63.3,65.2,24,LGB+RF+ARIMA SM=0.4/0.5 LC=0.3
LGB+RF,ARIMA,0.4,0.5,0.45,0.4,20.78,22.75,63.4,65.4,23,LGB+RF+ARIMA SM=0.4/0.5 LC=0.4
LGB+RF,ARIMA,0.4,0.5,0.45,0.5,20.77,22.7,63.7,65.8,23,LGB+RF+ARIMA SM=0.4/0.5 LC=0.5
LGB+RF,ARIMA,0.4,0.5,0.45,0.6,20.82,22.21,62.9,65.4,23,LGB+RF+ARIMA SM=0.4/0.5 LC=0.6
LGB+RF,ARIMA,0.4,0.5,0.45,0.7,20.9,21.43,62.2,63.8,22,LGB+RF+ARIMA SM=0.4/0.5 LC=0.7
LGB+RF,ARIMA,0.4,0.6,0.5,0.2,20.82,21.56,63.4,64.4,25,LGB+RF+ARIMA SM=0.4/0.6 LC=0.2
LGB+RF,ARIMA,0.4,0.6,0.5,0.3,20.68,22.39,63.2,64.4,25,LGB+RF+ARIMA SM=0.4/0.6 LC=0.3
LGB+RF,ARIMA,0.4,0.6,0.5,0.4,20.6,22.82,63.4,64.6,24,LGB+RF+ARIMA SM=0.4/0.6 LC=0.4
LGB+RF,ARIMA,0.4,0.6,0.5,0.5,20.59,22.78,63.6,65.0,24,LGB+RF+ARIMA SM=0.4/0.6 LC=0.5
LGB+RF,ARIMA,0.4,0.6,0.5,0.6,20.64,22.29,62.9,64.6,24,LGB+RF+ARIMA SM=0.4/0.6 LC=0.6
LGB+RF,ARIMA,0.4,0.6,0.5,0.7,20.72,21.51,62.1,63.0,23,LGB+RF+ARIMA SM=0.4/0.6 LC=0.7
LGB+RF,ARIMA,0.4,0.7,0.55,0.2,20.7,21.56,63.4,64.0,24,LGB+RF+ARIMA SM=0.4/0.7 LC=0.2
LGB+RF,ARIMA,0.4,0.7,0.55,0.3,20.56,22.39,63.2,64.0,24,LGB+RF+ARIMA SM=0.4/0.7 LC=0.3
LGB+RF,ARIMA,0.4,0.7,0.55,0.4,20.48,22.82,63.3,64.2,23,LGB+RF+ARIMA SM=0.4/0.7 LC=0.4
LGB+RF,ARIMA,0.4,0.7,0.55,0.5,20.47,22.78,63.6,64.6,23,LGB+RF+ARIMA SM=0.4/0.7 LC=0.5
LGB+RF,ARIMA,0.4,0.7,0.55,0.6,20.52,22.29,62.8,64.2,23,LGB+RF+ARIMA SM=0.4/0.7 LC=0.6
LGB+RF,ARIMA,0.4,0.7,0.55,0.7,20.6,21.51,62.1,62.6,22,LGB+RF+ARIMA SM=0.4/0.7 LC=0.7
LGB+RF,ARIMA,0.4,0.8,0.6,0.2,20.64,21.46,63.5,64.4,25,LGB+RF+ARIMA SM=0.4/0.8 LC=0.2
LGB+RF,ARIMA,0.4,0.8,0.6,0.3,20.49,22.3,63.4,64.4,25,LGB+RF+ARIMA SM=0.4/0.8 LC=0.3
LGB+RF,ARIMA,0.4,0.8,0.6,0.4,20.42,22.72,63.5,64.6,24,LGB+RF+ARIMA SM=0.4/0.8 LC=0.4
LGB+RF,ARIMA,0.4,0.8,0.6,0.5,20.4,22.68,63.7,65.0,24,LGB+RF+ARIMA SM=0.4/0.8 LC=0.5
LGB+RF,ARIMA,0.4,0.8,0.6,0.6,20.45,22.19,63.0,64.6,24,LGB+RF+ARIMA SM=0.4/0.8 LC=0.6
LGB+RF,ARIMA,0.4,0.8,0.6,0.7,20.54,21.41,62.2,63.0,23,LGB+RF+ARIMA SM=0.4/0.8 LC=0.7
LGB+RF,ARIMA,0.4,0.9,0.65,0.2,20.62,21.26,63.2,63.4,24,LGB+RF+ARIMA SM=0.4/0.9 LC=0.2
LGB+RF,ARIMA,0.4,0.9,0.65,0.3,20.48,22.09,63.0,63.4,24,LGB+RF+ARIMA SM=0.4/0.9 LC=0.3
LGB+RF,ARIMA,0.4,0.9,0.65,0.4,20.4,22.52,63.1,63.6,23,LGB+RF+ARIMA SM=0.4/0.9 LC=0.4
LGB+RF,ARIMA,0.4,0.9,0.65,0.5,20.39,22.48,63.4,64.0,23,LGB+RF+ARIMA SM=0.4/0.9 LC=0.5
LGB+RF,ARIMA,0.4,0.9,0.65,0.6,20.44,21.99,62.6,63.6,23,LGB+RF+ARIMA SM=0.4/0.9 LC=0.6
LGB+RF,ARIMA,0.4,0.9,0.65,0.7,20.52,21.21,61.9,61.9,22,LGB+RF+ARIMA SM=0.4/0.9 LC=0.7
LGB+RF,ARIMA,0.4,1.0,0.7,0.2,20.69,20.96,62.9,62.6,24,LGB+RF+ARIMA SM=0.4/1.0 LC=0.2
LGB+RF,ARIMA,0.4,1.0,0.7,0.3,20.55,21.8,62.7,62.6,24,LGB+RF+ARIMA SM=0.4/1.0 LC=0.3
LGB+RF,ARIMA,0.4,1.0,0.7,0.4,20.47,22.23,62.8,62.8,23,LGB+RF+ARIMA SM=0.4/1.0 LC=0.4
LGB+RF,ARIMA,0.4,1.0,0.7,0.5,20.46,22.19,63.1,63.2,23,LGB+RF+ARIMA SM=0.4/1.0 LC=0.5
LGB+RF,ARIMA,0.4,1.0,0.7,0.6,20.51,21.69,62.3,62.8,23,LGB+RF+ARIMA SM=0.4/1.0 LC=0.6
LGB+RF,ARIMA,0.4,1.0,0.7,0.7,20.59,20.91,61.6,61.1,22,LGB+RF+ARIMA SM=0.4/1.0 LC=0.7
LGB+RF,ARIMA,0.5,0.5,0.5,0.2,21.04,21.44,63.2,65.2,24,LGB+RF+ARIMA SM=0.5/0.5 LC=0.2
LGB+RF,ARIMA,0.5,0.5,0.5,0.3,20.9,22.27,63.1,65.2,24,LGB+RF+ARIMA SM=0.5/0.5 LC=0.3
LGB+RF,ARIMA,0.5,0.5,0.5,0.4,20.83,22.7,63.2,65.4,23,LGB+RF+ARIMA SM=0.5/0.5 LC=0.4
LGB+RF,ARIMA,0.5,0.5,0.5,0.5,20.81,22.66,63.5,65.8,23,LGB+RF+ARIMA SM=0.5/0.5 LC=0.5
LGB+RF,ARIMA,0.5,0.5,0.5,0.6,20.86,22.17,62.7,65.4,23,LGB+RF+ARIMA SM=0.5/0.5 LC=0.6
LGB+RF,ARIMA,0.5,0.5,0.5,0.7,20.95,21.39,62.0,63.8,22,LGB+RF+ARIMA SM=0.5/0.5 LC=0.7
LGB+RF,ARIMA,0.5,0.6,0.55,0.2,20.86,21.51,63.2,64.4,25,LGB+RF+ARIMA SM=0.5/0.6 LC=0.2
LGB+RF,ARIMA,0.5,0.6,0.55,0.3,20.72,22.35,63.1,64.4,25,LGB+RF+ARIMA SM=0.5/0.6 LC=0.3
LGB+RF,ARIMA,0.5,0.6,0.55,0.4,20.65,22.78,63.2,64.6,24,LGB+RF+ARIMA SM=0.5/0.6 LC=0.4
LGB+RF,ARIMA,0.5,0.6,0.55,0.5,20.63,22.74,63.5,65.0,24,LGB+RF+ARIMA SM=0.5/0.6 LC=0.5
LGB+RF,ARIMA,0.5,0.6,0.55,0.6,20.68,22.24,62.7,64.6,24,LGB+RF+ARIMA SM=0.5/0.6 LC=0.6
LGB+RF,ARIMA,0.5,0.6,0.55,0.7,20.77,21.46,62.0,63.0,23,LGB+RF+ARIMA SM=0.5/0.6 LC=0.7
LGB+RF,ARIMA,0.5,0.7,0.6,0.2,20.75,21.51,63.2,64.0,24,LGB+RF+ARIMA SM=0.5/0.7 LC=0.2
LGB+RF,ARIMA,0.5,0.7,0.6,0.3,20.6,22.35,63.0,64.0,24,LGB+RF+ARIMA SM=0.5/0.7 LC=0.3
LGB+RF,ARIMA,0.5,0.7,0.6,0.4,20.53,22.78,63.1,64.2,23,LGB+RF+ARIMA SM=0.5/0.7 LC=0.4
LGB+RF,ARIMA,0.5,0.7,0.6,0.5,20.51,22.73,63.4,64.6,23,LGB+RF+ARIMA SM=0.5/0.7 LC=0.5
LGB+RF,ARIMA,0.5,0.7,0.6,0.6,20.57,22.24,62.6,64.2,23,LGB+RF+ARIMA SM=0.5/0.7 LC=0.6
LGB+RF,ARIMA,0.5,0.7,0.6,0.7,20.65,21.46,61.9,62.6,22,LGB+RF+ARIMA SM=0.5/0.7 LC=0.7
LGB+RF,ARIMA,0.5,0.8,0.65,0.2,20.68,21.41,63.4,64.4,25,LGB+RF+ARIMA SM=0.5/0.8 LC=0.2
LGB+RF,ARIMA,0.5,0.8,0.65,0.3,20.54,22.25,63.2,64.4,25,LGB+RF+ARIMA SM=0.5/0.8 LC=0.3
LGB+RF,ARIMA,0.5,0.8,0.65,0.4,20.46,22.68,63.3,64.6,24,LGB+RF+ARIMA SM=0.5/0.8 LC=0.4
LGB+RF,ARIMA,0.5,0.8,0.65,0.5,20.45,22.64,63.6,65.0,24,LGB+RF+ARIMA SM=0.5/0.8 LC=0.5
LGB+RF,ARIMA,0.5,0.8,0.65,0.6,20.5,22.14,62.8,64.6,24,LGB+RF+ARIMA SM=0.5/0.8 LC=0.6
LGB+RF,ARIMA,0.5,0.8,0.65,0.7,20.58,21.36,62.1,63.0,23,LGB+RF+ARIMA SM=0.5/0.8 LC=0.7
LGB+RF,ARIMA,0.5,0.9,0.7,0.2,20.67,21.21,63.1,63.4,24,LGB+RF+ARIMA SM=0.5/0.9 LC=0.2
LGB+RF,ARIMA,0.5,0.9,0.7,0.3,20.53,22.04,62.9,63.4,24,LGB+RF+ARIMA SM=0.5/0.9 LC=0.3
LGB+RF,ARIMA,0.5,0.9,0.7,0.4,20.45,22.47,63.0,63.6,23,LGB+RF+ARIMA SM=0.5/0.9 LC=0.4
LGB+RF,ARIMA,0.5,0.9,0.7,0.5,20.44,22.43,63.3,64.0,23,LGB+RF+ARIMA SM=0.5/0.9 LC=0.5
LGB+RF,ARIMA,0.5,0.9,0.7,0.6,20.49,21.94,62.5,63.6,23,LGB+RF+ARIMA SM=0.5/0.9 LC=0.6
LGB+RF,ARIMA,0.5,0.9,0.7,0.7,20.57,21.16,61.8,61.9,22,LGB+RF+ARIMA SM=0.5/0.9 LC=0.7
LGB+RF,ARIMA,0.5,1.0,0.75,0.2,20.74,20.91,62.7,62.6,24,LGB+RF+ARIMA SM=0.5/1.0 LC=0.2
LGB+RF,ARIMA,0.5,1.0,0.75,0.3,20.6,21.75,62.5,62.6,24,LGB+RF+ARIMA SM=0.5/1.0 LC=0.3
LGB+RF,ARIMA,0.5,1.0,0.75,0.4,20.52,22.18,62.6,62.8,23,LGB+RF+ARIMA SM=0.5/1.0 LC=0.4
LGB+RF,ARIMA,0.5,1.0,0.75,0.5,20.51,22.14,62.9,63.2,23,LGB+RF+ARIMA SM=0.5/1.0 LC=0.5
LGB+RF,ARIMA,0.5,1.0,0.75,0.6,20.56,21.64,62.1,62.8,23,LGB+RF+ARIMA SM=0.5/1.0 LC=0.6
LGB+RF,ARIMA,0.5,1.0,0.75,0.7,20.64,20.86,61.4,61.1,22,LGB+RF+ARIMA SM=0.5/1.0 LC=0.7
LGB+RF,ARIMA,0.6,0.5,0.55,0.2,21.09,21.38,63.0,65.2,24,LGB+RF+ARIMA SM=0.6/0.5 LC=0.2
LGB+RF,ARIMA,0.6,0.5,0.55,0.3,20.95,22.22,62.8,65.2,24,LGB+RF+ARIMA SM=0.6/0.5 LC=0.3
LGB+RF,ARIMA,0.6,0.5,0.55,0.4,20.87,22.65,62.9,65.4,23,LGB+RF+ARIMA SM=0.6/0.5 LC=0.4
LGB+RF,ARIMA,0.6,0.5,0.55,0.5,20.86,22.61,63.2,65.8,23,LGB+RF+ARIMA SM=0.6/0.5 LC=0.5
LGB+RF,ARIMA,0.6,0.5,0.55,0.6,20.91,22.11,62.4,65.4,23,LGB+RF+ARIMA SM=0.6/0.5 LC=0.6
LGB+RF,ARIMA,0.6,0.5,0.55,0.7,20.99,21.33,61.7,63.8,22,LGB+RF+ARIMA SM=0.6/0.5 LC=0.7
LGB+RF,ARIMA,0.6,0.6,0.6,0.2,20.91,21.46,63.0,64.4,24,LGB+RF+ARIMA SM=0.6/0.6 LC=0.2
LGB+RF,ARIMA,0.6,0.6,0.6,0.3,20.77,22.3,62.8,64.4,24,LGB+RF+ARIMA SM=0.6/0.6 LC=0.3
LGB+RF,ARIMA,0.6,0.6,0.6,0.4,20.69,22.73,62.9,64.6,23,LGB+RF+ARIMA SM=0.6/0.6 LC=0.4
LGB+RF,ARIMA,0.6,0.6,0.6,0.5,20.68,22.68,63.2,65.0,23,LGB+RF+ARIMA SM=0.6/0.6 LC=0.5
LGB+RF,ARIMA,0.6,0.6,0.6,0.6,20.73,22.19,62.4,64.6,23,LGB+RF+ARIMA SM=0.6/0.6 LC=0.6
LGB+RF,ARIMA,0.6,0.6,0.6,0.7,20.81,21.41,61.7,63.0,22,LGB+RF+ARIMA SM=0.6/0.6 LC=0.7
LGB+RF,ARIMA,0.6,0.7,0.65,0.2,20.8,21.45,62.9,64.0,24,LGB+RF+ARIMA SM=0.6/0.7 LC=0.2
LGB+RF,ARIMA,0.6,0.7,0.65,0.3,20.65,22.29,62.7,64.0,24,LGB+RF+ARIMA SM=0.6/0.7 LC=0.3
LGB+RF,ARIMA,0.6,0.7,0.65,0.4,20.58,22.72,62.9,64.2,23,LGB+RF+ARIMA SM=0.6/0.7 LC=0.4
LGB+RF,ARIMA,0.6,0.7,0.65,0.5,20.56,22.68,63.1,64.6,23,LGB+RF+ARIMA SM=0.6/0.7 LC=0.5
LGB+RF,ARIMA,0.6,0.7,0.65,0.6,20.61,22.18,62.3,64.2,23,LGB+RF+ARIMA SM=0.6/0.7 LC=0.6
LGB+RF,ARIMA,0.6,0.7,0.65,0.7,20.7,21.4,61.6,62.6,22,LGB+RF+ARIMA SM=0.6/0.7 LC=0.7
LGB+RF,ARIMA,0.6,0.8,0.7,0.2,20.73,21.35,63.1,64.4,24,LGB+RF+ARIMA SM=0.6/0.8 LC=0.2
LGB+RF,ARIMA,0.6,0.8,0.7,0.3,20.59,22.19,63.0,64.4,24,LGB+RF+ARIMA SM=0.6/0.8 LC=0.3
LGB+RF,ARIMA,0.6,0.8,0.7,0.4,20.51,22.62,63.1,64.6,23,LGB+RF+ARIMA SM=0.6/0.8 LC=0.4
LGB+RF,ARIMA,0.6,0.8,0.7,0.5,20.5,22.58,63.4,65.0,23,LGB+RF+ARIMA SM=0.6/0.8 LC=0.5
LGB+RF,ARIMA,0.6,0.8,0.7,0.6,20.55,22.08,62.6,64.6,23,LGB+RF+ARIMA SM=0.6/0.8 LC=0.6
LGB+RF,ARIMA,0.6,0.8,0.7,0.7,20.63,21.3,61.8,63.0,22,LGB+RF+ARIMA SM=0.6/0.8 LC=0.7
LGB+RF,ARIMA,0.6,0.9,0.75,0.2,20.72,21.15,62.8,63.4,24,LGB+RF+ARIMA SM=0.6/0.9 LC=0.2
LGB+RF,ARIMA,0.6,0.9,0.75,0.3,20.58,21.99,62.6,63.4,24,LGB+RF+ARIMA SM=0.6/0.9 LC=0.3
LGB+RF,ARIMA,0.6,0.9,0.75,0.4,20.5,22.41,62.7,63.6,23,LGB+RF+ARIMA SM=0.6/0.9 LC=0.4
LGB+RF,ARIMA,0.6,0.9,0.75,0.5,20.49,22.37,63.0,64.0,23,LGB+RF+ARIMA SM=0.6/0.9 LC=0.5
LGB+RF,ARIMA,0.6,0.9,0.75,0.6,20.54,21.88,62.2,63.6,23,LGB+RF+ARIMA SM=0.6/0.9 LC=0.6
LGB+RF,ARIMA,0.6,0.9,0.75,0.7,20.62,21.1,61.5,61.9,22,LGB+RF+ARIMA SM=0.6/0.9 LC=0.7
LGB+RF,ARIMA,0.6,1.0,0.8,0.2,20.79,20.85,62.3,62.6,24,LGB+RF+ARIMA SM=0.6/1.0 LC=0.2
LGB+RF,ARIMA,0.6,1.0,0.8,0.3,20.65,21.69,62.2,62.6,24,LGB+RF+ARIMA SM=0.6/1.0 LC=0.3
LGB+RF,ARIMA,0.6,1.0,0.8,0.4,20.57,22.12,62.3,62.8,23,LGB+RF+ARIMA SM=0.6/1.0 LC=0.4
LGB+RF,ARIMA,0.6,1.0,0.8,0.5,20.56,22.08,62.6,63.2,23,LGB+RF+ARIMA SM=0.6/1.0 LC=0.5
LGB+RF,ARIMA,0.6,1.0,0.8,0.6,20.61,21.58,61.8,62.8,23,LGB+RF+ARIMA SM=0.6/1.0 LC=0.6
LGB+RF,ARIMA,0.6,1.0,0.8,0.7,20.69,20.8,61.1,61.1,22,LGB+RF+ARIMA SM=0.6/1.0 LC=0.7
LGB+RF,ARIMA,0.7,0.5,0.6,0.2,21.15,21.31,62.6,65.2,24,LGB+RF+ARIMA SM=0.7/0.5 LC=0.2
LGB+RF,ARIMA,0.7,0.5,0.6,0.3,21.01,22.15,62.4,65.2,24,LGB+RF+ARIMA SM=0.7/0.5 LC=0.3
LGB+RF,ARIMA,0.7,0.5,0.6,0.4,20.93,22.58,62.5,65.4,23,LGB+RF+ARIMA SM=0.7/0.5 LC=0.4
LGB+RF,ARIMA,0.7,0.5,0.6,0.5,20.92,22.54,62.8,65.8,23,LGB+RF+ARIMA SM=0.7/0.5 LC=0.5
LGB+RF,ARIMA,0.7,0.5,0.6,0.6,20.97,22.04,62.0,65.4,23,LGB+RF+ARIMA SM=0.7/0.5 LC=0.6
LGB+RF,ARIMA,0.7,0.5,0.6,0.7,21.05,21.26,61.3,63.8,22,LGB+RF+ARIMA SM=0.7/0.5 LC=0.7
LGB+RF,ARIMA,0.7,0.6,0.65,0.2,20.97,21.39,62.6,64.4,24,LGB+RF+ARIMA SM=0.7/0.6 LC=0.2
LGB+RF,ARIMA,0.7,0.6,0.65,0.3,20.83,22.23,62.4,64.4,24,LGB+RF+ARIMA SM=0.7/0.6 LC=0.3
LGB+RF,ARIMA,0.7,0.6,0.65,0.4,20.75,22.65,62.5,64.6,23,LGB+RF+ARIMA SM=0.7/0.6 LC=0.4
LGB+RF,ARIMA,0.7,0.6,0.65,0.5,20.74,22.61,62.8,65.0,23,LGB+RF+ARIMA SM=0.7/0.6 LC=0.5
LGB+RF,ARIMA,0.7,0.6,0.65,0.6,20.79,22.12,62.0,64.6,23,LGB+RF+ARIMA SM=0.7/0.6 LC=0.6
LGB+RF,ARIMA,0.7,0.6,0.65,0.7,20.87,21.34,61.3,63.0,22,LGB+RF+ARIMA SM=0.7/0.6 LC=0.7
LGB+RF,ARIMA,0.7,0.7,0.7,0.2,20.85,21.38,62.6,64.0,24,LGB+RF+ARIMA SM=0.7/0.7 LC=0.2
LGB+RF,ARIMA,0.7,0.7,0.7,0.3,20.71,22.22,62.4,64.0,24,LGB+RF+ARIMA SM=0.7/0.7 LC=0.3
LGB+RF,ARIMA,0.7,0.7,0.7,0.4,20.63,22.65,62.5,64.2,23,LGB+RF+ARIMA SM=0.7/0.7 LC=0.4
LGB+RF,ARIMA,0.7,0.7,0.7,0.5,20.62,22.61,62.8,64.6,23,LGB+RF+ARIMA SM=0.7/0.7 LC=0.5
LGB+RF,ARIMA,0.7,0.7,0.7,0.6,20.67,22.11,62.0,64.2,23,LGB+RF+ARIMA SM=0.7/0.7 LC=0.6
LGB+RF,ARIMA,0.7,0.7,0.7,0.7,20.75,21.33,61.3,62.6,22,LGB+RF+ARIMA SM=0.7/0.7 LC=0.7
LGB+RF,ARIMA,0.7,0.8,0.75,0.2,20.79,21.28,62.7,64.4,24,LGB+RF+ARIMA SM=0.7/0.8 LC=0.2
LGB+RF,ARIMA,0.7,0.8,0.75,0.3,20.65,22.12,62.6,64.4,24,LGB+RF+ARIMA SM=0.7/0.8 LC=0.3
LGB+RF,ARIMA,0.7,0.8,0.75,0.4,20.57,22.55,62.7,64.6,23,LGB+RF+ARIMA SM=0.7/0.8 LC=0.4
LGB+RF,ARIMA,0.7,0.8,0.75,0.5,20.56,22.5,63.0,65.0,23,LGB+RF+ARIMA SM=0.7/0.8 LC=0.5
LGB+RF,ARIMA,0.7,0.8,0.75,0.6,20.61,22.01,62.2,64.6,23,LGB+RF+ARIMA SM=0.7/0.8 LC=0.6
LGB+RF,ARIMA,0.7,0.8,0.75,0.7,20.69,21.23,61.4,63.0,22,LGB+RF+ARIMA SM=0.7/0.8 LC=0.7
LGB+RF,ARIMA,0.7,0.9,0.8,0.2,20.78,21.08,62.3,63.4,24,LGB+RF+ARIMA SM=0.7/0.9 LC=0.2
LGB+RF,ARIMA,0.7,0.9,0.8,0.3,20.64,21.91,62.2,63.4,24,LGB+RF+ARIMA SM=0.7/0.9 LC=0.3
LGB+RF,ARIMA,0.7,0.9,0.8,0.4,20.56,22.34,62.3,63.6,23,LGB+RF+ARIMA SM=0.7/0.9 LC=0.4
LGB+RF,ARIMA,0.7,0.9,0.8,0.5,20.55,22.3,62.6,64.0,23,LGB+RF+ARIMA SM=0.7/0.9 LC=0.5
LGB+RF,ARIMA,0.7,0.9,0.8,0.6,20.6,21.81,61.8,63.6,23,LGB+RF+ARIMA SM=0.7/0.9 LC=0.6
LGB+RF,ARIMA,0.7,0.9,0.8,0.7,20.68,21.03,61.1,61.9,22,LGB+RF+ARIMA SM=0.7/0.9 LC=0.7
LGB+RF,ARIMA,0.7,1.0,0.85,0.2,20.85,20.78,61.9,62.6,23,LGB+RF+ARIMA SM=0.7/1.0 LC=0.2
LGB+RF,ARIMA,0.7,1.0,0.85,0.3,20.71,21.62,61.7,62.6,23,LGB+RF+ARIMA SM=0.7/1.0 LC=0.3
LGB+RF,ARIMA,0.7,1.0,0.85,0.4,20.63,22.05,61.8,62.8,22,LGB+RF+ARIMA SM=0.7/1.0 LC=0.4
LGB+RF,ARIMA,0.7,1.0,0.85,0.5,20.62,22.0,62.1,63.2,22,LGB+RF+ARIMA SM=0.7/1.0 LC=0.5
LGB+RF,ARIMA,0.7,1.0,0.85,0.6,20.67,21.51,61.3,62.8,22,LGB+RF+ARIMA SM=0.7/1.0 LC=0.6
LGB+RF,ARIMA,0.7,1.0,0.85,0.7,20.75,20.73,60.6,61.1,21,LGB+RF+ARIMA SM=0.7/1.0 LC=0.7
LGB+RF,SARIMAX,0.3,0.5,0.4,0.2,23.27,4.28,60.3,59.5,20,LGB+RF+SARIMAX SM=0.3/0.5 LC=0.2
LGB+RF,SARIMAX,0.3,0.5,0.4,0.3,22.82,7.67,60.7,60.3,21,LGB+RF+SARIMAX SM=0.3/0.5 LC=0.3
LGB+RF,SARIMAX,0.3,0.5,0.4,0.4,22.41,10.75,60.7,60.3,21,LGB+RF+SARIMAX SM=0.3/0.5 LC=0.4
LGB+RF,SARIMAX,0.3,0.5,0.4,0.5,22.09,13.25,60.5,61.1,22,LGB+RF+SARIMAX SM=0.3/0.5 LC=0.5
LGB+RF,SARIMAX,0.3,0.5,0.4,0.6,21.82,15.26,60.8,61.1,22,LGB+RF+SARIMAX SM=0.3/0.5 LC=0.6
LGB+RF,SARIMAX,0.3,0.5,0.4,0.7,21.62,16.71,60.4,60.5,23,LGB+RF+SARIMAX SM=0.3/0.5 LC=0.7
LGB+RF,SARIMAX,0.3,0.6,0.45,0.2,23.05,4.53,60.1,59.5,19,LGB+RF+SARIMAX SM=0.3/0.6 LC=0.2
LGB+RF,SARIMAX,0.3,0.6,0.45,0.3,22.59,7.92,60.4,60.3,20,LGB+RF+SARIMAX SM=0.3/0.6 LC=0.3
LGB+RF,SARIMAX,0.3,0.6,0.45,0.4,22.18,11.0,60.4,60.3,20,LGB+RF+SARIMAX SM=0.3/0.6 LC=0.4
LGB+RF,SARIMAX,0.3,0.6,0.45,0.5,21.86,13.5,60.3,61.1,21,LGB+RF+SARIMAX SM=0.3/0.6 LC=0.5
LGB+RF,SARIMAX,0.3,0.6,0.45,0.6,21.59,15.51,60.5,61.1,21,LGB+RF+SARIMAX SM=0.3/0.6 LC=0.6
LGB+RF,SARIMAX,0.3,0.6,0.45,0.7,21.39,16.96,60.2,60.5,22,LGB+RF+SARIMAX SM=0.3/0.6 LC=0.7
LGB+RF,SARIMAX,0.3,0.7,0.5,0.2,22.87,4.7,60.3,59.9,19,LGB+RF+SARIMAX SM=0.3/0.7 LC=0.2
LGB+RF,SARIMAX,0.3,0.7,0.5,0.3,22.41,8.1,60.6,60.7,20,LGB+RF+SARIMAX SM=0.3/0.7 LC=0.3
LGB+RF,SARIMAX,0.3,0.7,0.5,0.4,22.0,11.17,60.6,60.7,20,LGB+RF+SARIMAX SM=0.3/0.7 LC=0.4
LGB+RF,SARIMAX,0.3,0.7,0.5,0.5,21.68,13.68,60.5,61.5,21,LGB+RF+SARIMAX SM=0.3/0.7 LC=0.5
LGB+RF,SARIMAX,0.3,0.7,0.5,0.6,21.41,15.69,60.7,61.5,21,LGB+RF+SARIMAX SM=0.3/0.7 LC=0.6
LGB+RF,SARIMAX,0.3,0.7,0.5,0.7,21.21,17.14,60.3,60.9,22,LGB+RF+SARIMAX SM=0.3/0.7 LC=0.7
LGB+RF,SARIMAX,0.3,0.8,0.55,0.2,22.75,4.76,60.6,60.1,20,LGB+RF+SARIMAX SM=0.3/0.8 LC=0.2
LGB+RF,SARIMAX,0.3,0.8,0.55,0.3,22.29,8.15,60.9,60.9,21,LGB+RF+SARIMAX SM=0.3/0.8 LC=0.3
LGB+RF,SARIMAX,0.3,0.8,0.55,0.4,21.88,11.23,60.9,60.9,21,LGB+RF+SARIMAX SM=0.3/0.8 LC=0.4
LGB+RF,SARIMAX,0.3,0.8,0.55,0.5,21.56,13.73,60.8,61.7,22,LGB+RF+SARIMAX SM=0.3/0.8 LC=0.5
LGB+RF,SARIMAX,0.3,0.8,0.55,0.6,21.29,15.74,61.1,61.7,22,LGB+RF+SARIMAX SM=0.3/0.8 LC=0.6
LGB+RF,SARIMAX,0.3,0.8,0.55,0.7,21.09,17.19,60.7,61.1,23,LGB+RF+SARIMAX SM=0.3/0.8 LC=0.7
LGB+RF,SARIMAX,0.3,0.9,0.6,0.2,22.71,4.65,60.7,60.3,20,LGB+RF+SARIMAX SM=0.3/0.9 LC=0.2
LGB+RF,SARIMAX,0.3,0.9,0.6,0.3,22.26,8.05,61.1,61.1,21,LGB+RF+SARIMAX SM=0.3/0.9 LC=0.3
LGB+RF,SARIMAX,0.3,0.9,0.6,0.4,21.85,11.12,61.1,61.1,21,LGB+RF+SARIMAX SM=0.3/0.9 LC=0.4
LGB+RF,SARIMAX,0.3,0.9,0.6,0.5,21.53,13.63,60.9,61.9,22,LGB+RF+SARIMAX SM=0.3/0.9 LC=0.5
LGB+RF,SARIMAX,0.3,0.9,0.6,0.6,21.25,15.64,61.2,61.9,22,LGB+RF+SARIMAX SM=0.3/0.9 LC=0.6
LGB+RF,SARIMAX,0.3,0.9,0.6,0.7,21.06,17.09,60.8,61.3,23,LGB+RF+SARIMAX SM=0.3/0.9 LC=0.7
LGB+RF,SARIMAX,0.3,1.0,0.65,0.2,22.8,4.36,60.2,59.1,19,LGB+RF+SARIMAX SM=0.3/1.0 LC=0.2
LGB+RF,SARIMAX,0.3,1.0,0.65,0.3,22.34,7.75,60.5,59.9,20,LGB+RF+SARIMAX SM=0.3/1.0 LC=0.3
LGB+RF,SARIMAX,0.3,1.0,0.65,0.4,21.94,10.82,60.5,59.9,20,LGB+RF+SARIMAX SM=0.3/1.0 LC=0.4
LGB+RF,SARIMAX,0.3,1.0,0.65,0.5,21.61,13.33,60.4,60.7,21,LGB+RF+SARIMAX SM=0.3/1.0 LC=0.5
LGB+RF,SARIMAX,0.3,1.0,0.65,0.6,21.34,15.34,60.6,60.7,21,LGB+RF+SARIMAX SM=0.3/1.0 LC=0.6
LGB+RF,SARIMAX,0.3,1.0,0.65,0.7,21.14,16.79,60.2,60.1,22,LGB+RF+SARIMAX SM=0.3/1.0 LC=0.7
LGB+RF,SARIMAX,0.4,0.5,0.45,0.2,23.27,4.33,60.2,59.5,19,LGB+RF+SARIMAX SM=0.4/0.5 LC=0.2
LGB+RF,SARIMAX,0.4,0.5,0.45,0.3,22.82,7.73,60.5,60.3,20,LGB+RF+SARIMAX SM=0.4/0.5 LC=0.3
LGB+RF,SARIMAX,0.4,0.5,0.45,0.4,22.41,10.8,60.5,60.3,20,LGB+RF+SARIMAX SM=0.4/0.5 LC=0.4
LGB+RF,SARIMAX,0.4,0.5,0.45,0.5,22.08,13.31,60.4,61.1,21,LGB+RF+SARIMAX SM=0.4/0.5 LC=0.5
LGB+RF,SARIMAX,0.4,0.5,0.45,0.6,21.81,15.32,60.7,61.1,21,LGB+RF+SARIMAX SM=0.4/0.5 LC=0.6
LGB+RF,SARIMAX,0.4,0.5,0.45,0.7,21.62,16.77,60.3,60.5,22,LGB+RF+SARIMAX SM=0.4/0.5 LC=0.7
LGB+RF,SARIMAX,0.4,0.6,0.5,0.2,23.04,4.59,60.0,59.5,19,LGB+RF+SARIMAX SM=0.4/0.6 LC=0.2
LGB+RF,SARIMAX,0.4,0.6,0.5,0.3,22.59,7.98,60.4,60.3,20,LGB+RF+SARIMAX SM=0.4/0.6 LC=0.3
LGB+RF,SARIMAX,0.4,0.6,0.5,0.4,22.18,11.06,60.4,60.3,20,LGB+RF+SARIMAX SM=0.4/0.6 LC=0.4
LGB+RF,SARIMAX,0.4,0.6,0.5,0.5,21.85,13.56,60.3,61.1,21,LGB+RF+SARIMAX SM=0.4/0.6 LC=0.5
LGB+RF,SARIMAX,0.4,0.6,0.5,0.6,21.58,15.57,60.5,61.1,21,LGB+RF+SARIMAX SM=0.4/0.6 LC=0.6
LGB+RF,SARIMAX,0.4,0.6,0.5,0.7,21.39,17.02,60.1,60.5,22,LGB+RF+SARIMAX SM=0.4/0.6 LC=0.7
LGB+RF,SARIMAX,0.4,0.7,0.55,0.2,22.86,4.76,60.3,59.9,19,LGB+RF+SARIMAX SM=0.4/0.7 LC=0.2
LGB+RF,SARIMAX,0.4,0.7,0.55,0.3,22.41,8.15,60.6,60.7,20,LGB+RF+SARIMAX SM=0.4/0.7 LC=0.3
LGB+RF,SARIMAX,0.4,0.7,0.55,0.4,22.0,11.23,60.6,60.7,20,LGB+RF+SARIMAX SM=0.4/0.7 LC=0.4
LGB+RF,SARIMAX,0.4,0.7,0.55,0.5,21.67,13.73,60.5,61.5,21,LGB+RF+SARIMAX SM=0.4/0.7 LC=0.5
LGB+RF,SARIMAX,0.4,0.7,0.55,0.6,21.4,15.74,60.7,61.5,21,LGB+RF+SARIMAX SM=0.4/0.7 LC=0.6
LGB+RF,SARIMAX,0.4,0.7,0.55,0.7,21.21,17.19,60.3,60.9,22,LGB+RF+SARIMAX SM=0.4/0.7 LC=0.7
LGB+RF,SARIMAX,0.4,0.8,0.6,0.2,22.75,4.81,60.6,60.1,20,LGB+RF+SARIMAX SM=0.4/0.8 LC=0.2
LGB+RF,SARIMAX,0.4,0.8,0.6,0.3,22.29,8.2,60.9,60.9,21,LGB+RF+SARIMAX SM=0.4/0.8 LC=0.3
LGB+RF,SARIMAX,0.4,0.8,0.6,0.4,21.88,11.28,60.9,60.9,21,LGB+RF+SARIMAX SM=0.4/0.8 LC=0.4
LGB+RF,SARIMAX,0.4,0.8,0.6,0.5,21.56,13.78,60.8,61.7,22,LGB+RF+SARIMAX SM=0.4/0.8 LC=0.5
LGB+RF,SARIMAX,0.4,0.8,0.6,0.6,21.29,15.79,61.1,61.7,22,LGB+RF+SARIMAX SM=0.4/0.8 LC=0.6
LGB+RF,SARIMAX,0.4,0.8,0.6,0.7,21.09,17.24,60.7,61.1,23,LGB+RF+SARIMAX SM=0.4/0.8 LC=0.7
LGB+RF,SARIMAX,0.4,0.9,0.65,0.2,22.71,4.71,60.6,60.3,20,LGB+RF+SARIMAX SM=0.4/0.9 LC=0.2
LGB+RF,SARIMAX,0.4,0.9,0.65,0.3,22.26,8.1,60.9,61.1,21,LGB+RF+SARIMAX SM=0.4/0.9 LC=0.3
LGB+RF,SARIMAX,0.4,0.9,0.65,0.4,21.85,11.18,60.9,61.1,21,LGB+RF+SARIMAX SM=0.4/0.9 LC=0.4
LGB+RF,SARIMAX,0.4,0.9,0.65,0.5,21.52,13.68,60.8,61.9,22,LGB+RF+SARIMAX SM=0.4/0.9 LC=0.5
LGB+RF,SARIMAX,0.4,0.9,0.65,0.6,21.25,15.69,61.1,61.9,22,LGB+RF+SARIMAX SM=0.4/0.9 LC=0.6
LGB+RF,SARIMAX,0.4,0.9,0.65,0.7,21.06,17.14,60.7,61.3,23,LGB+RF+SARIMAX SM=0.4/0.9 LC=0.7
LGB+RF,SARIMAX,0.4,1.0,0.7,0.2,22.8,4.41,60.2,59.1,19,LGB+RF+SARIMAX SM=0.4/1.0 LC=0.2
LGB+RF,SARIMAX,0.4,1.0,0.7,0.3,22.34,7.8,60.5,59.9,20,LGB+RF+SARIMAX SM=0.4/1.0 LC=0.3
LGB+RF,SARIMAX,0.4,1.0,0.7,0.4,21.94,10.88,60.5,59.9,20,LGB+RF+SARIMAX SM=0.4/1.0 LC=0.4
LGB+RF,SARIMAX,0.4,1.0,0.7,0.5,21.61,13.38,60.4,60.7,21,LGB+RF+SARIMAX SM=0.4/1.0 LC=0.5
LGB+RF,SARIMAX,0.4,1.0,0.7,0.6,21.34,15.39,60.6,60.7,21,LGB+RF+SARIMAX SM=0.4/1.0 LC=0.6
LGB+RF,SARIMAX,0.4,1.0,0.7,0.7,21.14,16.84,60.2,60.1,22,LGB+RF+SARIMAX SM=0.4/1.0 LC=0.7
LGB+RF,SARIMAX,0.5,0.5,0.5,0.2,23.28,4.37,60.0,59.5,19,LGB+RF+SARIMAX SM=0.5/0.5 LC=0.2
LGB+RF,SARIMAX,0.5,0.5,0.5,0.3,22.82,7.77,60.4,60.3,20,LGB+RF+SARIMAX SM=0.5/0.5 LC=0.3
LGB+RF,SARIMAX,0.5,0.5,0.5,0.4,22.41,10.84,60.4,60.3,20,LGB+RF+SARIMAX SM=0.5/0.5 LC=0.4
LGB+RF,SARIMAX,0.5,0.5,0.5,0.5,22.09,13.34,60.3,61.1,21,LGB+RF+SARIMAX SM=0.5/0.5 LC=0.5
LGB+RF,SARIMAX,0.5,0.5,0.5,0.6,21.82,15.35,60.5,61.1,21,LGB+RF+SARIMAX SM=0.5/0.5 LC=0.6
LGB+RF,SARIMAX,0.5,0.5,0.5,0.7,21.62,16.81,60.1,60.5,22,LGB+RF+SARIMAX SM=0.5/0.5 LC=0.7
LGB+RF,SARIMAX,0.5,0.6,0.55,0.2,23.05,4.62,59.9,59.5,19,LGB+RF+SARIMAX SM=0.5/0.6 LC=0.2
LGB+RF,SARIMAX,0.5,0.6,0.55,0.3,22.59,8.02,60.3,60.3,20,LGB+RF+SARIMAX SM=0.5/0.6 LC=0.3
LGB+RF,SARIMAX,0.5,0.6,0.55,0.4,22.19,11.09,60.3,60.3,20,LGB+RF+SARIMAX SM=0.5/0.6 LC=0.4
LGB+RF,SARIMAX,0.5,0.6,0.55,0.5,21.86,13.6,60.2,61.1,21,LGB+RF+SARIMAX SM=0.5/0.6 LC=0.5
LGB+RF,SARIMAX,0.5,0.6,0.55,0.6,21.59,15.61,60.4,61.1,21,LGB+RF+SARIMAX SM=0.5/0.6 LC=0.6
LGB+RF,SARIMAX,0.5,0.6,0.55,0.7,21.39,17.06,60.0,60.5,22,LGB+RF+SARIMAX SM=0.5/0.6 LC=0.7
LGB+RF,SARIMAX,0.5,0.7,0.6,0.2,22.87,4.8,60.2,59.9,19,LGB+RF+SARIMAX SM=0.5/0.7 LC=0.2
LGB+RF,SARIMAX,0.5,0.7,0.6,0.3,22.42,8.19,60.5,60.7,20,LGB+RF+SARIMAX SM=0.5/0.7 LC=0.3
LGB+RF,SARIMAX,0.5,0.7,0.6,0.4,22.01,11.26,60.5,60.7,20,LGB+RF+SARIMAX SM=0.5/0.7 LC=0.4
LGB+RF,SARIMAX,0.5,0.7,0.6,0.5,21.68,13.77,60.4,61.5,21,LGB+RF+SARIMAX SM=0.5/0.7 LC=0.5
LGB+RF,SARIMAX,0.5,0.7,0.6,0.6,21.41,15.78,60.6,61.5,21,LGB+RF+SARIMAX SM=0.5/0.7 LC=0.6
LGB+RF,SARIMAX,0.5,0.7,0.6,0.7,21.22,17.23,60.2,60.9,22,LGB+RF+SARIMAX SM=0.5/0.7 LC=0.7
LGB+RF,SARIMAX,0.5,0.8,0.65,0.2,22.76,4.85,60.4,60.1,20,LGB+RF+SARIMAX SM=0.5/0.8 LC=0.2
LGB+RF,SARIMAX,0.5,0.8,0.65,0.3,22.3,8.24,60.7,60.9,21,LGB+RF+SARIMAX SM=0.5/0.8 LC=0.3
LGB+RF,SARIMAX,0.5,0.8,0.65,0.4,21.89,11.31,60.7,60.9,21,LGB+RF+SARIMAX SM=0.5/0.8 LC=0.4
LGB+RF,SARIMAX,0.5,0.8,0.65,0.5,21.57,13.82,60.6,61.7,22,LGB+RF+SARIMAX SM=0.5/0.8 LC=0.5
LGB+RF,SARIMAX,0.5,0.8,0.65,0.6,21.3,15.83,60.8,61.7,22,LGB+RF+SARIMAX SM=0.5/0.8 LC=0.6
LGB+RF,SARIMAX,0.5,0.8,0.65,0.7,21.1,17.28,60.4,61.1,23,LGB+RF+SARIMAX SM=0.5/0.8 LC=0.7
LGB+RF,SARIMAX,0.5,0.9,0.7,0.2,22.72,4.74,60.5,60.3,20,LGB+RF+SARIMAX SM=0.5/0.9 LC=0.2
LGB+RF,SARIMAX,0.5,0.9,0.7,0.3,22.27,8.14,60.8,61.1,21,LGB+RF+SARIMAX SM=0.5/0.9 LC=0.3
LGB+RF,SARIMAX,0.5,0.9,0.7,0.4,21.86,11.21,60.8,61.1,21,LGB+RF+SARIMAX SM=0.5/0.9 LC=0.4
LGB+RF,SARIMAX,0.5,0.9,0.7,0.5,21.53,13.71,60.7,61.9,22,LGB+RF+SARIMAX SM=0.5/0.9 LC=0.5
LGB+RF,SARIMAX,0.5,0.9,0.7,0.6,21.26,15.72,60.9,61.9,22,LGB+RF+SARIMAX SM=0.5/0.9 LC=0.6
LGB+RF,SARIMAX,0.5,0.9,0.7,0.7,21.07,17.18,60.5,61.3,23,LGB+RF+SARIMAX SM=0.5/0.9 LC=0.7
LGB+RF,SARIMAX,0.5,1.0,0.75,0.2,22.81,4.44,60.1,59.1,19,LGB+RF+SARIMAX SM=0.5/1.0 LC=0.2
LGB+RF,SARIMAX,0.5,1.0,0.75,0.3,22.35,7.84,60.4,59.9,20,LGB+RF+SARIMAX SM=0.5/1.0 LC=0.3
LGB+RF,SARIMAX,0.5,1.0,0.75,0.4,21.95,10.91,60.4,59.9,20,LGB+RF+SARIMAX SM=0.5/1.0 LC=0.4
LGB+RF,SARIMAX,0.5,1.0,0.75,0.5,21.62,13.42,60.3,60.7,21,LGB+RF+SARIMAX SM=0.5/1.0 LC=0.5
LGB+RF,SARIMAX,0.5,1.0,0.75,0.6,21.35,15.43,60.5,60.7,21,LGB+RF+SARIMAX SM=0.5/1.0 LC=0.6
LGB+RF,SARIMAX,0.5,1.0,0.75,0.7,21.15,16.88,60.2,60.1,22,LGB+RF+SARIMAX SM=0.5/1.0 LC=0.7
LGB+RF,SARIMAX,0.6,0.5,0.55,0.2,23.29,4.4,59.7,59.5,19,LGB+RF+SARIMAX SM=0.6/0.5 LC=0.2
LGB+RF,SARIMAX,0.6,0.5,0.55,0.3,22.84,7.8,60.0,60.3,20,LGB+RF+SARIMAX SM=0.6/0.5 LC=0.3
LGB+RF,SARIMAX,0.6,0.5,0.55,0.4,22.43,10.87,60.0,60.3,20,LGB+RF+SARIMAX SM=0.6/0.5 LC=0.4
LGB+RF,SARIMAX,0.6,0.5,0.55,0.5,22.1,13.37,59.9,61.1,21,LGB+RF+SARIMAX SM=0.6/0.5 LC=0.5
LGB+RF,SARIMAX,0.6,0.5,0.55,0.6,21.83,15.38,60.1,61.1,21,LGB+RF+SARIMAX SM=0.6/0.5 LC=0.6
LGB+RF,SARIMAX,0.6,0.5,0.55,0.7,21.64,16.84,59.7,60.5,22,LGB+RF+SARIMAX SM=0.6/0.5 LC=0.7
LGB+RF,SARIMAX,0.6,0.6,0.6,0.2,23.06,4.65,59.5,59.5,19,LGB+RF+SARIMAX SM=0.6/0.6 LC=0.2
LGB+RF,SARIMAX,0.6,0.6,0.6,0.3,22.61,8.05,59.9,60.3,20,LGB+RF+SARIMAX SM=0.6/0.6 LC=0.3
LGB+RF,SARIMAX,0.6,0.6,0.6,0.4,22.2,11.12,59.9,60.3,20,LGB+RF+SARIMAX SM=0.6/0.6 LC=0.4
LGB+RF,SARIMAX,0.6,0.6,0.6,0.5,21.88,13.62,59.8,61.1,21,LGB+RF+SARIMAX SM=0.6/0.6 LC=0.5
LGB+RF,SARIMAX,0.6,0.6,0.6,0.6,21.61,15.63,60.0,61.1,21,LGB+RF+SARIMAX SM=0.6/0.6 LC=0.6
LGB+RF,SARIMAX,0.6,0.6,0.6,0.7,21.41,17.08,59.6,60.5,22,LGB+RF+SARIMAX SM=0.6/0.6 LC=0.7
LGB+RF,SARIMAX,0.6,0.7,0.65,0.2,22.89,4.82,59.7,59.9,19,LGB+RF+SARIMAX SM=0.6/0.7 LC=0.2
LGB+RF,SARIMAX,0.6,0.7,0.65,0.3,22.43,8.22,60.0,60.7,20,LGB+RF+SARIMAX SM=0.6/0.7 LC=0.3
LGB+RF,SARIMAX,0.6,0.7,0.65,0.4,22.02,11.29,60.0,60.7,20,LGB+RF+SARIMAX SM=0.6/0.7 LC=0.4
LGB+RF,SARIMAX,0.6,0.7,0.65,0.5,21.7,13.79,59.9,61.5,21,LGB+RF+SARIMAX SM=0.6/0.7 LC=0.5
LGB+RF,SARIMAX,0.6,0.7,0.65,0.6,21.43,15.8,60.1,61.5,21,LGB+RF+SARIMAX SM=0.6/0.7 LC=0.6
LGB+RF,SARIMAX,0.6,0.7,0.65,0.7,21.23,17.26,59.7,60.9,22,LGB+RF+SARIMAX SM=0.6/0.7 LC=0.7
LGB+RF,SARIMAX,0.6,0.8,0.7,0.2,22.77,4.87,60.0,60.1,20,LGB+RF+SARIMAX SM=0.6/0.8 LC=0.2
LGB+RF,SARIMAX,0.6,0.8,0.7,0.3,22.32,8.27,60.3,60.9,21,LGB+RF+SARIMAX SM=0.6/0.8 LC=0.3
LGB+RF,SARIMAX,0.6,0.8,0.7,0.4,21.91,11.34,60.3,60.9,21,LGB+RF+SARIMAX SM=0.6/0.8 LC=0.4
LGB+RF,SARIMAX,0.6,0.8,0.7,0.5,21.58,13.84,60.2,61.7,22,LGB+RF+SARIMAX SM=0.6/0.8 LC=0.5
LGB+RF,SARIMAX,0.6,0.8,0.7,0.6,21.31,15.85,60.4,61.7,22,LGB+RF+SARIMAX SM=0.6/0.8 LC=0.6
LGB+RF,SARIMAX,0.6,0.8,0.7,0.7,21.12,17.31,60.0,61.1,23,LGB+RF+SARIMAX SM=0.6/0.8 LC=0.7
LGB+RF,SARIMAX,0.6,0.9,0.75,0.2,22.74,4.77,60.2,60.3,20,LGB+RF+SARIMAX SM=0.6/0.9 LC=0.2
LGB+RF,SARIMAX,0.6,0.9,0.75,0.3,22.28,8.16,60.5,61.1,21,LGB+RF+SARIMAX SM=0.6/0.9 LC=0.3
LGB+RF,SARIMAX,0.6,0.9,0.75,0.4,21.87,11.24,60.5,61.1,21,LGB+RF+SARIMAX SM=0.6/0.9 LC=0.4
LGB+RF,SARIMAX,0.6,0.9,0.75,0.5,21.55,13.74,60.4,61.9,22,LGB+RF+SARIMAX SM=0.6/0.9 LC=0.5
LGB+RF,SARIMAX,0.6,0.9,0.75,0.6,21.28,15.75,60.6,61.9,22,LGB+RF+SARIMAX SM=0.6/0.9 LC=0.6
LGB+RF,SARIMAX,0.6,0.9,0.75,0.7,21.08,17.2,60.2,61.3,23,LGB+RF+SARIMAX SM=0.6/0.9 LC=0.7
LGB+RF,SARIMAX,0.6,1.0,0.8,0.2,22.83,4.47,59.7,59.1,19,LGB+RF+SARIMAX SM=0.6/1.0 LC=0.2
LGB+RF,SARIMAX,0.6,1.0,0.8,0.3,22.37,7.86,60.0,59.9,20,LGB+RF+SARIMAX SM=0.6/1.0 LC=0.3
LGB+RF,SARIMAX,0.6,1.0,0.8,0.4,21.96,10.94,60.0,59.9,20,LGB+RF+SARIMAX SM=0.6/1.0 LC=0.4
LGB+RF,SARIMAX,0.6,1.0,0.8,0.5,21.64,13.44,59.9,60.7,21,LGB+RF+SARIMAX SM=0.6/1.0 LC=0.5
LGB+RF,SARIMAX,0.6,1.0,0.8,0.6,21.37,15.45,60.2,60.7,21,LGB+RF+SARIMAX SM=0.6/1.0 LC=0.6
LGB+RF,SARIMAX,0.6,1.0,0.8,0.7,21.17,16.9,59.8,60.1,22,LGB+RF+SARIMAX SM=0.6/1.0 LC=0.7
LGB+RF,SARIMAX,0.7,0.5,0.6,0.2,23.31,4.41,59.3,59.5,19,LGB+RF+SARIMAX SM=0.7/0.5 LC=0.2
LGB+RF,SARIMAX,0.7,0.5,0.6,0.3,22.86,7.8,59.6,60.3,20,LGB+RF+SARIMAX SM=0.7/0.5 LC=0.3
LGB+RF,SARIMAX,0.7,0.5,0.6,0.4,22.45,10.88,59.6,60.3,20,LGB+RF+SARIMAX SM=0.7/0.5 LC=0.4
LGB+RF,SARIMAX,0.7,0.5,0.6,0.5,22.12,13.38,59.5,61.1,21,LGB+RF+SARIMAX SM=0.7/0.5 LC=0.5
LGB+RF,SARIMAX,0.7,0.5,0.6,0.6,21.85,15.39,59.7,61.1,21,LGB+RF+SARIMAX SM=0.7/0.5 LC=0.6
LGB+RF,SARIMAX,0.7,0.5,0.6,0.7,21.66,16.84,59.3,60.5,22,LGB+RF+SARIMAX SM=0.7/0.5 LC=0.7
LGB+RF,SARIMAX,0.7,0.6,0.65,0.2,23.09,4.66,59.0,59.5,18,LGB+RF+SARIMAX SM=0.7/0.6 LC=0.2
LGB+RF,SARIMAX,0.7,0.6,0.65,0.3,22.63,8.05,59.4,60.3,19,LGB+RF+SARIMAX SM=0.7/0.6 LC=0.3
LGB+RF,SARIMAX,0.7,0.6,0.65,0.4,22.22,11.13,59.4,60.3,19,LGB+RF+SARIMAX SM=0.7/0.6 LC=0.4
LGB+RF,SARIMAX,0.7,0.6,0.65,0.5,21.9,13.63,59.3,61.1,20,LGB+RF+SARIMAX SM=0.7/0.6 LC=0.5
LGB+RF,SARIMAX,0.7,0.6,0.65,0.6,21.63,15.64,59.5,61.1,20,LGB+RF+SARIMAX SM=0.7/0.6 LC=0.6
LGB+RF,SARIMAX,0.7,0.6,0.65,0.7,21.43,17.09,59.1,60.5,21,LGB+RF+SARIMAX SM=0.7/0.6 LC=0.7
LGB+RF,SARIMAX,0.7,0.7,0.7,0.2,22.91,4.83,59.3,59.9,18,LGB+RF+SARIMAX SM=0.7/0.7 LC=0.2
LGB+RF,SARIMAX,0.7,0.7,0.7,0.3,22.45,8.22,59.6,60.7,19,LGB+RF+SARIMAX SM=0.7/0.7 LC=0.3
LGB+RF,SARIMAX,0.7,0.7,0.7,0.4,22.05,11.3,59.6,60.7,19,LGB+RF+SARIMAX SM=0.7/0.7 LC=0.4
LGB+RF,SARIMAX,0.7,0.7,0.7,0.5,21.72,13.8,59.5,61.5,20,LGB+RF+SARIMAX SM=0.7/0.7 LC=0.5
LGB+RF,SARIMAX,0.7,0.7,0.7,0.6,21.45,15.81,59.7,61.5,20,LGB+RF+SARIMAX SM=0.7/0.7 LC=0.6
LGB+RF,SARIMAX,0.7,0.7,0.7,0.7,21.25,17.26,59.3,60.9,21,LGB+RF+SARIMAX SM=0.7/0.7 LC=0.7
LGB+RF,SARIMAX,0.7,0.8,0.75,0.2,22.8,4.88,59.7,60.1,18,LGB+RF+SARIMAX SM=0.7/0.8 LC=0.2
LGB+RF,SARIMAX,0.7,0.8,0.75,0.3,22.34,8.27,60.0,60.9,19,LGB+RF+SARIMAX SM=0.7/0.8 LC=0.3
LGB+RF,SARIMAX,0.7,0.8,0.75,0.4,21.93,11.35,60.0,60.9,19,LGB+RF+SARIMAX SM=0.7/0.8 LC=0.4
LGB+RF,SARIMAX,0.7,0.8,0.75,0.5,21.61,13.85,59.9,61.7,20,LGB+RF+SARIMAX SM=0.7/0.8 LC=0.5
LGB+RF,SARIMAX,0.7,0.8,0.75,0.6,21.34,15.86,60.1,61.7,20,LGB+RF+SARIMAX SM=0.7/0.8 LC=0.6
LGB+RF,SARIMAX,0.7,0.8,0.75,0.7,21.14,17.31,59.7,61.1,21,LGB+RF+SARIMAX SM=0.7/0.8 LC=0.7
LGB+RF,SARIMAX,0.7,0.9,0.8,0.2,22.76,4.78,59.8,60.3,18,LGB+RF+SARIMAX SM=0.7/0.9 LC=0.2
LGB+RF,SARIMAX,0.7,0.9,0.8,0.3,22.31,8.17,60.1,61.1,19,LGB+RF+SARIMAX SM=0.7/0.9 LC=0.3
LGB+RF,SARIMAX,0.7,0.9,0.8,0.4,21.9,11.25,60.1,61.1,19,LGB+RF+SARIMAX SM=0.7/0.9 LC=0.4
LGB+RF,SARIMAX,0.7,0.9,0.8,0.5,21.57,13.75,60.0,61.9,20,LGB+RF+SARIMAX SM=0.7/0.9 LC=0.5
LGB+RF,SARIMAX,0.7,0.9,0.8,0.6,21.3,15.76,60.2,61.9,20,LGB+RF+SARIMAX SM=0.7/0.9 LC=0.6
LGB+RF,SARIMAX,0.7,0.9,0.8,0.7,21.11,17.21,59.8,61.3,21,LGB+RF+SARIMAX SM=0.7/0.9 LC=0.7
LGB+RF,SARIMAX,0.7,1.0,0.85,0.2,22.85,4.47,59.4,59.1,18,LGB+RF+SARIMAX SM=0.7/1.0 LC=0.2
LGB+RF,SARIMAX,0.7,1.0,0.85,0.3,22.39,7.87,59.8,59.9,19,LGB+RF+SARIMAX SM=0.7/1.0 LC=0.3
LGB+RF,SARIMAX,0.7,1.0,0.85,0.4,21.99,10.94,59.8,59.9,19,LGB+RF+SARIMAX SM=0.7/1.0 LC=0.4
LGB+RF,SARIMAX,0.7,1.0,0.85,0.5,21.66,13.45,59.7,60.7,20,LGB+RF+SARIMAX SM=0.7/1.0 LC=0.5
LGB+RF,SARIMAX,0.7,1.0,0.85,0.6,21.39,15.46,59.9,60.7,20,LGB+RF+SARIMAX SM=0.7/1.0 LC=0.6
LGB+RF,SARIMAX,0.7,1.0,0.85,0.7,21.19,16.91,59.5,60.1,21,LGB+RF+SARIMAX SM=0.7/1.0 LC=0.7
LGB+RF,RollingMean,0.3,0.5,0.4,0.2,20.98,21.64,64.8,65.6,26,LGB+RF+RollingMean SM=0.3/0.5 LC=0.2
LGB+RF,RollingMean,0.3,0.5,0.4,0.3,20.72,23.11,65.0,65.6,26,LGB+RF+RollingMean SM=0.3/0.5 LC=0.3
LGB+RF,RollingMean,0.3,0.5,0.4,0.4,20.57,23.89,65.2,65.4,26,LGB+RF+RollingMean SM=0.3/0.5 LC=0.4
LGB+RF,RollingMean,0.3,0.5,0.4,0.5,20.52,24.06,65.4,65.6,25,LGB+RF+RollingMean SM=0.3/0.5 LC=0.5
LGB+RF,RollingMean,0.3,0.5,0.4,0.6,20.55,23.58,64.6,65.2,24,LGB+RF+RollingMean SM=0.3/0.5 LC=0.6
LGB+RF,RollingMean,0.3,0.5,0.4,0.7,20.65,22.64,63.5,64.0,24,LGB+RF+RollingMean SM=0.3/0.5 LC=0.7
LGB+RF,RollingMean,0.3,0.6,0.45,0.2,20.77,21.74,65.0,65.4,26,LGB+RF+RollingMean SM=0.3/0.6 LC=0.2
LGB+RF,RollingMean,0.3,0.6,0.45,0.3,20.51,23.21,65.2,65.4,26,LGB+RF+RollingMean SM=0.3/0.6 LC=0.3
LGB+RF,RollingMean,0.3,0.6,0.45,0.4,20.36,24.0,65.3,65.2,26,LGB+RF+RollingMean SM=0.3/0.6 LC=0.4
LGB+RF,RollingMean,0.3,0.6,0.45,0.5,20.31,24.16,65.5,65.4,25,LGB+RF+RollingMean SM=0.3/0.6 LC=0.5
LGB+RF,RollingMean,0.3,0.6,0.45,0.6,20.35,23.68,64.8,65.0,24,LGB+RF+RollingMean SM=0.3/0.6 LC=0.6
LGB+RF,RollingMean,0.3,0.6,0.45,0.7,20.45,22.74,63.7,63.8,24,LGB+RF+RollingMean SM=0.3/0.6 LC=0.7
LGB+RF,RollingMean,0.3,0.7,0.5,0.2,20.63,21.73,64.6,64.8,25,LGB+RF+RollingMean SM=0.3/0.7 LC=0.2
LGB+RF,RollingMean,0.3,0.7,0.5,0.3,20.38,23.2,64.8,64.8,25,LGB+RF+RollingMean SM=0.3/0.7 LC=0.3
LGB+RF,RollingMean,0.3,0.7,0.5,0.4,20.23,23.99,64.9,64.6,25,LGB+RF+RollingMean SM=0.3/0.7 LC=0.4
LGB+RF,RollingMean,0.3,0.7,0.5,0.5,20.17,24.15,65.2,64.8,24,LGB+RF+RollingMean SM=0.3/0.7 LC=0.5
LGB+RF,RollingMean,0.3,0.7,0.5,0.6,20.21,23.67,64.4,64.4,23,LGB+RF+RollingMean SM=0.3/0.7 LC=0.6
LGB+RF,RollingMean,0.3,0.7,0.5,0.7,20.31,22.73,63.3,63.2,23,LGB+RF+RollingMean SM=0.3/0.7 LC=0.7
LGB+RF,RollingMean,0.3,0.8,0.55,0.2,20.58,21.58,64.3,64.2,25,LGB+RF+RollingMean SM=0.3/0.8 LC=0.2
LGB+RF,RollingMean,0.3,0.8,0.55,0.3,20.32,23.05,64.5,64.2,25,LGB+RF+RollingMean SM=0.3/0.8 LC=0.3
LGB+RF,RollingMean,0.3,0.8,0.55,0.4,20.17,23.83,64.6,64.0,25,LGB+RF+RollingMean SM=0.3/0.8 LC=0.4
LGB+RF,RollingMean,0.3,0.8,0.55,0.5,20.12,24.0,64.8,64.2,24,LGB+RF+RollingMean SM=0.3/0.8 LC=0.5
LGB+RF,RollingMean,0.3,0.8,0.55,0.6,20.15,23.52,64.1,63.8,23,LGB+RF+RollingMean SM=0.3/0.8 LC=0.6
LGB+RF,RollingMean,0.3,0.8,0.55,0.7,20.25,22.58,63.0,62.6,23,LGB+RF+RollingMean SM=0.3/0.8 LC=0.7
LGB+RF,RollingMean,0.3,0.9,0.6,0.2,20.62,21.29,64.2,63.8,25,LGB+RF+RollingMean SM=0.3/0.9 LC=0.2
LGB+RF,RollingMean,0.3,0.9,0.6,0.3,20.36,22.76,64.4,63.8,25,LGB+RF+RollingMean SM=0.3/0.9 LC=0.3
LGB+RF,RollingMean,0.3,0.9,0.6,0.4,20.21,23.54,64.5,63.6,25,LGB+RF+RollingMean SM=0.3/0.9 LC=0.4
LGB+RF,RollingMean,0.3,0.9,0.6,0.5,20.16,23.71,64.8,63.8,24,LGB+RF+RollingMean SM=0.3/0.9 LC=0.5
LGB+RF,RollingMean,0.3,0.9,0.6,0.6,20.19,23.22,64.0,63.4,23,LGB+RF+RollingMean SM=0.3/0.9 LC=0.6
LGB+RF,RollingMean,0.3,0.9,0.6,0.7,20.29,22.28,62.9,62.1,23,LGB+RF+RollingMean SM=0.3/0.9 LC=0.7
LGB+RF,RollingMean,0.3,1.0,0.65,0.2,20.75,20.9,63.5,62.6,25,LGB+RF+RollingMean SM=0.3/1.0 LC=0.2
LGB+RF,RollingMean,0.3,1.0,0.65,0.3,20.49,22.37,63.7,62.6,25,LGB+RF+RollingMean SM=0.3/1.0 LC=0.3
LGB+RF,RollingMean,0.3,1.0,0.65,0.4,20.34,23.15,63.8,62.3,25,LGB+RF+RollingMean SM=0.3/1.0 LC=0.4
LGB+RF,RollingMean,0.3,1.0,0.65,0.5,20.29,23.32,64.0,62.6,24,LGB+RF+RollingMean SM=0.3/1.0 LC=0.5
LGB+RF,RollingMean,0.3,1.0,0.65,0.6,20.32,22.84,63.3,62.1,23,LGB+RF+RollingMean SM=0.3/1.0 LC=0.6
LGB+RF,RollingMean,0.3,1.0,0.65,0.7,20.42,21.9,62.2,60.9,23,LGB+RF+RollingMean SM=0.3/1.0 LC=0.7
LGB+RF,RollingMean,0.4,0.5,0.45,0.2,20.98,21.66,64.9,65.6,26,LGB+RF+RollingMean SM=0.4/0.5 LC=0.2
LGB+RF,RollingMean,0.4,0.5,0.45,0.3,20.72,23.13,65.1,65.6,26,LGB+RF+RollingMean SM=0.4/0.5 LC=0.3
LGB+RF,RollingMean,0.4,0.5,0.45,0.4,20.58,23.91,65.2,65.4,26,LGB+RF+RollingMean SM=0.4/0.5 LC=0.4
LGB+RF,RollingMean,0.4,0.5,0.45,0.5,20.52,24.08,65.4,65.6,25,LGB+RF+RollingMean SM=0.4/0.5 LC=0.5
LGB+RF,RollingMean,0.4,0.5,0.45,0.6,20.56,23.59,64.7,65.2,24,LGB+RF+RollingMean SM=0.4/0.5 LC=0.6
LGB+RF,RollingMean,0.4,0.5,0.45,0.7,20.66,22.65,63.6,64.0,24,LGB+RF+RollingMean SM=0.4/0.5 LC=0.7
LGB+RF,RollingMean,0.4,0.6,0.5,0.2,20.78,21.76,65.1,65.4,26,LGB+RF+RollingMean SM=0.4/0.6 LC=0.2
LGB+RF,RollingMean,0.4,0.6,0.5,0.3,20.52,23.23,65.3,65.4,26,LGB+RF+RollingMean SM=0.4/0.6 LC=0.3
LGB+RF,RollingMean,0.4,0.6,0.5,0.4,20.37,24.01,65.4,65.2,26,LGB+RF+RollingMean SM=0.4/0.6 LC=0.4
LGB+RF,RollingMean,0.4,0.6,0.5,0.5,20.32,24.18,65.7,65.4,25,LGB+RF+RollingMean SM=0.4/0.6 LC=0.5
LGB+RF,RollingMean,0.4,0.6,0.5,0.6,20.35,23.7,64.9,65.0,24,LGB+RF+RollingMean SM=0.4/0.6 LC=0.6
LGB+RF,RollingMean,0.4,0.6,0.5,0.7,20.45,22.76,63.8,63.8,24,LGB+RF+RollingMean SM=0.4/0.6 LC=0.7
LGB+RF,RollingMean,0.4,0.7,0.55,0.2,20.64,21.75,64.6,64.8,25,LGB+RF+RollingMean SM=0.4/0.7 LC=0.2
LGB+RF,RollingMean,0.4,0.7,0.55,0.3,20.38,23.22,64.8,64.8,25,LGB+RF+RollingMean SM=0.4/0.7 LC=0.3
LGB+RF,RollingMean,0.4,0.7,0.55,0.4,20.24,24.0,64.9,64.6,25,LGB+RF+RollingMean SM=0.4/0.7 LC=0.4
LGB+RF,RollingMean,0.4,0.7,0.55,0.5,20.18,24.17,65.2,64.8,24,LGB+RF+RollingMean SM=0.4/0.7 LC=0.5
LGB+RF,RollingMean,0.4,0.7,0.55,0.6,20.22,23.68,64.4,64.4,23,LGB+RF+RollingMean SM=0.4/0.7 LC=0.6
LGB+RF,RollingMean,0.4,0.7,0.55,0.7,20.32,22.75,63.3,63.2,23,LGB+RF+RollingMean SM=0.4/0.7 LC=0.7
LGB+RF,RollingMean,0.4,0.8,0.6,0.2,20.59,21.59,64.3,64.2,25,LGB+RF+RollingMean SM=0.4/0.8 LC=0.2
LGB+RF,RollingMean,0.4,0.8,0.6,0.3,20.33,23.06,64.5,64.2,25,LGB+RF+RollingMean SM=0.4/0.8 LC=0.3
LGB+RF,RollingMean,0.4,0.8,0.6,0.4,20.18,23.85,64.6,64.0,25,LGB+RF+RollingMean SM=0.4/0.8 LC=0.4
LGB+RF,RollingMean,0.4,0.8,0.6,0.5,20.13,24.01,64.9,64.2,24,LGB+RF+RollingMean SM=0.4/0.8 LC=0.5
LGB+RF,RollingMean,0.4,0.8,0.6,0.6,20.16,23.53,64.1,63.8,23,LGB+RF+RollingMean SM=0.4/0.8 LC=0.6
LGB+RF,RollingMean,0.4,0.8,0.6,0.7,20.26,22.59,63.0,62.6,23,LGB+RF+RollingMean SM=0.4/0.8 LC=0.7
LGB+RF,RollingMean,0.4,0.9,0.65,0.2,20.63,21.3,64.3,63.8,25,LGB+RF+RollingMean SM=0.4/0.9 LC=0.2
LGB+RF,RollingMean,0.4,0.9,0.65,0.3,20.37,22.77,64.5,63.8,25,LGB+RF+RollingMean SM=0.4/0.9 LC=0.3
LGB+RF,RollingMean,0.4,0.9,0.65,0.4,20.22,23.55,64.6,63.6,25,LGB+RF+RollingMean SM=0.4/0.9 LC=0.4
LGB+RF,RollingMean,0.4,0.9,0.65,0.5,20.17,23.72,64.8,63.8,24,LGB+RF+RollingMean SM=0.4/0.9 LC=0.5
LGB+RF,RollingMean,0.4,0.9,0.65,0.6,20.2,23.24,64.1,63.4,23,LGB+RF+RollingMean SM=0.4/0.9 LC=0.6
LGB+RF,RollingMean,0.4,0.9,0.65,0.7,20.3,22.3,63.0,62.1,23,LGB+RF+RollingMean SM=0.4/0.9 LC=0.7
LGB+RF,RollingMean,0.4,1.0,0.7,0.2,20.76,20.91,63.5,62.6,25,LGB+RF+RollingMean SM=0.4/1.0 LC=0.2
LGB+RF,RollingMean,0.4,1.0,0.7,0.3,20.5,22.38,63.7,62.6,25,LGB+RF+RollingMean SM=0.4/1.0 LC=0.3
LGB+RF,RollingMean,0.4,1.0,0.7,0.4,20.35,23.16,63.9,62.3,25,LGB+RF+RollingMean SM=0.4/1.0 LC=0.4
LGB+RF,RollingMean,0.4,1.0,0.7,0.5,20.3,23.33,64.1,62.6,24,LGB+RF+RollingMean SM=0.4/1.0 LC=0.5
LGB+RF,RollingMean,0.4,1.0,0.7,0.6,20.33,22.85,63.4,62.1,23,LGB+RF+RollingMean SM=0.4/1.0 LC=0.6
LGB+RF,RollingMean,0.4,1.0,0.7,0.7,20.43,21.91,62.2,60.9,23,LGB+RF+RollingMean SM=0.4/1.0 LC=0.7
LGB+RF,RollingMean,0.5,0.5,0.5,0.2,21.01,21.64,64.8,65.6,26,LGB+RF+RollingMean SM=0.5/0.5 LC=0.2
LGB+RF,RollingMean,0.5,0.5,0.5,0.3,20.75,23.11,65.0,65.6,26,LGB+RF+RollingMean SM=0.5/0.5 LC=0.3
LGB+RF,RollingMean,0.5,0.5,0.5,0.4,20.6,23.89,65.2,65.4,26,LGB+RF+RollingMean SM=0.5/0.5 LC=0.4
LGB+RF,RollingMean,0.5,0.5,0.5,0.5,20.55,24.06,65.4,65.6,25,LGB+RF+RollingMean SM=0.5/0.5 LC=0.5
LGB+RF,RollingMean,0.5,0.5,0.5,0.6,20.58,23.58,64.6,65.2,24,LGB+RF+RollingMean SM=0.5/0.5 LC=0.6
LGB+RF,RollingMean,0.5,0.5,0.5,0.7,20.68,22.64,63.5,64.0,24,LGB+RF+RollingMean SM=0.5/0.5 LC=0.7
LGB+RF,RollingMean,0.5,0.6,0.55,0.2,20.8,21.74,64.9,65.4,26,LGB+RF+RollingMean SM=0.5/0.6 LC=0.2
LGB+RF,RollingMean,0.5,0.6,0.55,0.3,20.54,23.21,65.2,65.4,26,LGB+RF+RollingMean SM=0.5/0.6 LC=0.3
LGB+RF,RollingMean,0.5,0.6,0.55,0.4,20.4,23.99,65.3,65.2,26,LGB+RF+RollingMean SM=0.5/0.6 LC=0.4
LGB+RF,RollingMean,0.5,0.6,0.55,0.5,20.34,24.16,65.5,65.4,25,LGB+RF+RollingMean SM=0.5/0.6 LC=0.5
LGB+RF,RollingMean,0.5,0.6,0.55,0.6,20.38,23.68,64.8,65.0,24,LGB+RF+RollingMean SM=0.5/0.6 LC=0.6
LGB+RF,RollingMean,0.5,0.6,0.55,0.7,20.48,22.74,63.6,63.8,24,LGB+RF+RollingMean SM=0.5/0.6 LC=0.7
LGB+RF,RollingMean,0.5,0.7,0.6,0.2,20.67,21.73,64.5,64.8,25,LGB+RF+RollingMean SM=0.5/0.7 LC=0.2
LGB+RF,RollingMean,0.5,0.7,0.6,0.3,20.41,23.2,64.7,64.8,25,LGB+RF+RollingMean SM=0.5/0.7 LC=0.3
LGB+RF,RollingMean,0.5,0.7,0.6,0.4,20.26,23.98,64.8,64.6,25,LGB+RF+RollingMean SM=0.5/0.7 LC=0.4
LGB+RF,RollingMean,0.5,0.7,0.6,0.5,20.21,24.15,65.0,64.8,24,LGB+RF+RollingMean SM=0.5/0.7 LC=0.5
LGB+RF,RollingMean,0.5,0.7,0.6,0.6,20.24,23.66,64.3,64.4,23,LGB+RF+RollingMean SM=0.5/0.7 LC=0.6
LGB+RF,RollingMean,0.5,0.7,0.6,0.7,20.34,22.72,63.2,63.2,23,LGB+RF+RollingMean SM=0.5/0.7 LC=0.7
LGB+RF,RollingMean,0.5,0.8,0.65,0.2,20.62,21.57,64.2,64.2,25,LGB+RF+RollingMean SM=0.5/0.8 LC=0.2
LGB+RF,RollingMean,0.5,0.8,0.65,0.3,20.36,23.04,64.4,64.2,25,LGB+RF+RollingMean SM=0.5/0.8 LC=0.3
LGB+RF,RollingMean,0.5,0.8,0.65,0.4,20.21,23.82,64.5,64.0,25,LGB+RF+RollingMean SM=0.5/0.8 LC=0.4
LGB+RF,RollingMean,0.5,0.8,0.65,0.5,20.15,23.99,64.8,64.2,24,LGB+RF+RollingMean SM=0.5/0.8 LC=0.5
LGB+RF,RollingMean,0.5,0.8,0.65,0.6,20.19,23.51,64.0,63.8,23,LGB+RF+RollingMean SM=0.5/0.8 LC=0.6
LGB+RF,RollingMean,0.5,0.8,0.65,0.7,20.29,22.57,62.9,62.6,23,LGB+RF+RollingMean SM=0.5/0.8 LC=0.7
LGB+RF,RollingMean,0.5,0.9,0.7,0.2,20.66,21.27,64.1,63.8,25,LGB+RF+RollingMean SM=0.5/0.9 LC=0.2
LGB+RF,RollingMean,0.5,0.9,0.7,0.3,20.4,22.75,64.4,63.8,25,LGB+RF+RollingMean SM=0.5/0.9 LC=0.3
LGB+RF,RollingMean,0.5,0.9,0.7,0.4,20.25,23.53,64.5,63.6,25,LGB+RF+RollingMean SM=0.5/0.9 LC=0.4
LGB+RF,RollingMean,0.5,0.9,0.7,0.5,20.2,23.7,64.7,63.8,24,LGB+RF+RollingMean SM=0.5/0.9 LC=0.5
LGB+RF,RollingMean,0.5,0.9,0.7,0.6,20.23,23.21,64.0,63.4,23,LGB+RF+RollingMean SM=0.5/0.9 LC=0.6
LGB+RF,RollingMean,0.5,0.9,0.7,0.7,20.33,22.27,62.9,62.1,23,LGB+RF+RollingMean SM=0.5/0.9 LC=0.7
LGB+RF,RollingMean,0.5,1.0,0.75,0.2,20.79,20.88,63.4,62.6,24,LGB+RF+RollingMean SM=0.5/1.0 LC=0.2
LGB+RF,RollingMean,0.5,1.0,0.75,0.3,20.53,22.36,63.6,62.6,24,LGB+RF+RollingMean SM=0.5/1.0 LC=0.3
LGB+RF,RollingMean,0.5,1.0,0.75,0.4,20.38,23.14,63.7,62.3,24,LGB+RF+RollingMean SM=0.5/1.0 LC=0.4
LGB+RF,RollingMean,0.5,1.0,0.75,0.5,20.33,23.31,64.0,62.6,23,LGB+RF+RollingMean SM=0.5/1.0 LC=0.5
LGB+RF,RollingMean,0.5,1.0,0.75,0.6,20.36,22.82,63.2,62.1,22,LGB+RF+RollingMean SM=0.5/1.0 LC=0.6
LGB+RF,RollingMean,0.5,1.0,0.75,0.7,20.46,21.88,62.1,60.9,22,LGB+RF+RollingMean SM=0.5/1.0 LC=0.7
LGB+RF,RollingMean,0.6,0.5,0.55,0.2,21.05,21.58,64.3,65.6,25,LGB+RF+RollingMean SM=0.6/0.5 LC=0.2
LGB+RF,RollingMean,0.6,0.5,0.55,0.3,20.79,23.05,64.5,65.6,25,LGB+RF+RollingMean SM=0.6/0.5 LC=0.3
LGB+RF,RollingMean,0.6,0.5,0.55,0.4,20.65,23.84,64.6,65.4,25,LGB+RF+RollingMean SM=0.6/0.5 LC=0.4
LGB+RF,RollingMean,0.6,0.5,0.55,0.5,20.59,24.0,64.9,65.6,24,LGB+RF+RollingMean SM=0.6/0.5 LC=0.5
LGB+RF,RollingMean,0.6,0.5,0.55,0.6,20.63,23.52,64.1,65.2,23,LGB+RF+RollingMean SM=0.6/0.5 LC=0.6
LGB+RF,RollingMean,0.6,0.5,0.55,0.7,20.73,22.58,63.0,64.0,23,LGB+RF+RollingMean SM=0.6/0.5 LC=0.7
LGB+RF,RollingMean,0.6,0.6,0.6,0.2,20.85,21.68,64.5,65.4,25,LGB+RF+RollingMean SM=0.6/0.6 LC=0.2
LGB+RF,RollingMean,0.6,0.6,0.6,0.3,20.59,23.15,64.7,65.4,25,LGB+RF+RollingMean SM=0.6/0.6 LC=0.3
LGB+RF,RollingMean,0.6,0.6,0.6,0.4,20.44,23.93,64.8,65.2,25,LGB+RF+RollingMean SM=0.6/0.6 LC=0.4
LGB+RF,RollingMean,0.6,0.6,0.6,0.5,20.39,24.1,65.0,65.4,24,LGB+RF+RollingMean SM=0.6/0.6 LC=0.5
LGB+RF,RollingMean,0.6,0.6,0.6,0.6,20.43,23.62,64.3,65.0,23,LGB+RF+RollingMean SM=0.6/0.6 LC=0.6
LGB+RF,RollingMean,0.6,0.6,0.6,0.7,20.53,22.68,63.2,63.8,23,LGB+RF+RollingMean SM=0.6/0.6 LC=0.7
LGB+RF,RollingMean,0.6,0.7,0.65,0.2,20.72,21.66,64.0,64.8,24,LGB+RF+RollingMean SM=0.6/0.7 LC=0.2
LGB+RF,RollingMean,0.6,0.7,0.65,0.3,20.46,23.13,64.3,64.8,24,LGB+RF+RollingMean SM=0.6/0.7 LC=0.3
LGB+RF,RollingMean,0.6,0.7,0.65,0.4,20.31,23.92,64.4,64.6,24,LGB+RF+RollingMean SM=0.6/0.7 LC=0.4
LGB+RF,RollingMean,0.6,0.7,0.65,0.5,20.26,24.09,64.6,64.8,23,LGB+RF+RollingMean SM=0.6/0.7 LC=0.5
LGB+RF,RollingMean,0.6,0.7,0.65,0.6,20.29,23.6,63.9,64.4,22,LGB+RF+RollingMean SM=0.6/0.7 LC=0.6
LGB+RF,RollingMean,0.6,0.7,0.65,0.7,20.39,22.66,62.7,63.2,22,LGB+RF+RollingMean SM=0.6/0.7 LC=0.7
LGB+RF,RollingMean,0.6,0.8,0.7,0.2,20.66,21.5,63.7,64.2,24,LGB+RF+RollingMean SM=0.6/0.8 LC=0.2
LGB+RF,RollingMean,0.6,0.8,0.7,0.3,20.41,22.98,64.0,64.2,24,LGB+RF+RollingMean SM=0.6/0.8 LC=0.3
LGB+RF,RollingMean,0.6,0.8,0.7,0.4,20.26,23.76,64.1,64.0,24,LGB+RF+RollingMean SM=0.6/0.8 LC=0.4
LGB+RF,RollingMean,0.6,0.8,0.7,0.5,20.2,23.93,64.3,64.2,23,LGB+RF+RollingMean SM=0.6/0.8 LC=0.5
LGB+RF,RollingMean,0.6,0.8,0.7,0.6,20.24,23.44,63.6,63.8,22,LGB+RF+RollingMean SM=0.6/0.8 LC=0.6
LGB+RF,RollingMean,0.6,0.8,0.7,0.7,20.34,22.5,62.5,62.6,22,LGB+RF+RollingMean SM=0.6/0.8 LC=0.7
LGB+RF,RollingMean,0.6,0.9,0.75,0.2,20.71,21.21,63.7,63.8,24,LGB+RF+RollingMean SM=0.6/0.9 LC=0.2
LGB+RF,RollingMean,0.6,0.9,0.75,0.3,20.45,22.68,63.9,63.8,24,LGB+RF+RollingMean SM=0.6/0.9 LC=0.3
LGB+RF,RollingMean,0.6,0.9,0.75,0.4,20.3,23.46,64.0,63.6,24,LGB+RF+RollingMean SM=0.6/0.9 LC=0.4
LGB+RF,RollingMean,0.6,0.9,0.75,0.5,20.25,23.63,64.3,63.8,23,LGB+RF+RollingMean SM=0.6/0.9 LC=0.5
LGB+RF,RollingMean,0.6,0.9,0.75,0.6,20.28,23.15,63.5,63.4,22,LGB+RF+RollingMean SM=0.6/0.9 LC=0.6
LGB+RF,RollingMean,0.6,0.9,0.75,0.7,20.38,22.21,62.4,62.1,22,LGB+RF+RollingMean SM=0.6/0.9 LC=0.7
LGB+RF,RollingMean,0.6,1.0,0.8,0.2,20.84,20.82,63.0,62.6,24,LGB+RF+RollingMean SM=0.6/1.0 LC=0.2
LGB+RF,RollingMean,0.6,1.0,0.8,0.3,20.58,22.29,63.2,62.6,24,LGB+RF+RollingMean SM=0.6/1.0 LC=0.3
LGB+RF,RollingMean,0.6,1.0,0.8,0.4,20.43,23.07,63.3,62.3,24,LGB+RF+RollingMean SM=0.6/1.0 LC=0.4
LGB+RF,RollingMean,0.6,1.0,0.8,0.5,20.38,23.24,63.5,62.6,23,LGB+RF+RollingMean SM=0.6/1.0 LC=0.5
LGB+RF,RollingMean,0.6,1.0,0.8,0.6,20.41,22.75,62.8,62.1,22,LGB+RF+RollingMean SM=0.6/1.0 LC=0.6
LGB+RF,RollingMean,0.6,1.0,0.8,0.7,20.51,21.81,61.7,60.9,22,LGB+RF+RollingMean SM=0.6/1.0 LC=0.7
LGB+RF,RollingMean,0.7,0.5,0.6,0.2,21.12,21.49,63.9,65.6,26,LGB+RF+RollingMean SM=0.7/0.5 LC=0.2
LGB+RF,RollingMean,0.7,0.5,0.6,0.3,20.86,22.96,64.1,65.6,26,LGB+RF+RollingMean SM=0.7/0.5 LC=0.3
LGB+RF,RollingMean,0.7,0.5,0.6,0.4,20.71,23.74,64.3,65.4,26,LGB+RF+RollingMean SM=0.7/0.5 LC=0.4
LGB+RF,RollingMean,0.7,0.5,0.6,0.5,20.66,23.91,64.5,65.6,25,LGB+RF+RollingMean SM=0.7/0.5 LC=0.5
LGB+RF,RollingMean,0.7,0.5,0.6,0.6,20.69,23.42,63.7,65.2,24,LGB+RF+RollingMean SM=0.7/0.5 LC=0.6
LGB+RF,RollingMean,0.7,0.5,0.6,0.7,20.79,22.48,62.6,64.0,24,LGB+RF+RollingMean SM=0.7/0.5 LC=0.7
LGB+RF,RollingMean,0.7,0.6,0.65,0.2,20.92,21.58,64.1,65.4,25,LGB+RF+RollingMean SM=0.7/0.6 LC=0.2
LGB+RF,RollingMean,0.7,0.6,0.65,0.3,20.66,23.05,64.3,65.4,25,LGB+RF+RollingMean SM=0.7/0.6 LC=0.3
LGB+RF,RollingMean,0.7,0.6,0.65,0.4,20.51,23.84,64.4,65.2,25,LGB+RF+RollingMean SM=0.7/0.6 LC=0.4
LGB+RF,RollingMean,0.7,0.6,0.65,0.5,20.46,24.01,64.6,65.4,24,LGB+RF+RollingMean SM=0.7/0.6 LC=0.5
LGB+RF,RollingMean,0.7,0.6,0.65,0.6,20.49,23.52,63.9,65.0,23,LGB+RF+RollingMean SM=0.7/0.6 LC=0.6
LGB+RF,RollingMean,0.7,0.6,0.65,0.7,20.59,22.58,62.8,63.8,23,LGB+RF+RollingMean SM=0.7/0.6 LC=0.7
LGB+RF,RollingMean,0.7,0.7,0.7,0.2,20.78,21.57,63.6,64.8,24,LGB+RF+RollingMean SM=0.7/0.7 LC=0.2
LGB+RF,RollingMean,0.7,0.7,0.7,0.3,20.53,23.04,63.9,64.8,24,LGB+RF+RollingMean SM=0.7/0.7 LC=0.3
LGB+RF,RollingMean,0.7,0.7,0.7,0.4,20.38,23.82,64.0,64.6,24,LGB+RF+RollingMean SM=0.7/0.7 LC=0.4
LGB+RF,RollingMean,0.7,0.7,0.7,0.5,20.32,23.99,64.2,64.8,23,LGB+RF+RollingMean SM=0.7/0.7 LC=0.5
LGB+RF,RollingMean,0.7,0.7,0.7,0.6,20.36,23.5,63.5,64.4,22,LGB+RF+RollingMean SM=0.7/0.7 LC=0.6
LGB+RF,RollingMean,0.7,0.7,0.7,0.7,20.46,22.57,62.3,63.2,22,LGB+RF+RollingMean SM=0.7/0.7 LC=0.7
LGB+RF,RollingMean,0.7,0.8,0.75,0.2,20.73,21.41,63.4,64.2,24,LGB+RF+RollingMean SM=0.7/0.8 LC=0.2
LGB+RF,RollingMean,0.7,0.8,0.75,0.3,20.47,22.88,63.6,64.2,24,LGB+RF+RollingMean SM=0.7/0.8 LC=0.3
LGB+RF,RollingMean,0.7,0.8,0.75,0.4,20.33,23.66,63.7,64.0,24,LGB+RF+RollingMean SM=0.7/0.8 LC=0.4
LGB+RF,RollingMean,0.7,0.8,0.75,0.5,20.27,23.83,63.9,64.2,23,LGB+RF+RollingMean SM=0.7/0.8 LC=0.5
LGB+RF,RollingMean,0.7,0.8,0.75,0.6,20.31,23.35,63.2,63.8,22,LGB+RF+RollingMean SM=0.7/0.8 LC=0.6
LGB+RF,RollingMean,0.7,0.8,0.75,0.7,20.41,22.41,62.1,62.6,22,LGB+RF+RollingMean SM=0.7/0.8 LC=0.7
LGB+RF,RollingMean,0.7,0.9,0.8,0.2,20.78,21.11,63.3,63.8,24,LGB+RF+RollingMean SM=0.7/0.9 LC=0.2
LGB+RF,RollingMean,0.7,0.9,0.8,0.3,20.52,22.58,63.5,63.8,24,LGB+RF+RollingMean SM=0.7/0.9 LC=0.3
LGB+RF,RollingMean,0.7,0.9,0.8,0.4,20.37,23.36,63.6,63.6,24,LGB+RF+RollingMean SM=0.7/0.9 LC=0.4
LGB+RF,RollingMean,0.7,0.9,0.8,0.5,20.32,23.53,63.9,63.8,23,LGB+RF+RollingMean SM=0.7/0.9 LC=0.5
LGB+RF,RollingMean,0.7,0.9,0.8,0.6,20.35,23.05,63.1,63.4,22,LGB+RF+RollingMean SM=0.7/0.9 LC=0.6
LGB+RF,RollingMean,0.7,0.9,0.8,0.7,20.45,22.11,62.0,62.1,22,LGB+RF+RollingMean SM=0.7/0.9 LC=0.7
LGB+RF,RollingMean,0.7,1.0,0.85,0.2,20.91,20.72,62.6,62.6,23,LGB+RF+RollingMean SM=0.7/1.0 LC=0.2
LGB+RF,RollingMean,0.7,1.0,0.85,0.3,20.65,22.19,62.8,62.6,23,LGB+RF+RollingMean SM=0.7/1.0 LC=0.3
LGB+RF,RollingMean,0.7,1.0,0.85,0.4,20.5,22.97,62.9,62.3,23,LGB+RF+RollingMean SM=0.7/1.0 LC=0.4
LGB+RF,RollingMean,0.7,1.0,0.85,0.5,20.45,23.14,63.1,62.6,22,LGB+RF+RollingMean SM=0.7/1.0 LC=0.5
LGB+RF,RollingMean,0.7,1.0,0.85,0.6,20.48,22.65,62.4,62.1,21,LGB+RF+RollingMean SM=0.7/1.0 LC=0.6
LGB+RF,RollingMean,0.7,1.0,0.85,0.7,20.58,21.72,61.3,60.9,21,LGB+RF+RollingMean SM=0.7/1.0 LC=0.7
RF+XGB,ARIMA,0.3,0.5,0.4,0.2,21.13,21.15,63.0,64.0,23,RF+XGB+ARIMA SM=0.3/0.5 LC=0.2
RF+XGB,ARIMA,0.3,0.5,0.4,0.3,20.99,22.12,63.1,64.2,23,RF+XGB+ARIMA SM=0.3/0.5 LC=0.3
RF+XGB,ARIMA,0.3,0.5,0.4,0.4,20.91,22.68,62.9,63.4,23,RF+XGB+ARIMA SM=0.3/0.5 LC=0.4
RF+XGB,ARIMA,0.3,0.5,0.4,0.5,20.88,22.72,63.0,63.4,23,RF+XGB+ARIMA SM=0.3/0.5 LC=0.5
RF+XGB,ARIMA,0.3,0.5,0.4,0.6,20.92,22.31,62.2,63.0,22,RF+XGB+ARIMA SM=0.3/0.5 LC=0.6
RF+XGB,ARIMA,0.3,0.5,0.4,0.7,21.0,21.61,61.8,62.6,22,RF+XGB+ARIMA SM=0.3/0.5 LC=0.7
RF+XGB,ARIMA,0.3,0.6,0.45,0.2,20.97,21.21,63.1,64.0,23,RF+XGB+ARIMA SM=0.3/0.6 LC=0.2
RF+XGB,ARIMA,0.3,0.6,0.45,0.3,20.82,22.19,63.2,64.2,23,RF+XGB+ARIMA SM=0.3/0.6 LC=0.3
RF+XGB,ARIMA,0.3,0.6,0.45,0.4,20.74,22.74,63.1,63.4,23,RF+XGB+ARIMA SM=0.3/0.6 LC=0.4
RF+XGB,ARIMA,0.3,0.6,0.45,0.5,20.72,22.78,63.2,63.4,24,RF+XGB+ARIMA SM=0.3/0.6 LC=0.5
RF+XGB,ARIMA,0.3,0.6,0.45,0.6,20.76,22.38,62.4,63.0,23,RF+XGB+ARIMA SM=0.3/0.6 LC=0.6
RF+XGB,ARIMA,0.3,0.6,0.45,0.7,20.84,21.67,62.0,62.6,23,RF+XGB+ARIMA SM=0.3/0.6 LC=0.7
RF+XGB,ARIMA,0.3,0.7,0.5,0.2,20.86,21.19,63.0,63.8,23,RF+XGB+ARIMA SM=0.3/0.7 LC=0.2
RF+XGB,ARIMA,0.3,0.7,0.5,0.3,20.72,22.16,63.1,64.0,23,RF+XGB+ARIMA SM=0.3/0.7 LC=0.3
RF+XGB,ARIMA,0.3,0.7,0.5,0.4,20.63,22.72,62.9,63.2,23,RF+XGB+ARIMA SM=0.3/0.7 LC=0.4
RF+XGB,ARIMA,0.3,0.7,0.5,0.5,20.61,22.76,63.0,63.2,24,RF+XGB+ARIMA SM=0.3/0.7 LC=0.5
RF+XGB,ARIMA,0.3,0.7,0.5,0.6,20.65,22.35,62.2,62.8,23,RF+XGB+ARIMA SM=0.3/0.7 LC=0.6
RF+XGB,ARIMA,0.3,0.7,0.5,0.7,20.73,21.65,61.8,62.3,23,RF+XGB+ARIMA SM=0.3/0.7 LC=0.7
RF+XGB,ARIMA,0.3,0.8,0.55,0.2,20.81,21.05,62.9,63.8,23,RF+XGB+ARIMA SM=0.3/0.8 LC=0.2
RF+XGB,ARIMA,0.3,0.8,0.55,0.3,20.67,22.02,63.0,64.0,23,RF+XGB+ARIMA SM=0.3/0.8 LC=0.3
RF+XGB,ARIMA,0.3,0.8,0.55,0.4,20.58,22.58,62.9,63.2,23,RF+XGB+ARIMA SM=0.3/0.8 LC=0.4
RF+XGB,ARIMA,0.3,0.8,0.55,0.5,20.56,22.62,63.0,63.2,24,RF+XGB+ARIMA SM=0.3/0.8 LC=0.5
RF+XGB,ARIMA,0.3,0.8,0.55,0.6,20.6,22.21,62.2,62.8,23,RF+XGB+ARIMA SM=0.3/0.8 LC=0.6
RF+XGB,ARIMA,0.3,0.8,0.55,0.7,20.68,21.51,61.7,62.3,23,RF+XGB+ARIMA SM=0.3/0.8 LC=0.7
RF+XGB,ARIMA,0.3,0.9,0.6,0.2,20.81,20.84,62.6,63.4,23,RF+XGB+ARIMA SM=0.3/0.9 LC=0.2
RF+XGB,ARIMA,0.3,0.9,0.6,0.3,20.67,21.81,62.7,63.6,23,RF+XGB+ARIMA SM=0.3/0.9 LC=0.3
RF+XGB,ARIMA,0.3,0.9,0.6,0.4,20.58,22.37,62.6,62.8,23,RF+XGB+ARIMA SM=0.3/0.9 LC=0.4
RF+XGB,ARIMA,0.3,0.9,0.6,0.5,20.56,22.41,62.7,62.8,23,RF+XGB+ARIMA SM=0.3/0.9 LC=0.5
RF+XGB,ARIMA,0.3,0.9,0.6,0.6,20.6,22.0,61.9,62.3,22,RF+XGB+ARIMA SM=0.3/0.9 LC=0.6
RF+XGB,ARIMA,0.3,0.9,0.6,0.7,20.68,21.3,61.4,61.9,23,RF+XGB+ARIMA SM=0.3/0.9 LC=0.7
RF+XGB,ARIMA,0.3,1.0,0.65,0.2,20.87,20.56,62.6,63.2,23,RF+XGB+ARIMA SM=0.3/1.0 LC=0.2
RF+XGB,ARIMA,0.3,1.0,0.65,0.3,20.73,21.53,62.7,63.4,23,RF+XGB+ARIMA SM=0.3/1.0 LC=0.3
RF+XGB,ARIMA,0.3,1.0,0.65,0.4,20.64,22.09,62.6,62.6,23,RF+XGB+ARIMA SM=0.3/1.0 LC=0.4
RF+XGB,ARIMA,0.3,1.0,0.65,0.5,20.62,22.13,62.7,62.6,24,RF+XGB+ARIMA SM=0.3/1.0 LC=0.5
RF+XGB,ARIMA,0.3,1.0,0.65,0.6,20.66,21.72,61.9,62.1,23,RF+XGB+ARIMA SM=0.3/1.0 LC=0.6
RF+XGB,ARIMA,0.3,1.0,0.65,0.7,20.74,21.02,61.4,61.7,23,RF+XGB+ARIMA SM=0.3/1.0 LC=0.7
RF+XGB,ARIMA,0.4,0.5,0.45,0.2,21.17,21.12,63.0,64.0,23,RF+XGB+ARIMA SM=0.4/0.5 LC=0.2
RF+XGB,ARIMA,0.4,0.5,0.45,0.3,21.03,22.09,63.1,64.2,23,RF+XGB+ARIMA SM=0.4/0.5 LC=0.3
RF+XGB,ARIMA,0.4,0.5,0.45,0.4,20.94,22.64,63.0,63.4,23,RF+XGB+ARIMA SM=0.4/0.5 LC=0.4
RF+XGB,ARIMA,0.4,0.5,0.45,0.5,20.92,22.69,63.1,63.4,23,RF+XGB+ARIMA SM=0.4/0.5 LC=0.5
RF+XGB,ARIMA,0.4,0.5,0.45,0.6,20.96,22.28,62.3,63.0,22,RF+XGB+ARIMA SM=0.4/0.5 LC=0.6
RF+XGB,ARIMA,0.4,0.5,0.45,0.7,21.04,21.58,61.8,62.6,22,RF+XGB+ARIMA SM=0.4/0.5 LC=0.7
RF+XGB,ARIMA,0.4,0.6,0.5,0.2,21.01,21.18,63.2,64.0,23,RF+XGB+ARIMA SM=0.4/0.6 LC=0.2
RF+XGB,ARIMA,0.4,0.6,0.5,0.3,20.86,22.15,63.3,64.2,23,RF+XGB+ARIMA SM=0.4/0.6 LC=0.3
RF+XGB,ARIMA,0.4,0.6,0.5,0.4,20.78,22.71,63.1,63.4,23,RF+XGB+ARIMA SM=0.4/0.6 LC=0.4
RF+XGB,ARIMA,0.4,0.6,0.5,0.5,20.76,22.75,63.2,63.4,24,RF+XGB+ARIMA SM=0.4/0.6 LC=0.5
RF+XGB,ARIMA,0.4,0.6,0.5,0.6,20.8,22.34,62.5,63.0,23,RF+XGB+ARIMA SM=0.4/0.6 LC=0.6
RF+XGB,ARIMA,0.4,0.6,0.5,0.7,20.88,21.64,62.0,62.6,23,RF+XGB+ARIMA SM=0.4/0.6 LC=0.7
RF+XGB,ARIMA,0.4,0.7,0.55,0.2,20.9,21.15,63.0,63.8,23,RF+XGB+ARIMA SM=0.4/0.7 LC=0.2
RF+XGB,ARIMA,0.4,0.7,0.55,0.3,20.76,22.12,63.1,64.0,23,RF+XGB+ARIMA SM=0.4/0.7 LC=0.3
RF+XGB,ARIMA,0.4,0.7,0.55,0.4,20.68,22.68,62.9,63.2,23,RF+XGB+ARIMA SM=0.4/0.7 LC=0.4
RF+XGB,ARIMA,0.4,0.7,0.55,0.5,20.65,22.72,63.0,63.2,24,RF+XGB+ARIMA SM=0.4/0.7 LC=0.5
RF+XGB,ARIMA,0.4,0.7,0.55,0.6,20.69,22.32,62.2,62.8,23,RF+XGB+ARIMA SM=0.4/0.7 LC=0.6
RF+XGB,ARIMA,0.4,0.7,0.55,0.7,20.77,21.61,61.8,62.3,23,RF+XGB+ARIMA SM=0.4/0.7 LC=0.7
RF+XGB,ARIMA,0.4,0.8,0.6,0.2,20.85,21.01,62.9,63.8,23,RF+XGB+ARIMA SM=0.4/0.8 LC=0.2
RF+XGB,ARIMA,0.4,0.8,0.6,0.3,20.71,21.99,63.0,64.0,23,RF+XGB+ARIMA SM=0.4/0.8 LC=0.3
RF+XGB,ARIMA,0.4,0.8,0.6,0.4,20.63,22.54,62.9,63.2,23,RF+XGB+ARIMA SM=0.4/0.8 LC=0.4
RF+XGB,ARIMA,0.4,0.8,0.6,0.5,20.6,22.58,63.0,63.2,24,RF+XGB+ARIMA SM=0.4/0.8 LC=0.5
RF+XGB,ARIMA,0.4,0.8,0.6,0.6,20.64,22.18,62.2,62.8,23,RF+XGB+ARIMA SM=0.4/0.8 LC=0.6
RF+XGB,ARIMA,0.4,0.8,0.6,0.7,20.72,21.47,61.7,62.3,23,RF+XGB+ARIMA SM=0.4/0.8 LC=0.7
RF+XGB,ARIMA,0.4,0.9,0.65,0.2,20.85,20.8,62.7,63.4,23,RF+XGB+ARIMA SM=0.4/0.9 LC=0.2
RF+XGB,ARIMA,0.4,0.9,0.65,0.3,20.71,21.77,62.8,63.6,23,RF+XGB+ARIMA SM=0.4/0.9 LC=0.3
RF+XGB,ARIMA,0.4,0.9,0.65,0.4,20.63,22.33,62.6,62.8,23,RF+XGB+ARIMA SM=0.4/0.9 LC=0.4
RF+XGB,ARIMA,0.4,0.9,0.65,0.5,20.6,22.37,62.7,62.8,23,RF+XGB+ARIMA SM=0.4/0.9 LC=0.5
RF+XGB,ARIMA,0.4,0.9,0.65,0.6,20.64,21.97,62.0,62.3,22,RF+XGB+ARIMA SM=0.4/0.9 LC=0.6
RF+XGB,ARIMA,0.4,0.9,0.65,0.7,20.72,21.26,61.5,61.9,23,RF+XGB+ARIMA SM=0.4/0.9 LC=0.7
RF+XGB,ARIMA,0.4,1.0,0.7,0.2,20.91,20.52,62.6,63.2,23,RF+XGB+ARIMA SM=0.4/1.0 LC=0.2
RF+XGB,ARIMA,0.4,1.0,0.7,0.3,20.77,21.5,62.7,63.4,23,RF+XGB+ARIMA SM=0.4/1.0 LC=0.3
RF+XGB,ARIMA,0.4,1.0,0.7,0.4,20.69,22.05,62.6,62.6,23,RF+XGB+ARIMA SM=0.4/1.0 LC=0.4
RF+XGB,ARIMA,0.4,1.0,0.7,0.5,20.66,22.09,62.7,62.6,24,RF+XGB+ARIMA SM=0.4/1.0 LC=0.5
RF+XGB,ARIMA,0.4,1.0,0.7,0.6,20.7,21.69,61.9,62.1,23,RF+XGB+ARIMA SM=0.4/1.0 LC=0.6
RF+XGB,ARIMA,0.4,1.0,0.7,0.7,20.78,20.98,61.4,61.7,23,RF+XGB+ARIMA SM=0.4/1.0 LC=0.7
RF+XGB,ARIMA,0.5,0.5,0.5,0.2,21.22,21.06,62.9,64.0,23,RF+XGB+ARIMA SM=0.5/0.5 LC=0.2
RF+XGB,ARIMA,0.5,0.5,0.5,0.3,21.08,22.04,63.0,64.2,23,RF+XGB+ARIMA SM=0.5/0.5 LC=0.3
RF+XGB,ARIMA,0.5,0.5,0.5,0.4,21.0,22.59,62.8,63.4,23,RF+XGB+ARIMA SM=0.5/0.5 LC=0.4
RF+XGB,ARIMA,0.5,0.5,0.5,0.5,20.97,22.63,62.9,63.4,23,RF+XGB+ARIMA SM=0.5/0.5 LC=0.5
RF+XGB,ARIMA,0.5,0.5,0.5,0.6,21.01,22.23,62.1,63.0,22,RF+XGB+ARIMA SM=0.5/0.5 LC=0.6
RF+XGB,ARIMA,0.5,0.5,0.5,0.7,21.09,21.52,61.7,62.6,22,RF+XGB+ARIMA SM=0.5/0.5 LC=0.7
RF+XGB,ARIMA,0.5,0.6,0.55,0.2,21.06,21.12,63.0,64.0,23,RF+XGB+ARIMA SM=0.5/0.6 LC=0.2
RF+XGB,ARIMA,0.5,0.6,0.55,0.3,20.92,22.1,63.1,64.2,23,RF+XGB+ARIMA SM=0.5/0.6 LC=0.3
RF+XGB,ARIMA,0.5,0.6,0.55,0.4,20.83,22.65,62.9,63.4,23,RF+XGB+ARIMA SM=0.5/0.6 LC=0.4
RF+XGB,ARIMA,0.5,0.6,0.55,0.5,20.81,22.69,63.0,63.4,24,RF+XGB+ARIMA SM=0.5/0.6 LC=0.5
RF+XGB,ARIMA,0.5,0.6,0.55,0.6,20.85,22.29,62.2,63.0,23,RF+XGB+ARIMA SM=0.5/0.6 LC=0.6
RF+XGB,ARIMA,0.5,0.6,0.55,0.7,20.93,21.58,61.8,62.6,23,RF+XGB+ARIMA SM=0.5/0.6 LC=0.7
RF+XGB,ARIMA,0.5,0.7,0.6,0.2,20.95,21.1,62.7,63.8,23,RF+XGB+ARIMA SM=0.5/0.7 LC=0.2
RF+XGB,ARIMA,0.5,0.7,0.6,0.3,20.81,22.07,62.9,64.0,23,RF+XGB+ARIMA SM=0.5/0.7 LC=0.3
RF+XGB,ARIMA,0.5,0.7,0.6,0.4,20.73,22.62,62.7,63.2,23,RF+XGB+ARIMA SM=0.5/0.7 LC=0.4
RF+XGB,ARIMA,0.5,0.7,0.6,0.5,20.71,22.67,62.8,63.2,24,RF+XGB+ARIMA SM=0.5/0.7 LC=0.5
RF+XGB,ARIMA,0.5,0.7,0.6,0.6,20.74,22.26,62.0,62.8,23,RF+XGB+ARIMA SM=0.5/0.7 LC=0.6
RF+XGB,ARIMA,0.5,0.7,0.6,0.7,20.82,21.55,61.6,62.3,23,RF+XGB+ARIMA SM=0.5/0.7 LC=0.7
RF+XGB,ARIMA,0.5,0.8,0.65,0.2,20.91,20.96,62.7,63.8,23,RF+XGB+ARIMA SM=0.5/0.8 LC=0.2
RF+XGB,ARIMA,0.5,0.8,0.65,0.3,20.76,21.93,62.9,64.0,23,RF+XGB+ARIMA SM=0.5/0.8 LC=0.3
RF+XGB,ARIMA,0.5,0.8,0.65,0.4,20.68,22.48,62.7,63.2,23,RF+XGB+ARIMA SM=0.5/0.8 LC=0.4
RF+XGB,ARIMA,0.5,0.8,0.65,0.5,20.66,22.53,62.8,63.2,24,RF+XGB+ARIMA SM=0.5/0.8 LC=0.5
RF+XGB,ARIMA,0.5,0.8,0.65,0.6,20.7,22.12,62.0,62.8,23,RF+XGB+ARIMA SM=0.5/0.8 LC=0.6
RF+XGB,ARIMA,0.5,0.8,0.65,0.7,20.78,21.42,61.6,62.3,23,RF+XGB+ARIMA SM=0.5/0.8 LC=0.7
RF+XGB,ARIMA,0.5,0.9,0.7,0.2,20.9,20.75,62.5,63.4,23,RF+XGB+ARIMA SM=0.5/0.9 LC=0.2
RF+XGB,ARIMA,0.5,0.9,0.7,0.3,20.76,21.72,62.6,63.6,23,RF+XGB+ARIMA SM=0.5/0.9 LC=0.3
RF+XGB,ARIMA,0.5,0.9,0.7,0.4,20.68,22.27,62.4,62.8,23,RF+XGB+ARIMA SM=0.5/0.9 LC=0.4
RF+XGB,ARIMA,0.5,0.9,0.7,0.5,20.66,22.32,62.5,62.8,23,RF+XGB+ARIMA SM=0.5/0.9 LC=0.5
RF+XGB,ARIMA,0.5,0.9,0.7,0.6,20.69,21.91,61.7,62.3,22,RF+XGB+ARIMA SM=0.5/0.9 LC=0.6
RF+XGB,ARIMA,0.5,0.9,0.7,0.7,20.77,21.2,61.3,61.9,23,RF+XGB+ARIMA SM=0.5/0.9 LC=0.7
RF+XGB,ARIMA,0.5,1.0,0.75,0.2,20.97,20.47,62.5,63.2,23,RF+XGB+ARIMA SM=0.5/1.0 LC=0.2
RF+XGB,ARIMA,0.5,1.0,0.75,0.3,20.82,21.44,62.6,63.4,23,RF+XGB+ARIMA SM=0.5/1.0 LC=0.3
RF+XGB,ARIMA,0.5,1.0,0.75,0.4,20.74,21.99,62.5,62.6,23,RF+XGB+ARIMA SM=0.5/1.0 LC=0.4
RF+XGB,ARIMA,0.5,1.0,0.75,0.5,20.72,22.04,62.6,62.6,24,RF+XGB+ARIMA SM=0.5/1.0 LC=0.5
RF+XGB,ARIMA,0.5,1.0,0.75,0.6,20.76,21.63,61.8,62.1,23,RF+XGB+ARIMA SM=0.5/1.0 LC=0.6
RF+XGB,ARIMA,0.5,1.0,0.75,0.7,20.84,20.92,61.3,61.7,23,RF+XGB+ARIMA SM=0.5/1.0 LC=0.7
RF+XGB,ARIMA,0.6,0.5,0.55,0.2,21.28,21.0,62.6,64.0,23,RF+XGB+ARIMA SM=0.6/0.5 LC=0.2
RF+XGB,ARIMA,0.6,0.5,0.55,0.3,21.14,21.97,62.7,64.2,23,RF+XGB+ARIMA SM=0.6/0.5 LC=0.3
RF+XGB,ARIMA,0.6,0.5,0.55,0.4,21.05,22.53,62.5,63.4,23,RF+XGB+ARIMA SM=0.6/0.5 LC=0.4
RF+XGB,ARIMA,0.6,0.5,0.55,0.5,21.03,22.57,62.6,63.4,23,RF+XGB+ARIMA SM=0.6/0.5 LC=0.5
RF+XGB,ARIMA,0.6,0.5,0.55,0.6,21.07,22.16,61.8,63.0,22,RF+XGB+ARIMA SM=0.6/0.5 LC=0.6
RF+XGB,ARIMA,0.6,0.5,0.55,0.7,21.15,21.46,61.4,62.6,22,RF+XGB+ARIMA SM=0.6/0.5 LC=0.7
RF+XGB,ARIMA,0.6,0.6,0.6,0.2,21.12,21.06,62.7,64.0,23,RF+XGB+ARIMA SM=0.6/0.6 LC=0.2
RF+XGB,ARIMA,0.6,0.6,0.6,0.3,20.97,22.03,62.8,64.2,23,RF+XGB+ARIMA SM=0.6/0.6 LC=0.3
RF+XGB,ARIMA,0.6,0.6,0.6,0.4,20.89,22.59,62.6,63.4,23,RF+XGB+ARIMA SM=0.6/0.6 LC=0.4
RF+XGB,ARIMA,0.6,0.6,0.6,0.5,20.87,22.63,62.7,63.4,24,RF+XGB+ARIMA SM=0.6/0.6 LC=0.5
RF+XGB,ARIMA,0.6,0.6,0.6,0.6,20.91,22.22,62.0,63.0,23,RF+XGB+ARIMA SM=0.6/0.6 LC=0.6
RF+XGB,ARIMA,0.6,0.6,0.6,0.7,20.99,21.52,61.5,62.6,23,RF+XGB+ARIMA SM=0.6/0.6 LC=0.7
RF+XGB,ARIMA,0.6,0.7,0.65,0.2,21.01,21.03,62.5,63.8,23,RF+XGB+ARIMA SM=0.6/0.7 LC=0.2
RF+XGB,ARIMA,0.6,0.7,0.65,0.3,20.87,22.0,62.6,64.0,23,RF+XGB+ARIMA SM=0.6/0.7 LC=0.3
RF+XGB,ARIMA,0.6,0.7,0.65,0.4,20.79,22.56,62.5,63.2,23,RF+XGB+ARIMA SM=0.6/0.7 LC=0.4
RF+XGB,ARIMA,0.6,0.7,0.65,0.5,20.76,22.6,62.6,63.2,24,RF+XGB+ARIMA SM=0.6/0.7 LC=0.5
RF+XGB,ARIMA,0.6,0.7,0.65,0.6,20.8,22.2,61.8,62.8,23,RF+XGB+ARIMA SM=0.6/0.7 LC=0.6
RF+XGB,ARIMA,0.6,0.7,0.65,0.7,20.88,21.49,61.3,62.3,23,RF+XGB+ARIMA SM=0.6/0.7 LC=0.7
RF+XGB,ARIMA,0.6,0.8,0.7,0.2,20.96,20.89,62.5,63.8,23,RF+XGB+ARIMA SM=0.6/0.8 LC=0.2
RF+XGB,ARIMA,0.6,0.8,0.7,0.3,20.82,21.87,62.6,64.0,23,RF+XGB+ARIMA SM=0.6/0.8 LC=0.3
RF+XGB,ARIMA,0.6,0.8,0.7,0.4,20.74,22.42,62.4,63.2,23,RF+XGB+ARIMA SM=0.6/0.8 LC=0.4
RF+XGB,ARIMA,0.6,0.8,0.7,0.5,20.72,22.46,62.5,63.2,24,RF+XGB+ARIMA SM=0.6/0.8 LC=0.5
RF+XGB,ARIMA,0.6,0.8,0.7,0.6,20.75,22.06,61.7,62.8,23,RF+XGB+ARIMA SM=0.6/0.8 LC=0.6
RF+XGB,ARIMA,0.6,0.8,0.7,0.7,20.83,21.35,61.3,62.3,23,RF+XGB+ARIMA SM=0.6/0.8 LC=0.7
RF+XGB,ARIMA,0.6,0.9,0.75,0.2,20.96,20.68,62.3,63.4,23,RF+XGB+ARIMA SM=0.6/0.9 LC=0.2
RF+XGB,ARIMA,0.6,0.9,0.75,0.3,20.82,21.65,62.4,63.6,23,RF+XGB+ARIMA SM=0.6/0.9 LC=0.3
RF+XGB,ARIMA,0.6,0.9,0.75,0.4,20.74,22.21,62.2,62.8,23,RF+XGB+ARIMA SM=0.6/0.9 LC=0.4
RF+XGB,ARIMA,0.6,0.9,0.75,0.5,20.71,22.25,62.3,62.8,23,RF+XGB+ARIMA SM=0.6/0.9 LC=0.5
RF+XGB,ARIMA,0.6,0.9,0.75,0.6,20.75,21.84,61.6,62.3,22,RF+XGB+ARIMA SM=0.6/0.9 LC=0.6
RF+XGB,ARIMA,0.6,0.9,0.75,0.7,20.83,21.14,61.1,61.9,23,RF+XGB+ARIMA SM=0.6/0.9 LC=0.7
RF+XGB,ARIMA,0.6,1.0,0.8,0.2,21.03,20.4,62.3,63.2,23,RF+XGB+ARIMA SM=0.6/1.0 LC=0.2
RF+XGB,ARIMA,0.6,1.0,0.8,0.3,20.88,21.37,62.5,63.4,23,RF+XGB+ARIMA SM=0.6/1.0 LC=0.3
RF+XGB,ARIMA,0.6,1.0,0.8,0.4,20.8,21.93,62.3,62.6,23,RF+XGB+ARIMA SM=0.6/1.0 LC=0.4
RF+XGB,ARIMA,0.6,1.0,0.8,0.5,20.78,21.97,62.4,62.6,24,RF+XGB+ARIMA SM=0.6/1.0 LC=0.5
RF+XGB,ARIMA,0.6,1.0,0.8,0.6,20.82,21.56,61.6,62.1,23,RF+XGB+ARIMA SM=0.6/1.0 LC=0.6
RF+XGB,ARIMA,0.6,1.0,0.8,0.7,20.9,20.86,61.2,61.7,23,RF+XGB+ARIMA SM=0.6/1.0 LC=0.7
RF+XGB,ARIMA,0.7,0.5,0.6,0.2,21.34,20.93,62.2,64.0,23,RF+XGB+ARIMA SM=0.7/0.5 LC=0.2
RF+XGB,ARIMA,0.7,0.5,0.6,0.3,21.2,21.9,62.3,64.2,23,RF+XGB+ARIMA SM=0.7/0.5 LC=0.3
RF+XGB,ARIMA,0.7,0.5,0.6,0.4,21.11,22.46,62.1,63.4,23,RF+XGB+ARIMA SM=0.7/0.5 LC=0.4
RF+XGB,ARIMA,0.7,0.5,0.6,0.5,21.09,22.5,62.2,63.4,23,RF+XGB+ARIMA SM=0.7/0.5 LC=0.5
RF+XGB,ARIMA,0.7,0.5,0.6,0.6,21.13,22.09,61.4,63.0,22,RF+XGB+ARIMA SM=0.7/0.5 LC=0.6
RF+XGB,ARIMA,0.7,0.5,0.6,0.7,21.21,21.39,61.0,62.6,22,RF+XGB+ARIMA SM=0.7/0.5 LC=0.7
RF+XGB,ARIMA,0.7,0.6,0.65,0.2,21.18,20.99,62.3,64.0,23,RF+XGB+ARIMA SM=0.7/0.6 LC=0.2
RF+XGB,ARIMA,0.7,0.6,0.65,0.3,21.03,21.96,62.5,64.2,23,RF+XGB+ARIMA SM=0.7/0.6 LC=0.3
RF+XGB,ARIMA,0.7,0.6,0.65,0.4,20.95,22.52,62.3,63.4,23,RF+XGB+ARIMA SM=0.7/0.6 LC=0.4
RF+XGB,ARIMA,0.7,0.6,0.65,0.5,20.93,22.56,62.4,63.4,24,RF+XGB+ARIMA SM=0.7/0.6 LC=0.5
RF+XGB,ARIMA,0.7,0.6,0.65,0.6,20.97,22.15,61.6,63.0,23,RF+XGB+ARIMA SM=0.7/0.6 LC=0.6
RF+XGB,ARIMA,0.7,0.6,0.65,0.7,21.05,21.45,61.2,62.6,23,RF+XGB+ARIMA SM=0.7/0.6 LC=0.7
RF+XGB,ARIMA,0.7,0.7,0.7,0.2,21.07,20.96,62.1,63.8,23,RF+XGB+ARIMA SM=0.7/0.7 LC=0.2
RF+XGB,ARIMA,0.7,0.7,0.7,0.3,20.93,21.93,62.2,64.0,23,RF+XGB+ARIMA SM=0.7/0.7 LC=0.3
RF+XGB,ARIMA,0.7,0.7,0.7,0.4,20.85,22.49,62.1,63.2,23,RF+XGB+ARIMA SM=0.7/0.7 LC=0.4
RF+XGB,ARIMA,0.7,0.7,0.7,0.5,20.82,22.53,62.2,63.2,24,RF+XGB+ARIMA SM=0.7/0.7 LC=0.5
RF+XGB,ARIMA,0.7,0.7,0.7,0.6,20.86,22.13,61.4,62.8,23,RF+XGB+ARIMA SM=0.7/0.7 LC=0.6
RF+XGB,ARIMA,0.7,0.7,0.7,0.7,20.94,21.42,60.9,62.3,23,RF+XGB+ARIMA SM=0.7/0.7 LC=0.7
RF+XGB,ARIMA,0.7,0.8,0.75,0.2,21.03,20.82,62.2,63.8,23,RF+XGB+ARIMA SM=0.7/0.8 LC=0.2
RF+XGB,ARIMA,0.7,0.8,0.75,0.3,20.88,21.79,62.3,64.0,23,RF+XGB+ARIMA SM=0.7/0.8 LC=0.3
RF+XGB,ARIMA,0.7,0.8,0.75,0.4,20.8,22.35,62.1,63.2,23,RF+XGB+ARIMA SM=0.7/0.8 LC=0.4
RF+XGB,ARIMA,0.7,0.8,0.75,0.5,20.78,22.39,62.2,63.2,24,RF+XGB+ARIMA SM=0.7/0.8 LC=0.5
RF+XGB,ARIMA,0.7,0.8,0.75,0.6,20.82,21.99,61.4,62.8,23,RF+XGB+ARIMA SM=0.7/0.8 LC=0.6
RF+XGB,ARIMA,0.7,0.8,0.75,0.7,20.9,21.28,61.0,62.3,23,RF+XGB+ARIMA SM=0.7/0.8 LC=0.7
RF+XGB,ARIMA,0.7,0.9,0.8,0.2,21.03,20.61,62.0,63.4,23,RF+XGB+ARIMA SM=0.7/0.9 LC=0.2
RF+XGB,ARIMA,0.7,0.9,0.8,0.3,20.88,21.58,62.1,63.6,23,RF+XGB+ARIMA SM=0.7/0.9 LC=0.3
RF+XGB,ARIMA,0.7,0.9,0.8,0.4,20.8,22.14,62.0,62.8,23,RF+XGB+ARIMA SM=0.7/0.9 LC=0.4
RF+XGB,ARIMA,0.7,0.9,0.8,0.5,20.78,22.18,62.1,62.8,23,RF+XGB+ARIMA SM=0.7/0.9 LC=0.5
RF+XGB,ARIMA,0.7,0.9,0.8,0.6,20.82,21.77,61.3,62.3,22,RF+XGB+ARIMA SM=0.7/0.9 LC=0.6
RF+XGB,ARIMA,0.7,0.9,0.8,0.7,20.9,21.07,60.8,61.9,23,RF+XGB+ARIMA SM=0.7/0.9 LC=0.7
RF+XGB,ARIMA,0.7,1.0,0.85,0.2,21.09,20.33,62.1,63.2,23,RF+XGB+ARIMA SM=0.7/1.0 LC=0.2
RF+XGB,ARIMA,0.7,1.0,0.85,0.3,20.95,21.3,62.2,63.4,23,RF+XGB+ARIMA SM=0.7/1.0 LC=0.3
RF+XGB,ARIMA,0.7,1.0,0.85,0.4,20.86,21.85,62.0,62.6,23,RF+XGB+ARIMA SM=0.7/1.0 LC=0.4
RF+XGB,ARIMA,0.7,1.0,0.85,0.5,20.84,21.9,62.1,62.6,24,RF+XGB+ARIMA SM=0.7/1.0 LC=0.5
RF+XGB,ARIMA,0.7,1.0,0.85,0.6,20.88,21.49,61.3,62.1,23,RF+XGB+ARIMA SM=0.7/1.0 LC=0.6
RF+XGB,ARIMA,0.7,1.0,0.85,0.7,20.96,20.79,60.9,61.7,23,RF+XGB+ARIMA SM=0.7/1.0 LC=0.7
RF+XGB,SARIMAX,0.3,0.5,0.4,0.2,23.4,4.29,60.1,59.9,20,RF+XGB+SARIMAX SM=0.3/0.5 LC=0.2
RF+XGB,SARIMAX,0.3,0.5,0.4,0.3,22.94,7.85,60.3,60.5,20,RF+XGB+SARIMAX SM=0.3/0.5 LC=0.3
RF+XGB,SARIMAX,0.3,0.5,0.4,0.4,22.54,11.06,60.3,60.9,20,RF+XGB+SARIMAX SM=0.3/0.5 LC=0.4
RF+XGB,SARIMAX,0.3,0.5,0.4,0.5,22.2,13.74,60.3,61.5,21,RF+XGB+SARIMAX SM=0.3/0.5 LC=0.5
RF+XGB,SARIMAX,0.3,0.5,0.4,0.6,21.94,15.73,60.3,61.7,22,RF+XGB+SARIMAX SM=0.3/0.5 LC=0.6
RF+XGB,SARIMAX,0.3,0.5,0.4,0.7,21.74,17.12,60.2,61.7,22,RF+XGB+SARIMAX SM=0.3/0.5 LC=0.7
RF+XGB,SARIMAX,0.3,0.6,0.45,0.2,23.19,4.53,60.3,59.7,20,RF+XGB+SARIMAX SM=0.3/0.6 LC=0.2
RF+XGB,SARIMAX,0.3,0.6,0.45,0.3,22.73,8.08,60.5,60.3,20,RF+XGB+SARIMAX SM=0.3/0.6 LC=0.3
RF+XGB,SARIMAX,0.3,0.6,0.45,0.4,22.33,11.3,60.5,60.7,20,RF+XGB+SARIMAX SM=0.3/0.6 LC=0.4
RF+XGB,SARIMAX,0.3,0.6,0.45,0.5,21.99,13.98,60.5,61.3,21,RF+XGB+SARIMAX SM=0.3/0.6 LC=0.5
RF+XGB,SARIMAX,0.3,0.6,0.45,0.6,21.72,15.97,60.5,61.5,22,RF+XGB+SARIMAX SM=0.3/0.6 LC=0.6
RF+XGB,SARIMAX,0.3,0.6,0.45,0.7,21.53,17.36,60.4,61.5,22,RF+XGB+SARIMAX SM=0.3/0.6 LC=0.7
RF+XGB,SARIMAX,0.3,0.7,0.5,0.2,23.03,4.67,60.0,59.3,20,RF+XGB+SARIMAX SM=0.3/0.7 LC=0.2
RF+XGB,SARIMAX,0.3,0.7,0.5,0.3,22.57,8.22,60.2,59.9,20,RF+XGB+SARIMAX SM=0.3/0.7 LC=0.3
RF+XGB,SARIMAX,0.3,0.7,0.5,0.4,22.17,11.43,60.3,60.3,20,RF+XGB+SARIMAX SM=0.3/0.7 LC=0.4
RF+XGB,SARIMAX,0.3,0.7,0.5,0.5,21.84,14.11,60.3,60.9,21,RF+XGB+SARIMAX SM=0.3/0.7 LC=0.5
RF+XGB,SARIMAX,0.3,0.7,0.5,0.6,21.57,16.1,60.3,61.1,22,RF+XGB+SARIMAX SM=0.3/0.7 LC=0.6
RF+XGB,SARIMAX,0.3,0.7,0.5,0.7,21.37,17.5,60.1,61.1,22,RF+XGB+SARIMAX SM=0.3/0.7 LC=0.7
RF+XGB,SARIMAX,0.3,0.8,0.55,0.2,22.92,4.7,59.7,59.3,20,RF+XGB+SARIMAX SM=0.3/0.8 LC=0.2
RF+XGB,SARIMAX,0.3,0.8,0.55,0.3,22.46,8.25,59.9,59.9,20,RF+XGB+SARIMAX SM=0.3/0.8 LC=0.3
RF+XGB,SARIMAX,0.3,0.8,0.55,0.4,22.06,11.46,59.9,60.3,20,RF+XGB+SARIMAX SM=0.3/0.8 LC=0.4
RF+XGB,SARIMAX,0.3,0.8,0.55,0.5,21.72,14.14,59.9,60.9,21,RF+XGB+SARIMAX SM=0.3/0.8 LC=0.5
RF+XGB,SARIMAX,0.3,0.8,0.55,0.6,21.45,16.14,59.9,61.1,22,RF+XGB+SARIMAX SM=0.3/0.8 LC=0.6
RF+XGB,SARIMAX,0.3,0.8,0.55,0.7,21.26,17.53,59.8,61.1,22,RF+XGB+SARIMAX SM=0.3/0.8 LC=0.7
RF+XGB,SARIMAX,0.3,0.9,0.6,0.2,22.9,4.58,59.9,59.5,20,RF+XGB+SARIMAX SM=0.3/0.9 LC=0.2
RF+XGB,SARIMAX,0.3,0.9,0.6,0.3,22.44,8.13,60.1,60.1,20,RF+XGB+SARIMAX SM=0.3/0.9 LC=0.3
RF+XGB,SARIMAX,0.3,0.9,0.6,0.4,22.04,11.35,60.2,60.5,20,RF+XGB+SARIMAX SM=0.3/0.9 LC=0.4
RF+XGB,SARIMAX,0.3,0.9,0.6,0.5,21.7,14.02,60.2,61.1,21,RF+XGB+SARIMAX SM=0.3/0.9 LC=0.5
RF+XGB,SARIMAX,0.3,0.9,0.6,0.6,21.43,16.02,60.2,61.3,22,RF+XGB+SARIMAX SM=0.3/0.9 LC=0.6
RF+XGB,SARIMAX,0.3,0.9,0.6,0.7,21.24,17.41,60.0,61.3,22,RF+XGB+SARIMAX SM=0.3/0.9 LC=0.7
RF+XGB,SARIMAX,0.3,1.0,0.65,0.2,22.98,4.29,60.2,59.7,20,RF+XGB+SARIMAX SM=0.3/1.0 LC=0.2
RF+XGB,SARIMAX,0.3,1.0,0.65,0.3,22.53,7.85,60.3,60.3,20,RF+XGB+SARIMAX SM=0.3/1.0 LC=0.3
RF+XGB,SARIMAX,0.3,1.0,0.65,0.4,22.12,11.06,60.4,60.7,20,RF+XGB+SARIMAX SM=0.3/1.0 LC=0.4
RF+XGB,SARIMAX,0.3,1.0,0.65,0.5,21.79,13.74,60.4,61.3,21,RF+XGB+SARIMAX SM=0.3/1.0 LC=0.5
RF+XGB,SARIMAX,0.3,1.0,0.65,0.6,21.52,15.73,60.4,61.5,22,RF+XGB+SARIMAX SM=0.3/1.0 LC=0.6
RF+XGB,SARIMAX,0.3,1.0,0.65,0.7,21.32,17.12,60.2,61.5,22,RF+XGB+SARIMAX SM=0.3/1.0 LC=0.7
RF+XGB,SARIMAX,0.4,0.5,0.45,0.2,23.39,4.35,60.2,59.9,20,RF+XGB+SARIMAX SM=0.4/0.5 LC=0.2
RF+XGB,SARIMAX,0.4,0.5,0.45,0.3,22.94,7.9,60.4,60.5,20,RF+XGB+SARIMAX SM=0.4/0.5 LC=0.3
RF+XGB,SARIMAX,0.4,0.5,0.45,0.4,22.53,11.12,60.4,60.9,20,RF+XGB+SARIMAX SM=0.4/0.5 LC=0.4
RF+XGB,SARIMAX,0.4,0.5,0.45,0.5,22.2,13.8,60.4,61.5,21,RF+XGB+SARIMAX SM=0.4/0.5 LC=0.5
RF+XGB,SARIMAX,0.4,0.5,0.45,0.6,21.93,15.79,60.4,61.7,22,RF+XGB+SARIMAX SM=0.4/0.5 LC=0.6
RF+XGB,SARIMAX,0.4,0.5,0.45,0.7,21.74,17.18,60.3,61.7,22,RF+XGB+SARIMAX SM=0.4/0.5 LC=0.7
RF+XGB,SARIMAX,0.4,0.6,0.5,0.2,23.18,4.59,60.4,59.7,20,RF+XGB+SARIMAX SM=0.4/0.6 LC=0.2
RF+XGB,SARIMAX,0.4,0.6,0.5,0.3,22.73,8.14,60.5,60.3,20,RF+XGB+SARIMAX SM=0.4/0.6 LC=0.3
RF+XGB,SARIMAX,0.4,0.6,0.5,0.4,22.32,11.35,60.6,60.7,20,RF+XGB+SARIMAX SM=0.4/0.6 LC=0.4
RF+XGB,SARIMAX,0.4,0.6,0.5,0.5,21.99,14.03,60.6,61.3,21,RF+XGB+SARIMAX SM=0.4/0.6 LC=0.5
RF+XGB,SARIMAX,0.4,0.6,0.5,0.6,21.72,16.02,60.6,61.5,22,RF+XGB+SARIMAX SM=0.4/0.6 LC=0.6
RF+XGB,SARIMAX,0.4,0.6,0.5,0.7,21.52,17.42,60.4,61.5,22,RF+XGB+SARIMAX SM=0.4/0.6 LC=0.7
RF+XGB,SARIMAX,0.4,0.7,0.55,0.2,23.03,4.72,60.2,59.3,20,RF+XGB+SARIMAX SM=0.4/0.7 LC=0.2
RF+XGB,SARIMAX,0.4,0.7,0.55,0.3,22.57,8.27,60.3,59.9,20,RF+XGB+SARIMAX SM=0.4/0.7 LC=0.3
RF+XGB,SARIMAX,0.4,0.7,0.55,0.4,22.17,11.49,60.4,60.3,20,RF+XGB+SARIMAX SM=0.4/0.7 LC=0.4
RF+XGB,SARIMAX,0.4,0.7,0.55,0.5,21.83,14.16,60.4,60.9,21,RF+XGB+SARIMAX SM=0.4/0.7 LC=0.5
RF+XGB,SARIMAX,0.4,0.7,0.55,0.6,21.57,16.16,60.4,61.1,22,RF+XGB+SARIMAX SM=0.4/0.7 LC=0.6
RF+XGB,SARIMAX,0.4,0.7,0.55,0.7,21.37,17.55,60.2,61.1,22,RF+XGB+SARIMAX SM=0.4/0.7 LC=0.7
RF+XGB,SARIMAX,0.4,0.8,0.6,0.2,22.92,4.75,59.8,59.3,20,RF+XGB+SARIMAX SM=0.4/0.8 LC=0.2
RF+XGB,SARIMAX,0.4,0.8,0.6,0.3,22.46,8.31,59.9,59.9,20,RF+XGB+SARIMAX SM=0.4/0.8 LC=0.3
RF+XGB,SARIMAX,0.4,0.8,0.6,0.4,22.06,11.52,60.0,60.3,20,RF+XGB+SARIMAX SM=0.4/0.8 LC=0.4
RF+XGB,SARIMAX,0.4,0.8,0.6,0.5,21.72,14.2,60.0,60.9,21,RF+XGB+SARIMAX SM=0.4/0.8 LC=0.5
RF+XGB,SARIMAX,0.4,0.8,0.6,0.6,21.45,16.19,60.0,61.1,22,RF+XGB+SARIMAX SM=0.4/0.8 LC=0.6
RF+XGB,SARIMAX,0.4,0.8,0.6,0.7,21.26,17.58,59.8,61.1,22,RF+XGB+SARIMAX SM=0.4/0.8 LC=0.7
RF+XGB,SARIMAX,0.4,0.9,0.65,0.2,22.9,4.63,60.0,59.5,20,RF+XGB+SARIMAX SM=0.4/0.9 LC=0.2
RF+XGB,SARIMAX,0.4,0.9,0.65,0.3,22.44,8.19,60.2,60.1,20,RF+XGB+SARIMAX SM=0.4/0.9 LC=0.3
RF+XGB,SARIMAX,0.4,0.9,0.65,0.4,22.04,11.4,60.3,60.5,20,RF+XGB+SARIMAX SM=0.4/0.9 LC=0.4
RF+XGB,SARIMAX,0.4,0.9,0.65,0.5,21.7,14.08,60.3,61.1,21,RF+XGB+SARIMAX SM=0.4/0.9 LC=0.5
RF+XGB,SARIMAX,0.4,0.9,0.65,0.6,21.44,16.07,60.3,61.3,22,RF+XGB+SARIMAX SM=0.4/0.9 LC=0.6
RF+XGB,SARIMAX,0.4,0.9,0.65,0.7,21.24,17.46,60.1,61.3,22,RF+XGB+SARIMAX SM=0.4/0.9 LC=0.7
RF+XGB,SARIMAX,0.4,1.0,0.7,0.2,22.98,4.34,60.3,59.7,20,RF+XGB+SARIMAX SM=0.4/1.0 LC=0.2
RF+XGB,SARIMAX,0.4,1.0,0.7,0.3,22.53,7.9,60.4,60.3,20,RF+XGB+SARIMAX SM=0.4/1.0 LC=0.3
RF+XGB,SARIMAX,0.4,1.0,0.7,0.4,22.12,11.11,60.5,60.7,20,RF+XGB+SARIMAX SM=0.4/1.0 LC=0.4
RF+XGB,SARIMAX,0.4,1.0,0.7,0.5,21.79,13.79,60.5,61.3,21,RF+XGB+SARIMAX SM=0.4/1.0 LC=0.5
RF+XGB,SARIMAX,0.4,1.0,0.7,0.6,21.52,15.78,60.5,61.5,22,RF+XGB+SARIMAX SM=0.4/1.0 LC=0.6
RF+XGB,SARIMAX,0.4,1.0,0.7,0.7,21.32,17.17,60.3,61.5,22,RF+XGB+SARIMAX SM=0.4/1.0 LC=0.7
RF+XGB,SARIMAX,0.5,0.5,0.5,0.2,23.41,4.38,60.0,59.9,20,RF+XGB+SARIMAX SM=0.5/0.5 LC=0.2
RF+XGB,SARIMAX,0.5,0.5,0.5,0.3,22.95,7.94,60.2,60.5,20,RF+XGB+SARIMAX SM=0.5/0.5 LC=0.3
RF+XGB,SARIMAX,0.5,0.5,0.5,0.4,22.55,11.15,60.2,60.9,20,RF+XGB+SARIMAX SM=0.5/0.5 LC=0.4
RF+XGB,SARIMAX,0.5,0.5,0.5,0.5,22.21,13.83,60.2,61.5,21,RF+XGB+SARIMAX SM=0.5/0.5 LC=0.5
RF+XGB,SARIMAX,0.5,0.5,0.5,0.6,21.94,15.82,60.2,61.7,22,RF+XGB+SARIMAX SM=0.5/0.5 LC=0.6
RF+XGB,SARIMAX,0.5,0.5,0.5,0.7,21.75,17.21,60.0,61.7,22,RF+XGB+SARIMAX SM=0.5/0.5 LC=0.7
RF+XGB,SARIMAX,0.5,0.6,0.55,0.2,23.2,4.62,60.2,59.7,20,RF+XGB+SARIMAX SM=0.5/0.6 LC=0.2
RF+XGB,SARIMAX,0.5,0.6,0.55,0.3,22.74,8.17,60.4,60.3,20,RF+XGB+SARIMAX SM=0.5/0.6 LC=0.3
RF+XGB,SARIMAX,0.5,0.6,0.55,0.4,22.34,11.38,60.4,60.7,20,RF+XGB+SARIMAX SM=0.5/0.6 LC=0.4
RF+XGB,SARIMAX,0.5,0.6,0.55,0.5,22.0,14.06,60.4,61.3,21,RF+XGB+SARIMAX SM=0.5/0.6 LC=0.5
RF+XGB,SARIMAX,0.5,0.6,0.55,0.6,21.74,16.05,60.4,61.5,22,RF+XGB+SARIMAX SM=0.5/0.6 LC=0.6
RF+XGB,SARIMAX,0.5,0.6,0.55,0.7,21.54,17.45,60.3,61.5,22,RF+XGB+SARIMAX SM=0.5/0.6 LC=0.7
RF+XGB,SARIMAX,0.5,0.7,0.6,0.2,23.05,4.75,59.9,59.3,20,RF+XGB+SARIMAX SM=0.5/0.7 LC=0.2
RF+XGB,SARIMAX,0.5,0.7,0.6,0.3,22.59,8.3,60.1,59.9,20,RF+XGB+SARIMAX SM=0.5/0.7 LC=0.3
RF+XGB,SARIMAX,0.5,0.7,0.6,0.4,22.19,11.51,60.2,60.3,20,RF+XGB+SARIMAX SM=0.5/0.7 LC=0.4
RF+XGB,SARIMAX,0.5,0.7,0.6,0.5,21.85,14.19,60.2,60.9,21,RF+XGB+SARIMAX SM=0.5/0.7 LC=0.5
RF+XGB,SARIMAX,0.5,0.7,0.6,0.6,21.58,16.18,60.2,61.1,22,RF+XGB+SARIMAX SM=0.5/0.7 LC=0.6
RF+XGB,SARIMAX,0.5,0.7,0.6,0.7,21.39,17.58,60.0,61.1,22,RF+XGB+SARIMAX SM=0.5/0.7 LC=0.7
RF+XGB,SARIMAX,0.5,0.8,0.65,0.2,22.94,4.78,59.6,59.3,20,RF+XGB+SARIMAX SM=0.5/0.8 LC=0.2
RF+XGB,SARIMAX,0.5,0.8,0.65,0.3,22.48,8.33,59.8,59.9,20,RF+XGB+SARIMAX SM=0.5/0.8 LC=0.3
RF+XGB,SARIMAX,0.5,0.8,0.65,0.4,22.08,11.54,59.8,60.3,20,RF+XGB+SARIMAX SM=0.5/0.8 LC=0.4
RF+XGB,SARIMAX,0.5,0.8,0.65,0.5,21.74,14.22,59.8,60.9,21,RF+XGB+SARIMAX SM=0.5/0.8 LC=0.5
RF+XGB,SARIMAX,0.5,0.8,0.65,0.6,21.47,16.22,59.8,61.1,22,RF+XGB+SARIMAX SM=0.5/0.8 LC=0.6
RF+XGB,SARIMAX,0.5,0.8,0.65,0.7,21.28,17.61,59.7,61.1,22,RF+XGB+SARIMAX SM=0.5/0.8 LC=0.7
RF+XGB,SARIMAX,0.5,0.9,0.7,0.2,22.92,4.66,59.9,59.5,20,RF+XGB+SARIMAX SM=0.5/0.9 LC=0.2
RF+XGB,SARIMAX,0.5,0.9,0.7,0.3,22.46,8.21,60.0,60.1,20,RF+XGB+SARIMAX SM=0.5/0.9 LC=0.3
RF+XGB,SARIMAX,0.5,0.9,0.7,0.4,22.06,11.42,60.1,60.5,20,RF+XGB+SARIMAX SM=0.5/0.9 LC=0.4
RF+XGB,SARIMAX,0.5,0.9,0.7,0.5,21.72,14.1,60.1,61.1,21,RF+XGB+SARIMAX SM=0.5/0.9 LC=0.5
RF+XGB,SARIMAX,0.5,0.9,0.7,0.6,21.45,16.09,60.1,61.3,22,RF+XGB+SARIMAX SM=0.5/0.9 LC=0.6
RF+XGB,SARIMAX,0.5,0.9,0.7,0.7,21.26,17.49,59.9,61.3,22,RF+XGB+SARIMAX SM=0.5/0.9 LC=0.7
RF+XGB,SARIMAX,0.5,1.0,0.75,0.2,23.0,4.37,60.2,59.7,20,RF+XGB+SARIMAX SM=0.5/1.0 LC=0.2
RF+XGB,SARIMAX,0.5,1.0,0.75,0.3,22.55,7.92,60.3,60.3,20,RF+XGB+SARIMAX SM=0.5/1.0 LC=0.3
RF+XGB,SARIMAX,0.5,1.0,0.75,0.4,22.14,11.14,60.4,60.7,20,RF+XGB+SARIMAX SM=0.5/1.0 LC=0.4
RF+XGB,SARIMAX,0.5,1.0,0.75,0.5,21.81,13.81,60.4,61.3,21,RF+XGB+SARIMAX SM=0.5/1.0 LC=0.5
RF+XGB,SARIMAX,0.5,1.0,0.75,0.6,21.54,15.81,60.4,61.5,22,RF+XGB+SARIMAX SM=0.5/1.0 LC=0.6
RF+XGB,SARIMAX,0.5,1.0,0.75,0.7,21.34,17.2,60.2,61.5,22,RF+XGB+SARIMAX SM=0.5/1.0 LC=0.7
RF+XGB,SARIMAX,0.6,0.5,0.55,0.2,23.43,4.4,59.6,59.9,20,RF+XGB+SARIMAX SM=0.6/0.5 LC=0.2
RF+XGB,SARIMAX,0.6,0.5,0.55,0.3,22.98,7.95,59.8,60.5,20,RF+XGB+SARIMAX SM=0.6/0.5 LC=0.3
RF+XGB,SARIMAX,0.6,0.5,0.55,0.4,22.57,11.17,59.8,60.9,20,RF+XGB+SARIMAX SM=0.6/0.5 LC=0.4
RF+XGB,SARIMAX,0.6,0.5,0.55,0.5,22.24,13.85,59.8,61.5,21,RF+XGB+SARIMAX SM=0.6/0.5 LC=0.5
RF+XGB,SARIMAX,0.6,0.5,0.55,0.6,21.97,15.84,59.8,61.7,22,RF+XGB+SARIMAX SM=0.6/0.5 LC=0.6
RF+XGB,SARIMAX,0.6,0.5,0.55,0.7,21.77,17.23,59.7,61.7,22,RF+XGB+SARIMAX SM=0.6/0.5 LC=0.7
RF+XGB,SARIMAX,0.6,0.6,0.6,0.2,23.22,4.63,59.8,59.7,20,RF+XGB+SARIMAX SM=0.6/0.6 LC=0.2
RF+XGB,SARIMAX,0.6,0.6,0.6,0.3,22.77,8.19,59.9,60.3,20,RF+XGB+SARIMAX SM=0.6/0.6 LC=0.3
RF+XGB,SARIMAX,0.6,0.6,0.6,0.4,22.36,11.4,60.0,60.7,20,RF+XGB+SARIMAX SM=0.6/0.6 LC=0.4
RF+XGB,SARIMAX,0.6,0.6,0.6,0.5,22.03,14.08,60.0,61.3,21,RF+XGB+SARIMAX SM=0.6/0.6 LC=0.5
RF+XGB,SARIMAX,0.6,0.6,0.6,0.6,21.76,16.07,60.0,61.5,22,RF+XGB+SARIMAX SM=0.6/0.6 LC=0.6
RF+XGB,SARIMAX,0.6,0.6,0.6,0.7,21.57,17.46,59.8,61.5,22,RF+XGB+SARIMAX SM=0.6/0.6 LC=0.7
RF+XGB,SARIMAX,0.6,0.7,0.65,0.2,23.07,4.76,59.5,59.3,20,RF+XGB+SARIMAX SM=0.6/0.7 LC=0.2
RF+XGB,SARIMAX,0.6,0.7,0.65,0.3,22.62,8.32,59.7,59.9,20,RF+XGB+SARIMAX SM=0.6/0.7 LC=0.3
RF+XGB,SARIMAX,0.6,0.7,0.65,0.4,22.21,11.53,59.8,60.3,20,RF+XGB+SARIMAX SM=0.6/0.7 LC=0.4
RF+XGB,SARIMAX,0.6,0.7,0.65,0.5,21.88,14.21,59.8,60.9,21,RF+XGB+SARIMAX SM=0.6/0.7 LC=0.5
RF+XGB,SARIMAX,0.6,0.7,0.65,0.6,21.61,16.2,59.8,61.1,22,RF+XGB+SARIMAX SM=0.6/0.7 LC=0.6
RF+XGB,SARIMAX,0.6,0.7,0.65,0.7,21.41,17.59,59.6,61.1,22,RF+XGB+SARIMAX SM=0.6/0.7 LC=0.7
RF+XGB,SARIMAX,0.6,0.8,0.7,0.2,22.96,4.79,59.2,59.3,20,RF+XGB+SARIMAX SM=0.6/0.8 LC=0.2
RF+XGB,SARIMAX,0.6,0.8,0.7,0.3,22.51,8.35,59.4,59.9,20,RF+XGB+SARIMAX SM=0.6/0.8 LC=0.3
RF+XGB,SARIMAX,0.6,0.8,0.7,0.4,22.1,11.56,59.4,60.3,20,RF+XGB+SARIMAX SM=0.6/0.8 LC=0.4
RF+XGB,SARIMAX,0.6,0.8,0.7,0.5,21.77,14.24,59.4,60.9,21,RF+XGB+SARIMAX SM=0.6/0.8 LC=0.5
RF+XGB,SARIMAX,0.6,0.8,0.7,0.6,21.5,16.23,59.4,61.1,22,RF+XGB+SARIMAX SM=0.6/0.8 LC=0.6
RF+XGB,SARIMAX,0.6,0.8,0.7,0.7,21.3,17.62,59.3,61.1,22,RF+XGB+SARIMAX SM=0.6/0.8 LC=0.7
RF+XGB,SARIMAX,0.6,0.9,0.75,0.2,22.94,4.67,59.5,59.5,20,RF+XGB+SARIMAX SM=0.6/0.9 LC=0.2
RF+XGB,SARIMAX,0.6,0.9,0.75,0.3,22.49,8.23,59.7,60.1,20,RF+XGB+SARIMAX SM=0.6/0.9 LC=0.3
RF+XGB,SARIMAX,0.6,0.9,0.75,0.4,22.08,11.44,59.8,60.5,20,RF+XGB+SARIMAX SM=0.6/0.9 LC=0.4
RF+XGB,SARIMAX,0.6,0.9,0.75,0.5,21.75,14.12,59.8,61.1,21,RF+XGB+SARIMAX SM=0.6/0.9 LC=0.5
RF+XGB,SARIMAX,0.6,0.9,0.75,0.6,21.48,16.11,59.8,61.3,22,RF+XGB+SARIMAX SM=0.6/0.9 LC=0.6
RF+XGB,SARIMAX,0.6,0.9,0.75,0.7,21.28,17.5,59.6,61.3,22,RF+XGB+SARIMAX SM=0.6/0.9 LC=0.7
RF+XGB,SARIMAX,0.6,1.0,0.8,0.2,23.03,4.39,59.8,59.7,20,RF+XGB+SARIMAX SM=0.6/1.0 LC=0.2
RF+XGB,SARIMAX,0.6,1.0,0.8,0.3,22.57,7.94,59.9,60.3,20,RF+XGB+SARIMAX SM=0.6/1.0 LC=0.3
RF+XGB,SARIMAX,0.6,1.0,0.8,0.4,22.17,11.15,60.0,60.7,20,RF+XGB+SARIMAX SM=0.6/1.0 LC=0.4
RF+XGB,SARIMAX,0.6,1.0,0.8,0.5,21.83,13.83,60.0,61.3,21,RF+XGB+SARIMAX SM=0.6/1.0 LC=0.5
RF+XGB,SARIMAX,0.6,1.0,0.8,0.6,21.56,15.82,60.0,61.5,22,RF+XGB+SARIMAX SM=0.6/1.0 LC=0.6
RF+XGB,SARIMAX,0.6,1.0,0.8,0.7,21.37,17.22,59.8,61.5,22,RF+XGB+SARIMAX SM=0.6/1.0 LC=0.7
RF+XGB,SARIMAX,0.7,0.5,0.6,0.2,23.46,4.41,59.4,59.9,20,RF+XGB+SARIMAX SM=0.7/0.5 LC=0.2
RF+XGB,SARIMAX,0.7,0.5,0.6,0.3,23.0,7.96,59.6,60.5,20,RF+XGB+SARIMAX SM=0.7/0.5 LC=0.3
RF+XGB,SARIMAX,0.7,0.5,0.6,0.4,22.6,11.17,59.7,60.9,20,RF+XGB+SARIMAX SM=0.7/0.5 LC=0.4
RF+XGB,SARIMAX,0.7,0.5,0.6,0.5,22.27,13.85,59.7,61.5,21,RF+XGB+SARIMAX SM=0.7/0.5 LC=0.5
RF+XGB,SARIMAX,0.7,0.5,0.6,0.6,22.0,15.84,59.7,61.7,22,RF+XGB+SARIMAX SM=0.7/0.5 LC=0.6
RF+XGB,SARIMAX,0.7,0.5,0.6,0.7,21.8,17.24,59.5,61.7,22,RF+XGB+SARIMAX SM=0.7/0.5 LC=0.7
RF+XGB,SARIMAX,0.7,0.6,0.65,0.2,23.25,4.64,59.7,59.7,20,RF+XGB+SARIMAX SM=0.7/0.6 LC=0.2
RF+XGB,SARIMAX,0.7,0.6,0.65,0.3,22.8,8.19,59.8,60.3,20,RF+XGB+SARIMAX SM=0.7/0.6 LC=0.3
RF+XGB,SARIMAX,0.7,0.6,0.65,0.4,22.39,11.4,59.9,60.7,20,RF+XGB+SARIMAX SM=0.7/0.6 LC=0.4
RF+XGB,SARIMAX,0.7,0.6,0.65,0.5,22.06,14.08,59.9,61.3,21,RF+XGB+SARIMAX SM=0.7/0.6 LC=0.5
RF+XGB,SARIMAX,0.7,0.6,0.65,0.6,21.79,16.08,59.9,61.5,22,RF+XGB+SARIMAX SM=0.7/0.6 LC=0.6
RF+XGB,SARIMAX,0.7,0.6,0.65,0.7,21.6,17.47,59.7,61.5,22,RF+XGB+SARIMAX SM=0.7/0.6 LC=0.7
RF+XGB,SARIMAX,0.7,0.7,0.7,0.2,23.1,4.77,59.4,59.3,20,RF+XGB+SARIMAX SM=0.7/0.7 LC=0.2
RF+XGB,SARIMAX,0.7,0.7,0.7,0.3,22.65,8.32,59.6,59.9,20,RF+XGB+SARIMAX SM=0.7/0.7 LC=0.3
RF+XGB,SARIMAX,0.7,0.7,0.7,0.4,22.24,11.53,59.7,60.3,20,RF+XGB+SARIMAX SM=0.7/0.7 LC=0.4
RF+XGB,SARIMAX,0.7,0.7,0.7,0.5,21.91,14.21,59.7,60.9,21,RF+XGB+SARIMAX SM=0.7/0.7 LC=0.5
RF+XGB,SARIMAX,0.7,0.7,0.7,0.6,21.64,16.2,59.7,61.1,22,RF+XGB+SARIMAX SM=0.7/0.7 LC=0.6
RF+XGB,SARIMAX,0.7,0.7,0.7,0.7,21.44,17.6,59.5,61.1,22,RF+XGB+SARIMAX SM=0.7/0.7 LC=0.7
RF+XGB,SARIMAX,0.7,0.8,0.75,0.2,22.99,4.8,59.1,59.3,20,RF+XGB+SARIMAX SM=0.7/0.8 LC=0.2
RF+XGB,SARIMAX,0.7,0.8,0.75,0.3,22.54,8.35,59.3,59.9,20,RF+XGB+SARIMAX SM=0.7/0.8 LC=0.3
RF+XGB,SARIMAX,0.7,0.8,0.75,0.4,22.13,11.56,59.4,60.3,20,RF+XGB+SARIMAX SM=0.7/0.8 LC=0.4
RF+XGB,SARIMAX,0.7,0.8,0.75,0.5,21.8,14.24,59.4,60.9,21,RF+XGB+SARIMAX SM=0.7/0.8 LC=0.5
RF+XGB,SARIMAX,0.7,0.8,0.75,0.6,21.53,16.24,59.4,61.1,22,RF+XGB+SARIMAX SM=0.7/0.8 LC=0.6
RF+XGB,SARIMAX,0.7,0.8,0.75,0.7,21.33,17.63,59.2,61.1,22,RF+XGB+SARIMAX SM=0.7/0.8 LC=0.7
RF+XGB,SARIMAX,0.7,0.9,0.8,0.2,22.97,4.68,59.4,59.5,20,RF+XGB+SARIMAX SM=0.7/0.9 LC=0.2
RF+XGB,SARIMAX,0.7,0.9,0.8,0.3,22.52,8.23,59.6,60.1,20,RF+XGB+SARIMAX SM=0.7/0.9 LC=0.3
RF+XGB,SARIMAX,0.7,0.9,0.8,0.4,22.11,11.44,59.7,60.5,20,RF+XGB+SARIMAX SM=0.7/0.9 LC=0.4
RF+XGB,SARIMAX,0.7,0.9,0.8,0.5,21.78,14.12,59.7,61.1,21,RF+XGB+SARIMAX SM=0.7/0.9 LC=0.5
RF+XGB,SARIMAX,0.7,0.9,0.8,0.6,21.51,16.12,59.7,61.3,22,RF+XGB+SARIMAX SM=0.7/0.9 LC=0.6
RF+XGB,SARIMAX,0.7,0.9,0.8,0.7,21.31,17.51,59.5,61.3,22,RF+XGB+SARIMAX SM=0.7/0.9 LC=0.7
RF+XGB,SARIMAX,0.7,1.0,0.85,0.2,23.06,4.39,59.7,59.7,20,RF+XGB+SARIMAX SM=0.7/1.0 LC=0.2
RF+XGB,SARIMAX,0.7,1.0,0.85,0.3,22.6,7.94,59.8,60.3,20,RF+XGB+SARIMAX SM=0.7/1.0 LC=0.3
RF+XGB,SARIMAX,0.7,1.0,0.85,0.4,22.2,11.16,59.9,60.7,20,RF+XGB+SARIMAX SM=0.7/1.0 LC=0.4
RF+XGB,SARIMAX,0.7,1.0,0.85,0.5,21.86,13.83,59.9,61.3,21,RF+XGB+SARIMAX SM=0.7/1.0 LC=0.5
RF+XGB,SARIMAX,0.7,1.0,0.85,0.6,21.59,15.83,59.9,61.5,22,RF+XGB+SARIMAX SM=0.7/1.0 LC=0.6
RF+XGB,SARIMAX,0.7,1.0,0.85,0.7,21.4,17.22,59.7,61.5,22,RF+XGB+SARIMAX SM=0.7/1.0 LC=0.7
RF+XGB,RollingMean,0.3,0.5,0.4,0.2,21.1,21.46,64.6,65.8,24,RF+XGB+RollingMean SM=0.3/0.5 LC=0.2
RF+XGB,RollingMean,0.3,0.5,0.4,0.3,20.84,23.0,64.8,66.5,24,RF+XGB+RollingMean SM=0.3/0.5 LC=0.3
RF+XGB,RollingMean,0.3,0.5,0.4,0.4,20.69,23.84,65.3,66.5,24,RF+XGB+RollingMean SM=0.3/0.5 LC=0.4
RF+XGB,RollingMean,0.3,0.5,0.4,0.5,20.63,24.07,64.6,65.8,24,RF+XGB+RollingMean SM=0.3/0.5 LC=0.5
RF+XGB,RollingMean,0.3,0.5,0.4,0.6,20.67,23.71,64.3,65.6,24,RF+XGB+RollingMean SM=0.3/0.5 LC=0.6
RF+XGB,RollingMean,0.3,0.5,0.4,0.7,20.76,22.91,63.3,65.0,22,RF+XGB+RollingMean SM=0.3/0.5 LC=0.7
RF+XGB,RollingMean,0.3,0.6,0.45,0.2,20.92,21.51,64.6,65.6,24,RF+XGB+RollingMean SM=0.3/0.6 LC=0.2
RF+XGB,RollingMean,0.3,0.6,0.45,0.3,20.67,23.06,64.8,66.3,24,RF+XGB+RollingMean SM=0.3/0.6 LC=0.3
RF+XGB,RollingMean,0.3,0.6,0.45,0.4,20.52,23.89,65.3,66.3,25,RF+XGB+RollingMean SM=0.3/0.6 LC=0.4
RF+XGB,RollingMean,0.3,0.6,0.45,0.5,20.46,24.12,64.6,65.6,25,RF+XGB+RollingMean SM=0.3/0.6 LC=0.5
RF+XGB,RollingMean,0.3,0.6,0.45,0.6,20.49,23.77,64.3,65.4,24,RF+XGB+RollingMean SM=0.3/0.6 LC=0.6
RF+XGB,RollingMean,0.3,0.6,0.45,0.7,20.59,22.96,63.3,64.8,23,RF+XGB+RollingMean SM=0.3/0.6 LC=0.7
RF+XGB,RollingMean,0.3,0.7,0.5,0.2,20.82,21.45,64.3,64.8,24,RF+XGB+RollingMean SM=0.3/0.7 LC=0.2
RF+XGB,RollingMean,0.3,0.7,0.5,0.3,20.56,22.99,64.5,65.4,24,RF+XGB+RollingMean SM=0.3/0.7 LC=0.3
RF+XGB,RollingMean,0.3,0.7,0.5,0.4,20.42,23.83,64.9,65.4,25,RF+XGB+RollingMean SM=0.3/0.7 LC=0.4
RF+XGB,RollingMean,0.3,0.7,0.5,0.5,20.36,24.06,64.3,64.8,25,RF+XGB+RollingMean SM=0.3/0.7 LC=0.5
RF+XGB,RollingMean,0.3,0.7,0.5,0.6,20.39,23.7,64.0,64.6,24,RF+XGB+RollingMean SM=0.3/0.7 LC=0.6
RF+XGB,RollingMean,0.3,0.7,0.5,0.7,20.48,22.9,63.0,64.0,23,RF+XGB+RollingMean SM=0.3/0.7 LC=0.7
RF+XGB,RollingMean,0.3,0.8,0.55,0.2,20.78,21.27,64.0,64.2,23,RF+XGB+RollingMean SM=0.3/0.8 LC=0.2
RF+XGB,RollingMean,0.3,0.8,0.55,0.3,20.52,22.82,64.2,64.8,23,RF+XGB+RollingMean SM=0.3/0.8 LC=0.3
RF+XGB,RollingMean,0.3,0.8,0.55,0.4,20.37,23.65,64.6,64.8,24,RF+XGB+RollingMean SM=0.3/0.8 LC=0.4
RF+XGB,RollingMean,0.3,0.8,0.55,0.5,20.31,23.88,64.0,64.2,24,RF+XGB+RollingMean SM=0.3/0.8 LC=0.5
RF+XGB,RollingMean,0.3,0.8,0.55,0.6,20.35,23.53,63.7,64.0,23,RF+XGB+RollingMean SM=0.3/0.8 LC=0.6
RF+XGB,RollingMean,0.3,0.8,0.55,0.7,20.44,22.72,62.7,63.4,22,RF+XGB+RollingMean SM=0.3/0.8 LC=0.7
RF+XGB,RollingMean,0.3,0.9,0.6,0.2,20.82,20.99,63.7,63.8,23,RF+XGB+RollingMean SM=0.3/0.9 LC=0.2
RF+XGB,RollingMean,0.3,0.9,0.6,0.3,20.56,22.53,63.9,64.4,23,RF+XGB+RollingMean SM=0.3/0.9 LC=0.3
RF+XGB,RollingMean,0.3,0.9,0.6,0.4,20.41,23.37,64.4,64.4,23,RF+XGB+RollingMean SM=0.3/0.9 LC=0.4
RF+XGB,RollingMean,0.3,0.9,0.6,0.5,20.35,23.6,63.7,63.8,23,RF+XGB+RollingMean SM=0.3/0.9 LC=0.5
RF+XGB,RollingMean,0.3,0.9,0.6,0.6,20.39,23.24,63.4,63.6,23,RF+XGB+RollingMean SM=0.3/0.9 LC=0.6
RF+XGB,RollingMean,0.3,0.9,0.6,0.7,20.48,22.44,62.4,63.0,22,RF+XGB+RollingMean SM=0.3/0.9 LC=0.7
RF+XGB,RollingMean,0.3,1.0,0.65,0.2,20.94,20.61,63.5,63.4,23,RF+XGB+RollingMean SM=0.3/1.0 LC=0.2
RF+XGB,RollingMean,0.3,1.0,0.65,0.3,20.68,22.16,63.7,64.0,23,RF+XGB+RollingMean SM=0.3/1.0 LC=0.3
RF+XGB,RollingMean,0.3,1.0,0.65,0.4,20.54,22.99,64.2,64.0,24,RF+XGB+RollingMean SM=0.3/1.0 LC=0.4
RF+XGB,RollingMean,0.3,1.0,0.65,0.5,20.48,23.22,63.6,63.4,24,RF+XGB+RollingMean SM=0.3/1.0 LC=0.5
RF+XGB,RollingMean,0.3,1.0,0.65,0.6,20.51,22.86,63.2,63.2,23,RF+XGB+RollingMean SM=0.3/1.0 LC=0.6
RF+XGB,RollingMean,0.3,1.0,0.65,0.7,20.61,22.06,62.2,62.6,22,RF+XGB+RollingMean SM=0.3/1.0 LC=0.7
RF+XGB,RollingMean,0.4,0.5,0.45,0.2,21.1,21.48,64.5,65.8,25,RF+XGB+RollingMean SM=0.4/0.5 LC=0.2
RF+XGB,RollingMean,0.4,0.5,0.45,0.3,20.84,23.03,64.8,66.5,25,RF+XGB+RollingMean SM=0.4/0.5 LC=0.3
RF+XGB,RollingMean,0.4,0.5,0.45,0.4,20.7,23.86,65.2,66.5,25,RF+XGB+RollingMean SM=0.4/0.5 LC=0.4
RF+XGB,RollingMean,0.4,0.5,0.45,0.5,20.64,24.09,64.6,65.8,25,RF+XGB+RollingMean SM=0.4/0.5 LC=0.5
RF+XGB,RollingMean,0.4,0.5,0.45,0.6,20.67,23.73,64.3,65.6,25,RF+XGB+RollingMean SM=0.4/0.5 LC=0.6
RF+XGB,RollingMean,0.4,0.5,0.45,0.7,20.77,22.93,63.2,65.0,23,RF+XGB+RollingMean SM=0.4/0.5 LC=0.7
RF+XGB,RollingMean,0.4,0.6,0.5,0.2,20.93,21.53,64.6,65.6,25,RF+XGB+RollingMean SM=0.4/0.6 LC=0.2
RF+XGB,RollingMean,0.4,0.6,0.5,0.3,20.67,23.08,64.8,66.3,25,RF+XGB+RollingMean SM=0.4/0.6 LC=0.3
RF+XGB,RollingMean,0.4,0.6,0.5,0.4,20.52,23.91,65.3,66.3,26,RF+XGB+RollingMean SM=0.4/0.6 LC=0.4
RF+XGB,RollingMean,0.4,0.6,0.5,0.5,20.47,24.14,64.6,65.6,26,RF+XGB+RollingMean SM=0.4/0.6 LC=0.5
RF+XGB,RollingMean,0.4,0.6,0.5,0.6,20.5,23.78,64.3,65.4,25,RF+XGB+RollingMean SM=0.4/0.6 LC=0.6
RF+XGB,RollingMean,0.4,0.6,0.5,0.7,20.59,22.98,63.3,64.8,24,RF+XGB+RollingMean SM=0.4/0.6 LC=0.7
RF+XGB,RollingMean,0.4,0.7,0.55,0.2,20.83,21.47,64.2,64.8,23,RF+XGB+RollingMean SM=0.4/0.7 LC=0.2
RF+XGB,RollingMean,0.4,0.7,0.55,0.3,20.57,23.01,64.4,65.4,23,RF+XGB+RollingMean SM=0.4/0.7 LC=0.3
RF+XGB,RollingMean,0.4,0.7,0.55,0.4,20.42,23.85,64.9,65.4,24,RF+XGB+RollingMean SM=0.4/0.7 LC=0.4
RF+XGB,RollingMean,0.4,0.7,0.55,0.5,20.36,24.08,64.3,64.8,24,RF+XGB+RollingMean SM=0.4/0.7 LC=0.5
RF+XGB,RollingMean,0.4,0.7,0.55,0.6,20.39,23.72,63.9,64.6,23,RF+XGB+RollingMean SM=0.4/0.7 LC=0.6
RF+XGB,RollingMean,0.4,0.7,0.55,0.7,20.49,22.91,62.9,64.0,22,RF+XGB+RollingMean SM=0.4/0.7 LC=0.7
RF+XGB,RollingMean,0.4,0.8,0.6,0.2,20.79,21.29,64.0,64.2,23,RF+XGB+RollingMean SM=0.4/0.8 LC=0.2
RF+XGB,RollingMean,0.4,0.8,0.6,0.3,20.53,22.84,64.2,64.8,23,RF+XGB+RollingMean SM=0.4/0.8 LC=0.3
RF+XGB,RollingMean,0.4,0.8,0.6,0.4,20.38,23.67,64.6,64.8,24,RF+XGB+RollingMean SM=0.4/0.8 LC=0.4
RF+XGB,RollingMean,0.4,0.8,0.6,0.5,20.32,23.9,64.0,64.2,24,RF+XGB+RollingMean SM=0.4/0.8 LC=0.5
RF+XGB,RollingMean,0.4,0.8,0.6,0.6,20.35,23.54,63.7,64.0,23,RF+XGB+RollingMean SM=0.4/0.8 LC=0.6
RF+XGB,RollingMean,0.4,0.8,0.6,0.7,20.45,22.74,62.7,63.4,22,RF+XGB+RollingMean SM=0.4/0.8 LC=0.7
RF+XGB,RollingMean,0.4,0.9,0.65,0.2,20.83,21.01,63.7,63.8,23,RF+XGB+RollingMean SM=0.4/0.9 LC=0.2
RF+XGB,RollingMean,0.4,0.9,0.65,0.3,20.57,22.55,63.9,64.4,23,RF+XGB+RollingMean SM=0.4/0.9 LC=0.3
RF+XGB,RollingMean,0.4,0.9,0.65,0.4,20.42,23.39,64.4,64.4,23,RF+XGB+RollingMean SM=0.4/0.9 LC=0.4
RF+XGB,RollingMean,0.4,0.9,0.65,0.5,20.36,23.61,63.7,63.8,23,RF+XGB+RollingMean SM=0.4/0.9 LC=0.5
RF+XGB,RollingMean,0.4,0.9,0.65,0.6,20.4,23.26,63.4,63.6,23,RF+XGB+RollingMean SM=0.4/0.9 LC=0.6
RF+XGB,RollingMean,0.4,0.9,0.65,0.7,20.49,22.45,62.4,63.0,22,RF+XGB+RollingMean SM=0.4/0.9 LC=0.7
RF+XGB,RollingMean,0.4,1.0,0.7,0.2,20.95,20.62,63.5,63.4,23,RF+XGB+RollingMean SM=0.4/1.0 LC=0.2
RF+XGB,RollingMean,0.4,1.0,0.7,0.3,20.69,22.17,63.7,64.0,23,RF+XGB+RollingMean SM=0.4/1.0 LC=0.3
RF+XGB,RollingMean,0.4,1.0,0.7,0.4,20.55,23.0,64.2,64.0,24,RF+XGB+RollingMean SM=0.4/1.0 LC=0.4
RF+XGB,RollingMean,0.4,1.0,0.7,0.5,20.49,23.23,63.6,63.4,24,RF+XGB+RollingMean SM=0.4/1.0 LC=0.5
RF+XGB,RollingMean,0.4,1.0,0.7,0.6,20.52,22.88,63.2,63.2,23,RF+XGB+RollingMean SM=0.4/1.0 LC=0.6
RF+XGB,RollingMean,0.4,1.0,0.7,0.7,20.62,22.07,62.2,62.6,22,RF+XGB+RollingMean SM=0.4/1.0 LC=0.7
RF+XGB,RollingMean,0.5,0.5,0.5,0.2,21.13,21.46,64.3,65.8,24,RF+XGB+RollingMean SM=0.5/0.5 LC=0.2
RF+XGB,RollingMean,0.5,0.5,0.5,0.3,20.87,23.0,64.5,66.5,24,RF+XGB+RollingMean SM=0.5/0.5 LC=0.3
RF+XGB,RollingMean,0.5,0.5,0.5,0.4,20.73,23.84,65.0,66.5,24,RF+XGB+RollingMean SM=0.5/0.5 LC=0.4
RF+XGB,RollingMean,0.5,0.5,0.5,0.5,20.67,24.07,64.4,65.8,24,RF+XGB+RollingMean SM=0.5/0.5 LC=0.5
RF+XGB,RollingMean,0.5,0.5,0.5,0.6,20.7,23.71,64.0,65.6,24,RF+XGB+RollingMean SM=0.5/0.5 LC=0.6
RF+XGB,RollingMean,0.5,0.5,0.5,0.7,20.8,22.9,63.0,65.0,22,RF+XGB+RollingMean SM=0.5/0.5 LC=0.7
RF+XGB,RollingMean,0.5,0.6,0.55,0.2,20.96,21.51,64.3,65.6,23,RF+XGB+RollingMean SM=0.5/0.6 LC=0.2
RF+XGB,RollingMean,0.5,0.6,0.55,0.3,20.7,23.05,64.5,66.3,23,RF+XGB+RollingMean SM=0.5/0.6 LC=0.3
RF+XGB,RollingMean,0.5,0.6,0.55,0.4,20.56,23.89,65.0,66.3,24,RF+XGB+RollingMean SM=0.5/0.6 LC=0.4
RF+XGB,RollingMean,0.5,0.6,0.55,0.5,20.5,24.12,64.4,65.6,24,RF+XGB+RollingMean SM=0.5/0.6 LC=0.5
RF+XGB,RollingMean,0.5,0.6,0.55,0.6,20.53,23.76,64.0,65.4,23,RF+XGB+RollingMean SM=0.5/0.6 LC=0.6
RF+XGB,RollingMean,0.5,0.6,0.55,0.7,20.63,22.95,63.0,64.8,22,RF+XGB+RollingMean SM=0.5/0.6 LC=0.7
RF+XGB,RollingMean,0.5,0.7,0.6,0.2,20.86,21.44,64.0,64.8,23,RF+XGB+RollingMean SM=0.5/0.7 LC=0.2
RF+XGB,RollingMean,0.5,0.7,0.6,0.3,20.6,22.99,64.2,65.4,23,RF+XGB+RollingMean SM=0.5/0.7 LC=0.3
RF+XGB,RollingMean,0.5,0.7,0.6,0.4,20.45,23.82,64.6,65.4,24,RF+XGB+RollingMean SM=0.5/0.7 LC=0.4
RF+XGB,RollingMean,0.5,0.7,0.6,0.5,20.4,24.05,64.0,64.8,24,RF+XGB+RollingMean SM=0.5/0.7 LC=0.5
RF+XGB,RollingMean,0.5,0.7,0.6,0.6,20.43,23.69,63.7,64.6,23,RF+XGB+RollingMean SM=0.5/0.7 LC=0.6
RF+XGB,RollingMean,0.5,0.7,0.6,0.7,20.52,22.89,62.7,64.0,22,RF+XGB+RollingMean SM=0.5/0.7 LC=0.7
RF+XGB,RollingMean,0.5,0.8,0.65,0.2,20.82,21.26,63.7,64.2,23,RF+XGB+RollingMean SM=0.5/0.8 LC=0.2
RF+XGB,RollingMean,0.5,0.8,0.65,0.3,20.56,22.81,64.0,64.8,23,RF+XGB+RollingMean SM=0.5/0.8 LC=0.3
RF+XGB,RollingMean,0.5,0.8,0.65,0.4,20.42,23.64,64.4,64.8,24,RF+XGB+RollingMean SM=0.5/0.8 LC=0.4
RF+XGB,RollingMean,0.5,0.8,0.65,0.5,20.36,23.87,63.8,64.2,24,RF+XGB+RollingMean SM=0.5/0.8 LC=0.5
RF+XGB,RollingMean,0.5,0.8,0.65,0.6,20.39,23.51,63.5,64.0,23,RF+XGB+RollingMean SM=0.5/0.8 LC=0.6
RF+XGB,RollingMean,0.5,0.8,0.65,0.7,20.49,22.71,62.5,63.4,22,RF+XGB+RollingMean SM=0.5/0.8 LC=0.7
RF+XGB,RollingMean,0.5,0.9,0.7,0.2,20.86,20.97,63.5,63.8,23,RF+XGB+RollingMean SM=0.5/0.9 LC=0.2
RF+XGB,RollingMean,0.5,0.9,0.7,0.3,20.6,22.52,63.7,64.4,23,RF+XGB+RollingMean SM=0.5/0.9 LC=0.3
RF+XGB,RollingMean,0.5,0.9,0.7,0.4,20.46,23.35,64.1,64.4,23,RF+XGB+RollingMean SM=0.5/0.9 LC=0.4
RF+XGB,RollingMean,0.5,0.9,0.7,0.5,20.4,23.58,63.5,63.8,23,RF+XGB+RollingMean SM=0.5/0.9 LC=0.5
RF+XGB,RollingMean,0.5,0.9,0.7,0.6,20.43,23.23,63.2,63.6,23,RF+XGB+RollingMean SM=0.5/0.9 LC=0.6
RF+XGB,RollingMean,0.5,0.9,0.7,0.7,20.53,22.42,62.2,63.0,22,RF+XGB+RollingMean SM=0.5/0.9 LC=0.7
RF+XGB,RollingMean,0.5,1.0,0.75,0.2,20.99,20.59,63.3,63.4,23,RF+XGB+RollingMean SM=0.5/1.0 LC=0.2
RF+XGB,RollingMean,0.5,1.0,0.75,0.3,20.73,22.13,63.5,64.0,23,RF+XGB+RollingMean SM=0.5/1.0 LC=0.3
RF+XGB,RollingMean,0.5,1.0,0.75,0.4,20.58,22.97,64.0,64.0,24,RF+XGB+RollingMean SM=0.5/1.0 LC=0.4
RF+XGB,RollingMean,0.5,1.0,0.75,0.5,20.52,23.2,63.4,63.4,24,RF+XGB+RollingMean SM=0.5/1.0 LC=0.5
RF+XGB,RollingMean,0.5,1.0,0.75,0.6,20.56,22.84,63.0,63.2,23,RF+XGB+RollingMean SM=0.5/1.0 LC=0.6
RF+XGB,RollingMean,0.5,1.0,0.75,0.7,20.65,22.04,62.0,62.6,22,RF+XGB+RollingMean SM=0.5/1.0 LC=0.7
RF+XGB,RollingMean,0.6,0.5,0.55,0.2,21.18,21.41,63.9,65.8,23,RF+XGB+RollingMean SM=0.6/0.5 LC=0.2
RF+XGB,RollingMean,0.6,0.5,0.55,0.3,20.92,22.95,64.1,66.5,23,RF+XGB+RollingMean SM=0.6/0.5 LC=0.3
RF+XGB,RollingMean,0.6,0.5,0.55,0.4,20.77,23.79,64.5,66.5,23,RF+XGB+RollingMean SM=0.6/0.5 LC=0.4
RF+XGB,RollingMean,0.6,0.5,0.55,0.5,20.71,24.01,63.9,65.8,23,RF+XGB+RollingMean SM=0.6/0.5 LC=0.5
RF+XGB,RollingMean,0.6,0.5,0.55,0.6,20.75,23.66,63.6,65.6,23,RF+XGB+RollingMean SM=0.6/0.5 LC=0.6
RF+XGB,RollingMean,0.6,0.5,0.55,0.7,20.84,22.85,62.6,65.0,21,RF+XGB+RollingMean SM=0.6/0.5 LC=0.7
RF+XGB,RollingMean,0.6,0.6,0.6,0.2,21.01,21.45,63.9,65.6,23,RF+XGB+RollingMean SM=0.6/0.6 LC=0.2
RF+XGB,RollingMean,0.6,0.6,0.6,0.3,20.75,23.0,64.1,66.3,23,RF+XGB+RollingMean SM=0.6/0.6 LC=0.3
RF+XGB,RollingMean,0.6,0.6,0.6,0.4,20.6,23.83,64.6,66.3,24,RF+XGB+RollingMean SM=0.6/0.6 LC=0.4
RF+XGB,RollingMean,0.6,0.6,0.6,0.5,20.55,24.06,64.0,65.6,24,RF+XGB+RollingMean SM=0.6/0.6 LC=0.5
RF+XGB,RollingMean,0.6,0.6,0.6,0.6,20.58,23.71,63.6,65.4,23,RF+XGB+RollingMean SM=0.6/0.6 LC=0.6
RF+XGB,RollingMean,0.6,0.6,0.6,0.7,20.67,22.9,62.6,64.8,22,RF+XGB+RollingMean SM=0.6/0.6 LC=0.7
RF+XGB,RollingMean,0.6,0.7,0.65,0.2,20.91,21.39,63.6,64.8,23,RF+XGB+RollingMean SM=0.6/0.7 LC=0.2
RF+XGB,RollingMean,0.6,0.7,0.65,0.3,20.65,22.93,63.8,65.4,23,RF+XGB+RollingMean SM=0.6/0.7 LC=0.3
RF+XGB,RollingMean,0.6,0.7,0.65,0.4,20.5,23.77,64.3,65.4,24,RF+XGB+RollingMean SM=0.6/0.7 LC=0.4
RF+XGB,RollingMean,0.6,0.7,0.65,0.5,20.45,24.0,63.6,64.8,24,RF+XGB+RollingMean SM=0.6/0.7 LC=0.5
RF+XGB,RollingMean,0.6,0.7,0.65,0.6,20.48,23.64,63.3,64.6,23,RF+XGB+RollingMean SM=0.6/0.7 LC=0.6
RF+XGB,RollingMean,0.6,0.7,0.65,0.7,20.57,22.83,62.3,64.0,22,RF+XGB+RollingMean SM=0.6/0.7 LC=0.7
RF+XGB,RollingMean,0.6,0.8,0.7,0.2,20.87,21.21,63.4,64.2,23,RF+XGB+RollingMean SM=0.6/0.8 LC=0.2
RF+XGB,RollingMean,0.6,0.8,0.7,0.3,20.61,22.75,63.6,64.8,23,RF+XGB+RollingMean SM=0.6/0.8 LC=0.3
RF+XGB,RollingMean,0.6,0.8,0.7,0.4,20.47,23.58,64.0,64.8,24,RF+XGB+RollingMean SM=0.6/0.8 LC=0.4
RF+XGB,RollingMean,0.6,0.8,0.7,0.5,20.41,23.81,63.4,64.2,24,RF+XGB+RollingMean SM=0.6/0.8 LC=0.5
RF+XGB,RollingMean,0.6,0.8,0.7,0.6,20.44,23.46,63.1,64.0,23,RF+XGB+RollingMean SM=0.6/0.8 LC=0.6
RF+XGB,RollingMean,0.6,0.8,0.7,0.7,20.54,22.65,62.1,63.4,22,RF+XGB+RollingMean SM=0.6/0.8 LC=0.7
RF+XGB,RollingMean,0.6,0.9,0.75,0.2,20.91,20.92,63.1,63.8,23,RF+XGB+RollingMean SM=0.6/0.9 LC=0.2
RF+XGB,RollingMean,0.6,0.9,0.75,0.3,20.66,22.46,63.3,64.4,23,RF+XGB+RollingMean SM=0.6/0.9 LC=0.3
RF+XGB,RollingMean,0.6,0.9,0.75,0.4,20.51,23.29,63.7,64.4,23,RF+XGB+RollingMean SM=0.6/0.9 LC=0.4
RF+XGB,RollingMean,0.6,0.9,0.75,0.5,20.45,23.52,63.1,63.8,23,RF+XGB+RollingMean SM=0.6/0.9 LC=0.5
RF+XGB,RollingMean,0.6,0.9,0.75,0.6,20.48,23.17,62.8,63.6,23,RF+XGB+RollingMean SM=0.6/0.9 LC=0.6
RF+XGB,RollingMean,0.6,0.9,0.75,0.7,20.58,22.36,61.8,63.0,22,RF+XGB+RollingMean SM=0.6/0.9 LC=0.7
RF+XGB,RollingMean,0.6,1.0,0.8,0.2,21.04,20.53,62.9,63.4,23,RF+XGB+RollingMean SM=0.6/1.0 LC=0.2
RF+XGB,RollingMean,0.6,1.0,0.8,0.3,20.78,22.07,63.1,64.0,23,RF+XGB+RollingMean SM=0.6/1.0 LC=0.3
RF+XGB,RollingMean,0.6,1.0,0.8,0.4,20.64,22.91,63.6,64.0,24,RF+XGB+RollingMean SM=0.6/1.0 LC=0.4
RF+XGB,RollingMean,0.6,1.0,0.8,0.5,20.58,23.14,63.0,63.4,24,RF+XGB+RollingMean SM=0.6/1.0 LC=0.5
RF+XGB,RollingMean,0.6,1.0,0.8,0.6,20.61,22.78,62.6,63.2,23,RF+XGB+RollingMean SM=0.6/1.0 LC=0.6
RF+XGB,RollingMean,0.6,1.0,0.8,0.7,20.71,21.97,61.6,62.6,22,RF+XGB+RollingMean SM=0.6/1.0 LC=0.7
RF+XGB,RollingMean,0.7,0.5,0.6,0.2,21.24,21.33,63.7,65.8,23,RF+XGB+RollingMean SM=0.7/0.5 LC=0.2
RF+XGB,RollingMean,0.7,0.5,0.6,0.3,20.98,22.87,64.0,66.5,23,RF+XGB+RollingMean SM=0.7/0.5 LC=0.3
RF+XGB,RollingMean,0.7,0.5,0.6,0.4,20.84,23.71,64.4,66.5,23,RF+XGB+RollingMean SM=0.7/0.5 LC=0.4
RF+XGB,RollingMean,0.7,0.5,0.6,0.5,20.78,23.94,63.8,65.8,23,RF+XGB+RollingMean SM=0.7/0.5 LC=0.5
RF+XGB,RollingMean,0.7,0.5,0.6,0.6,20.81,23.58,63.5,65.6,23,RF+XGB+RollingMean SM=0.7/0.5 LC=0.6
RF+XGB,RollingMean,0.7,0.5,0.6,0.7,20.91,22.78,62.5,65.0,21,RF+XGB+RollingMean SM=0.7/0.5 LC=0.7
RF+XGB,RollingMean,0.7,0.6,0.65,0.2,21.07,21.38,63.8,65.6,23,RF+XGB+RollingMean SM=0.7/0.6 LC=0.2
RF+XGB,RollingMean,0.7,0.6,0.65,0.3,20.81,22.92,64.0,66.3,23,RF+XGB+RollingMean SM=0.7/0.6 LC=0.3
RF+XGB,RollingMean,0.7,0.6,0.65,0.4,20.67,23.76,64.5,66.3,24,RF+XGB+RollingMean SM=0.7/0.6 LC=0.4
RF+XGB,RollingMean,0.7,0.6,0.65,0.5,20.61,23.99,63.9,65.6,24,RF+XGB+RollingMean SM=0.7/0.6 LC=0.5
RF+XGB,RollingMean,0.7,0.6,0.65,0.6,20.64,23.63,63.5,65.4,23,RF+XGB+RollingMean SM=0.7/0.6 LC=0.6
RF+XGB,RollingMean,0.7,0.6,0.65,0.7,20.74,22.82,62.5,64.8,22,RF+XGB+RollingMean SM=0.7/0.6 LC=0.7
RF+XGB,RollingMean,0.7,0.7,0.7,0.2,20.97,21.31,63.5,64.8,23,RF+XGB+RollingMean SM=0.7/0.7 LC=0.2
RF+XGB,RollingMean,0.7,0.7,0.7,0.3,20.72,22.85,63.7,65.4,23,RF+XGB+RollingMean SM=0.7/0.7 LC=0.3
RF+XGB,RollingMean,0.7,0.7,0.7,0.4,20.57,23.69,64.1,65.4,24,RF+XGB+RollingMean SM=0.7/0.7 LC=0.4
RF+XGB,RollingMean,0.7,0.7,0.7,0.5,20.51,23.92,63.5,64.8,24,RF+XGB+RollingMean SM=0.7/0.7 LC=0.5
RF+XGB,RollingMean,0.7,0.7,0.7,0.6,20.54,23.56,63.2,64.6,23,RF+XGB+RollingMean SM=0.7/0.7 LC=0.6
RF+XGB,RollingMean,0.7,0.7,0.7,0.7,20.64,22.75,62.2,64.0,22,RF+XGB+RollingMean SM=0.7/0.7 LC=0.7
RF+XGB,RollingMean,0.7,0.8,0.75,0.2,20.94,21.12,63.2,64.2,23,RF+XGB+RollingMean SM=0.7/0.8 LC=0.2
RF+XGB,RollingMean,0.7,0.8,0.75,0.3,20.68,22.67,63.5,64.8,23,RF+XGB+RollingMean SM=0.7/0.8 LC=0.3
RF+XGB,RollingMean,0.7,0.8,0.75,0.4,20.53,23.5,63.9,64.8,24,RF+XGB+RollingMean SM=0.7/0.8 LC=0.4
RF+XGB,RollingMean,0.7,0.8,0.75,0.5,20.47,23.73,63.3,64.2,24,RF+XGB+RollingMean SM=0.7/0.8 LC=0.5
RF+XGB,RollingMean,0.7,0.8,0.75,0.6,20.51,23.37,63.0,64.0,23,RF+XGB+RollingMean SM=0.7/0.8 LC=0.6
RF+XGB,RollingMean,0.7,0.8,0.75,0.7,20.6,22.57,62.0,63.4,22,RF+XGB+RollingMean SM=0.7/0.8 LC=0.7
RF+XGB,RollingMean,0.7,0.9,0.8,0.2,20.98,20.83,63.0,63.8,23,RF+XGB+RollingMean SM=0.7/0.9 LC=0.2
RF+XGB,RollingMean,0.7,0.9,0.8,0.3,20.72,22.37,63.2,64.4,23,RF+XGB+RollingMean SM=0.7/0.9 LC=0.3
RF+XGB,RollingMean,0.7,0.9,0.8,0.4,20.58,23.21,63.6,64.4,23,RF+XGB+RollingMean SM=0.7/0.9 LC=0.4
RF+XGB,RollingMean,0.7,0.9,0.8,0.5,20.52,23.44,63.0,63.8,23,RF+XGB+RollingMean SM=0.7/0.9 LC=0.5
RF+XGB,RollingMean,0.7,0.9,0.8,0.6,20.55,23.08,62.7,63.6,23,RF+XGB+RollingMean SM=0.7/0.9 LC=0.6
RF+XGB,RollingMean,0.7,0.9,0.8,0.7,20.65,22.28,61.7,63.0,22,RF+XGB+RollingMean SM=0.7/0.9 LC=0.7
RF+XGB,RollingMean,0.7,1.0,0.85,0.2,21.11,20.44,62.8,63.4,23,RF+XGB+RollingMean SM=0.7/1.0 LC=0.2
RF+XGB,RollingMean,0.7,1.0,0.85,0.3,20.85,21.99,63.0,64.0,23,RF+XGB+RollingMean SM=0.7/1.0 LC=0.3
RF+XGB,RollingMean,0.7,1.0,0.85,0.4,20.71,22.82,63.5,64.0,24,RF+XGB+RollingMean SM=0.7/1.0 LC=0.4
RF+XGB,RollingMean,0.7,1.0,0.85,0.5,20.65,23.05,62.9,63.4,24,RF+XGB+RollingMean SM=0.7/1.0 LC=0.5
RF+XGB,RollingMean,0.7,1.0,0.85,0.6,20.68,22.7,62.5,63.2,23,RF+XGB+RollingMean SM=0.7/1.0 LC=0.6
RF+XGB,RollingMean,0.7,1.0,0.85,0.7,20.78,21.89,61.5,62.6,22,RF+XGB+RollingMean SM=0.7/1.0 LC=0.7
ALL3,ARIMA,0.3,0.5,0.4,0.2,21.05,21.4,63.5,64.6,24,ALL3+ARIMA SM=0.3/0.5 LC=0.2
ALL3,ARIMA,0.3,0.5,0.4,0.3,20.91,22.33,63.1,64.4,24,ALL3+ARIMA SM=0.3/0.5 LC=0.3
ALL3,ARIMA,0.3,0.5,0.4,0.4,20.83,22.81,63.1,64.4,24,ALL3+ARIMA SM=0.3/0.5 LC=0.4
ALL3,ARIMA,0.3,0.5,0.4,0.5,20.81,22.77,63.4,64.4,25,ALL3+ARIMA SM=0.3/0.5 LC=0.5
ALL3,ARIMA,0.3,0.5,0.4,0.6,20.86,22.27,62.9,64.2,24,ALL3+ARIMA SM=0.3/0.5 LC=0.6
ALL3,ARIMA,0.3,0.5,0.4,0.7,20.95,21.42,62.0,62.8,23,ALL3+ARIMA SM=0.3/0.5 LC=0.7
ALL3,ARIMA,0.3,0.6,0.45,0.2,20.89,21.47,63.7,64.6,23,ALL3+ARIMA SM=0.3/0.6 LC=0.2
ALL3,ARIMA,0.3,0.6,0.45,0.3,20.74,22.39,63.3,64.4,23,ALL3+ARIMA SM=0.3/0.6 LC=0.3
ALL3,ARIMA,0.3,0.6,0.45,0.4,20.66,22.87,63.4,64.4,23,ALL3+ARIMA SM=0.3/0.6 LC=0.4
ALL3,ARIMA,0.3,0.6,0.45,0.5,20.65,22.84,63.6,64.4,24,ALL3+ARIMA SM=0.3/0.6 LC=0.5
ALL3,ARIMA,0.3,0.6,0.45,0.6,20.7,22.34,63.1,64.2,23,ALL3+ARIMA SM=0.3/0.6 LC=0.6
ALL3,ARIMA,0.3,0.6,0.45,0.7,20.78,21.48,62.2,62.8,22,ALL3+ARIMA SM=0.3/0.6 LC=0.7
ALL3,ARIMA,0.3,0.7,0.5,0.2,20.78,21.45,63.4,64.4,23,ALL3+ARIMA SM=0.3/0.7 LC=0.2
ALL3,ARIMA,0.3,0.7,0.5,0.3,20.63,22.37,63.0,64.2,23,ALL3+ARIMA SM=0.3/0.7 LC=0.3
ALL3,ARIMA,0.3,0.7,0.5,0.4,20.55,22.85,63.0,64.2,23,ALL3+ARIMA SM=0.3/0.7 LC=0.4
ALL3,ARIMA,0.3,0.7,0.5,0.5,20.54,22.82,63.3,64.2,24,ALL3+ARIMA SM=0.3/0.7 LC=0.5
ALL3,ARIMA,0.3,0.7,0.5,0.6,20.59,22.32,62.7,64.0,23,ALL3+ARIMA SM=0.3/0.7 LC=0.6
ALL3,ARIMA,0.3,0.7,0.5,0.7,20.67,21.46,61.8,62.6,22,ALL3+ARIMA SM=0.3/0.7 LC=0.7
ALL3,ARIMA,0.3,0.8,0.55,0.2,20.72,21.32,63.3,64.6,24,ALL3+ARIMA SM=0.3/0.8 LC=0.2
ALL3,ARIMA,0.3,0.8,0.55,0.3,20.57,22.25,62.9,64.4,24,ALL3+ARIMA SM=0.3/0.8 LC=0.3
ALL3,ARIMA,0.3,0.8,0.55,0.4,20.49,22.73,63.0,64.4,24,ALL3+ARIMA SM=0.3/0.8 LC=0.4
ALL3,ARIMA,0.3,0.8,0.55,0.5,20.48,22.69,63.2,64.4,24,ALL3+ARIMA SM=0.3/0.8 LC=0.5
ALL3,ARIMA,0.3,0.8,0.55,0.6,20.53,22.19,62.7,64.2,23,ALL3+ARIMA SM=0.3/0.8 LC=0.6
ALL3,ARIMA,0.3,0.8,0.55,0.7,20.61,21.34,61.8,62.8,22,ALL3+ARIMA SM=0.3/0.8 LC=0.7
ALL3,ARIMA,0.3,0.9,0.6,0.2,20.73,21.1,63.2,64.6,24,ALL3+ARIMA SM=0.3/0.9 LC=0.2
ALL3,ARIMA,0.3,0.9,0.6,0.3,20.58,22.03,62.9,64.4,24,ALL3+ARIMA SM=0.3/0.9 LC=0.3
ALL3,ARIMA,0.3,0.9,0.6,0.4,20.5,22.51,62.9,64.4,24,ALL3+ARIMA SM=0.3/0.9 LC=0.4
ALL3,ARIMA,0.3,0.9,0.6,0.5,20.49,22.47,63.2,64.4,24,ALL3+ARIMA SM=0.3/0.9 LC=0.5
ALL3,ARIMA,0.3,0.9,0.6,0.6,20.54,21.97,62.6,64.2,23,ALL3+ARIMA SM=0.3/0.9 LC=0.6
ALL3,ARIMA,0.3,0.9,0.6,0.7,20.62,21.12,61.7,62.8,22,ALL3+ARIMA SM=0.3/0.9 LC=0.7
ALL3,ARIMA,0.3,1.0,0.65,0.2,20.8,20.81,63.0,63.8,23,ALL3+ARIMA SM=0.3/1.0 LC=0.2
ALL3,ARIMA,0.3,1.0,0.65,0.3,20.65,21.73,62.6,63.6,23,ALL3+ARIMA SM=0.3/1.0 LC=0.3
ALL3,ARIMA,0.3,1.0,0.65,0.4,20.57,22.22,62.6,63.6,23,ALL3+ARIMA SM=0.3/1.0 LC=0.4
ALL3,ARIMA,0.3,1.0,0.65,0.5,20.56,22.18,62.9,63.6,24,ALL3+ARIMA SM=0.3/1.0 LC=0.5
ALL3,ARIMA,0.3,1.0,0.65,0.6,20.61,21.68,62.3,63.4,23,ALL3+ARIMA SM=0.3/1.0 LC=0.6
ALL3,ARIMA,0.3,1.0,0.65,0.7,20.69,20.83,61.4,61.9,22,ALL3+ARIMA SM=0.3/1.0 LC=0.7
ALL3,ARIMA,0.4,0.5,0.45,0.2,21.09,21.37,63.6,64.6,24,ALL3+ARIMA SM=0.4/0.5 LC=0.2
ALL3,ARIMA,0.4,0.5,0.45,0.3,20.95,22.29,63.2,64.4,24,ALL3+ARIMA SM=0.4/0.5 LC=0.3
ALL3,ARIMA,0.4,0.5,0.45,0.4,20.87,22.77,63.3,64.4,24,ALL3+ARIMA SM=0.4/0.5 LC=0.4
ALL3,ARIMA,0.4,0.5,0.45,0.5,20.85,22.74,63.6,64.4,25,ALL3+ARIMA SM=0.4/0.5 LC=0.5
ALL3,ARIMA,0.4,0.5,0.45,0.6,20.9,22.23,63.0,64.2,24,ALL3+ARIMA SM=0.4/0.5 LC=0.6
ALL3,ARIMA,0.4,0.5,0.45,0.7,20.99,21.38,62.1,62.8,23,ALL3+ARIMA SM=0.4/0.5 LC=0.7
ALL3,ARIMA,0.4,0.6,0.5,0.2,20.93,21.43,63.7,64.6,23,ALL3+ARIMA SM=0.4/0.6 LC=0.2
ALL3,ARIMA,0.4,0.6,0.5,0.3,20.78,22.35,63.3,64.4,23,ALL3+ARIMA SM=0.4/0.6 LC=0.3
ALL3,ARIMA,0.4,0.6,0.5,0.4,20.7,22.84,63.4,64.4,23,ALL3+ARIMA SM=0.4/0.6 LC=0.4
ALL3,ARIMA,0.4,0.6,0.5,0.5,20.69,22.8,63.6,64.4,24,ALL3+ARIMA SM=0.4/0.6 LC=0.5
ALL3,ARIMA,0.4,0.6,0.5,0.6,20.74,22.3,63.1,64.2,23,ALL3+ARIMA SM=0.4/0.6 LC=0.6
ALL3,ARIMA,0.4,0.6,0.5,0.7,20.82,21.44,62.2,62.8,22,ALL3+ARIMA SM=0.4/0.6 LC=0.7
ALL3,ARIMA,0.4,0.7,0.55,0.2,20.82,21.41,63.4,64.4,23,ALL3+ARIMA SM=0.4/0.7 LC=0.2
ALL3,ARIMA,0.4,0.7,0.55,0.3,20.68,22.33,63.0,64.2,23,ALL3+ARIMA SM=0.4/0.7 LC=0.3
ALL3,ARIMA,0.4,0.7,0.55,0.4,20.6,22.81,63.1,64.2,23,ALL3+ARIMA SM=0.4/0.7 LC=0.4
ALL3,ARIMA,0.4,0.7,0.55,0.5,20.58,22.78,63.4,64.2,24,ALL3+ARIMA SM=0.4/0.7 LC=0.5
ALL3,ARIMA,0.4,0.7,0.55,0.6,20.63,22.28,62.8,64.0,23,ALL3+ARIMA SM=0.4/0.7 LC=0.6
ALL3,ARIMA,0.4,0.7,0.55,0.7,20.72,21.42,61.9,62.6,22,ALL3+ARIMA SM=0.4/0.7 LC=0.7
ALL3,ARIMA,0.4,0.8,0.6,0.2,20.76,21.28,63.4,64.6,24,ALL3+ARIMA SM=0.4/0.8 LC=0.2
ALL3,ARIMA,0.4,0.8,0.6,0.3,20.62,22.21,63.0,64.4,24,ALL3+ARIMA SM=0.4/0.8 LC=0.3
ALL3,ARIMA,0.4,0.8,0.6,0.4,20.54,22.69,63.1,64.4,24,ALL3+ARIMA SM=0.4/0.8 LC=0.4
ALL3,ARIMA,0.4,0.8,0.6,0.5,20.52,22.66,63.4,64.4,24,ALL3+ARIMA SM=0.4/0.8 LC=0.5
ALL3,ARIMA,0.4,0.8,0.6,0.6,20.57,22.15,62.8,64.2,23,ALL3+ARIMA SM=0.4/0.8 LC=0.6
ALL3,ARIMA,0.4,0.8,0.6,0.7,20.66,21.3,61.9,62.8,22,ALL3+ARIMA SM=0.4/0.8 LC=0.7
ALL3,ARIMA,0.4,0.9,0.65,0.2,20.77,21.06,63.4,64.6,24,ALL3+ARIMA SM=0.4/0.9 LC=0.2
ALL3,ARIMA,0.4,0.9,0.65,0.3,20.63,21.99,63.0,64.4,24,ALL3+ARIMA SM=0.4/0.9 LC=0.3
ALL3,ARIMA,0.4,0.9,0.65,0.4,20.54,22.47,63.0,64.4,24,ALL3+ARIMA SM=0.4/0.9 LC=0.4
ALL3,ARIMA,0.4,0.9,0.65,0.5,20.53,22.43,63.3,64.4,24,ALL3+ARIMA SM=0.4/0.9 LC=0.5
ALL3,ARIMA,0.4,0.9,0.65,0.6,20.58,21.93,62.7,64.2,23,ALL3+ARIMA SM=0.4/0.9 LC=0.6
ALL3,ARIMA,0.4,0.9,0.65,0.7,20.67,21.08,61.8,62.8,22,ALL3+ARIMA SM=0.4/0.9 LC=0.7
ALL3,ARIMA,0.4,1.0,0.7,0.2,20.84,20.77,63.1,63.8,23,ALL3+ARIMA SM=0.4/1.0 LC=0.2
ALL3,ARIMA,0.4,1.0,0.7,0.3,20.7,21.69,62.7,63.6,23,ALL3+ARIMA SM=0.4/1.0 LC=0.3
ALL3,ARIMA,0.4,1.0,0.7,0.4,20.62,22.17,62.7,63.6,23,ALL3+ARIMA SM=0.4/1.0 LC=0.4
ALL3,ARIMA,0.4,1.0,0.7,0.5,20.61,22.14,63.0,63.6,24,ALL3+ARIMA SM=0.4/1.0 LC=0.5
ALL3,ARIMA,0.4,1.0,0.7,0.6,20.66,21.64,62.5,63.4,23,ALL3+ARIMA SM=0.4/1.0 LC=0.6
ALL3,ARIMA,0.4,1.0,0.7,0.7,20.74,20.78,61.6,61.9,22,ALL3+ARIMA SM=0.4/1.0 LC=0.7
ALL3,ARIMA,0.5,0.5,0.5,0.2,21.14,21.31,63.5,64.6,23,ALL3+ARIMA SM=0.5/0.5 LC=0.2
ALL3,ARIMA,0.5,0.5,0.5,0.3,21.0,22.24,63.1,64.4,23,ALL3+ARIMA SM=0.5/0.5 LC=0.3
ALL3,ARIMA,0.5,0.5,0.5,0.4,20.91,22.72,63.1,64.4,23,ALL3+ARIMA SM=0.5/0.5 LC=0.4
ALL3,ARIMA,0.5,0.5,0.5,0.5,20.9,22.69,63.4,64.4,24,ALL3+ARIMA SM=0.5/0.5 LC=0.5
ALL3,ARIMA,0.5,0.5,0.5,0.6,20.95,22.18,62.9,64.2,23,ALL3+ARIMA SM=0.5/0.5 LC=0.6
ALL3,ARIMA,0.5,0.5,0.5,0.7,21.04,21.33,62.0,62.8,22,ALL3+ARIMA SM=0.5/0.5 LC=0.7
ALL3,ARIMA,0.5,0.6,0.55,0.2,20.98,21.38,63.6,64.6,23,ALL3+ARIMA SM=0.5/0.6 LC=0.2
ALL3,ARIMA,0.5,0.6,0.55,0.3,20.83,22.3,63.2,64.4,23,ALL3+ARIMA SM=0.5/0.6 LC=0.3
ALL3,ARIMA,0.5,0.6,0.55,0.4,20.75,22.78,63.2,64.4,23,ALL3+ARIMA SM=0.5/0.6 LC=0.4
ALL3,ARIMA,0.5,0.6,0.55,0.5,20.74,22.75,63.5,64.4,24,ALL3+ARIMA SM=0.5/0.6 LC=0.5
ALL3,ARIMA,0.5,0.6,0.55,0.6,20.79,22.25,63.0,64.2,23,ALL3+ARIMA SM=0.5/0.6 LC=0.6
ALL3,ARIMA,0.5,0.6,0.55,0.7,20.87,21.39,62.1,62.8,22,ALL3+ARIMA SM=0.5/0.6 LC=0.7
ALL3,ARIMA,0.5,0.7,0.6,0.2,20.87,21.36,63.4,64.4,23,ALL3+ARIMA SM=0.5/0.7 LC=0.2
ALL3,ARIMA,0.5,0.7,0.6,0.3,20.72,22.28,63.0,64.2,23,ALL3+ARIMA SM=0.5/0.7 LC=0.3
ALL3,ARIMA,0.5,0.7,0.6,0.4,20.64,22.76,63.0,64.2,23,ALL3+ARIMA SM=0.5/0.7 LC=0.4
ALL3,ARIMA,0.5,0.7,0.6,0.5,20.63,22.73,63.3,64.2,24,ALL3+ARIMA SM=0.5/0.7 LC=0.5
ALL3,ARIMA,0.5,0.7,0.6,0.6,20.68,22.23,62.7,64.0,23,ALL3+ARIMA SM=0.5/0.7 LC=0.6
ALL3,ARIMA,0.5,0.7,0.6,0.7,20.76,21.37,61.8,62.6,22,ALL3+ARIMA SM=0.5/0.7 LC=0.7
ALL3,ARIMA,0.5,0.8,0.65,0.2,20.81,21.23,63.4,64.6,24,ALL3+ARIMA SM=0.5/0.8 LC=0.2
ALL3,ARIMA,0.5,0.8,0.65,0.3,20.67,22.16,63.0,64.4,24,ALL3+ARIMA SM=0.5/0.8 LC=0.3
ALL3,ARIMA,0.5,0.8,0.65,0.4,20.58,22.64,63.0,64.4,24,ALL3+ARIMA SM=0.5/0.8 LC=0.4
ALL3,ARIMA,0.5,0.8,0.65,0.5,20.57,22.6,63.3,64.4,24,ALL3+ARIMA SM=0.5/0.8 LC=0.5
ALL3,ARIMA,0.5,0.8,0.65,0.6,20.62,22.1,62.7,64.2,23,ALL3+ARIMA SM=0.5/0.8 LC=0.6
ALL3,ARIMA,0.5,0.8,0.65,0.7,20.71,21.25,61.8,62.8,22,ALL3+ARIMA SM=0.5/0.8 LC=0.7
ALL3,ARIMA,0.5,0.9,0.7,0.2,20.82,21.01,63.3,64.6,24,ALL3+ARIMA SM=0.5/0.9 LC=0.2
ALL3,ARIMA,0.5,0.9,0.7,0.3,20.68,21.93,62.9,64.4,24,ALL3+ARIMA SM=0.5/0.9 LC=0.3
ALL3,ARIMA,0.5,0.9,0.7,0.4,20.6,22.41,63.0,64.4,24,ALL3+ARIMA SM=0.5/0.9 LC=0.4
ALL3,ARIMA,0.5,0.9,0.7,0.5,20.58,22.38,63.2,64.4,24,ALL3+ARIMA SM=0.5/0.9 LC=0.5
ALL3,ARIMA,0.5,0.9,0.7,0.6,20.63,21.88,62.7,64.2,23,ALL3+ARIMA SM=0.5/0.9 LC=0.6
ALL3,ARIMA,0.5,0.9,0.7,0.7,20.72,21.02,61.8,62.8,22,ALL3+ARIMA SM=0.5/0.9 LC=0.7
ALL3,ARIMA,0.5,1.0,0.75,0.2,20.9,20.71,63.0,63.8,23,ALL3+ARIMA SM=0.5/1.0 LC=0.2
ALL3,ARIMA,0.5,1.0,0.75,0.3,20.75,21.63,62.6,63.6,23,ALL3+ARIMA SM=0.5/1.0 LC=0.3
ALL3,ARIMA,0.5,1.0,0.75,0.4,20.67,22.12,62.7,63.6,23,ALL3+ARIMA SM=0.5/1.0 LC=0.4
ALL3,ARIMA,0.5,1.0,0.75,0.5,20.66,22.08,63.0,63.6,24,ALL3+ARIMA SM=0.5/1.0 LC=0.5
ALL3,ARIMA,0.5,1.0,0.75,0.6,20.71,21.58,62.4,63.4,23,ALL3+ARIMA SM=0.5/1.0 LC=0.6
ALL3,ARIMA,0.5,1.0,0.75,0.7,20.79,20.73,61.5,61.9,22,ALL3+ARIMA SM=0.5/1.0 LC=0.7
ALL3,ARIMA,0.6,0.5,0.55,0.2,21.19,21.25,63.1,64.6,23,ALL3+ARIMA SM=0.6/0.5 LC=0.2
ALL3,ARIMA,0.6,0.5,0.55,0.3,21.05,22.18,62.7,64.4,23,ALL3+ARIMA SM=0.6/0.5 LC=0.3
ALL3,ARIMA,0.6,0.5,0.55,0.4,20.97,22.66,62.8,64.4,23,ALL3+ARIMA SM=0.6/0.5 LC=0.4
ALL3,ARIMA,0.6,0.5,0.55,0.5,20.96,22.62,63.1,64.4,24,ALL3+ARIMA SM=0.6/0.5 LC=0.5
ALL3,ARIMA,0.6,0.5,0.55,0.6,21.01,22.12,62.5,64.2,23,ALL3+ARIMA SM=0.6/0.5 LC=0.6
ALL3,ARIMA,0.6,0.5,0.55,0.7,21.09,21.27,61.6,62.8,22,ALL3+ARIMA SM=0.6/0.5 LC=0.7
ALL3,ARIMA,0.6,0.6,0.6,0.2,21.03,21.31,63.3,64.6,23,ALL3+ARIMA SM=0.6/0.6 LC=0.2
ALL3,ARIMA,0.6,0.6,0.6,0.3,20.89,22.24,62.9,64.4,23,ALL3+ARIMA SM=0.6/0.6 LC=0.3
ALL3,ARIMA,0.6,0.6,0.6,0.4,20.81,22.72,63.0,64.4,23,ALL3+ARIMA SM=0.6/0.6 LC=0.4
ALL3,ARIMA,0.6,0.6,0.6,0.5,20.79,22.69,63.2,64.4,24,ALL3+ARIMA SM=0.6/0.6 LC=0.5
ALL3,ARIMA,0.6,0.6,0.6,0.6,20.84,22.18,62.7,64.2,23,ALL3+ARIMA SM=0.6/0.6 LC=0.6
ALL3,ARIMA,0.6,0.6,0.6,0.7,20.93,21.33,61.8,62.8,22,ALL3+ARIMA SM=0.6/0.6 LC=0.7
ALL3,ARIMA,0.6,0.7,0.65,0.2,20.92,21.29,63.1,64.4,23,ALL3+ARIMA SM=0.6/0.7 LC=0.2
ALL3,ARIMA,0.6,0.7,0.65,0.3,20.78,22.22,62.7,64.2,23,ALL3+ARIMA SM=0.6/0.7 LC=0.3
ALL3,ARIMA,0.6,0.7,0.65,0.4,20.7,22.7,62.7,64.2,23,ALL3+ARIMA SM=0.6/0.7 LC=0.4
ALL3,ARIMA,0.6,0.7,0.65,0.5,20.69,22.66,63.0,64.2,24,ALL3+ARIMA SM=0.6/0.7 LC=0.5
ALL3,ARIMA,0.6,0.7,0.65,0.6,20.74,22.16,62.5,64.0,23,ALL3+ARIMA SM=0.6/0.7 LC=0.6
ALL3,ARIMA,0.6,0.7,0.65,0.7,20.82,21.31,61.6,62.6,22,ALL3+ARIMA SM=0.6/0.7 LC=0.7
ALL3,ARIMA,0.6,0.8,0.7,0.2,20.87,21.16,63.1,64.6,24,ALL3+ARIMA SM=0.6/0.8 LC=0.2
ALL3,ARIMA,0.6,0.8,0.7,0.3,20.72,22.09,62.7,64.4,24,ALL3+ARIMA SM=0.6/0.8 LC=0.3
ALL3,ARIMA,0.6,0.8,0.7,0.4,20.64,22.57,62.7,64.4,24,ALL3+ARIMA SM=0.6/0.8 LC=0.4
ALL3,ARIMA,0.6,0.8,0.7,0.5,20.63,22.53,63.0,64.4,24,ALL3+ARIMA SM=0.6/0.8 LC=0.5
ALL3,ARIMA,0.6,0.8,0.7,0.6,20.68,22.03,62.5,64.2,23,ALL3+ARIMA SM=0.6/0.8 LC=0.6
ALL3,ARIMA,0.6,0.8,0.7,0.7,20.77,21.18,61.6,62.8,22,ALL3+ARIMA SM=0.6/0.8 LC=0.7
ALL3,ARIMA,0.6,0.9,0.75,0.2,20.88,20.94,63.0,64.6,24,ALL3+ARIMA SM=0.6/0.9 LC=0.2
ALL3,ARIMA,0.6,0.9,0.75,0.3,20.74,21.86,62.6,64.4,24,ALL3+ARIMA SM=0.6/0.9 LC=0.3
ALL3,ARIMA,0.6,0.9,0.75,0.4,20.66,22.34,62.7,64.4,24,ALL3+ARIMA SM=0.6/0.9 LC=0.4
ALL3,ARIMA,0.6,0.9,0.75,0.5,20.64,22.31,63.0,64.4,24,ALL3+ARIMA SM=0.6/0.9 LC=0.5
ALL3,ARIMA,0.6,0.9,0.75,0.6,20.69,21.81,62.4,64.2,23,ALL3+ARIMA SM=0.6/0.9 LC=0.6
ALL3,ARIMA,0.6,0.9,0.75,0.7,20.78,20.95,61.5,62.8,22,ALL3+ARIMA SM=0.6/0.9 LC=0.7
ALL3,ARIMA,0.6,1.0,0.8,0.2,20.96,20.64,62.8,63.8,23,ALL3+ARIMA SM=0.6/1.0 LC=0.2
ALL3,ARIMA,0.6,1.0,0.8,0.3,20.81,21.57,62.4,63.6,23,ALL3+ARIMA SM=0.6/1.0 LC=0.3
ALL3,ARIMA,0.6,1.0,0.8,0.4,20.73,22.05,62.5,63.6,23,ALL3+ARIMA SM=0.6/1.0 LC=0.4
ALL3,ARIMA,0.6,1.0,0.8,0.5,20.72,22.01,62.7,63.6,24,ALL3+ARIMA SM=0.6/1.0 LC=0.5
ALL3,ARIMA,0.6,1.0,0.8,0.6,20.77,21.51,62.2,63.4,23,ALL3+ARIMA SM=0.6/1.0 LC=0.6
ALL3,ARIMA,0.6,1.0,0.8,0.7,20.85,20.66,61.3,61.9,22,ALL3+ARIMA SM=0.6/1.0 LC=0.7
ALL3,ARIMA,0.7,0.5,0.6,0.2,21.25,21.18,62.6,64.6,23,ALL3+ARIMA SM=0.7/0.5 LC=0.2
ALL3,ARIMA,0.7,0.5,0.6,0.3,21.11,22.1,62.2,64.4,23,ALL3+ARIMA SM=0.7/0.5 LC=0.3
ALL3,ARIMA,0.7,0.5,0.6,0.4,21.03,22.58,62.2,64.4,23,ALL3+ARIMA SM=0.7/0.5 LC=0.4
ALL3,ARIMA,0.7,0.5,0.6,0.5,21.02,22.55,62.5,64.4,24,ALL3+ARIMA SM=0.7/0.5 LC=0.5
ALL3,ARIMA,0.7,0.5,0.6,0.6,21.07,22.05,62.0,64.2,23,ALL3+ARIMA SM=0.7/0.5 LC=0.6
ALL3,ARIMA,0.7,0.5,0.6,0.7,21.15,21.19,61.1,62.8,22,ALL3+ARIMA SM=0.7/0.5 LC=0.7
ALL3,ARIMA,0.7,0.6,0.65,0.2,21.09,21.24,62.7,64.6,23,ALL3+ARIMA SM=0.7/0.6 LC=0.2
ALL3,ARIMA,0.7,0.6,0.65,0.3,20.95,22.16,62.3,64.4,23,ALL3+ARIMA SM=0.7/0.6 LC=0.3
ALL3,ARIMA,0.7,0.6,0.65,0.4,20.87,22.65,62.4,64.4,23,ALL3+ARIMA SM=0.7/0.6 LC=0.4
ALL3,ARIMA,0.7,0.6,0.65,0.5,20.85,22.61,62.7,64.4,24,ALL3+ARIMA SM=0.7/0.6 LC=0.5
ALL3,ARIMA,0.7,0.6,0.65,0.6,20.9,22.11,62.1,64.2,23,ALL3+ARIMA SM=0.7/0.6 LC=0.6
ALL3,ARIMA,0.7,0.6,0.65,0.7,20.99,21.26,61.2,62.8,22,ALL3+ARIMA SM=0.7/0.6 LC=0.7
ALL3,ARIMA,0.7,0.7,0.7,0.2,20.99,21.22,62.5,64.4,23,ALL3+ARIMA SM=0.7/0.7 LC=0.2
ALL3,ARIMA,0.7,0.7,0.7,0.3,20.84,22.14,62.1,64.2,23,ALL3+ARIMA SM=0.7/0.7 LC=0.3
ALL3,ARIMA,0.7,0.7,0.7,0.4,20.76,22.62,62.2,64.2,23,ALL3+ARIMA SM=0.7/0.7 LC=0.4
ALL3,ARIMA,0.7,0.7,0.7,0.5,20.75,22.59,62.5,64.2,24,ALL3+ARIMA SM=0.7/0.7 LC=0.5
ALL3,ARIMA,0.7,0.7,0.7,0.6,20.8,22.08,61.9,64.0,23,ALL3+ARIMA SM=0.7/0.7 LC=0.6
ALL3,ARIMA,0.7,0.7,0.7,0.7,20.88,21.23,61.0,62.6,22,ALL3+ARIMA SM=0.7/0.7 LC=0.7
ALL3,ARIMA,0.7,0.8,0.75,0.2,20.93,21.09,62.5,64.6,24,ALL3+ARIMA SM=0.7/0.8 LC=0.2
ALL3,ARIMA,0.7,0.8,0.75,0.3,20.79,22.01,62.1,64.4,24,ALL3+ARIMA SM=0.7/0.8 LC=0.3
ALL3,ARIMA,0.7,0.8,0.75,0.4,20.71,22.49,62.2,64.4,24,ALL3+ARIMA SM=0.7/0.8 LC=0.4
ALL3,ARIMA,0.7,0.8,0.75,0.5,20.69,22.46,62.5,64.4,24,ALL3+ARIMA SM=0.7/0.8 LC=0.5
ALL3,ARIMA,0.7,0.8,0.75,0.6,20.74,21.95,61.9,64.2,23,ALL3+ARIMA SM=0.7/0.8 LC=0.6
ALL3,ARIMA,0.7,0.8,0.75,0.7,20.83,21.1,61.0,62.8,22,ALL3+ARIMA SM=0.7/0.8 LC=0.7
ALL3,ARIMA,0.7,0.9,0.8,0.2,20.94,20.86,62.5,64.6,24,ALL3+ARIMA SM=0.7/0.9 LC=0.2
ALL3,ARIMA,0.7,0.9,0.8,0.3,20.8,21.78,62.1,64.4,24,ALL3+ARIMA SM=0.7/0.9 LC=0.3
ALL3,ARIMA,0.7,0.9,0.8,0.4,20.72,22.27,62.2,64.4,24,ALL3+ARIMA SM=0.7/0.9 LC=0.4
ALL3,ARIMA,0.7,0.9,0.8,0.5,20.71,22.23,62.5,64.4,24,ALL3+ARIMA SM=0.7/0.9 LC=0.5
ALL3,ARIMA,0.7,0.9,0.8,0.6,20.76,21.73,61.9,64.2,23,ALL3+ARIMA SM=0.7/0.9 LC=0.6
ALL3,ARIMA,0.7,0.9,0.8,0.7,20.84,20.88,61.0,62.8,22,ALL3+ARIMA SM=0.7/0.9 LC=0.7
ALL3,ARIMA,0.7,1.0,0.85,0.2,21.02,20.56,62.2,63.8,23,ALL3+ARIMA SM=0.7/1.0 LC=0.2
ALL3,ARIMA,0.7,1.0,0.85,0.3,20.88,21.49,61.8,63.6,23,ALL3+ARIMA SM=0.7/1.0 LC=0.3
ALL3,ARIMA,0.7,1.0,0.85,0.4,20.8,21.97,61.9,63.6,23,ALL3+ARIMA SM=0.7/1.0 LC=0.4
ALL3,ARIMA,0.7,1.0,0.85,0.5,20.78,21.94,62.2,63.6,24,ALL3+ARIMA SM=0.7/1.0 LC=0.5
ALL3,ARIMA,0.7,1.0,0.85,0.6,20.83,21.43,61.6,63.4,23,ALL3+ARIMA SM=0.7/1.0 LC=0.6
ALL3,ARIMA,0.7,1.0,0.85,0.7,20.92,20.58,60.7,61.9,22,ALL3+ARIMA SM=0.7/1.0 LC=0.7
ALL3,SARIMAX,0.3,0.5,0.4,0.2,23.36,4.24,60.3,60.1,21,ALL3+SARIMAX SM=0.3/0.5 LC=0.2
ALL3,SARIMAX,0.3,0.5,0.4,0.3,22.91,7.67,60.4,60.3,21,ALL3+SARIMAX SM=0.3/0.5 LC=0.3
ALL3,SARIMAX,0.3,0.5,0.4,0.4,22.5,10.76,60.6,60.9,21,ALL3+SARIMAX SM=0.3/0.5 LC=0.4
ALL3,SARIMAX,0.3,0.5,0.4,0.5,22.18,13.26,60.7,61.9,22,ALL3+SARIMAX SM=0.3/0.5 LC=0.5
ALL3,SARIMAX,0.3,0.5,0.4,0.6,21.9,15.37,60.7,61.9,22,ALL3+SARIMAX SM=0.3/0.5 LC=0.6
ALL3,SARIMAX,0.3,0.5,0.4,0.7,21.7,16.79,60.2,61.3,23,ALL3+SARIMAX SM=0.3/0.5 LC=0.7
ALL3,SARIMAX,0.3,0.6,0.45,0.2,23.14,4.48,60.4,59.7,20,ALL3+SARIMAX SM=0.3/0.6 LC=0.2
ALL3,SARIMAX,0.3,0.6,0.45,0.3,22.69,7.91,60.5,59.9,20,ALL3+SARIMAX SM=0.3/0.6 LC=0.3
ALL3,SARIMAX,0.3,0.6,0.45,0.4,22.28,11.0,60.7,60.5,20,ALL3+SARIMAX SM=0.3/0.6 LC=0.4
ALL3,SARIMAX,0.3,0.6,0.45,0.5,21.96,13.51,60.7,61.5,21,ALL3+SARIMAX SM=0.3/0.6 LC=0.5
ALL3,SARIMAX,0.3,0.6,0.45,0.6,21.68,15.61,60.7,61.5,21,ALL3+SARIMAX SM=0.3/0.6 LC=0.6
ALL3,SARIMAX,0.3,0.6,0.45,0.7,21.49,17.03,60.3,60.9,22,ALL3+SARIMAX SM=0.3/0.6 LC=0.7
ALL3,SARIMAX,0.3,0.7,0.5,0.2,22.97,4.63,60.3,59.7,20,ALL3+SARIMAX SM=0.3/0.7 LC=0.2
ALL3,SARIMAX,0.3,0.7,0.5,0.3,22.52,8.06,60.4,59.9,20,ALL3+SARIMAX SM=0.3/0.7 LC=0.3
ALL3,SARIMAX,0.3,0.7,0.5,0.4,22.11,11.16,60.6,60.5,20,ALL3+SARIMAX SM=0.3/0.7 LC=0.4
ALL3,SARIMAX,0.3,0.7,0.5,0.5,21.79,13.66,60.7,61.5,21,ALL3+SARIMAX SM=0.3/0.7 LC=0.5
ALL3,SARIMAX,0.3,0.7,0.5,0.6,21.51,15.76,60.7,61.5,21,ALL3+SARIMAX SM=0.3/0.7 LC=0.6
ALL3,SARIMAX,0.3,0.7,0.5,0.7,21.32,17.19,60.2,60.9,22,ALL3+SARIMAX SM=0.3/0.7 LC=0.7
ALL3,SARIMAX,0.3,0.8,0.55,0.2,22.86,4.66,60.7,60.7,20,ALL3+SARIMAX SM=0.3/0.8 LC=0.2
ALL3,SARIMAX,0.3,0.8,0.55,0.3,22.41,8.09,60.8,60.9,20,ALL3+SARIMAX SM=0.3/0.8 LC=0.3
ALL3,SARIMAX,0.3,0.8,0.55,0.4,22.0,11.18,60.9,61.5,20,ALL3+SARIMAX SM=0.3/0.8 LC=0.4
ALL3,SARIMAX,0.3,0.8,0.55,0.5,21.68,13.69,61.0,62.6,21,ALL3+SARIMAX SM=0.3/0.8 LC=0.5
ALL3,SARIMAX,0.3,0.8,0.55,0.6,21.4,15.79,61.0,62.6,21,ALL3+SARIMAX SM=0.3/0.8 LC=0.6
ALL3,SARIMAX,0.3,0.8,0.55,0.7,21.21,17.22,60.5,61.9,22,ALL3+SARIMAX SM=0.3/0.8 LC=0.7
ALL3,SARIMAX,0.3,0.9,0.6,0.2,22.85,4.53,60.8,61.3,20,ALL3+SARIMAX SM=0.3/0.9 LC=0.2
ALL3,SARIMAX,0.3,0.9,0.6,0.3,22.4,7.96,60.9,61.5,20,ALL3+SARIMAX SM=0.3/0.9 LC=0.3
ALL3,SARIMAX,0.3,0.9,0.6,0.4,21.99,11.06,61.1,62.1,20,ALL3+SARIMAX SM=0.3/0.9 LC=0.4
ALL3,SARIMAX,0.3,0.9,0.6,0.5,21.67,13.56,61.1,63.2,21,ALL3+SARIMAX SM=0.3/0.9 LC=0.5
ALL3,SARIMAX,0.3,0.9,0.6,0.6,21.39,15.66,61.1,63.2,21,ALL3+SARIMAX SM=0.3/0.9 LC=0.6
ALL3,SARIMAX,0.3,0.9,0.6,0.7,21.2,17.09,60.7,62.6,22,ALL3+SARIMAX SM=0.3/0.9 LC=0.7
ALL3,SARIMAX,0.3,1.0,0.65,0.2,22.94,4.23,60.5,60.3,20,ALL3+SARIMAX SM=0.3/1.0 LC=0.2
ALL3,SARIMAX,0.3,1.0,0.65,0.3,22.49,7.66,60.6,60.5,20,ALL3+SARIMAX SM=0.3/1.0 LC=0.3
ALL3,SARIMAX,0.3,1.0,0.65,0.4,22.09,10.75,60.8,61.1,20,ALL3+SARIMAX SM=0.3/1.0 LC=0.4
ALL3,SARIMAX,0.3,1.0,0.65,0.5,21.76,13.25,60.8,62.1,21,ALL3+SARIMAX SM=0.3/1.0 LC=0.5
ALL3,SARIMAX,0.3,1.0,0.65,0.6,21.49,15.36,60.8,62.1,21,ALL3+SARIMAX SM=0.3/1.0 LC=0.6
ALL3,SARIMAX,0.3,1.0,0.65,0.7,21.29,16.78,60.4,61.5,22,ALL3+SARIMAX SM=0.3/1.0 LC=0.7
ALL3,SARIMAX,0.4,0.5,0.45,0.2,23.35,4.3,60.3,60.1,21,ALL3+SARIMAX SM=0.4/0.5 LC=0.2
ALL3,SARIMAX,0.4,0.5,0.45,0.3,22.9,7.73,60.4,60.3,21,ALL3+SARIMAX SM=0.4/0.5 LC=0.3
ALL3,SARIMAX,0.4,0.5,0.45,0.4,22.49,10.82,60.5,60.9,21,ALL3+SARIMAX SM=0.4/0.5 LC=0.4
ALL3,SARIMAX,0.4,0.5,0.45,0.5,22.17,13.32,60.6,61.9,22,ALL3+SARIMAX SM=0.4/0.5 LC=0.5
ALL3,SARIMAX,0.4,0.5,0.45,0.6,21.89,15.43,60.6,61.9,22,ALL3+SARIMAX SM=0.4/0.5 LC=0.6
ALL3,SARIMAX,0.4,0.5,0.45,0.7,21.7,16.85,60.2,61.3,23,ALL3+SARIMAX SM=0.4/0.5 LC=0.7
ALL3,SARIMAX,0.4,0.6,0.5,0.2,23.13,4.54,60.3,59.7,20,ALL3+SARIMAX SM=0.4/0.6 LC=0.2
ALL3,SARIMAX,0.4,0.6,0.5,0.3,22.68,7.97,60.4,59.9,20,ALL3+SARIMAX SM=0.4/0.6 LC=0.3
ALL3,SARIMAX,0.4,0.6,0.5,0.4,22.28,11.06,60.6,60.5,20,ALL3+SARIMAX SM=0.4/0.6 LC=0.4
ALL3,SARIMAX,0.4,0.6,0.5,0.5,21.95,13.57,60.7,61.5,21,ALL3+SARIMAX SM=0.4/0.6 LC=0.5
ALL3,SARIMAX,0.4,0.6,0.5,0.6,21.68,15.67,60.7,61.5,21,ALL3+SARIMAX SM=0.4/0.6 LC=0.6
ALL3,SARIMAX,0.4,0.6,0.5,0.7,21.48,17.09,60.2,60.9,22,ALL3+SARIMAX SM=0.4/0.6 LC=0.7
ALL3,SARIMAX,0.4,0.7,0.55,0.2,22.97,4.69,60.3,59.7,20,ALL3+SARIMAX SM=0.4/0.7 LC=0.2
ALL3,SARIMAX,0.4,0.7,0.55,0.3,22.51,8.12,60.4,59.9,20,ALL3+SARIMAX SM=0.4/0.7 LC=0.3
ALL3,SARIMAX,0.4,0.7,0.55,0.4,22.11,11.21,60.6,60.5,20,ALL3+SARIMAX SM=0.4/0.7 LC=0.4
ALL3,SARIMAX,0.4,0.7,0.55,0.5,21.79,13.72,60.7,61.5,21,ALL3+SARIMAX SM=0.4/0.7 LC=0.5
ALL3,SARIMAX,0.4,0.7,0.55,0.6,21.51,15.82,60.7,61.5,21,ALL3+SARIMAX SM=0.4/0.7 LC=0.6
ALL3,SARIMAX,0.4,0.7,0.55,0.7,21.31,17.25,60.2,60.9,22,ALL3+SARIMAX SM=0.4/0.7 LC=0.7
ALL3,SARIMAX,0.4,0.8,0.6,0.2,22.86,4.72,60.7,60.7,20,ALL3+SARIMAX SM=0.4/0.8 LC=0.2
ALL3,SARIMAX,0.4,0.8,0.6,0.3,22.4,8.15,60.8,60.9,20,ALL3+SARIMAX SM=0.4/0.8 LC=0.3
ALL3,SARIMAX,0.4,0.8,0.6,0.4,22.0,11.24,60.9,61.5,20,ALL3+SARIMAX SM=0.4/0.8 LC=0.4
ALL3,SARIMAX,0.4,0.8,0.6,0.5,21.68,13.74,61.0,62.6,21,ALL3+SARIMAX SM=0.4/0.8 LC=0.5
ALL3,SARIMAX,0.4,0.8,0.6,0.6,21.4,15.85,61.0,62.6,21,ALL3+SARIMAX SM=0.4/0.8 LC=0.6
ALL3,SARIMAX,0.4,0.8,0.6,0.7,21.2,17.27,60.5,61.9,22,ALL3+SARIMAX SM=0.4/0.8 LC=0.7
ALL3,SARIMAX,0.4,0.9,0.65,0.2,22.85,4.59,60.7,61.3,20,ALL3+SARIMAX SM=0.4/0.9 LC=0.2
ALL3,SARIMAX,0.4,0.9,0.65,0.3,22.4,8.02,60.8,61.5,20,ALL3+SARIMAX SM=0.4/0.9 LC=0.3
ALL3,SARIMAX,0.4,0.9,0.65,0.4,21.99,11.11,61.0,62.1,20,ALL3+SARIMAX SM=0.4/0.9 LC=0.4
ALL3,SARIMAX,0.4,0.9,0.65,0.5,21.67,13.61,61.1,63.2,21,ALL3+SARIMAX SM=0.4/0.9 LC=0.5
ALL3,SARIMAX,0.4,0.9,0.65,0.6,21.39,15.72,61.1,63.2,21,ALL3+SARIMAX SM=0.4/0.9 LC=0.6
ALL3,SARIMAX,0.4,0.9,0.65,0.7,21.19,17.14,60.6,62.6,22,ALL3+SARIMAX SM=0.4/0.9 LC=0.7
ALL3,SARIMAX,0.4,1.0,0.7,0.2,22.94,4.28,60.5,60.3,20,ALL3+SARIMAX SM=0.4/1.0 LC=0.2
ALL3,SARIMAX,0.4,1.0,0.7,0.3,22.49,7.71,60.6,60.5,20,ALL3+SARIMAX SM=0.4/1.0 LC=0.3
ALL3,SARIMAX,0.4,1.0,0.7,0.4,22.09,10.8,60.8,61.1,20,ALL3+SARIMAX SM=0.4/1.0 LC=0.4
ALL3,SARIMAX,0.4,1.0,0.7,0.5,21.76,13.31,60.8,62.1,21,ALL3+SARIMAX SM=0.4/1.0 LC=0.5
ALL3,SARIMAX,0.4,1.0,0.7,0.6,21.49,15.41,60.8,62.1,21,ALL3+SARIMAX SM=0.4/1.0 LC=0.6
ALL3,SARIMAX,0.4,1.0,0.7,0.7,21.29,16.83,60.4,61.5,22,ALL3+SARIMAX SM=0.4/1.0 LC=0.7
ALL3,SARIMAX,0.5,0.5,0.5,0.2,23.36,4.33,60.1,60.1,20,ALL3+SARIMAX SM=0.5/0.5 LC=0.2
ALL3,SARIMAX,0.5,0.5,0.5,0.3,22.91,7.76,60.2,60.3,20,ALL3+SARIMAX SM=0.5/0.5 LC=0.3
ALL3,SARIMAX,0.5,0.5,0.5,0.4,22.51,10.85,60.4,60.9,20,ALL3+SARIMAX SM=0.5/0.5 LC=0.4
ALL3,SARIMAX,0.5,0.5,0.5,0.5,22.18,13.36,60.4,61.9,21,ALL3+SARIMAX SM=0.5/0.5 LC=0.5
ALL3,SARIMAX,0.5,0.5,0.5,0.6,21.91,15.46,60.4,61.9,21,ALL3+SARIMAX SM=0.5/0.5 LC=0.6
ALL3,SARIMAX,0.5,0.5,0.5,0.7,21.71,16.89,60.0,61.3,22,ALL3+SARIMAX SM=0.5/0.5 LC=0.7
ALL3,SARIMAX,0.5,0.6,0.55,0.2,23.15,4.57,60.2,59.7,20,ALL3+SARIMAX SM=0.5/0.6 LC=0.2
ALL3,SARIMAX,0.5,0.6,0.55,0.3,22.7,8.0,60.3,59.9,20,ALL3+SARIMAX SM=0.5/0.6 LC=0.3
ALL3,SARIMAX,0.5,0.6,0.55,0.4,22.29,11.1,60.5,60.5,20,ALL3+SARIMAX SM=0.5/0.6 LC=0.4
ALL3,SARIMAX,0.5,0.6,0.55,0.5,21.97,13.6,60.5,61.5,21,ALL3+SARIMAX SM=0.5/0.6 LC=0.5
ALL3,SARIMAX,0.5,0.6,0.55,0.6,21.69,15.7,60.5,61.5,21,ALL3+SARIMAX SM=0.5/0.6 LC=0.6
ALL3,SARIMAX,0.5,0.6,0.55,0.7,21.49,17.13,60.1,60.9,22,ALL3+SARIMAX SM=0.5/0.6 LC=0.7
ALL3,SARIMAX,0.5,0.7,0.6,0.2,22.98,4.72,60.2,59.7,20,ALL3+SARIMAX SM=0.5/0.7 LC=0.2
ALL3,SARIMAX,0.5,0.7,0.6,0.3,22.53,8.15,60.3,59.9,20,ALL3+SARIMAX SM=0.5/0.7 LC=0.3
ALL3,SARIMAX,0.5,0.7,0.6,0.4,22.12,11.24,60.5,60.5,20,ALL3+SARIMAX SM=0.5/0.7 LC=0.4
ALL3,SARIMAX,0.5,0.7,0.6,0.5,21.8,13.75,60.5,61.5,21,ALL3+SARIMAX SM=0.5/0.7 LC=0.5
ALL3,SARIMAX,0.5,0.7,0.6,0.6,21.52,15.85,60.5,61.5,21,ALL3+SARIMAX SM=0.5/0.7 LC=0.6
ALL3,SARIMAX,0.5,0.7,0.6,0.7,21.33,17.28,60.1,60.9,22,ALL3+SARIMAX SM=0.5/0.7 LC=0.7
ALL3,SARIMAX,0.5,0.8,0.65,0.2,22.87,4.75,60.5,60.7,20,ALL3+SARIMAX SM=0.5/0.8 LC=0.2
ALL3,SARIMAX,0.5,0.8,0.65,0.3,22.42,8.17,60.6,60.9,20,ALL3+SARIMAX SM=0.5/0.8 LC=0.3
ALL3,SARIMAX,0.5,0.8,0.65,0.4,22.01,11.27,60.8,61.5,20,ALL3+SARIMAX SM=0.5/0.8 LC=0.4
ALL3,SARIMAX,0.5,0.8,0.65,0.5,21.69,13.77,60.8,62.6,21,ALL3+SARIMAX SM=0.5/0.8 LC=0.5
ALL3,SARIMAX,0.5,0.8,0.65,0.6,21.42,15.88,60.8,62.6,21,ALL3+SARIMAX SM=0.5/0.8 LC=0.6
ALL3,SARIMAX,0.5,0.8,0.65,0.7,21.22,17.3,60.4,61.9,22,ALL3+SARIMAX SM=0.5/0.8 LC=0.7
ALL3,SARIMAX,0.5,0.9,0.7,0.2,22.86,4.62,60.6,61.3,20,ALL3+SARIMAX SM=0.5/0.9 LC=0.2
ALL3,SARIMAX,0.5,0.9,0.7,0.3,22.41,8.04,60.7,61.5,20,ALL3+SARIMAX SM=0.5/0.9 LC=0.3
ALL3,SARIMAX,0.5,0.9,0.7,0.4,22.01,11.14,60.9,62.1,20,ALL3+SARIMAX SM=0.5/0.9 LC=0.4
ALL3,SARIMAX,0.5,0.9,0.7,0.5,21.68,13.64,60.9,63.2,21,ALL3+SARIMAX SM=0.5/0.9 LC=0.5
ALL3,SARIMAX,0.5,0.9,0.7,0.6,21.41,15.75,60.9,63.2,21,ALL3+SARIMAX SM=0.5/0.9 LC=0.6
ALL3,SARIMAX,0.5,0.9,0.7,0.7,21.21,17.17,60.5,62.6,22,ALL3+SARIMAX SM=0.5/0.9 LC=0.7
ALL3,SARIMAX,0.5,1.0,0.75,0.2,22.96,4.31,60.3,60.3,20,ALL3+SARIMAX SM=0.5/1.0 LC=0.2
ALL3,SARIMAX,0.5,1.0,0.75,0.3,22.51,7.74,60.4,60.5,20,ALL3+SARIMAX SM=0.5/1.0 LC=0.3
ALL3,SARIMAX,0.5,1.0,0.75,0.4,22.1,10.83,60.5,61.1,20,ALL3+SARIMAX SM=0.5/1.0 LC=0.4
ALL3,SARIMAX,0.5,1.0,0.75,0.5,21.78,13.34,60.6,62.1,21,ALL3+SARIMAX SM=0.5/1.0 LC=0.5
ALL3,SARIMAX,0.5,1.0,0.75,0.6,21.5,15.44,60.6,62.1,21,ALL3+SARIMAX SM=0.5/1.0 LC=0.6
ALL3,SARIMAX,0.5,1.0,0.75,0.7,21.31,16.86,60.2,61.5,22,ALL3+SARIMAX SM=0.5/1.0 LC=0.7
ALL3,SARIMAX,0.6,0.5,0.55,0.2,23.38,4.35,59.7,60.1,20,ALL3+SARIMAX SM=0.6/0.5 LC=0.2
ALL3,SARIMAX,0.6,0.5,0.55,0.3,22.93,7.78,59.8,60.3,20,ALL3+SARIMAX SM=0.6/0.5 LC=0.3
ALL3,SARIMAX,0.6,0.5,0.55,0.4,22.53,10.87,60.0,60.9,20,ALL3+SARIMAX SM=0.6/0.5 LC=0.4
ALL3,SARIMAX,0.6,0.5,0.55,0.5,22.2,13.38,60.0,61.9,21,ALL3+SARIMAX SM=0.6/0.5 LC=0.5
ALL3,SARIMAX,0.6,0.5,0.55,0.6,21.93,15.48,60.0,61.9,21,ALL3+SARIMAX SM=0.6/0.5 LC=0.6
ALL3,SARIMAX,0.6,0.5,0.55,0.7,21.73,16.91,59.6,61.3,22,ALL3+SARIMAX SM=0.6/0.5 LC=0.7
ALL3,SARIMAX,0.6,0.6,0.6,0.2,23.17,4.59,59.8,59.7,20,ALL3+SARIMAX SM=0.6/0.6 LC=0.2
ALL3,SARIMAX,0.6,0.6,0.6,0.3,22.72,8.02,59.9,59.9,20,ALL3+SARIMAX SM=0.6/0.6 LC=0.3
ALL3,SARIMAX,0.6,0.6,0.6,0.4,22.31,11.11,60.1,60.5,20,ALL3+SARIMAX SM=0.6/0.6 LC=0.4
ALL3,SARIMAX,0.6,0.6,0.6,0.5,21.99,13.62,60.2,61.5,21,ALL3+SARIMAX SM=0.6/0.6 LC=0.5
ALL3,SARIMAX,0.6,0.6,0.6,0.6,21.71,15.72,60.2,61.5,21,ALL3+SARIMAX SM=0.6/0.6 LC=0.6
ALL3,SARIMAX,0.6,0.6,0.6,0.7,21.52,17.14,59.7,60.9,22,ALL3+SARIMAX SM=0.6/0.6 LC=0.7
ALL3,SARIMAX,0.6,0.7,0.65,0.2,23.0,4.74,59.8,59.7,20,ALL3+SARIMAX SM=0.6/0.7 LC=0.2
ALL3,SARIMAX,0.6,0.7,0.65,0.3,22.55,8.16,59.9,59.9,20,ALL3+SARIMAX SM=0.6/0.7 LC=0.3
ALL3,SARIMAX,0.6,0.7,0.65,0.4,22.15,11.26,60.0,60.5,20,ALL3+SARIMAX SM=0.6/0.7 LC=0.4
ALL3,SARIMAX,0.6,0.7,0.65,0.5,21.82,13.76,60.1,61.5,21,ALL3+SARIMAX SM=0.6/0.7 LC=0.5
ALL3,SARIMAX,0.6,0.7,0.65,0.6,21.55,15.87,60.1,61.5,21,ALL3+SARIMAX SM=0.6/0.7 LC=0.6
ALL3,SARIMAX,0.6,0.7,0.65,0.7,21.35,17.29,59.7,60.9,22,ALL3+SARIMAX SM=0.6/0.7 LC=0.7
ALL3,SARIMAX,0.6,0.8,0.7,0.2,22.9,4.76,60.1,60.7,20,ALL3+SARIMAX SM=0.6/0.8 LC=0.2
ALL3,SARIMAX,0.6,0.8,0.7,0.3,22.44,8.19,60.2,60.9,20,ALL3+SARIMAX SM=0.6/0.8 LC=0.3
ALL3,SARIMAX,0.6,0.8,0.7,0.4,22.04,11.28,60.4,61.5,20,ALL3+SARIMAX SM=0.6/0.8 LC=0.4
ALL3,SARIMAX,0.6,0.8,0.7,0.5,21.72,13.79,60.4,62.6,21,ALL3+SARIMAX SM=0.6/0.8 LC=0.5
ALL3,SARIMAX,0.6,0.8,0.7,0.6,21.44,15.89,60.4,62.6,21,ALL3+SARIMAX SM=0.6/0.8 LC=0.6
ALL3,SARIMAX,0.6,0.8,0.7,0.7,21.24,17.32,60.0,61.9,22,ALL3+SARIMAX SM=0.6/0.8 LC=0.7
ALL3,SARIMAX,0.6,0.9,0.75,0.2,22.89,4.63,60.1,61.3,20,ALL3+SARIMAX SM=0.6/0.9 LC=0.2
ALL3,SARIMAX,0.6,0.9,0.75,0.3,22.44,8.06,60.2,61.5,20,ALL3+SARIMAX SM=0.6/0.9 LC=0.3
ALL3,SARIMAX,0.6,0.9,0.75,0.4,22.03,11.15,60.4,62.1,20,ALL3+SARIMAX SM=0.6/0.9 LC=0.4
ALL3,SARIMAX,0.6,0.9,0.75,0.5,21.71,13.66,60.4,63.2,21,ALL3+SARIMAX SM=0.6/0.9 LC=0.5
ALL3,SARIMAX,0.6,0.9,0.75,0.6,21.43,15.76,60.4,63.2,21,ALL3+SARIMAX SM=0.6/0.9 LC=0.6
ALL3,SARIMAX,0.6,0.9,0.75,0.7,21.24,17.18,60.0,62.6,22,ALL3+SARIMAX SM=0.6/0.9 LC=0.7
ALL3,SARIMAX,0.6,1.0,0.8,0.2,22.98,4.32,59.8,60.3,20,ALL3+SARIMAX SM=0.6/1.0 LC=0.2
ALL3,SARIMAX,0.6,1.0,0.8,0.3,22.53,7.75,59.9,60.5,20,ALL3+SARIMAX SM=0.6/1.0 LC=0.3
ALL3,SARIMAX,0.6,1.0,0.8,0.4,22.13,10.85,60.1,61.1,20,ALL3+SARIMAX SM=0.6/1.0 LC=0.4
ALL3,SARIMAX,0.6,1.0,0.8,0.5,21.8,13.35,60.2,62.1,21,ALL3+SARIMAX SM=0.6/1.0 LC=0.5
ALL3,SARIMAX,0.6,1.0,0.8,0.6,21.53,15.45,60.2,62.1,21,ALL3+SARIMAX SM=0.6/1.0 LC=0.6
ALL3,SARIMAX,0.6,1.0,0.8,0.7,21.33,16.88,59.7,61.5,22,ALL3+SARIMAX SM=0.6/1.0 LC=0.7
ALL3,SARIMAX,0.7,0.5,0.6,0.2,23.41,4.36,59.6,60.1,20,ALL3+SARIMAX SM=0.7/0.5 LC=0.2
ALL3,SARIMAX,0.7,0.5,0.6,0.3,22.96,7.78,59.7,60.3,20,ALL3+SARIMAX SM=0.7/0.5 LC=0.3
ALL3,SARIMAX,0.7,0.5,0.6,0.4,22.55,10.88,59.9,60.9,20,ALL3+SARIMAX SM=0.7/0.5 LC=0.4
ALL3,SARIMAX,0.7,0.5,0.6,0.5,22.23,13.38,59.9,61.9,21,ALL3+SARIMAX SM=0.7/0.5 LC=0.5
ALL3,SARIMAX,0.7,0.5,0.6,0.6,21.95,15.49,59.9,61.9,21,ALL3+SARIMAX SM=0.7/0.5 LC=0.6
ALL3,SARIMAX,0.7,0.5,0.6,0.7,21.76,16.91,59.5,61.3,22,ALL3+SARIMAX SM=0.7/0.5 LC=0.7
ALL3,SARIMAX,0.7,0.6,0.65,0.2,23.2,4.59,59.7,59.7,20,ALL3+SARIMAX SM=0.7/0.6 LC=0.2
ALL3,SARIMAX,0.7,0.6,0.65,0.3,22.75,8.02,59.8,59.9,20,ALL3+SARIMAX SM=0.7/0.6 LC=0.3
ALL3,SARIMAX,0.7,0.6,0.65,0.4,22.34,11.11,59.9,60.5,20,ALL3+SARIMAX SM=0.7/0.6 LC=0.4
ALL3,SARIMAX,0.7,0.6,0.65,0.5,22.02,13.62,60.0,61.5,21,ALL3+SARIMAX SM=0.7/0.6 LC=0.5
ALL3,SARIMAX,0.7,0.6,0.65,0.6,21.74,15.72,60.0,61.5,21,ALL3+SARIMAX SM=0.7/0.6 LC=0.6
ALL3,SARIMAX,0.7,0.6,0.65,0.7,21.55,17.15,59.5,60.9,22,ALL3+SARIMAX SM=0.7/0.6 LC=0.7
ALL3,SARIMAX,0.7,0.7,0.7,0.2,23.03,4.74,59.7,59.7,20,ALL3+SARIMAX SM=0.7/0.7 LC=0.2
ALL3,SARIMAX,0.7,0.7,0.7,0.3,22.58,8.17,59.8,59.9,20,ALL3+SARIMAX SM=0.7/0.7 LC=0.3
ALL3,SARIMAX,0.7,0.7,0.7,0.4,22.18,11.26,59.9,60.5,20,ALL3+SARIMAX SM=0.7/0.7 LC=0.4
ALL3,SARIMAX,0.7,0.7,0.7,0.5,21.85,13.77,60.0,61.5,21,ALL3+SARIMAX SM=0.7/0.7 LC=0.5
ALL3,SARIMAX,0.7,0.7,0.7,0.6,21.58,15.87,60.0,61.5,21,ALL3+SARIMAX SM=0.7/0.7 LC=0.6
ALL3,SARIMAX,0.7,0.7,0.7,0.7,21.38,17.29,59.5,60.9,22,ALL3+SARIMAX SM=0.7/0.7 LC=0.7
ALL3,SARIMAX,0.7,0.8,0.75,0.2,22.93,4.76,59.9,60.7,20,ALL3+SARIMAX SM=0.7/0.8 LC=0.2
ALL3,SARIMAX,0.7,0.8,0.75,0.3,22.47,8.19,60.0,60.9,20,ALL3+SARIMAX SM=0.7/0.8 LC=0.3
ALL3,SARIMAX,0.7,0.8,0.75,0.4,22.07,11.29,60.2,61.5,20,ALL3+SARIMAX SM=0.7/0.8 LC=0.4
ALL3,SARIMAX,0.7,0.8,0.75,0.5,21.75,13.79,60.2,62.6,21,ALL3+SARIMAX SM=0.7/0.8 LC=0.5
ALL3,SARIMAX,0.7,0.8,0.75,0.6,21.47,15.89,60.2,62.6,21,ALL3+SARIMAX SM=0.7/0.8 LC=0.6
ALL3,SARIMAX,0.7,0.8,0.75,0.7,21.27,17.32,59.8,61.9,22,ALL3+SARIMAX SM=0.7/0.8 LC=0.7
ALL3,SARIMAX,0.7,0.9,0.8,0.2,22.92,4.63,59.9,61.3,20,ALL3+SARIMAX SM=0.7/0.9 LC=0.2
ALL3,SARIMAX,0.7,0.9,0.8,0.3,22.47,8.06,60.0,61.5,20,ALL3+SARIMAX SM=0.7/0.9 LC=0.3
ALL3,SARIMAX,0.7,0.9,0.8,0.4,22.06,11.16,60.2,62.1,20,ALL3+SARIMAX SM=0.7/0.9 LC=0.4
ALL3,SARIMAX,0.7,0.9,0.8,0.5,21.74,13.66,60.3,63.2,21,ALL3+SARIMAX SM=0.7/0.9 LC=0.5
ALL3,SARIMAX,0.7,0.9,0.8,0.6,21.46,15.76,60.3,63.2,21,ALL3+SARIMAX SM=0.7/0.9 LC=0.6
ALL3,SARIMAX,0.7,0.9,0.8,0.7,21.27,17.19,59.8,62.6,22,ALL3+SARIMAX SM=0.7/0.9 LC=0.7
ALL3,SARIMAX,0.7,1.0,0.85,0.2,23.01,4.33,59.9,60.3,20,ALL3+SARIMAX SM=0.7/1.0 LC=0.2
ALL3,SARIMAX,0.7,1.0,0.85,0.3,22.56,7.75,60.0,60.5,20,ALL3+SARIMAX SM=0.7/1.0 LC=0.3
ALL3,SARIMAX,0.7,1.0,0.85,0.4,22.16,10.85,60.2,61.1,20,ALL3+SARIMAX SM=0.7/1.0 LC=0.4
ALL3,SARIMAX,0.7,1.0,0.85,0.5,21.83,13.35,60.2,62.1,21,ALL3+SARIMAX SM=0.7/1.0 LC=0.5
ALL3,SARIMAX,0.7,1.0,0.85,0.6,21.56,15.45,60.2,62.1,21,ALL3+SARIMAX SM=0.7/1.0 LC=0.6
ALL3,SARIMAX,0.7,1.0,0.85,0.7,21.36,16.88,59.8,61.5,22,ALL3+SARIMAX SM=0.7/1.0 LC=0.7
ALL3,RollingMean,0.3,0.5,0.4,0.2,21.04,21.52,65.3,66.3,26,ALL3+RollingMean SM=0.3/0.5 LC=0.2
ALL3,RollingMean,0.3,0.5,0.4,0.3,20.78,23.05,65.2,66.3,26,ALL3+RollingMean SM=0.3/0.5 LC=0.3
ALL3,RollingMean,0.3,0.5,0.4,0.4,20.63,23.86,65.3,65.6,26,ALL3+RollingMean SM=0.3/0.5 LC=0.4
ALL3,RollingMean,0.3,0.5,0.4,0.5,20.58,23.99,65.2,65.6,26,ALL3+RollingMean SM=0.3/0.5 LC=0.5
ALL3,RollingMean,0.3,0.5,0.4,0.6,20.63,23.49,64.4,65.2,24,ALL3+RollingMean SM=0.3/0.5 LC=0.6
ALL3,RollingMean,0.3,0.5,0.4,0.7,20.73,22.57,63.9,64.4,24,ALL3+RollingMean SM=0.3/0.5 LC=0.7
ALL3,RollingMean,0.3,0.6,0.45,0.2,20.86,21.59,65.0,65.8,25,ALL3+RollingMean SM=0.3/0.6 LC=0.2
ALL3,RollingMean,0.3,0.6,0.45,0.3,20.6,23.11,64.9,65.8,25,ALL3+RollingMean SM=0.3/0.6 LC=0.3
ALL3,RollingMean,0.3,0.6,0.45,0.4,20.45,23.93,65.0,65.2,25,ALL3+RollingMean SM=0.3/0.6 LC=0.4
ALL3,RollingMean,0.3,0.6,0.45,0.5,20.4,24.06,65.0,65.2,25,ALL3+RollingMean SM=0.3/0.6 LC=0.5
ALL3,RollingMean,0.3,0.6,0.45,0.6,20.45,23.56,64.2,64.8,23,ALL3+RollingMean SM=0.3/0.6 LC=0.6
ALL3,RollingMean,0.3,0.6,0.45,0.7,20.55,22.64,63.6,64.0,23,ALL3+RollingMean SM=0.3/0.6 LC=0.7
ALL3,RollingMean,0.3,0.7,0.5,0.2,20.74,21.55,64.8,65.4,25,ALL3+RollingMean SM=0.3/0.7 LC=0.2
ALL3,RollingMean,0.3,0.7,0.5,0.3,20.48,23.07,64.7,65.4,25,ALL3+RollingMean SM=0.3/0.7 LC=0.3
ALL3,RollingMean,0.3,0.7,0.5,0.4,20.33,23.88,64.8,64.8,25,ALL3+RollingMean SM=0.3/0.7 LC=0.4
ALL3,RollingMean,0.3,0.7,0.5,0.5,20.28,24.01,64.8,64.8,25,ALL3+RollingMean SM=0.3/0.7 LC=0.5
ALL3,RollingMean,0.3,0.7,0.5,0.6,20.33,23.51,64.0,64.4,23,ALL3+RollingMean SM=0.3/0.7 LC=0.6
ALL3,RollingMean,0.3,0.7,0.5,0.7,20.43,22.6,63.4,63.6,23,ALL3+RollingMean SM=0.3/0.7 LC=0.7
ALL3,RollingMean,0.3,0.8,0.55,0.2,20.7,21.37,64.7,65.0,25,ALL3+RollingMean SM=0.3/0.8 LC=0.2
ALL3,RollingMean,0.3,0.8,0.55,0.3,20.44,22.89,64.6,65.0,25,ALL3+RollingMean SM=0.3/0.8 LC=0.3
ALL3,RollingMean,0.3,0.8,0.55,0.4,20.29,23.7,64.7,64.4,25,ALL3+RollingMean SM=0.3/0.8 LC=0.4
ALL3,RollingMean,0.3,0.8,0.55,0.5,20.24,23.84,64.6,64.4,25,ALL3+RollingMean SM=0.3/0.8 LC=0.5
ALL3,RollingMean,0.3,0.8,0.55,0.6,20.29,23.33,63.9,64.0,23,ALL3+RollingMean SM=0.3/0.8 LC=0.6
ALL3,RollingMean,0.3,0.8,0.55,0.7,20.39,22.42,63.3,63.2,23,ALL3+RollingMean SM=0.3/0.8 LC=0.7
ALL3,RollingMean,0.3,0.9,0.6,0.2,20.75,21.08,64.5,64.8,25,ALL3+RollingMean SM=0.3/0.9 LC=0.2
ALL3,RollingMean,0.3,0.9,0.6,0.3,20.49,22.6,64.4,64.8,25,ALL3+RollingMean SM=0.3/0.9 LC=0.3
ALL3,RollingMean,0.3,0.9,0.6,0.4,20.35,23.41,64.5,64.2,25,ALL3+RollingMean SM=0.3/0.9 LC=0.4
ALL3,RollingMean,0.3,0.9,0.6,0.5,20.29,23.54,64.5,64.2,25,ALL3+RollingMean SM=0.3/0.9 LC=0.5
ALL3,RollingMean,0.3,0.9,0.6,0.6,20.34,23.04,63.7,63.8,23,ALL3+RollingMean SM=0.3/0.9 LC=0.6
ALL3,RollingMean,0.3,0.9,0.6,0.7,20.44,22.13,63.1,63.0,23,ALL3+RollingMean SM=0.3/0.9 LC=0.7
ALL3,RollingMean,0.3,1.0,0.65,0.2,20.89,20.69,64.0,64.0,25,ALL3+RollingMean SM=0.3/1.0 LC=0.2
ALL3,RollingMean,0.3,1.0,0.65,0.3,20.63,22.21,63.9,64.0,25,ALL3+RollingMean SM=0.3/1.0 LC=0.3
ALL3,RollingMean,0.3,1.0,0.65,0.4,20.48,23.02,64.0,63.4,25,ALL3+RollingMean SM=0.3/1.0 LC=0.4
ALL3,RollingMean,0.3,1.0,0.65,0.5,20.43,23.16,63.9,63.4,25,ALL3+RollingMean SM=0.3/1.0 LC=0.5
ALL3,RollingMean,0.3,1.0,0.65,0.6,20.48,22.65,63.1,63.0,23,ALL3+RollingMean SM=0.3/1.0 LC=0.6
ALL3,RollingMean,0.3,1.0,0.65,0.7,20.58,21.74,62.6,62.1,23,ALL3+RollingMean SM=0.3/1.0 LC=0.7
ALL3,RollingMean,0.4,0.5,0.45,0.2,21.05,21.55,65.2,66.3,26,ALL3+RollingMean SM=0.4/0.5 LC=0.2
ALL3,RollingMean,0.4,0.5,0.45,0.3,20.79,23.07,65.0,66.3,26,ALL3+RollingMean SM=0.4/0.5 LC=0.3
ALL3,RollingMean,0.4,0.5,0.45,0.4,20.64,23.88,65.2,65.6,26,ALL3+RollingMean SM=0.4/0.5 LC=0.4
ALL3,RollingMean,0.4,0.5,0.45,0.5,20.58,24.01,65.1,65.6,26,ALL3+RollingMean SM=0.4/0.5 LC=0.5
ALL3,RollingMean,0.4,0.5,0.45,0.6,20.63,23.51,64.3,65.2,24,ALL3+RollingMean SM=0.4/0.5 LC=0.6
ALL3,RollingMean,0.4,0.5,0.45,0.7,20.73,22.6,63.7,64.4,24,ALL3+RollingMean SM=0.4/0.5 LC=0.7
ALL3,RollingMean,0.4,0.6,0.5,0.2,20.86,21.61,65.0,65.8,25,ALL3+RollingMean SM=0.4/0.6 LC=0.2
ALL3,RollingMean,0.4,0.6,0.5,0.3,20.6,23.14,64.9,65.8,25,ALL3+RollingMean SM=0.4/0.6 LC=0.3
ALL3,RollingMean,0.4,0.6,0.5,0.4,20.45,23.95,65.0,65.2,25,ALL3+RollingMean SM=0.4/0.6 LC=0.4
ALL3,RollingMean,0.4,0.6,0.5,0.5,20.4,24.08,64.9,65.2,25,ALL3+RollingMean SM=0.4/0.6 LC=0.5
ALL3,RollingMean,0.4,0.6,0.5,0.6,20.45,23.58,64.1,64.8,23,ALL3+RollingMean SM=0.4/0.6 LC=0.6
ALL3,RollingMean,0.4,0.6,0.5,0.7,20.55,22.66,63.6,64.0,23,ALL3+RollingMean SM=0.4/0.6 LC=0.7
ALL3,RollingMean,0.4,0.7,0.55,0.2,20.75,21.57,64.8,65.4,25,ALL3+RollingMean SM=0.4/0.7 LC=0.2
ALL3,RollingMean,0.4,0.7,0.55,0.3,20.48,23.09,64.7,65.4,25,ALL3+RollingMean SM=0.4/0.7 LC=0.3
ALL3,RollingMean,0.4,0.7,0.55,0.4,20.34,23.9,64.8,64.8,25,ALL3+RollingMean SM=0.4/0.7 LC=0.4
ALL3,RollingMean,0.4,0.7,0.55,0.5,20.28,24.04,64.8,64.8,25,ALL3+RollingMean SM=0.4/0.7 LC=0.5
ALL3,RollingMean,0.4,0.7,0.55,0.6,20.33,23.53,64.0,64.4,23,ALL3+RollingMean SM=0.4/0.7 LC=0.6
ALL3,RollingMean,0.4,0.7,0.55,0.7,20.43,22.62,63.4,63.6,23,ALL3+RollingMean SM=0.4/0.7 LC=0.7
ALL3,RollingMean,0.4,0.8,0.6,0.2,20.71,21.38,64.6,65.0,25,ALL3+RollingMean SM=0.4/0.8 LC=0.2
ALL3,RollingMean,0.4,0.8,0.6,0.3,20.45,22.91,64.5,65.0,25,ALL3+RollingMean SM=0.4/0.8 LC=0.3
ALL3,RollingMean,0.4,0.8,0.6,0.4,20.3,23.72,64.6,64.4,25,ALL3+RollingMean SM=0.4/0.8 LC=0.4
ALL3,RollingMean,0.4,0.8,0.6,0.5,20.25,23.85,64.5,64.4,25,ALL3+RollingMean SM=0.4/0.8 LC=0.5
ALL3,RollingMean,0.4,0.8,0.6,0.6,20.3,23.35,63.7,64.0,23,ALL3+RollingMean SM=0.4/0.8 LC=0.6
ALL3,RollingMean,0.4,0.8,0.6,0.7,20.4,22.43,63.2,63.2,23,ALL3+RollingMean SM=0.4/0.8 LC=0.7
ALL3,RollingMean,0.4,0.9,0.65,0.2,20.76,21.09,64.5,64.8,25,ALL3+RollingMean SM=0.4/0.9 LC=0.2
ALL3,RollingMean,0.4,0.9,0.65,0.3,20.5,22.61,64.4,64.8,25,ALL3+RollingMean SM=0.4/0.9 LC=0.3
ALL3,RollingMean,0.4,0.9,0.65,0.4,20.36,23.42,64.5,64.2,25,ALL3+RollingMean SM=0.4/0.9 LC=0.4
ALL3,RollingMean,0.4,0.9,0.65,0.5,20.3,23.56,64.4,64.2,25,ALL3+RollingMean SM=0.4/0.9 LC=0.5
ALL3,RollingMean,0.4,0.9,0.65,0.6,20.35,23.05,63.6,63.8,23,ALL3+RollingMean SM=0.4/0.9 LC=0.6
ALL3,RollingMean,0.4,0.9,0.65,0.7,20.45,22.14,63.1,63.0,23,ALL3+RollingMean SM=0.4/0.9 LC=0.7
ALL3,RollingMean,0.4,1.0,0.7,0.2,20.9,20.7,63.9,64.0,24,ALL3+RollingMean SM=0.4/1.0 LC=0.2
ALL3,RollingMean,0.4,1.0,0.7,0.3,20.64,22.22,63.8,64.0,24,ALL3+RollingMean SM=0.4/1.0 LC=0.3
ALL3,RollingMean,0.4,1.0,0.7,0.4,20.49,23.03,63.9,63.4,24,ALL3+RollingMean SM=0.4/1.0 LC=0.4
ALL3,RollingMean,0.4,1.0,0.7,0.5,20.44,23.17,63.9,63.4,24,ALL3+RollingMean SM=0.4/1.0 LC=0.5
ALL3,RollingMean,0.4,1.0,0.7,0.6,20.49,22.66,63.1,63.0,22,ALL3+RollingMean SM=0.4/1.0 LC=0.6
ALL3,RollingMean,0.4,1.0,0.7,0.7,20.59,21.75,62.5,62.1,22,ALL3+RollingMean SM=0.4/1.0 LC=0.7
ALL3,RollingMean,0.5,0.5,0.5,0.2,21.07,21.52,65.0,66.3,26,ALL3+RollingMean SM=0.5/0.5 LC=0.2
ALL3,RollingMean,0.5,0.5,0.5,0.3,20.81,23.05,64.9,66.3,26,ALL3+RollingMean SM=0.5/0.5 LC=0.3
ALL3,RollingMean,0.5,0.5,0.5,0.4,20.66,23.86,65.0,65.6,26,ALL3+RollingMean SM=0.5/0.5 LC=0.4
ALL3,RollingMean,0.5,0.5,0.5,0.5,20.61,23.99,64.9,65.6,26,ALL3+RollingMean SM=0.5/0.5 LC=0.5
ALL3,RollingMean,0.5,0.5,0.5,0.6,20.66,23.49,64.1,65.2,24,ALL3+RollingMean SM=0.5/0.5 LC=0.6
ALL3,RollingMean,0.5,0.5,0.5,0.7,20.76,22.57,63.6,64.4,24,ALL3+RollingMean SM=0.5/0.5 LC=0.7
ALL3,RollingMean,0.5,0.6,0.55,0.2,20.89,21.59,64.9,65.8,25,ALL3+RollingMean SM=0.5/0.6 LC=0.2
ALL3,RollingMean,0.5,0.6,0.55,0.3,20.63,23.11,64.8,65.8,25,ALL3+RollingMean SM=0.5/0.6 LC=0.3
ALL3,RollingMean,0.5,0.6,0.55,0.4,20.48,23.93,64.9,65.2,25,ALL3+RollingMean SM=0.5/0.6 LC=0.4
ALL3,RollingMean,0.5,0.6,0.55,0.5,20.43,24.06,64.8,65.2,25,ALL3+RollingMean SM=0.5/0.6 LC=0.5
ALL3,RollingMean,0.5,0.6,0.55,0.6,20.48,23.56,64.0,64.8,23,ALL3+RollingMean SM=0.5/0.6 LC=0.6
ALL3,RollingMean,0.5,0.6,0.55,0.7,20.58,22.64,63.5,64.0,23,ALL3+RollingMean SM=0.5/0.6 LC=0.7
ALL3,RollingMean,0.5,0.7,0.6,0.2,20.78,21.54,64.6,65.4,24,ALL3+RollingMean SM=0.5/0.7 LC=0.2
ALL3,RollingMean,0.5,0.7,0.6,0.3,20.52,23.06,64.5,65.4,24,ALL3+RollingMean SM=0.5/0.7 LC=0.3
ALL3,RollingMean,0.5,0.7,0.6,0.4,20.37,23.87,64.6,64.8,24,ALL3+RollingMean SM=0.5/0.7 LC=0.4
ALL3,RollingMean,0.5,0.7,0.6,0.5,20.31,24.01,64.5,64.8,24,ALL3+RollingMean SM=0.5/0.7 LC=0.5
ALL3,RollingMean,0.5,0.7,0.6,0.6,20.36,23.5,63.7,64.4,22,ALL3+RollingMean SM=0.5/0.7 LC=0.6
ALL3,RollingMean,0.5,0.7,0.6,0.7,20.47,22.59,63.2,63.6,22,ALL3+RollingMean SM=0.5/0.7 LC=0.7
ALL3,RollingMean,0.5,0.8,0.65,0.2,20.74,21.36,64.4,65.0,24,ALL3+RollingMean SM=0.5/0.8 LC=0.2
ALL3,RollingMean,0.5,0.8,0.65,0.3,20.48,22.88,64.3,65.0,24,ALL3+RollingMean SM=0.5/0.8 LC=0.3
ALL3,RollingMean,0.5,0.8,0.65,0.4,20.33,23.69,64.4,64.4,24,ALL3+RollingMean SM=0.5/0.8 LC=0.4
ALL3,RollingMean,0.5,0.8,0.65,0.5,20.28,23.82,64.4,64.4,24,ALL3+RollingMean SM=0.5/0.8 LC=0.5
ALL3,RollingMean,0.5,0.8,0.65,0.6,20.33,23.32,63.6,64.0,22,ALL3+RollingMean SM=0.5/0.8 LC=0.6
ALL3,RollingMean,0.5,0.8,0.65,0.7,20.43,22.41,63.0,63.2,22,ALL3+RollingMean SM=0.5/0.8 LC=0.7
ALL3,RollingMean,0.5,0.9,0.7,0.2,20.8,21.06,64.3,64.8,24,ALL3+RollingMean SM=0.5/0.9 LC=0.2
ALL3,RollingMean,0.5,0.9,0.7,0.3,20.54,22.58,64.2,64.8,24,ALL3+RollingMean SM=0.5/0.9 LC=0.3
ALL3,RollingMean,0.5,0.9,0.7,0.4,20.39,23.4,64.3,64.2,24,ALL3+RollingMean SM=0.5/0.9 LC=0.4
ALL3,RollingMean,0.5,0.9,0.7,0.5,20.34,23.53,64.3,64.2,24,ALL3+RollingMean SM=0.5/0.9 LC=0.5
ALL3,RollingMean,0.5,0.9,0.7,0.6,20.39,23.02,63.5,63.8,22,ALL3+RollingMean SM=0.5/0.9 LC=0.6
ALL3,RollingMean,0.5,0.9,0.7,0.7,20.49,22.11,62.9,63.0,22,ALL3+RollingMean SM=0.5/0.9 LC=0.7
ALL3,RollingMean,0.5,1.0,0.75,0.2,20.93,20.67,63.7,64.0,24,ALL3+RollingMean SM=0.5/1.0 LC=0.2
ALL3,RollingMean,0.5,1.0,0.75,0.3,20.67,22.19,63.6,64.0,24,ALL3+RollingMean SM=0.5/1.0 LC=0.3
ALL3,RollingMean,0.5,1.0,0.75,0.4,20.52,23.0,63.7,63.4,24,ALL3+RollingMean SM=0.5/1.0 LC=0.4
ALL3,RollingMean,0.5,1.0,0.75,0.5,20.47,23.14,63.7,63.4,24,ALL3+RollingMean SM=0.5/1.0 LC=0.5
ALL3,RollingMean,0.5,1.0,0.75,0.6,20.52,22.63,62.9,63.0,22,ALL3+RollingMean SM=0.5/1.0 LC=0.6
ALL3,RollingMean,0.5,1.0,0.75,0.7,20.62,21.72,62.3,62.1,22,ALL3+RollingMean SM=0.5/1.0 LC=0.7
ALL3,RollingMean,0.6,0.5,0.55,0.2,21.12,21.47,64.8,66.3,26,ALL3+RollingMean SM=0.6/0.5 LC=0.2
ALL3,RollingMean,0.6,0.5,0.55,0.3,20.86,22.99,64.6,66.3,26,ALL3+RollingMean SM=0.6/0.5 LC=0.3
ALL3,RollingMean,0.6,0.5,0.55,0.4,20.71,23.81,64.8,65.6,26,ALL3+RollingMean SM=0.6/0.5 LC=0.4
ALL3,RollingMean,0.6,0.5,0.55,0.5,20.66,23.94,64.7,65.6,26,ALL3+RollingMean SM=0.6/0.5 LC=0.5
ALL3,RollingMean,0.6,0.5,0.55,0.6,20.71,23.44,63.9,65.2,24,ALL3+RollingMean SM=0.6/0.5 LC=0.6
ALL3,RollingMean,0.6,0.5,0.55,0.7,20.81,22.52,63.4,64.4,24,ALL3+RollingMean SM=0.6/0.5 LC=0.7
ALL3,RollingMean,0.6,0.6,0.6,0.2,20.94,21.53,64.5,65.8,25,ALL3+RollingMean SM=0.6/0.6 LC=0.2
ALL3,RollingMean,0.6,0.6,0.6,0.3,20.68,23.06,64.4,65.8,25,ALL3+RollingMean SM=0.6/0.6 LC=0.3
ALL3,RollingMean,0.6,0.6,0.6,0.4,20.53,23.87,64.5,65.2,25,ALL3+RollingMean SM=0.6/0.6 LC=0.4
ALL3,RollingMean,0.6,0.6,0.6,0.5,20.48,24.0,64.5,65.2,25,ALL3+RollingMean SM=0.6/0.6 LC=0.5
ALL3,RollingMean,0.6,0.6,0.6,0.6,20.53,23.5,63.7,64.8,23,ALL3+RollingMean SM=0.6/0.6 LC=0.6
ALL3,RollingMean,0.6,0.6,0.6,0.7,20.63,22.59,63.1,64.0,23,ALL3+RollingMean SM=0.6/0.6 LC=0.7
ALL3,RollingMean,0.6,0.7,0.65,0.2,20.83,21.48,64.3,65.4,24,ALL3+RollingMean SM=0.6/0.7 LC=0.2
ALL3,RollingMean,0.6,0.7,0.65,0.3,20.57,23.0,64.2,65.4,24,ALL3+RollingMean SM=0.6/0.7 LC=0.3
ALL3,RollingMean,0.6,0.7,0.65,0.4,20.42,23.82,64.3,64.8,24,ALL3+RollingMean SM=0.6/0.7 LC=0.4
ALL3,RollingMean,0.6,0.7,0.65,0.5,20.37,23.95,64.3,64.8,24,ALL3+RollingMean SM=0.6/0.7 LC=0.5
ALL3,RollingMean,0.6,0.7,0.65,0.6,20.42,23.44,63.5,64.4,22,ALL3+RollingMean SM=0.6/0.7 LC=0.6
ALL3,RollingMean,0.6,0.7,0.65,0.7,20.52,22.53,62.9,63.6,22,ALL3+RollingMean SM=0.6/0.7 LC=0.7
ALL3,RollingMean,0.6,0.8,0.7,0.2,20.79,21.3,64.1,65.0,24,ALL3+RollingMean SM=0.6/0.8 LC=0.2
ALL3,RollingMean,0.6,0.8,0.7,0.3,20.53,22.82,64.0,65.0,24,ALL3+RollingMean SM=0.6/0.8 LC=0.3
ALL3,RollingMean,0.6,0.8,0.7,0.4,20.38,23.63,64.1,64.4,24,ALL3+RollingMean SM=0.6/0.8 LC=0.4
ALL3,RollingMean,0.6,0.8,0.7,0.5,20.33,23.76,64.1,64.4,24,ALL3+RollingMean SM=0.6/0.8 LC=0.5
ALL3,RollingMean,0.6,0.8,0.7,0.6,20.38,23.26,63.3,64.0,22,ALL3+RollingMean SM=0.6/0.8 LC=0.6
ALL3,RollingMean,0.6,0.8,0.7,0.7,20.48,22.35,62.7,63.2,22,ALL3+RollingMean SM=0.6/0.8 LC=0.7
ALL3,RollingMean,0.6,0.9,0.75,0.2,20.85,21.0,64.0,64.8,24,ALL3+RollingMean SM=0.6/0.9 LC=0.2
ALL3,RollingMean,0.6,0.9,0.75,0.3,20.59,22.52,63.9,64.8,24,ALL3+RollingMean SM=0.6/0.9 LC=0.3
ALL3,RollingMean,0.6,0.9,0.75,0.4,20.44,23.33,64.0,64.2,24,ALL3+RollingMean SM=0.6/0.9 LC=0.4
ALL3,RollingMean,0.6,0.9,0.75,0.5,20.39,23.47,64.0,64.2,24,ALL3+RollingMean SM=0.6/0.9 LC=0.5
ALL3,RollingMean,0.6,0.9,0.75,0.6,20.44,22.96,63.2,63.8,22,ALL3+RollingMean SM=0.6/0.9 LC=0.6
ALL3,RollingMean,0.6,0.9,0.75,0.7,20.54,22.05,62.6,63.0,22,ALL3+RollingMean SM=0.6/0.9 LC=0.7
ALL3,RollingMean,0.6,1.0,0.8,0.2,20.99,20.6,63.4,64.0,23,ALL3+RollingMean SM=0.6/1.0 LC=0.2
ALL3,RollingMean,0.6,1.0,0.8,0.3,20.73,22.12,63.3,64.0,23,ALL3+RollingMean SM=0.6/1.0 LC=0.3
ALL3,RollingMean,0.6,1.0,0.8,0.4,20.58,22.94,63.4,63.4,23,ALL3+RollingMean SM=0.6/1.0 LC=0.4
ALL3,RollingMean,0.6,1.0,0.8,0.5,20.53,23.07,63.4,63.4,24,ALL3+RollingMean SM=0.6/1.0 LC=0.5
ALL3,RollingMean,0.6,1.0,0.8,0.6,20.58,22.57,62.6,63.0,22,ALL3+RollingMean SM=0.6/1.0 LC=0.6
ALL3,RollingMean,0.6,1.0,0.8,0.7,20.68,21.65,62.0,62.1,22,ALL3+RollingMean SM=0.6/1.0 LC=0.7
ALL3,RollingMean,0.7,0.5,0.6,0.2,21.18,21.38,64.3,66.3,24,ALL3+RollingMean SM=0.7/0.5 LC=0.2
ALL3,RollingMean,0.7,0.5,0.6,0.3,20.92,22.91,64.2,66.3,24,ALL3+RollingMean SM=0.7/0.5 LC=0.3
ALL3,RollingMean,0.7,0.5,0.6,0.4,20.77,23.72,64.3,65.6,24,ALL3+RollingMean SM=0.7/0.5 LC=0.4
ALL3,RollingMean,0.7,0.5,0.6,0.5,20.72,23.85,64.3,65.6,24,ALL3+RollingMean SM=0.7/0.5 LC=0.5
ALL3,RollingMean,0.7,0.5,0.6,0.6,20.77,23.35,63.5,65.2,22,ALL3+RollingMean SM=0.7/0.5 LC=0.6
ALL3,RollingMean,0.7,0.5,0.6,0.7,20.87,22.43,62.9,64.4,22,ALL3+RollingMean SM=0.7/0.5 LC=0.7
ALL3,RollingMean,0.7,0.6,0.65,0.2,21.01,21.45,64.1,65.8,24,ALL3+RollingMean SM=0.7/0.6 LC=0.2
ALL3,RollingMean,0.7,0.6,0.65,0.3,20.75,22.97,64.0,65.8,24,ALL3+RollingMean SM=0.7/0.6 LC=0.3
ALL3,RollingMean,0.7,0.6,0.65,0.4,20.6,23.78,64.1,65.2,24,ALL3+RollingMean SM=0.7/0.6 LC=0.4
ALL3,RollingMean,0.7,0.6,0.65,0.5,20.55,23.92,64.1,65.2,24,ALL3+RollingMean SM=0.7/0.6 LC=0.5
ALL3,RollingMean,0.7,0.6,0.65,0.6,20.6,23.41,63.3,64.8,22,ALL3+RollingMean SM=0.7/0.6 LC=0.6
ALL3,RollingMean,0.7,0.6,0.65,0.7,20.7,22.5,62.7,64.0,22,ALL3+RollingMean SM=0.7/0.6 LC=0.7
ALL3,RollingMean,0.7,0.7,0.7,0.2,20.9,21.39,63.9,65.4,24,ALL3+RollingMean SM=0.7/0.7 LC=0.2
ALL3,RollingMean,0.7,0.7,0.7,0.3,20.64,22.91,63.8,65.4,24,ALL3+RollingMean SM=0.7/0.7 LC=0.3
ALL3,RollingMean,0.7,0.7,0.7,0.4,20.49,23.73,63.9,64.8,24,ALL3+RollingMean SM=0.7/0.7 LC=0.4
ALL3,RollingMean,0.7,0.7,0.7,0.5,20.43,23.86,63.9,64.8,24,ALL3+RollingMean SM=0.7/0.7 LC=0.5
ALL3,RollingMean,0.7,0.7,0.7,0.6,20.48,23.36,63.1,64.4,22,ALL3+RollingMean SM=0.7/0.7 LC=0.6
ALL3,RollingMean,0.7,0.7,0.7,0.7,20.58,22.44,62.5,63.6,22,ALL3+RollingMean SM=0.7/0.7 LC=0.7
ALL3,RollingMean,0.7,0.8,0.75,0.2,20.86,21.2,63.7,65.0,24,ALL3+RollingMean SM=0.7/0.8 LC=0.2
ALL3,RollingMean,0.7,0.8,0.75,0.3,20.6,22.73,63.6,65.0,24,ALL3+RollingMean SM=0.7/0.8 LC=0.3
ALL3,RollingMean,0.7,0.8,0.75,0.4,20.45,23.54,63.7,64.4,24,ALL3+RollingMean SM=0.7/0.8 LC=0.4
ALL3,RollingMean,0.7,0.8,0.75,0.5,20.4,23.67,63.7,64.4,24,ALL3+RollingMean SM=0.7/0.8 LC=0.5
ALL3,RollingMean,0.7,0.8,0.75,0.6,20.45,23.17,62.9,64.0,22,ALL3+RollingMean SM=0.7/0.8 LC=0.6
ALL3,RollingMean,0.7,0.8,0.75,0.7,20.55,22.25,62.3,63.2,22,ALL3+RollingMean SM=0.7/0.8 LC=0.7
ALL3,RollingMean,0.7,0.9,0.8,0.2,20.92,20.9,63.6,64.8,24,ALL3+RollingMean SM=0.7/0.9 LC=0.2
ALL3,RollingMean,0.7,0.9,0.8,0.3,20.66,22.42,63.5,64.8,24,ALL3+RollingMean SM=0.7/0.9 LC=0.3
ALL3,RollingMean,0.7,0.9,0.8,0.4,20.51,23.24,63.6,64.2,24,ALL3+RollingMean SM=0.7/0.9 LC=0.4
ALL3,RollingMean,0.7,0.9,0.8,0.5,20.46,23.37,63.5,64.2,24,ALL3+RollingMean SM=0.7/0.9 LC=0.5
ALL3,RollingMean,0.7,0.9,0.8,0.6,20.51,22.87,62.7,63.8,22,ALL3+RollingMean SM=0.7/0.9 LC=0.6
ALL3,RollingMean,0.7,0.9,0.8,0.7,20.61,21.95,62.2,63.0,22,ALL3+RollingMean SM=0.7/0.9 LC=0.7
ALL3,RollingMean,0.7,1.0,0.85,0.2,21.06,20.51,63.0,64.0,23,ALL3+RollingMean SM=0.7/1.0 LC=0.2
ALL3,RollingMean,0.7,1.0,0.85,0.3,20.8,22.03,62.9,64.0,23,ALL3+RollingMean SM=0.7/1.0 LC=0.3
ALL3,RollingMean,0.7,1.0,0.85,0.4,20.65,22.84,63.0,63.4,23,ALL3+RollingMean SM=0.7/1.0 LC=0.4
ALL3,RollingMean,0.7,1.0,0.85,0.5,20.6,22.98,63.0,63.4,24,ALL3+RollingMean SM=0.7/1.0 LC=0.5
ALL3,RollingMean,0.7,1.0,0.85,0.6,20.65,22.47,62.2,63.0,22,ALL3+RollingMean SM=0.7/1.0 LC=0.6
ALL3,RollingMean,0.7,1.0,0.85,0.7,20.75,21.56,61.6,62.1,22,ALL3+RollingMean SM=0.7/1.0 LC=0.7
