Mine,ForecastDate,Horizonte,Scenario,Pred,Naive_Pred,Lower,Upper,Origin_Prod,Mine_Size,Size_Label,Company_Size,Segment,Cu_Regime
andacollo,2026-01-01,1,bear,2.8680718846707975,5.487,1.4190718846707975,3.9350718846707977,5.487,0,Small,1,SmallMed,0.2
andacollo,2026-03-01,3,bear,2.6970718846707973,5.487,1.9090718846707977,3.875071884670798,5.487,0,Small,1,SmallMed,0.2
andacollo,2026-06-01,6,bear,6.156071884670798,5.487,3.678071884670798,4.765071884670798,5.487,0,Small,1,SmallMed,0.2
andacollo,2026-09-01,9,bear,2.2380718846707977,5.487,1.2170718846707975,3.8570718846707974,5.487,0,Small,1,SmallMed,0.2
andacollo,2026-12-01,12,bear,12.813071884670798,5.487,3.398071884670798,3.9660718846707974,5.487,0,Small,1,SmallMed,0.2
andacollo,2027-06-01,18,bear,12.536071884670799,5.487,3.0280718846707977,4.282071884670798,5.487,0,Small,1,SmallMed,0.2
andacollo,2027-12-01,24,bear,17.658071884670797,5.487,4.688071884670798,3.824071884670798,5.487,0,Small,1,SmallMed,0.2
andacollo,2028-06-01,30,bear,11.608071884670798,5.487,3.1870718846707975,3.470071884670798,5.487,0,Small,1,SmallMed,0.2
andacollo,2028-12-01,36,bear,26.7500718846708,5.487,5.322071884670797,3.3710718846707977,5.487,0,Small,1,SmallMed,0.2
andacollo,2029-06-01,42,bear,27.483071884670796,5.487,4.980071884670798,3.7510718846707976,5.487,0,Small,1,SmallMed,0.2
andacollo,2029-12-01,48,bear,20.920071884670797,5.487,4.459071884670798,3.0650718846707976,5.487,0,Small,1,SmallMed,0.2
andacollo,2030-06-01,54,bear,22.970071884670798,5.487,5.060071884670798,3.186071884670798,5.487,0,Small,1,SmallMed,0.2
andacollo,2030-12-01,60,bear,21.405071884670797,5.487,6.136071884670797,3.3490718846707974,5.487,0,Small,1,SmallMed,0.2
andacollo,2031-12-01,72,bear,22.545071884670797,5.487,5.011071884670797,3.018071884670798,5.487,0,Small,1,SmallMed,0.2
andacollo,2032-12-01,84,bear,18.699071884670797,5.487,5.012071884670798,3.1260718846707976,5.487,0,Small,1,SmallMed,0.2
andina,2026-01-01,1,bear,16.289725648118214,24.069,10.335725648118212,22.952725648118214,24.069,3,Colossal,2,LargeColossal,0.2
andina,2026-03-01,3,bear,12.324725648118212,24.069,6.651725648118212,24.506725648118213,24.069,3,Colossal,2,LargeColossal,0.2
andina,2026-06-01,6,bear,60.12672564811821,24.069,34.50172564811821,25.366725648118216,24.069,3,Colossal,2,LargeColossal,0.2
andina,2026-09-01,9,bear,11.711725648118213,24.069,8.386725648118212,24.734725648118214,24.069,3,Colossal,2,LargeColossal,0.2
andina,2026-12-01,12,bear,54.100725648118214,24.069,36.16372564811821,24.412725648118215,24.069,3,Colossal,2,LargeColossal,0.2
andina,2027-06-01,18,bear,58.48672564811821,24.069,28.623725648118214,25.642725648118216,24.069,3,Colossal,2,LargeColossal,0.2
andina,2027-12-01,24,bear,56.04172564811821,24.069,32.13172564811821,24.371725648118215,24.069,3,Colossal,2,LargeColossal,0.2
andina,2028-06-01,30,bear,58.92972564811821,24.069,26.889725648118215,24.401725648118212,24.069,3,Colossal,2,LargeColossal,0.2
andina,2028-12-01,36,bear,76.53472564811821,24.069,35.57172564811821,24.872725648118212,24.069,3,Colossal,2,LargeColossal,0.2
andina,2029-06-01,42,bear,112.38672564811822,24.069,47.51572564811821,26.807725648118215,24.069,3,Colossal,2,LargeColossal,0.2
andina,2029-12-01,48,bear,116.62972564811821,24.069,46.90772564811821,25.857725648118215,24.069,3,Colossal,2,LargeColossal,0.2
andina,2030-06-01,54,bear,118.8307256481182,24.069,50.94672564811821,25.144725648118214,24.069,3,Colossal,2,LargeColossal,0.2
andina,2030-12-01,60,bear,116.62472564811821,24.069,48.22872564811821,25.423725648118214,24.069,3,Colossal,2,LargeColossal,0.2
andina,2031-12-01,72,bear,121.3757256481182,24.069,48.27372564811821,26.126725648118214,24.069,3,Colossal,2,LargeColossal,0.2
andina,2032-12-01,84,bear,116.8667256481182,24.069,47.52772564811821,24.436725648118212,24.069,3,Colossal,2,LargeColossal,0.2
antucoya,2026-01-01,1,bear,6.945713037216917,8.211,6.4357130372169165,8.144713037216917,8.211,1,Medium,1,SmallMed,0.2
antucoya,2026-03-01,3,bear,6.730713037216916,8.211,5.835713037216917,7.985713037216917,8.211,1,Medium,1,SmallMed,0.2
antucoya,2026-06-01,6,bear,14.645713037216916,8.211,9.850713037216916,13.233713037216917,8.211,1,Medium,1,SmallMed,0.2
antucoya,2026-09-01,9,bear,6.294713037216916,8.211,4.404713037216917,8.203713037216918,8.211,1,Medium,1,SmallMed,0.2
antucoya,2026-12-01,12,bear,17.405713037216916,8.211,12.675713037216918,15.832713037216918,8.211,1,Medium,1,SmallMed,0.2
antucoya,2027-06-01,18,bear,17.150713037216917,8.211,13.055713037216917,16.565713037216916,8.211,1,Medium,1,SmallMed,0.2
antucoya,2027-12-01,24,bear,19.103713037216917,8.211,13.212713037216917,14.725713037216916,8.211,1,Medium,1,SmallMed,0.2
antucoya,2028-06-01,30,bear,17.824713037216917,8.211,12.598713037216918,16.617713037216916,8.211,1,Medium,1,SmallMed,0.2
antucoya,2028-12-01,36,bear,21.473713037216918,8.211,13.711713037216917,14.076713037216917,8.211,1,Medium,1,SmallMed,0.2
antucoya,2029-06-01,42,bear,23.593713037216915,8.211,13.555713037216917,23.696713037216917,8.211,1,Medium,1,SmallMed,0.2
antucoya,2029-12-01,48,bear,20.86971303721692,8.211,15.000713037216917,24.120713037216916,8.211,1,Medium,1,SmallMed,0.2
antucoya,2030-06-01,54,bear,23.226713037216918,8.211,16.13171303721692,28.569713037216918,8.211,1,Medium,1,SmallMed,0.2
antucoya,2030-12-01,60,bear,21.329713037216916,8.211,14.912713037216918,24.11971303721692,8.211,1,Medium,1,SmallMed,0.2
antucoya,2031-12-01,72,bear,20.330713037216917,8.211,14.989713037216918,20.771713037216916,8.211,1,Medium,1,SmallMed,0.2
antucoya,2032-12-01,84,bear,18.807713037216917,8.211,13.789713037216917,33.82371303721692,8.211,1,Medium,1,SmallMed,0.2
atacama kozan,2026-01-01,1,bear,0.9782145014724919,1.067,0.8262145014724919,1.147214501472492,1.067,0,Small,0,SmallMed,0.2
atacama kozan,2026-03-01,3,bear,0.9382145014724919,1.067,0.7152145014724919,1.1722145014724918,1.067,0,Small,0,SmallMed,0.2
atacama kozan,2026-06-01,6,bear,2.267214501472492,1.067,2.041214501472492,1.1952145014724918,1.067,0,Small,0,SmallMed,0.2
atacama kozan,2026-09-01,9,bear,0.7262145014724919,1.067,0.5892145014724919,1.109214501472492,1.067,0,Small,0,SmallMed,0.2
atacama kozan,2026-12-01,12,bear,3.8192145014724916,1.067,1.8342145014724918,1.2752145014724918,1.067,0,Small,0,SmallMed,0.2
atacama kozan,2027-06-01,18,bear,2.711214501472492,1.067,1.6922145014724919,1.2652145014724918,1.067,0,Small,0,SmallMed,0.2
atacama kozan,2027-12-01,24,bear,3.409214501472492,1.067,1.8172145014724919,1.244214501472492,1.067,0,Small,0,SmallMed,0.2
atacama kozan,2028-06-01,30,bear,2.611214501472492,1.067,2.058214501472492,1.282214501472492,1.067,0,Small,0,SmallMed,0.2
atacama kozan,2028-12-01,36,bear,3.3872145014724917,1.067,2.0962145014724918,1.2952145014724918,1.067,0,Small,0,SmallMed,0.2
atacama kozan,2029-06-01,42,bear,3.954214501472492,1.067,2.6092145014724917,1.2432145014724918,1.067,0,Small,0,SmallMed,0.2
atacama kozan,2029-12-01,48,bear,4.3562145014724925,1.067,2.255214501472492,1.2592145014724918,1.067,0,Small,0,SmallMed,0.2
atacama kozan,2030-06-01,54,bear,5.141214501472493,1.067,2.364214501472492,1.5212145014724918,1.067,0,Small,0,SmallMed,0.2
atacama kozan,2030-12-01,60,bear,5.376214501472492,1.067,2.5892145014724917,1.486214501472492,1.067,0,Small,0,SmallMed,0.2
atacama kozan,2031-12-01,72,bear,5.127214501472492,1.067,2.2622145014724917,1.4732145014724918,1.067,0,Small,0,SmallMed,0.2
atacama kozan,2032-12-01,84,bear,5.532214501472493,1.067,2.2582145014724917,1.522214501472492,1.067,0,Small,0,SmallMed,0.2
candelaria,2026-01-01,1,bear,11.532641661937868,11.228,9.230641661937868,12.929641661937866,11.228,2,Large,1,LargeColossal,0.2
candelaria,2026-03-01,3,bear,12.190641661937867,11.228,6.735641661937868,14.056641661937867,11.228,2,Large,1,LargeColossal,0.2
candelaria,2026-06-01,6,bear,17.498641661937867,11.228,21.248641661937867,16.301641661937868,11.228,2,Large,1,LargeColossal,0.2
candelaria,2026-09-01,9,bear,7.106641661937868,11.228,4.829641661937868,14.840641661937868,11.228,2,Large,1,LargeColossal,0.2
candelaria,2026-12-01,12,bear,31.105641661937867,11.228,22.489641661937867,15.637641661937867,11.228,2,Large,1,LargeColossal,0.2
candelaria,2027-06-01,18,bear,37.96664166193787,11.228,20.78164166193787,16.716641661937867,11.228,2,Large,1,LargeColossal,0.2
candelaria,2027-12-01,24,bear,39.03164166193787,11.228,22.533641661937867,15.700641661937867,11.228,2,Large,1,LargeColossal,0.2
candelaria,2028-06-01,30,bear,36.19864166193787,11.228,21.160641661937866,16.83664166193787,11.228,2,Large,1,LargeColossal,0.2
candelaria,2028-12-01,36,bear,36.66664166193787,11.228,21.562641661937867,16.28764166193787,11.228,2,Large,1,LargeColossal,0.2
candelaria,2029-06-01,42,bear,41.792641661937864,11.228,22.865641661937868,16.75864166193787,11.228,2,Large,1,LargeColossal,0.2
candelaria,2029-12-01,48,bear,56.22364166193787,11.228,22.22964166193787,16.59564166193787,11.228,2,Large,1,LargeColossal,0.2
candelaria,2030-06-01,54,bear,58.792641661937864,11.228,22.413641661937866,15.761641661937867,11.228,2,Large,1,LargeColossal,0.2
candelaria,2030-12-01,60,bear,58.76864166193787,11.228,22.131641661937866,16.754641661937868,11.228,2,Large,1,LargeColossal,0.2
candelaria,2031-12-01,72,bear,59.43464166193787,11.228,21.58964166193787,17.420641661937868,11.228,2,Large,1,LargeColossal,0.2
candelaria,2032-12-01,84,bear,57.08964166193787,11.228,22.384641661937867,17.568641661937868,11.228,2,Large,1,LargeColossal,0.2
caserones,2026-01-01,1,bear,12.097709386873445,15.225,8.590709386873446,15.974709386873446,15.225,2,Large,1,LargeColossal,0.2
caserones,2026-03-01,3,bear,11.106709386873446,15.225,5.487709386873445,15.941709386873445,15.225,2,Large,1,LargeColossal,0.2
caserones,2026-06-01,6,bear,29.578709386873445,15.225,25.520709386873445,16.626709386873443,15.225,2,Large,1,LargeColossal,0.2
caserones,2026-09-01,9,bear,7.134709386873445,15.225,5.780709386873445,15.537709386873445,15.225,2,Large,1,LargeColossal,0.2
caserones,2026-12-01,12,bear,39.878709386873446,15.225,22.853709386873444,19.391709386873444,15.225,2,Large,1,LargeColossal,0.2
caserones,2027-06-01,18,bear,43.747709386873446,15.225,17.909709386873445,20.306709386873447,15.225,2,Large,1,LargeColossal,0.2
caserones,2027-12-01,24,bear,39.25570938687345,15.225,18.517709386873445,22.242709386873447,15.225,2,Large,1,LargeColossal,0.2
caserones,2028-06-01,30,bear,41.83270938687345,15.225,19.995709386873443,24.325709386873445,15.225,2,Large,1,LargeColossal,0.2
caserones,2028-12-01,36,bear,45.564709386873446,15.225,24.300709386873447,24.476709386873445,15.225,2,Large,1,LargeColossal,0.2
caserones,2029-06-01,42,bear,75.45470938687345,15.225,26.607709386873445,25.372709386873446,15.225,2,Large,1,LargeColossal,0.2
caserones,2029-12-01,48,bear,66.75870938687345,15.225,25.446709386873444,23.016709386873444,15.225,2,Large,1,LargeColossal,0.2
caserones,2030-06-01,54,bear,79.85170938687344,15.225,24.758709386873445,26.495709386873443,15.225,2,Large,1,LargeColossal,0.2
caserones,2030-12-01,60,bear,75.19570938687345,15.225,23.924709386873445,28.833709386873444,15.225,2,Large,1,LargeColossal,0.2
caserones,2031-12-01,72,bear,75.77370938687343,15.225,24.861709386873446,33.12170938687345,15.225,2,Large,1,LargeColossal,0.2
caserones,2032-12-01,84,bear,70.19570938687345,15.225,24.301709386873444,28.697709386873445,15.225,2,Large,1,LargeColossal,0.2
centinela,2026-01-01,1,bear,1.6675876881738247,5.308,0.9215876881738251,3.974587688173825,5.308,2,Large,1,LargeColossal,0.2
centinela,2026-03-01,3,bear,1.769587688173825,5.308,1.4165876881738249,3.6295876881738254,5.308,2,Large,1,LargeColossal,0.2
centinela,2026-06-01,6,bear,23.140587688173824,5.308,9.761587688173824,20.289587688173825,5.308,2,Large,1,LargeColossal,0.2
centinela,2026-09-01,9,bear,2.152587688173825,5.308,1.649587688173825,4.024587688173825,5.308,2,Large,1,LargeColossal,0.2
centinela,2026-12-01,12,bear,25.986587688173824,5.308,9.622587688173825,23.270587688173826,5.308,2,Large,1,LargeColossal,0.2
centinela,2027-06-01,18,bear,18.834587688173826,5.308,8.943587688173825,14.483587688173825,5.308,2,Large,1,LargeColossal,0.2
centinela,2027-12-01,24,bear,27.447587688173826,5.308,10.176587688173825,16.182587688173825,5.308,2,Large,1,LargeColossal,0.2
centinela,2028-06-01,30,bear,28.846587688173823,5.308,9.913587688173825,23.884587688173823,5.308,2,Large,1,LargeColossal,0.2
centinela,2028-12-01,36,bear,27.151587688173827,5.308,10.491587688173825,22.777587688173824,5.308,2,Large,1,LargeColossal,0.2
centinela,2029-06-01,42,bear,28.187587688173824,5.308,10.679587688173825,25.834587688173826,5.308,2,Large,1,LargeColossal,0.2
centinela,2029-12-01,48,bear,25.708587688173825,5.308,10.487587688173825,27.384587688173823,5.308,2,Large,1,LargeColossal,0.2
centinela,2030-06-01,54,bear,26.313587688173826,5.308,11.471587688173825,25.757587688173825,5.308,2,Large,1,LargeColossal,0.2
centinela,2030-12-01,60,bear,25.881587688173823,5.308,10.821587688173825,27.600587688173825,5.308,2,Large,1,LargeColossal,0.2
centinela,2031-12-01,72,bear,26.267587688173826,5.308,10.834587688173825,28.170587688173825,5.308,2,Large,1,LargeColossal,0.2
centinela,2032-12-01,84,bear,26.408587688173824,5.308,10.871587688173825,27.060587688173825,5.308,2,Large,1,LargeColossal,0.2
centinela,2026-01-01,1,bear,6.120587688173825,16.713,3.6295876881738254,13.318587688173825,16.713,2,Large,1,LargeColossal,0.2
centinela,2026-03-01,3,bear,6.146587688173825,16.713,3.2015876881738246,15.286587688173825,16.713,2,Large,1,LargeColossal,0.2
centinela,2026-06-01,6,bear,43.12658768817383,16.713,23.916587688173824,20.519587688173825,16.713,2,Large,1,LargeColossal,0.2
centinela,2026-09-01,9,bear,8.315587688173824,16.713,5.035587688173825,16.350587688173825,16.713,2,Large,1,LargeColossal,0.2
centinela,2026-12-01,12,bear,42.950587688173826,16.713,27.170587688173825,18.682587688173825,16.713,2,Large,1,LargeColossal,0.2
centinela,2027-06-01,18,bear,44.18358768817383,16.713,16.748587688173824,17.124587688173825,16.713,2,Large,1,LargeColossal,0.2
centinela,2027-12-01,24,bear,50.36458768817383,16.713,22.593587688173827,19.628587688173823,16.713,2,Large,1,LargeColossal,0.2
centinela,2028-06-01,30,bear,54.73158768817383,16.713,23.565587688173824,25.273587688173826,16.713,2,Large,1,LargeColossal,0.2
centinela,2028-12-01,36,bear,50.185587688173825,16.713,25.726587688173826,25.569587688173826,16.713,2,Large,1,LargeColossal,0.2
centinela,2029-06-01,42,bear,82.69058768817384,16.713,27.106587688173825,25.433587688173827,16.713,2,Large,1,LargeColossal,0.2
centinela,2029-12-01,48,bear,84.82958768817383,16.713,26.606587688173825,26.533587688173824,16.713,2,Large,1,LargeColossal,0.2
centinela,2030-06-01,54,bear,82.33858768817383,16.713,26.091587688173824,25.462587688173826,16.713,2,Large,1,LargeColossal,0.2
centinela,2030-12-01,60,bear,81.48858768817382,16.713,24.815587688173824,25.920587688173825,16.713,2,Large,1,LargeColossal,0.2
centinela,2031-12-01,72,bear,80.15958768817383,16.713,25.938587688173826,33.25058768817383,16.713,2,Large,1,LargeColossal,0.2
centinela,2032-12-01,84,bear,79.29058768817383,16.713,26.213587688173824,32.17558768817383,16.713,2,Large,1,LargeColossal,0.2
chuquicamata,2026-01-01,1,bear,14.497180522427277,49.033,8.401180522427277,34.91518052242728,49.033,3,Colossal,2,LargeColossal,0.2
chuquicamata,2026-03-01,3,bear,14.052180522427276,49.033,7.431180522427278,38.081180522427275,49.033,3,Colossal,2,LargeColossal,0.2
chuquicamata,2026-06-01,6,bear,107.44018052242727,49.033,46.70218052242728,53.166180522427275,49.033,3,Colossal,2,LargeColossal,0.2
chuquicamata,2026-09-01,9,bear,20.21018052242728,49.033,10.985180522427276,39.477180522427275,49.033,3,Colossal,2,LargeColossal,0.2
chuquicamata,2026-12-01,12,bear,90.76118052242727,49.033,62.67918052242728,54.62318052242728,49.033,3,Colossal,2,LargeColossal,0.2
chuquicamata,2027-06-01,18,bear,99.04318052242728,49.033,55.05218052242727,67.13318052242727,49.033,3,Colossal,2,LargeColossal,0.2
chuquicamata,2027-12-01,24,bear,105.94618052242727,49.033,85.95418052242727,71.39418052242728,49.033,3,Colossal,2,LargeColossal,0.2
chuquicamata,2028-06-01,30,bear,98.67918052242727,49.033,56.72318052242728,68.93518052242727,49.033,3,Colossal,2,LargeColossal,0.2
chuquicamata,2028-12-01,36,bear,116.26518052242727,49.033,86.56118052242726,77.12518052242727,49.033,3,Colossal,2,LargeColossal,0.2
chuquicamata,2029-06-01,42,bear,213.19018052242728,49.033,93.80218052242726,75.86518052242727,49.033,3,Colossal,2,LargeColossal,0.2
chuquicamata,2029-12-01,48,bear,203.75818052242727,49.033,91.98118052242727,95.84518052242727,49.033,3,Colossal,2,LargeColossal,0.2
chuquicamata,2030-06-01,54,bear,231.50018052242726,49.033,101.31018052242727,88.26618052242728,49.033,3,Colossal,2,LargeColossal,0.2
chuquicamata,2030-12-01,60,bear,228.98918052242726,49.033,92.55318052242727,106.09218052242727,49.033,3,Colossal,2,LargeColossal,0.2
chuquicamata,2031-12-01,72,bear,233.88118052242726,49.033,92.36218052242727,101.73618052242728,49.033,3,Colossal,2,LargeColossal,0.2
chuquicamata,2032-12-01,84,bear,216.97318052242727,49.033,95.96418052242727,115.46718052242727,49.033,3,Colossal,2,LargeColossal,0.2
collahuasi,2026-01-01,1,bear,20.30586644165181,36.159,12.097866441651808,26.279866441651805,36.159,3,Colossal,2,LargeColossal,0.2
collahuasi,2026-03-01,3,bear,19.67786644165181,36.159,4.381866441651807,26.968866441651805,36.159,3,Colossal,2,LargeColossal,0.2
collahuasi,2026-06-01,6,bear,35.069866441651804,36.159,52.9308664416518,30.035866441651805,36.159,3,Colossal,2,LargeColossal,0.2
collahuasi,2026-09-01,9,bear,9.206866441651806,36.159,0.5588664416518068,24.158866441651803,36.159,3,Colossal,2,LargeColossal,0.2
collahuasi,2026-12-01,12,bear,94.4578664416518,36.159,53.46186644165181,39.358866441651806,36.159,3,Colossal,2,LargeColossal,0.2
collahuasi,2027-06-01,18,bear,98.6428664416518,36.159,57.5048664416518,42.49486644165181,36.159,3,Colossal,2,LargeColossal,0.2
collahuasi,2027-12-01,24,bear,95.4498664416518,36.159,59.34086644165181,45.88486644165181,36.159,3,Colossal,2,LargeColossal,0.2
collahuasi,2028-06-01,30,bear,91.0448664416518,36.159,55.69386644165181,48.6098664416518,36.159,3,Colossal,2,LargeColossal,0.2
collahuasi,2028-12-01,36,bear,83.0468664416518,36.159,55.83486644165181,48.04686644165181,36.159,3,Colossal,2,LargeColossal,0.2
collahuasi,2029-06-01,42,bear,98.09086644165181,36.159,57.97786644165181,53.115866441651804,36.159,3,Colossal,2,LargeColossal,0.2
collahuasi,2029-12-01,48,bear,135.8188664416518,36.159,58.59886644165181,51.553866441651806,36.159,3,Colossal,2,LargeColossal,0.2
collahuasi,2030-06-01,54,bear,158.20986644165183,36.159,59.532866441651805,49.529866441651805,36.159,3,Colossal,2,LargeColossal,0.2
collahuasi,2030-12-01,60,bear,163.15586644165182,36.159,62.806866441651806,60.47786644165181,36.159,3,Colossal,2,LargeColossal,0.2
collahuasi,2031-12-01,72,bear,161.45486644165183,36.159,65.6998664416518,59.187866441651806,36.159,3,Colossal,2,LargeColossal,0.2
collahuasi,2032-12-01,84,bear,158.51886644165182,36.159,67.3028664416518,58.184866441651806,36.159,3,Colossal,2,LargeColossal,0.2
el abra,2026-01-01,1,bear,8.104413055088845,7.62,7.562413055088846,9.504413055088845,7.62,1,Medium,2,SmallMed,0.2
el abra,2026-03-01,3,bear,7.557413055088846,7.62,7.332413055088845,9.268413055088844,7.62,1,Medium,2,SmallMed,0.2
el abra,2026-06-01,6,bear,15.589413055088846,7.62,9.365413055088846,10.260413055088845,7.62,1,Medium,2,SmallMed,0.2
el abra,2026-09-01,9,bear,6.8354130550888454,7.62,6.002413055088845,9.478413055088845,7.62,1,Medium,2,SmallMed,0.2
el abra,2026-12-01,12,bear,17.679413055088844,7.62,9.156413055088844,10.216413055088845,7.62,1,Medium,2,SmallMed,0.2
el abra,2027-06-01,18,bear,17.376413055088847,7.62,8.617413055088845,8.962413055088845,7.62,1,Medium,2,SmallMed,0.2
el abra,2027-12-01,24,bear,19.401413055088845,7.62,8.348413055088844,8.971413055088846,7.62,1,Medium,2,SmallMed,0.2
el abra,2028-06-01,30,bear,18.951413055088846,7.62,8.318413055088845,9.586413055088846,7.62,1,Medium,2,SmallMed,0.2
el abra,2028-12-01,36,bear,20.368413055088844,7.62,7.979413055088846,9.790413055088846,7.62,1,Medium,2,SmallMed,0.2
el abra,2029-06-01,42,bear,19.664413055088847,7.62,8.075413055088845,9.832413055088846,7.62,1,Medium,2,SmallMed,0.2
el abra,2029-12-01,48,bear,17.204413055088846,7.62,8.183413055088845,9.032413055088846,7.62,1,Medium,2,SmallMed,0.2
el abra,2030-06-01,54,bear,18.470413055088844,7.62,8.301413055088846,9.380413055088846,7.62,1,Medium,2,SmallMed,0.2
el abra,2030-12-01,60,bear,16.676413055088844,7.62,8.074413055088845,9.317413055088846,7.62,1,Medium,2,SmallMed,0.2
el abra,2031-12-01,72,bear,16.611413055088846,7.62,7.528413055088846,9.564413055088846,7.62,1,Medium,2,SmallMed,0.2
el abra,2032-12-01,84,bear,15.561413055088845,7.62,7.594413055088846,9.044413055088846,7.62,1,Medium,2,SmallMed,0.2
el soldado,2026-01-01,1,bear,3.844482320667034,3.312,2.678482320667034,4.269482320667034,3.312,0,Small,1,SmallMed,0.2
el soldado,2026-03-01,3,bear,4.4404823206670345,3.312,2.524482320667034,4.6104823206670345,3.312,0,Small,1,SmallMed,0.2
el soldado,2026-06-01,6,bear,2.529482320667034,3.312,2.942482320667034,3.290482320667034,3.312,0,Small,1,SmallMed,0.2
el soldado,2026-09-01,9,bear,10.692482320667034,3.312,2.349482320667034,7.219482320667034,3.312,0,Small,1,SmallMed,0.2
el soldado,2026-12-01,12,bear,2.455482320667034,3.312,2.322482320667034,3.371482320667034,3.312,0,Small,1,SmallMed,0.2
el soldado,2027-06-01,18,bear,2.337482320667034,3.312,1.824482320667034,3.328482320667034,3.312,0,Small,1,SmallMed,0.2
el soldado,2027-12-01,24,bear,1.993482320667034,3.312,1.395482320667034,3.318482320667034,3.312,0,Small,1,SmallMed,0.2
el soldado,2028-06-01,30,bear,2.247482320667034,3.312,1.544482320667034,3.274482320667034,3.312,0,Small,1,SmallMed,0.2
el soldado,2028-12-01,36,bear,1.552482320667034,3.312,1.446482320667034,3.123482320667034,3.312,0,Small,1,SmallMed,0.2
el soldado,2029-06-01,42,bear,1.569482320667034,3.312,1.664482320667034,3.178482320667034,3.312,0,Small,1,SmallMed,0.2
el soldado,2029-12-01,48,bear,1.328482320667034,3.312,1.564482320667034,2.994482320667034,3.312,0,Small,1,SmallMed,0.2
el soldado,2030-06-01,54,bear,1.5914823206670339,3.312,1.461482320667034,2.916482320667034,3.312,0,Small,1,SmallMed,0.2
el soldado,2030-12-01,60,bear,1.488482320667034,3.312,1.318482320667034,2.904482320667034,3.312,0,Small,1,SmallMed,0.2
el soldado,2031-12-01,72,bear,1.5934823206670339,3.312,1.767482320667034,2.837482320667034,3.312,0,Small,1,SmallMed,0.2
el soldado,2032-12-01,84,bear,1.514482320667034,3.312,1.556482320667034,2.995482320667034,3.312,0,Small,1,SmallMed,0.2
el teniente,2026-01-01,1,bear,15.014849693628554,28.587,9.679849693628553,19.88584969362855,28.587,3,Colossal,2,LargeColossal,0.2
el teniente,2026-03-01,3,bear,12.271849693628551,28.587,3.376849693628552,20.776849693628556,28.587,3,Colossal,2,LargeColossal,0.2
el teniente,2026-06-01,6,bear,64.21084969362856,28.587,42.83084969362855,23.247849693628552,28.587,3,Colossal,2,LargeColossal,0.2
el teniente,2026-09-01,9,bear,4.931849693628552,28.587,0.0,22.213849693628553,28.587,3,Colossal,2,LargeColossal,0.2
el teniente,2026-12-01,12,bear,65.12784969362855,28.587,43.64484969362855,20.899849693628553,28.587,3,Colossal,2,LargeColossal,0.2
el teniente,2027-06-01,18,bear,57.673849693628554,28.587,43.66984969362856,23.130849693628555,28.587,3,Colossal,2,LargeColossal,0.2
el teniente,2027-12-01,24,bear,87.26784969362855,28.587,47.53484969362855,24.27884969362855,28.587,3,Colossal,2,LargeColossal,0.2
el teniente,2028-06-01,30,bear,74.32384969362856,28.587,44.23284969362855,29.937849693628557,28.587,3,Colossal,2,LargeColossal,0.2
el teniente,2028-12-01,36,bear,68.82184969362855,28.587,44.002849693628555,27.35484969362855,28.587,3,Colossal,2,LargeColossal,0.2
el teniente,2029-06-01,42,bear,117.90184969362856,28.587,48.00084969362855,34.52884969362855,28.587,3,Colossal,2,LargeColossal,0.2
el teniente,2029-12-01,48,bear,118.86784969362854,28.587,46.44084969362856,30.561849693628552,28.587,3,Colossal,2,LargeColossal,0.2
el teniente,2030-06-01,54,bear,130.85384969362855,28.587,49.42584969362856,31.951849693628553,28.587,3,Colossal,2,LargeColossal,0.2
el teniente,2030-12-01,60,bear,128.25884969362855,28.587,46.621849693628555,32.70484969362855,28.587,3,Colossal,2,LargeColossal,0.2
el teniente,2031-12-01,72,bear,130.68984969362853,28.587,47.349849693628556,43.161849693628554,28.587,3,Colossal,2,LargeColossal,0.2
el teniente,2032-12-01,84,bear,124.70984969362856,28.587,47.43384969362855,47.569849693628555,28.587,3,Colossal,2,LargeColossal,0.2
escondida,2026-01-01,1,bear,119.22951034857783,111.535,84.86751034857782,131.08451034857782,111.535,3,Colossal,2,LargeColossal,0.2
escondida,2026-03-01,3,bear,117.07851034857782,111.535,71.96051034857783,131.19051034857785,111.535,3,Colossal,2,LargeColossal,0.2
escondida,2026-06-01,6,bear,152.93251034857784,111.535,177.35651034857784,135.29751034857784,111.535,3,Colossal,2,LargeColossal,0.2
escondida,2026-09-01,9,bear,80.61951034857783,111.535,49.83951034857783,131.14551034857783,111.535,3,Colossal,2,LargeColossal,0.2
escondida,2026-12-01,12,bear,249.68851034857784,111.535,177.00951034857783,130.56451034857784,111.535,3,Colossal,2,LargeColossal,0.2
escondida,2027-06-01,18,bear,289.04351034857785,111.535,204.33151034857784,136.46451034857785,111.535,3,Colossal,2,LargeColossal,0.2
escondida,2027-12-01,24,bear,343.2975103485778,111.535,212.04851034857785,142.15851034857783,111.535,3,Colossal,2,LargeColossal,0.2
escondida,2028-06-01,30,bear,266.27951034857784,111.535,187.82551034857784,134.19451034857784,111.535,3,Colossal,2,LargeColossal,0.2
escondida,2028-12-01,36,bear,298.45551034857783,111.535,202.32551034857784,142.22351034857783,111.535,3,Colossal,2,LargeColossal,0.2
escondida,2029-06-01,42,bear,354.57951034857786,111.535,221.29551034857784,142.51551034857783,111.535,3,Colossal,2,LargeColossal,0.2
escondida,2029-12-01,48,bear,475.4105103485778,111.535,211.83251034857784,141.37251034857783,111.535,3,Colossal,2,LargeColossal,0.2
escondida,2030-06-01,54,bear,522.8655103485778,111.535,225.85751034857785,145.81051034857785,111.535,3,Colossal,2,LargeColossal,0.2
escondida,2030-12-01,60,bear,528.5285103485778,111.535,213.92151034857784,149.34951034857784,111.535,3,Colossal,2,LargeColossal,0.2
escondida,2031-12-01,72,bear,537.8345103485779,111.535,215.95051034857784,155.60451034857783,111.535,3,Colossal,2,LargeColossal,0.2
escondida,2032-12-01,84,bear,521.2405103485778,111.535,213.83451034857785,152.71651034857783,111.535,3,Colossal,2,LargeColossal,0.2
franke,2026-01-01,1,bear,0.5677841274580235,0.832,0.33678412745802355,0.5697841274580235,0.832,0,Small,0,SmallMed,0.2
franke,2026-03-01,3,bear,0.8247841274580234,0.832,0.2507841274580235,0.6917841274580234,0.832,0,Small,0,SmallMed,0.2
franke,2026-06-01,6,bear,0.1677841274580235,0.832,0.6047841274580235,0.47578412745802356,0.832,0,Small,0,SmallMed,0.2
franke,2026-09-01,9,bear,2.4987841274580234,0.832,0.0287841274580235,0.7637841274580235,0.832,0,Small,0,SmallMed,0.2
franke,2026-12-01,12,bear,0.09178412745802356,0.832,0.8307841274580234,0.46178412745802355,0.832,0,Small,0,SmallMed,0.2
franke,2027-06-01,18,bear,0.10678412745802357,0.832,0.8787841274580235,0.4277841274580235,0.832,0,Small,0,SmallMed,0.2
franke,2027-12-01,24,bear,0.0077841274580235376,0.832,0.9187841274580235,0.4087841274580235,0.832,0,Small,0,SmallMed,0.2
franke,2028-06-01,30,bear,0.03978412745802351,0.832,1.2937841274580235,0.4187841274580235,0.832,0,Small,0,SmallMed,0.2
franke,2028-12-01,36,bear,0.0,0.832,1.2127841274580236,0.4107841274580235,0.832,0,Small,0,SmallMed,0.2
franke,2029-06-01,42,bear,0.0,0.832,1.3507841274580235,0.4037841274580235,0.832,0,Small,0,SmallMed,0.2
franke,2029-12-01,48,bear,0.0,0.832,1.3067841274580236,0.4047841274580235,0.832,0,Small,0,SmallMed,0.2
franke,2030-06-01,54,bear,0.0297841274580235,0.832,1.6107841274580237,0.3947841274580235,0.832,0,Small,0,SmallMed,0.2
franke,2030-12-01,60,bear,0.0,0.832,1.8037841274580237,0.4067841274580235,0.832,0,Small,0,SmallMed,0.2
franke,2031-12-01,72,bear,0.0,0.832,1.3867841274580235,0.3627841274580236,0.832,0,Small,0,SmallMed,0.2
franke,2032-12-01,84,bear,0.0,0.832,1.4567841274580235,0.3637841274580236,0.832,0,Small,0,SmallMed,0.2
gabriela mistral,2026-01-01,1,bear,6.304687864244526,8.049,5.835687864244527,8.388687864244526,8.049,1,Medium,2,SmallMed,0.2
gabriela mistral,2026-03-01,3,bear,6.028687864244526,8.049,5.417687864244527,8.176687864244526,8.049,1,Medium,2,SmallMed,0.2
gabriela mistral,2026-06-01,6,bear,12.169687864244526,8.049,8.218687864244526,9.460687864244527,8.049,1,Medium,2,SmallMed,0.2
gabriela mistral,2026-09-01,9,bear,5.003687864244528,8.049,4.192687864244528,8.491687864244527,8.049,1,Medium,2,SmallMed,0.2
gabriela mistral,2026-12-01,12,bear,17.64268786424453,8.049,9.584687864244527,10.067687864244526,8.049,1,Medium,2,SmallMed,0.2
gabriela mistral,2027-06-01,18,bear,16.19268786424453,8.049,8.958687864244526,9.505687864244527,8.049,1,Medium,2,SmallMed,0.2
gabriela mistral,2027-12-01,24,bear,18.52368786424453,8.049,9.213687864244527,8.837687864244527,8.049,1,Medium,2,SmallMed,0.2
gabriela mistral,2028-06-01,30,bear,16.09568786424453,8.049,8.910687864244526,8.760687864244527,8.049,1,Medium,2,SmallMed,0.2
gabriela mistral,2028-12-01,36,bear,19.41568786424453,8.049,10.070687864244526,8.424687864244527,8.049,1,Medium,2,SmallMed,0.2
gabriela mistral,2029-06-01,42,bear,17.501687864244527,8.049,10.100687864244527,8.223687864244527,8.049,1,Medium,2,SmallMed,0.2
gabriela mistral,2029-12-01,48,bear,16.07068786424453,8.049,9.627687864244526,7.992687864244527,8.049,1,Medium,2,SmallMed,0.2
gabriela mistral,2030-06-01,54,bear,17.656687864244528,8.049,10.470687864244526,8.593687864244526,8.049,1,Medium,2,SmallMed,0.2
gabriela mistral,2030-12-01,60,bear,15.430687864244527,8.049,11.314687864244526,8.999687864244526,8.049,1,Medium,2,SmallMed,0.2
gabriela mistral,2031-12-01,72,bear,15.409687864244527,8.049,11.474687864244526,8.317687864244526,8.049,1,Medium,2,SmallMed,0.2
gabriela mistral,2032-12-01,84,bear,14.199687864244526,8.049,11.537687864244527,7.884687864244526,8.049,1,Medium,2,SmallMed,0.2
lomas bayas,2026-01-01,1,bear,5.4641034493746865,5.809,4.692103449374686,6.1371034493746865,5.809,1,Medium,2,SmallMed,0.2
lomas bayas,2026-03-01,3,bear,5.5041034493746865,5.809,4.478103449374687,5.806103449374686,5.809,1,Medium,2,SmallMed,0.2
lomas bayas,2026-06-01,6,bear,6.989103449374686,5.809,5.211103449374686,6.864103449374686,5.809,1,Medium,2,SmallMed,0.2
lomas bayas,2026-09-01,9,bear,4.135103449374687,5.809,4.441103449374687,5.865103449374686,5.809,1,Medium,2,SmallMed,0.2
lomas bayas,2026-12-01,12,bear,14.500103449374686,5.809,4.933103449374687,6.819103449374686,5.809,1,Medium,2,SmallMed,0.2
lomas bayas,2027-06-01,18,bear,15.800103449374687,5.809,5.229103449374686,6.386103449374686,5.809,1,Medium,2,SmallMed,0.2
lomas bayas,2027-12-01,24,bear,16.39610344937469,5.809,5.029103449374686,6.5331034493746865,5.809,1,Medium,2,SmallMed,0.2
lomas bayas,2028-06-01,30,bear,14.153103449374685,5.809,4.979103449374686,6.151103449374687,5.809,1,Medium,2,SmallMed,0.2
lomas bayas,2028-12-01,36,bear,18.113103449374687,5.809,5.067103449374686,6.085103449374686,5.809,1,Medium,2,SmallMed,0.2
lomas bayas,2029-06-01,42,bear,17.682103449374686,5.809,5.143103449374687,5.8791034493746865,5.809,1,Medium,2,SmallMed,0.2
lomas bayas,2029-12-01,48,bear,15.359103449374686,5.809,5.050103449374687,5.678103449374686,5.809,1,Medium,2,SmallMed,0.2
lomas bayas,2030-06-01,54,bear,14.738103449374686,5.809,5.163103449374686,7.009103449374686,5.809,1,Medium,2,SmallMed,0.2
lomas bayas,2030-12-01,60,bear,12.736103449374685,5.809,5.0891034493746865,6.508103449374686,5.809,1,Medium,2,SmallMed,0.2
lomas bayas,2031-12-01,72,bear,13.038103449374686,5.809,4.627103449374687,6.4001034493746864,5.809,1,Medium,2,SmallMed,0.2
lomas bayas,2032-12-01,84,bear,12.407103449374686,5.809,4.760103449374687,5.862103449374686,5.809,1,Medium,2,SmallMed,0.2
los bronces,2026-01-01,1,bear,0.7742501092497314,13.436,0.0,3.8202501092497307,13.436,2,Large,2,LargeColossal,0.2
los bronces,2026-03-01,3,bear,0.5242501092497314,13.436,0.0,4.358250109249731,13.436,2,Large,2,LargeColossal,0.2
los bronces,2026-06-01,6,bear,11.490250109249732,13.436,2.31525010924973,5.94725010924973,13.436,2,Large,2,LargeColossal,0.2
los bronces,2026-09-01,9,bear,0.0,13.436,0.0,2.7272501092497308,13.436,2,Large,2,LargeColossal,0.2
los bronces,2026-12-01,12,bear,31.33225010924973,13.436,11.304250109249729,7.8412501092497315,13.436,2,Large,2,LargeColossal,0.2
los bronces,2027-06-01,18,bear,31.282250109249734,13.436,12.263250109249732,11.266250109249732,13.436,2,Large,2,LargeColossal,0.2
los bronces,2027-12-01,24,bear,27.58025010924973,13.436,12.257250109249732,11.176250109249732,13.436,2,Large,2,LargeColossal,0.2
los bronces,2028-06-01,30,bear,30.72325010924973,13.436,8.49425010924973,13.56325010924973,13.436,2,Large,2,LargeColossal,0.2
los bronces,2028-12-01,36,bear,28.374250109249733,13.436,11.150250109249729,11.714250109249729,13.436,2,Large,2,LargeColossal,0.2
los bronces,2029-06-01,42,bear,52.399250109249735,13.436,12.51125010924973,14.42425010924973,13.436,2,Large,2,LargeColossal,0.2
los bronces,2029-12-01,48,bear,46.15125010924973,13.436,12.800250109249731,18.87025010924973,13.436,2,Large,2,LargeColossal,0.2
los bronces,2030-06-01,54,bear,55.02325010924973,13.436,12.964250109249729,25.190250109249728,13.436,2,Large,2,LargeColossal,0.2
los bronces,2030-12-01,60,bear,50.14225010924973,13.436,12.329250109249731,26.13425010924973,13.436,2,Large,2,LargeColossal,0.2
los bronces,2031-12-01,72,bear,53.04025010924974,13.436,12.70325010924973,26.55825010924973,13.436,2,Large,2,LargeColossal,0.2
los bronces,2032-12-01,84,bear,48.46825010924974,13.436,12.76125010924973,24.673250109249732,13.436,2,Large,2,LargeColossal,0.2
los pelambres,2026-01-01,1,bear,18.63755549652905,28.777,15.462555496529049,26.240555496529048,28.777,3,Colossal,1,LargeColossal,0.2
los pelambres,2026-03-01,3,bear,14.276555496529049,28.777,7.399555496529049,25.652555496529047,28.777,3,Colossal,1,LargeColossal,0.2
los pelambres,2026-06-01,6,bear,85.06655549652905,28.777,46.95755549652905,28.226555496529045,28.777,3,Colossal,1,LargeColossal,0.2
los pelambres,2026-09-01,9,bear,11.084555496529049,28.777,5.72255549652905,26.536555496529047,28.777,3,Colossal,1,LargeColossal,0.2
los pelambres,2026-12-01,12,bear,78.70455549652905,28.777,45.90055549652905,25.289555496529047,28.777,3,Colossal,1,LargeColossal,0.2
los pelambres,2027-06-01,18,bear,78.43355549652905,28.777,48.16355549652905,27.585555496529047,28.777,3,Colossal,1,LargeColossal,0.2
los pelambres,2027-12-01,24,bear,75.25455549652905,28.777,47.53955549652905,25.25655549652905,28.777,3,Colossal,1,LargeColossal,0.2
los pelambres,2028-06-01,30,bear,70.80155549652905,28.777,48.74555549652905,28.90355549652905,28.777,3,Colossal,1,LargeColossal,0.2
los pelambres,2028-12-01,36,bear,74.25555549652904,28.777,47.165555496529045,31.26355549652905,28.777,3,Colossal,1,LargeColossal,0.2
los pelambres,2029-06-01,42,bear,125.91755549652905,28.777,52.762555496529046,36.11155549652905,28.777,3,Colossal,1,LargeColossal,0.2
los pelambres,2029-12-01,48,bear,126.09655549652905,28.777,49.17555549652905,33.20355549652905,28.777,3,Colossal,1,LargeColossal,0.2
los pelambres,2030-06-01,54,bear,137.29155549652904,28.777,53.65355549652905,32.50855549652905,28.777,3,Colossal,1,LargeColossal,0.2
los pelambres,2030-12-01,60,bear,133.87255549652906,28.777,49.60255549652905,31.524555496529047,28.777,3,Colossal,1,LargeColossal,0.2
los pelambres,2031-12-01,72,bear,135.15055549652905,28.777,51.36555549652905,41.58255549652905,28.777,3,Colossal,1,LargeColossal,0.2
los pelambres,2032-12-01,84,bear,132.79155549652904,28.777,51.83055549652905,39.53855549652905,28.777,3,Colossal,1,LargeColossal,0.2
mantos blancos,2026-01-01,1,bear,5.964624976605976,5.033,5.112624976605977,6.519624976605977,5.033,1,Medium,1,SmallMed,0.2
mantos blancos,2026-03-01,3,bear,6.051624976605976,5.033,4.900624976605976,6.511624976605977,5.033,1,Medium,1,SmallMed,0.2
mantos blancos,2026-06-01,6,bear,5.280624976605976,5.033,4.963624976605977,6.339624976605976,5.033,1,Medium,1,SmallMed,0.2
mantos blancos,2026-09-01,9,bear,6.076624976605976,5.033,4.084624976605976,5.971624976605977,5.033,1,Medium,1,SmallMed,0.2
mantos blancos,2026-12-01,12,bear,5.133624976605977,5.033,6.265624976605976,6.555624976605976,5.033,1,Medium,1,SmallMed,0.2
mantos blancos,2027-06-01,18,bear,5.144624976605977,5.033,7.1436249766059765,6.187624976605976,5.033,1,Medium,1,SmallMed,0.2
mantos blancos,2027-12-01,24,bear,3.7826249766059767,5.033,7.547624976605976,6.092624976605976,5.033,1,Medium,1,SmallMed,0.2
mantos blancos,2028-06-01,30,bear,4.188624976605976,5.033,7.564624976605977,6.346624976605977,5.033,1,Medium,1,SmallMed,0.2
mantos blancos,2028-12-01,36,bear,3.425624976605977,5.033,6.713624976605977,6.403624976605976,5.033,1,Medium,1,SmallMed,0.2
mantos blancos,2029-06-01,42,bear,3.478624976605977,5.033,5.852624976605976,6.320624976605976,5.033,1,Medium,1,SmallMed,0.2
mantos blancos,2029-12-01,48,bear,3.277624976605977,5.033,5.586624976605976,6.000624976605977,5.033,1,Medium,1,SmallMed,0.2
mantos blancos,2030-06-01,54,bear,4.219624976605977,5.033,5.500624976605977,6.149624976605977,5.033,1,Medium,1,SmallMed,0.2
mantos blancos,2030-12-01,60,bear,3.844624976605977,5.033,5.455624976605977,6.2206249766059765,5.033,1,Medium,1,SmallMed,0.2
mantos blancos,2031-12-01,72,bear,3.740624976605977,5.033,5.519624976605977,6.471624976605977,5.033,1,Medium,1,SmallMed,0.2
mantos blancos,2032-12-01,84,bear,3.873624976605977,5.033,5.207624976605977,6.512624976605976,5.033,1,Medium,1,SmallMed,0.2
mantoverde,2026-01-01,1,bear,9.696337184509494,10.747,7.332337184509494,12.642337184509493,10.747,1,Medium,1,SmallMed,0.2
mantoverde,2026-03-01,3,bear,9.841337184509493,10.747,7.228337184509494,13.458337184509494,10.747,1,Medium,1,SmallMed,0.2
mantoverde,2026-06-01,6,bear,18.071337184509495,10.747,16.574337184509496,13.324337184509494,10.747,1,Medium,1,SmallMed,0.2
mantoverde,2026-09-01,9,bear,8.810337184509494,10.747,5.777337184509494,13.539337184509494,10.747,1,Medium,1,SmallMed,0.2
mantoverde,2026-12-01,12,bear,21.071337184509495,10.747,15.630337184509493,12.448337184509494,10.747,1,Medium,1,SmallMed,0.2
mantoverde,2027-06-01,18,bear,19.812337184509495,10.747,15.747337184509494,12.419337184509494,10.747,1,Medium,1,SmallMed,0.2
mantoverde,2027-12-01,24,bear,22.889337184509493,10.747,16.557337184509496,12.372337184509494,10.747,1,Medium,1,SmallMed,0.2
mantoverde,2028-06-01,30,bear,21.397337184509492,10.747,17.965337184509494,13.130337184509493,10.747,1,Medium,1,SmallMed,0.2
mantoverde,2028-12-01,36,bear,28.116337184509494,10.747,17.675337184509495,12.541337184509494,10.747,1,Medium,1,SmallMed,0.2
mantoverde,2029-06-01,42,bear,34.2413371845095,10.747,19.162337184509493,13.140337184509495,10.747,1,Medium,1,SmallMed,0.2
mantoverde,2029-12-01,48,bear,29.038337184509494,10.747,19.347337184509495,11.669337184509494,10.747,1,Medium,1,SmallMed,0.2
mantoverde,2030-06-01,54,bear,24.794337184509494,10.747,20.458337184509492,12.184337184509493,10.747,1,Medium,1,SmallMed,0.2
mantoverde,2030-12-01,60,bear,25.583337184509492,10.747,19.331337184509493,11.557337184509494,10.747,1,Medium,1,SmallMed,0.2
mantoverde,2031-12-01,72,bear,27.259337184509494,10.747,18.963337184509495,11.845337184509495,10.747,1,Medium,1,SmallMed,0.2
mantoverde,2032-12-01,84,bear,23.725337184509495,10.747,17.428337184509495,12.161337184509494,10.747,1,Medium,1,SmallMed,0.2
ministro hales,2026-01-01,1,bear,9.064320936792322,20.749,5.055320936792322,14.427320936792322,20.749,2,Large,2,LargeColossal,0.2
ministro hales,2026-03-01,3,bear,6.909320936792321,20.749,2.310320936792322,15.021320936792323,20.749,2,Large,2,LargeColossal,0.2
ministro hales,2026-06-01,6,bear,35.61232093679232,20.749,17.64632093679232,18.843320936792324,20.749,2,Large,2,LargeColossal,0.2
ministro hales,2026-09-01,9,bear,5.583320936792322,20.749,2.7163209367923216,14.075320936792322,20.749,2,Large,2,LargeColossal,0.2
ministro hales,2026-12-01,12,bear,46.31432093679232,20.749,30.26232093679232,20.883320936792323,20.749,2,Large,2,LargeColossal,0.2
ministro hales,2027-06-01,18,bear,41.19032093679232,20.749,12.73132093679232,20.407320936792324,20.749,2,Large,2,LargeColossal,0.2
ministro hales,2027-12-01,24,bear,61.450320936792316,20.749,25.505320936792323,22.047320936792325,20.749,2,Large,2,LargeColossal,0.2
ministro hales,2028-06-01,30,bear,40.37732093679232,20.749,14.799320936792322,20.215320936792324,20.749,2,Large,2,LargeColossal,0.2
ministro hales,2028-12-01,36,bear,57.27232093679232,20.749,23.382320936792325,19.92432093679232,20.749,2,Large,2,LargeColossal,0.2
ministro hales,2029-06-01,42,bear,87.62932093679233,20.749,28.447320936792323,22.34832093679232,20.749,2,Large,2,LargeColossal,0.2
ministro hales,2029-12-01,48,bear,87.32932093679233,20.749,29.617320936792318,29.435320936792323,20.749,2,Large,2,LargeColossal,0.2
ministro hales,2030-06-01,54,bear,96.48632093679232,20.749,28.182320936792323,24.557320936792323,20.749,2,Large,2,LargeColossal,0.2
ministro hales,2030-12-01,60,bear,94.20332093679232,20.749,30.00932093679232,31.26332093679232,20.749,2,Large,2,LargeColossal,0.2
ministro hales,2031-12-01,72,bear,96.01632093679233,20.749,29.87232093679232,30.347320936792322,20.749,2,Large,2,LargeColossal,0.2
ministro hales,2032-12-01,84,bear,87.58032093679233,20.749,30.42432093679232,29.61932093679232,20.749,2,Large,2,LargeColossal,0.2
ojos del salado,2026-01-01,1,bear,0.30562944301744577,1.335,0.05362944301744588,0.5326294430174459,1.335,0,Small,0,SmallMed,0.2
ojos del salado,2026-03-01,3,bear,0.27562944301744574,1.335,0.010629443017445839,0.5376294430174458,1.335,0,Small,0,SmallMed,0.2
ojos del salado,2026-06-01,6,bear,1.7946294430174459,1.335,0.8026294430174459,0.5596294430174458,1.335,0,Small,0,SmallMed,0.2
ojos del salado,2026-09-01,9,bear,0.0,1.335,0.0,0.5806294430174459,1.335,0,Small,0,SmallMed,0.2
ojos del salado,2026-12-01,12,bear,2.946629443017446,1.335,1.120629443017446,0.5366294430174459,1.335,0,Small,0,SmallMed,0.2
ojos del salado,2027-06-01,18,bear,2.4216294430174456,1.335,1.160629443017446,0.5086294430174458,1.335,0,Small,0,SmallMed,0.2
ojos del salado,2027-12-01,24,bear,3.960629443017446,1.335,1.5166294430174458,0.4686294430174458,1.335,0,Small,0,SmallMed,0.2
ojos del salado,2028-06-01,30,bear,3.227629443017446,1.335,1.434629443017446,0.5016294430174459,1.335,0,Small,0,SmallMed,0.2
ojos del salado,2028-12-01,36,bear,3.7096294430174455,1.335,1.4206294430174458,0.4296294430174459,1.335,0,Small,0,SmallMed,0.2
ojos del salado,2029-06-01,42,bear,4.726629443017446,1.335,1.6386294430174457,0.4646294430174458,1.335,0,Small,0,SmallMed,0.2
ojos del salado,2029-12-01,48,bear,4.668629443017446,1.335,1.8876294430174458,0.3526294430174459,1.335,0,Small,0,SmallMed,0.2
ojos del salado,2030-06-01,54,bear,5.590629443017446,1.335,2.282629443017446,0.28862944301744586,1.335,0,Small,0,SmallMed,0.2
ojos del salado,2030-12-01,60,bear,5.171629443017446,1.335,2.157629443017446,0.29262944301744587,1.335,0,Small,0,SmallMed,0.2
ojos del salado,2031-12-01,72,bear,5.222629443017446,1.335,1.729629443017446,0.3216294430174458,1.335,0,Small,0,SmallMed,0.2
ojos del salado,2032-12-01,84,bear,5.532629443017446,1.335,1.5136294430174457,0.27562944301744574,1.335,0,Small,0,SmallMed,0.2
otros,2026-01-01,1,bear,6.858933456703332,10.176,6.344933456703333,10.264933456703332,10.176,2,Large,2,LargeColossal,0.2
otros,2026-03-01,3,bear,6.061933456703334,10.176,5.119933456703333,9.812933456703334,10.176,2,Large,2,LargeColossal,0.2
otros,2026-06-01,6,bear,17.556933456703334,10.176,13.507933456703334,10.864933456703334,10.176,2,Large,2,LargeColossal,0.2
otros,2026-09-01,9,bear,3.836933456703333,10.176,1.3829334567033333,9.815933456703334,10.176,2,Large,2,LargeColossal,0.2
otros,2026-12-01,12,bear,30.069933456703332,10.176,17.669933456703333,9.931933456703334,10.176,2,Large,2,LargeColossal,0.2
otros,2027-06-01,18,bear,28.985933456703332,10.176,15.386933456703332,10.598933456703332,10.176,2,Large,2,LargeColossal,0.2
otros,2027-12-01,24,bear,28.476933456703332,10.176,17.58993345670333,10.354933456703332,10.176,2,Large,2,LargeColossal,0.2
otros,2028-06-01,30,bear,26.761933456703332,10.176,15.841933456703334,10.984933456703335,10.176,2,Large,2,LargeColossal,0.2
otros,2028-12-01,36,bear,27.552933456703332,10.176,18.84893345670333,10.719933456703334,10.176,2,Large,2,LargeColossal,0.2
otros,2029-06-01,42,bear,32.424933456703336,10.176,18.061933456703333,11.027933456703334,10.176,2,Large,2,LargeColossal,0.2
otros,2029-12-01,48,bear,45.86193345670333,10.176,18.367933456703334,10.773933456703332,10.176,2,Large,2,LargeColossal,0.2
otros,2030-06-01,54,bear,49.49093345670334,10.176,18.471933456703333,10.707933456703334,10.176,2,Large,2,LargeColossal,0.2
otros,2030-12-01,60,bear,47.63093345670334,10.176,17.35393345670333,10.794933456703333,10.176,2,Large,2,LargeColossal,0.2
otros,2031-12-01,72,bear,48.388933456703334,10.176,17.761933456703332,11.658933456703334,10.176,2,Large,2,LargeColossal,0.2
otros,2032-12-01,84,bear,46.82693345670334,10.176,19.200933456703332,11.223933456703332,10.176,2,Large,2,LargeColossal,0.2
radomiro tomic,2026-01-01,1,bear,26.600894102444833,30.287,20.621894102444834,31.449894102444834,30.287,3,Colossal,2,LargeColossal,0.2
radomiro tomic,2026-03-01,3,bear,21.846894102444836,30.287,13.310894102444836,33.182894102444834,30.287,3,Colossal,2,LargeColossal,0.2
radomiro tomic,2026-06-01,6,bear,99.76589410244483,30.287,56.026894102444835,34.93989410244483,30.287,3,Colossal,2,LargeColossal,0.2
radomiro tomic,2026-09-01,9,bear,19.285894102444836,30.287,12.912894102444836,31.183894102444835,30.287,3,Colossal,2,LargeColossal,0.2
radomiro tomic,2026-12-01,12,bear,80.00789410244484,30.287,53.920894102444834,35.175894102444836,30.287,3,Colossal,2,LargeColossal,0.2
radomiro tomic,2027-06-01,18,bear,74.34789410244484,30.287,53.89189410244484,39.063894102444834,30.287,3,Colossal,2,LargeColossal,0.2
radomiro tomic,2027-12-01,24,bear,84.50189410244484,30.287,58.92789410244483,38.82089410244483,30.287,3,Colossal,2,LargeColossal,0.2
radomiro tomic,2028-06-01,30,bear,73.27389410244483,30.287,60.46489410244484,41.487894102444834,30.287,3,Colossal,2,LargeColossal,0.2
radomiro tomic,2028-12-01,36,bear,83.33789410244484,30.287,57.83689410244484,43.00089410244483,30.287,3,Colossal,2,LargeColossal,0.2
radomiro tomic,2029-06-01,42,bear,134.27689410244483,30.287,63.517894102444835,50.514894102444835,30.287,3,Colossal,2,LargeColossal,0.2
radomiro tomic,2029-12-01,48,bear,136.23989410244482,30.287,60.742894102444836,53.825894102444835,30.287,3,Colossal,2,LargeColossal,0.2
radomiro tomic,2030-06-01,54,bear,151.12789410244483,30.287,65.62289410244483,55.19289410244483,30.287,3,Colossal,2,LargeColossal,0.2
radomiro tomic,2030-12-01,60,bear,148.37689410244482,30.287,61.36989410244483,54.96089410244483,30.287,3,Colossal,2,LargeColossal,0.2
radomiro tomic,2031-12-01,72,bear,154.36889410244484,30.287,61.77789410244483,59.54689410244484,30.287,3,Colossal,2,LargeColossal,0.2
radomiro tomic,2032-12-01,84,bear,147.17489410244482,30.287,63.18389410244483,63.01089410244484,30.287,3,Colossal,2,LargeColossal,0.2
salvador,2026-01-01,1,bear,9.427491163525506,11.498,1.632491163525506,9.893491163525505,11.498,0,Small,2,SmallMed,0.2
salvador,2026-03-01,3,bear,9.407491163525506,11.498,3.089491163525506,9.641491163525506,11.498,0,Small,2,SmallMed,0.2
salvador,2026-06-01,6,bear,8.455491163525506,11.498,5.6284911635255055,10.141491163525506,11.498,0,Small,2,SmallMed,0.2
salvador,2026-09-01,9,bear,8.343491163525506,11.498,8.576491163525505,9.415491163525505,11.498,0,Small,2,SmallMed,0.2
salvador,2026-12-01,12,bear,7.742491163525505,11.498,7.340491163525506,8.490491163525506,11.498,0,Small,2,SmallMed,0.2
salvador,2027-06-01,18,bear,7.812491163525506,11.498,2.6924911635255055,8.741491163525506,11.498,0,Small,2,SmallMed,0.2
salvador,2027-12-01,24,bear,5.0194911635255055,11.498,1.2964911635255056,7.998491163525506,11.498,0,Small,2,SmallMed,0.2
salvador,2028-06-01,30,bear,4.356491163525506,11.498,0.5594911635255055,8.749491163525505,11.498,0,Small,2,SmallMed,0.2
salvador,2028-12-01,36,bear,3.121491163525506,11.498,1.6154911635255056,7.717491163525505,11.498,0,Small,2,SmallMed,0.2
salvador,2029-06-01,42,bear,2.6664911635255057,11.498,4.326491163525506,8.343491163525506,11.498,0,Small,2,SmallMed,0.2
salvador,2029-12-01,48,bear,2.853491163525506,11.498,0.890491163525506,7.415491163525505,11.498,0,Small,2,SmallMed,0.2
salvador,2030-06-01,54,bear,3.877491163525506,11.498,0.7204911635255056,8.169491163525505,11.498,0,Small,2,SmallMed,0.2
salvador,2030-12-01,60,bear,8.207491163525505,11.498,0.7464911635255058,7.286491163525506,11.498,0,Small,2,SmallMed,0.2
salvador,2031-12-01,72,bear,14.310491163525505,11.498,0.777491163525506,7.166491163525507,11.498,0,Small,2,SmallMed,0.2
salvador,2032-12-01,84,bear,13.281491163525505,11.498,1.1064911635255057,7.1204911635255055,11.498,0,Small,2,SmallMed,0.2
sierra gorda,2026-01-01,1,bear,14.49048909423391,14.86,13.49948909423391,16.181489094233907,14.86,2,Large,1,LargeColossal,0.2
sierra gorda,2026-03-01,3,bear,13.93048909423391,14.86,12.67648909423391,15.77548909423391,14.86,2,Large,1,LargeColossal,0.2
sierra gorda,2026-06-01,6,bear,25.57848909423391,14.86,17.859489094233908,20.89848909423391,14.86,2,Large,1,LargeColossal,0.2
sierra gorda,2026-09-01,9,bear,9.216489094233909,14.86,7.262489094233908,16.08448909423391,14.86,2,Large,1,LargeColossal,0.2
sierra gorda,2026-12-01,12,bear,39.93148909423391,14.86,28.163489094233906,23.841489094233907,14.86,2,Large,1,LargeColossal,0.2
sierra gorda,2027-06-01,18,bear,50.536489094233914,14.86,22.371489094233908,24.79048909423391,14.86,2,Large,1,LargeColossal,0.2
sierra gorda,2027-12-01,24,bear,45.77648909423391,14.86,26.183489094233906,26.399489094233907,14.86,2,Large,1,LargeColossal,0.2
sierra gorda,2028-06-01,30,bear,48.90148909423391,14.86,25.47648909423391,27.118489094233908,14.86,2,Large,1,LargeColossal,0.2
sierra gorda,2028-12-01,36,bear,45.74548909423391,14.86,24.83448909423391,25.17748909423391,14.86,2,Large,1,LargeColossal,0.2
sierra gorda,2029-06-01,42,bear,57.86548909423391,14.86,26.158489094233907,28.530489094233907,14.86,2,Large,1,LargeColossal,0.2
sierra gorda,2029-12-01,48,bear,65.7904890942339,14.86,27.426489094233908,30.815489094233907,14.86,2,Large,1,LargeColossal,0.2
sierra gorda,2030-06-01,54,bear,78.4214890942339,14.86,26.93848909423391,37.722489094233914,14.86,2,Large,1,LargeColossal,0.2
sierra gorda,2030-12-01,60,bear,73.9004890942339,14.86,26.803489094233907,41.00448909423391,14.86,2,Large,1,LargeColossal,0.2
sierra gorda,2031-12-01,72,bear,74.4544890942339,14.86,26.509489094233906,36.69648909423391,14.86,2,Large,1,LargeColossal,0.2
sierra gorda,2032-12-01,84,bear,71.35448909423391,14.86,26.84848909423391,37.518489094233914,14.86,2,Large,1,LargeColossal,0.2
zaldivar,2026-01-01,1,bear,6.5286046607644,9.391,4.635604660764401,8.1176046607644,9.391,1,Medium,1,SmallMed,0.2
zaldivar,2026-03-01,3,bear,6.946604660764401,9.391,3.664604660764401,8.7396046607644,9.391,1,Medium,1,SmallMed,0.2
zaldivar,2026-06-01,6,bear,9.1806046607644,9.391,11.1796046607644,10.4066046607644,9.391,1,Medium,1,SmallMed,0.2
zaldivar,2026-09-01,9,bear,6.2636046607644005,9.391,2.459604660764401,9.4626046607644,9.391,1,Medium,1,SmallMed,0.2
zaldivar,2026-12-01,12,bear,14.4056046607644,9.391,11.9746046607644,9.0806046607644,9.391,1,Medium,1,SmallMed,0.2
zaldivar,2027-06-01,18,bear,17.0146046607644,9.391,11.9926046607644,9.0936046607644,9.391,1,Medium,1,SmallMed,0.2
zaldivar,2027-12-01,24,bear,19.1916046607644,9.391,12.7016046607644,9.6616046607644,9.391,1,Medium,1,SmallMed,0.2
zaldivar,2028-06-01,30,bear,17.864604660764403,9.391,10.6756046607644,8.8246046607644,9.391,1,Medium,1,SmallMed,0.2
zaldivar,2028-12-01,36,bear,22.596604660764402,9.391,13.0686046607644,8.9396046607644,9.391,1,Medium,1,SmallMed,0.2
zaldivar,2029-06-01,42,bear,23.1006046607644,9.391,14.3386046607644,9.3266046607644,9.391,1,Medium,1,SmallMed,0.2
zaldivar,2029-12-01,48,bear,21.765604660764403,9.391,14.1146046607644,8.4236046607644,9.391,1,Medium,1,SmallMed,0.2
zaldivar,2030-06-01,54,bear,24.0196046607644,9.391,15.117604660764401,8.9036046607644,9.391,1,Medium,1,SmallMed,0.2
zaldivar,2030-12-01,60,bear,21.8286046607644,9.391,14.2466046607644,8.0876046607644,9.391,1,Medium,1,SmallMed,0.2
zaldivar,2031-12-01,72,bear,20.7406046607644,9.391,13.9356046607644,8.4926046607644,9.391,1,Medium,1,SmallMed,0.2
zaldivar,2032-12-01,84,bear,19.1916046607644,9.391,12.6416046607644,8.1296046607644,9.391,1,Medium,1,SmallMed,0.2
andacollo,2026-01-01,1,base,2.8700718846707973,5.487,1.4190718846707975,3.883071884670798,5.487,0,Small,1,SmallMed,0.5
andacollo,2026-03-01,3,base,2.699071884670798,5.487,1.8430718846707974,3.712071884670798,5.487,0,Small,1,SmallMed,0.5
andacollo,2026-06-01,6,base,5.721071884670797,5.487,3.909071884670798,4.789071884670798,5.487,0,Small,1,SmallMed,0.5
andacollo,2026-09-01,9,base,2.1950718846707975,5.487,0.9650718846707973,3.8100718846707977,5.487,0,Small,1,SmallMed,0.5
andacollo,2026-12-01,12,base,10.353071884670797,5.487,3.829071884670798,3.9590718846707977,5.487,0,Small,1,SmallMed,0.5
andacollo,2027-06-01,18,base,10.400071884670798,5.487,2.726071884670798,3.928071884670798,5.487,0,Small,1,SmallMed,0.5
andacollo,2027-12-01,24,base,14.337071884670799,5.487,3.0570718846707976,3.5510718846707974,5.487,0,Small,1,SmallMed,0.5
andacollo,2028-06-01,30,base,10.004071884670799,5.487,2.0410718846707976,3.5760718846707977,5.487,0,Small,1,SmallMed,0.5
andacollo,2028-12-01,36,base,19.310071884670798,5.487,2.936071884670798,3.0650718846707976,5.487,0,Small,1,SmallMed,0.5
andacollo,2029-06-01,42,base,22.254071884670797,5.487,3.978071884670798,3.680071884670798,5.487,0,Small,1,SmallMed,0.5
andacollo,2029-12-01,48,base,17.940071884670797,5.487,4.7720718846707975,4.012071884670798,5.487,0,Small,1,SmallMed,0.5
andacollo,2030-06-01,54,base,19.409071884670798,5.487,3.8390718846707976,4.431071884670798,5.487,0,Small,1,SmallMed,0.5
andacollo,2030-12-01,60,base,18.069071884670798,5.487,5.096071884670797,3.5960718846707973,5.487,0,Small,1,SmallMed,0.5
andacollo,2031-12-01,72,base,16.923071884670797,5.487,2.872071884670798,3.2030718846707975,5.487,0,Small,1,SmallMed,0.5
andacollo,2032-12-01,84,base,15.464071884670798,5.487,4.430071884670798,2.915071884670798,5.487,0,Small,1,SmallMed,0.5
andina,2026-01-01,1,base,16.264725648118215,24.069,10.252725648118211,23.059725648118214,24.069,3,Colossal,2,LargeColossal,0.5
andina,2026-03-01,3,base,12.208725648118213,24.069,6.749725648118212,24.066725648118215,24.069,3,Colossal,2,LargeColossal,0.5
andina,2026-06-01,6,base,61.93472564811821,24.069,34.18772564811821,25.159725648118215,24.069,3,Colossal,2,LargeColossal,0.5
andina,2026-09-01,9,base,11.659725648118211,24.069,8.305725648118212,24.676725648118214,24.069,3,Colossal,2,LargeColossal,0.5
andina,2026-12-01,12,base,54.79572564811821,24.069,38.12672564811821,24.183725648118212,24.069,3,Colossal,2,LargeColossal,0.5
andina,2027-06-01,18,base,59.05472564811821,24.069,34.66372564811821,25.895725648118216,24.069,3,Colossal,2,LargeColossal,0.5
andina,2027-12-01,24,base,57.222725648118214,24.069,40.11872564811821,24.641725648118214,24.069,3,Colossal,2,LargeColossal,0.5
andina,2028-06-01,30,base,59.35372564811821,24.069,34.68872564811821,24.657725648118213,24.069,3,Colossal,2,LargeColossal,0.5
andina,2028-12-01,36,base,76.2507256481182,24.069,47.42772564811821,24.361725648118213,24.069,3,Colossal,2,LargeColossal,0.5
andina,2029-06-01,42,base,112.6647256481182,24.069,53.68672564811821,26.393725648118213,24.069,3,Colossal,2,LargeColossal,0.5
andina,2029-12-01,48,base,116.91872564811821,24.069,49.033725648118214,25.182725648118215,24.069,3,Colossal,2,LargeColossal,0.5
andina,2030-06-01,54,base,119.43372564811821,24.069,51.54072564811821,24.033725648118214,24.069,3,Colossal,2,LargeColossal,0.5
andina,2030-12-01,60,base,116.62472564811821,24.069,46.14672564811821,25.481725648118214,24.069,3,Colossal,2,LargeColossal,0.5
andina,2031-12-01,72,base,122.87972564811821,24.069,46.38772564811821,25.767725648118216,24.069,3,Colossal,2,LargeColossal,0.5
andina,2032-12-01,84,base,116.4797256481182,24.069,46.38772564811821,24.619725648118212,24.069,3,Colossal,2,LargeColossal,0.5
antucoya,2026-01-01,1,base,6.947713037216917,8.211,6.4357130372169165,8.128713037216917,8.211,1,Medium,1,SmallMed,0.5
antucoya,2026-03-01,3,base,6.732713037216917,8.211,5.835713037216917,8.018713037216918,8.211,1,Medium,1,SmallMed,0.5
antucoya,2026-06-01,6,base,14.167713037216917,8.211,10.868713037216917,12.546713037216916,8.211,1,Medium,1,SmallMed,0.5
antucoya,2026-09-01,9,base,6.296713037216917,8.211,4.491713037216917,8.049713037216916,8.211,1,Medium,1,SmallMed,0.5
antucoya,2026-12-01,12,base,15.952713037216917,8.211,12.744713037216917,13.410713037216917,8.211,1,Medium,1,SmallMed,0.5
antucoya,2027-06-01,18,base,15.380713037216918,8.211,13.263713037216917,13.913713037216917,8.211,1,Medium,1,SmallMed,0.5
antucoya,2027-12-01,24,base,17.566713037216918,8.211,13.261713037216916,12.498713037216916,8.211,1,Medium,1,SmallMed,0.5
antucoya,2028-06-01,30,base,16.718713037216915,8.211,12.598713037216918,13.552713037216916,8.211,1,Medium,1,SmallMed,0.5
antucoya,2028-12-01,36,base,19.044713037216916,8.211,13.711713037216917,11.649713037216916,8.211,1,Medium,1,SmallMed,0.5
antucoya,2029-06-01,42,base,20.788713037216915,8.211,15.022713037216917,15.584713037216916,8.211,1,Medium,1,SmallMed,0.5
antucoya,2029-12-01,48,base,19.77971303721692,8.211,14.833713037216917,19.187713037216916,8.211,1,Medium,1,SmallMed,0.5
antucoya,2030-06-01,54,base,22.153713037216917,8.211,14.552713037216916,19.136713037216918,8.211,1,Medium,1,SmallMed,0.5
antucoya,2030-12-01,60,base,20.425713037216916,8.211,14.450713037216916,14.786713037216916,8.211,1,Medium,1,SmallMed,0.5
antucoya,2031-12-01,72,base,19.43071303721692,8.211,14.989713037216918,13.385713037216917,8.211,1,Medium,1,SmallMed,0.5
antucoya,2032-12-01,84,base,17.662713037216918,8.211,13.789713037216917,15.665713037216916,8.211,1,Medium,1,SmallMed,0.5
atacama kozan,2026-01-01,1,base,0.9892145014724918,1.067,0.8262145014724919,1.157214501472492,1.067,0,Small,0,SmallMed,0.5
atacama kozan,2026-03-01,3,base,0.9382145014724919,1.067,0.7152145014724919,1.1812145014724917,1.067,0,Small,0,SmallMed,0.5
atacama kozan,2026-06-01,6,base,1.9732145014724918,1.067,2.041214501472492,1.1952145014724918,1.067,0,Small,0,SmallMed,0.5
atacama kozan,2026-09-01,9,base,0.7232145014724919,1.067,0.5892145014724919,1.109214501472492,1.067,0,Small,0,SmallMed,0.5
atacama kozan,2026-12-01,12,base,3.483214501472492,1.067,1.8342145014724918,1.274214501472492,1.067,0,Small,0,SmallMed,0.5
atacama kozan,2027-06-01,18,base,2.288214501472492,1.067,1.6922145014724919,1.290214501472492,1.067,0,Small,0,SmallMed,0.5
atacama kozan,2027-12-01,24,base,2.6902145014724916,1.067,1.8172145014724919,1.242214501472492,1.067,0,Small,0,SmallMed,0.5
atacama kozan,2028-06-01,30,base,2.0722145014724918,1.067,2.058214501472492,1.242214501472492,1.067,0,Small,0,SmallMed,0.5
atacama kozan,2028-12-01,36,base,2.779214501472492,1.067,2.0962145014724918,1.3002145014724917,1.067,0,Small,0,SmallMed,0.5
atacama kozan,2029-06-01,42,base,3.426214501472492,1.067,2.6092145014724917,1.248214501472492,1.067,0,Small,0,SmallMed,0.5
atacama kozan,2029-12-01,48,base,3.491214501472492,1.067,2.255214501472492,1.2182145014724919,1.067,0,Small,0,SmallMed,0.5
atacama kozan,2030-06-01,54,base,3.412214501472492,1.067,2.386214501472492,1.4972145014724918,1.067,0,Small,0,SmallMed,0.5
atacama kozan,2030-12-01,60,base,3.4962145014724917,1.067,2.3632145014724917,1.498214501472492,1.067,0,Small,0,SmallMed,0.5
atacama kozan,2031-12-01,72,base,3.631214501472492,1.067,2.461214501472492,1.4752145014724918,1.067,0,Small,0,SmallMed,0.5
atacama kozan,2032-12-01,84,base,3.372214501472492,1.067,2.4922145014724917,1.415214501472492,1.067,0,Small,0,SmallMed,0.5
candelaria,2026-01-01,1,base,11.586641661937866,11.228,9.165641661937867,12.907641661937868,11.228,2,Large,1,LargeColossal,0.5
candelaria,2026-03-01,3,base,12.189641661937868,11.228,6.695641661937868,14.405641661937867,11.228,2,Large,1,LargeColossal,0.5
candelaria,2026-06-01,6,base,18.067641661937866,11.228,21.725641661937868,15.852641661937867,11.228,2,Large,1,LargeColossal,0.5
candelaria,2026-09-01,9,base,6.930641661937869,11.228,4.802641661937868,14.946641661937868,11.228,2,Large,1,LargeColossal,0.5
candelaria,2026-12-01,12,base,31.474641661937866,11.228,22.980641661937867,15.509641661937867,11.228,2,Large,1,LargeColossal,0.5
candelaria,2027-06-01,18,base,38.405641661937864,11.228,23.10464166193787,16.902641661937867,11.228,2,Large,1,LargeColossal,0.5
candelaria,2027-12-01,24,base,39.41664166193787,11.228,23.901641661937866,15.575641661937867,11.228,2,Large,1,LargeColossal,0.5
candelaria,2028-06-01,30,base,36.57764166193787,11.228,20.591641661937867,17.196641661937868,11.228,2,Large,1,LargeColossal,0.5
candelaria,2028-12-01,36,base,36.66664166193787,11.228,22.465641661937866,15.887641661937867,11.228,2,Large,1,LargeColossal,0.5
candelaria,2029-06-01,42,base,41.792641661937864,11.228,23.966641661937867,17.40764166193787,11.228,2,Large,1,LargeColossal,0.5
candelaria,2029-12-01,48,base,54.99564166193787,11.228,23.550641661937867,16.271641661937867,11.228,2,Large,1,LargeColossal,0.5
candelaria,2030-06-01,54,base,61.57764166193787,11.228,22.735641661937866,15.903641661937867,11.228,2,Large,1,LargeColossal,0.5
candelaria,2030-12-01,60,base,58.76864166193787,11.228,21.329641661937867,16.591641661937867,11.228,2,Large,1,LargeColossal,0.5
candelaria,2031-12-01,72,base,59.44064166193787,11.228,22.384641661937867,17.841641661937867,11.228,2,Large,1,LargeColossal,0.5
candelaria,2032-12-01,84,base,57.356641661937864,11.228,22.154641661937866,17.65164166193787,11.228,2,Large,1,LargeColossal,0.5
caserones,2026-01-01,1,base,12.024709386873445,15.225,8.526709386873446,16.036709386873444,15.225,2,Large,1,LargeColossal,0.5
caserones,2026-03-01,3,base,11.191709386873445,15.225,5.611709386873445,15.958709386873444,15.225,2,Large,1,LargeColossal,0.5
caserones,2026-06-01,6,base,31.462709386873446,15.225,25.832709386873447,16.856709386873444,15.225,2,Large,1,LargeColossal,0.5
caserones,2026-09-01,9,base,7.095709386873445,15.225,5.804709386873445,15.205709386873444,15.225,2,Large,1,LargeColossal,0.5
caserones,2026-12-01,12,base,40.384709386873446,15.225,22.883709386873445,19.776709386873446,15.225,2,Large,1,LargeColossal,0.5
caserones,2027-06-01,18,base,43.70670938687345,15.225,19.008709386873445,23.135709386873444,15.225,2,Large,1,LargeColossal,0.5
caserones,2027-12-01,24,base,39.311709386873446,15.225,19.008709386873445,23.090709386873446,15.225,2,Large,1,LargeColossal,0.5
caserones,2028-06-01,30,base,42.134709386873446,15.225,19.061709386873446,24.571709386873444,15.225,2,Large,1,LargeColossal,0.5
caserones,2028-12-01,36,base,45.762709386873446,15.225,25.690709386873444,23.276709386873446,15.225,2,Large,1,LargeColossal,0.5
caserones,2029-06-01,42,base,74.98270938687344,15.225,28.526709386873446,24.609709386873444,15.225,2,Large,1,LargeColossal,0.5
caserones,2029-12-01,48,base,66.75870938687345,15.225,26.373709386873443,27.410709386873446,15.225,2,Large,1,LargeColossal,0.5
caserones,2030-06-01,54,base,79.85170938687344,15.225,25.234709386873444,29.268709386873446,15.225,2,Large,1,LargeColossal,0.5
caserones,2030-12-01,60,base,75.19570938687345,15.225,23.758709386873445,35.51370938687345,15.225,2,Large,1,LargeColossal,0.5
caserones,2031-12-01,72,base,75.77370938687343,15.225,25.053709386873447,35.329709386873446,15.225,2,Large,1,LargeColossal,0.5
caserones,2032-12-01,84,base,70.15370938687344,15.225,24.200709386873445,38.04870938687345,15.225,2,Large,1,LargeColossal,0.5
centinela,2026-01-01,1,base,1.6275876881738252,5.308,0.908587688173825,4.000587688173825,5.308,2,Large,1,LargeColossal,0.5
centinela,2026-03-01,3,base,1.6625876881738249,5.308,1.434587688173825,3.662587688173825,5.308,2,Large,1,LargeColossal,0.5
centinela,2026-06-01,6,base,23.248587688173824,5.308,10.178587688173826,20.324587688173825,5.308,2,Large,1,LargeColossal,0.5
centinela,2026-09-01,9,base,2.133587688173825,5.308,1.6425876881738248,4.034587688173825,5.308,2,Large,1,LargeColossal,0.5
centinela,2026-12-01,12,base,26.324587688173825,5.308,10.047587688173826,23.316587688173826,5.308,2,Large,1,LargeColossal,0.5
centinela,2027-06-01,18,base,19.120587688173824,5.308,9.967587688173825,14.424587688173824,5.308,2,Large,1,LargeColossal,0.5
centinela,2027-12-01,24,base,27.672587688173824,5.308,10.946587688173825,16.232587688173826,5.308,2,Large,1,LargeColossal,0.5
centinela,2028-06-01,30,base,29.348587688173826,5.308,10.935587688173825,27.448587688173824,5.308,2,Large,1,LargeColossal,0.5
centinela,2028-12-01,36,base,27.504587688173824,5.308,11.143587688173826,23.660587688173823,5.308,2,Large,1,LargeColossal,0.5
centinela,2029-06-01,42,base,28.200587688173826,5.308,11.537587688173826,25.924587688173826,5.308,2,Large,1,LargeColossal,0.5
centinela,2029-12-01,48,base,25.721587688173823,5.308,11.101587688173826,27.506587688173823,5.308,2,Large,1,LargeColossal,0.5
centinela,2030-06-01,54,base,26.326587688173824,5.308,11.614587688173826,26.036587688173825,5.308,2,Large,1,LargeColossal,0.5
centinela,2030-12-01,60,base,25.893587688173824,5.308,10.711587688173825,27.817587688173823,5.308,2,Large,1,LargeColossal,0.5
centinela,2031-12-01,72,base,26.408587688173824,5.308,10.863587688173824,28.250587688173827,5.308,2,Large,1,LargeColossal,0.5
centinela,2032-12-01,84,base,26.449587688173825,5.308,10.867587688173826,27.123587688173824,5.308,2,Large,1,LargeColossal,0.5
centinela,2026-01-01,1,base,6.042587688173825,16.713,3.6085876881738246,13.394587688173825,16.713,2,Large,1,LargeColossal,0.5
centinela,2026-03-01,3,base,6.109587688173825,16.713,3.162587688173825,15.970587688173826,16.713,2,Large,1,LargeColossal,0.5
centinela,2026-06-01,6,base,43.32658768817383,16.713,25.327587688173825,18.233587688173824,16.713,2,Large,1,LargeColossal,0.5
centinela,2026-09-01,9,base,8.268587688173826,16.713,4.740587688173825,17.447587688173826,16.713,2,Large,1,LargeColossal,0.5
centinela,2026-12-01,12,base,43.502587688173826,16.713,28.910587688173823,16.999587688173825,16.713,2,Large,1,LargeColossal,0.5
centinela,2027-06-01,18,base,44.502587688173826,16.713,17.404587688173827,16.672587688173824,16.713,2,Large,1,LargeColossal,0.5
centinela,2027-12-01,24,base,51.21958768817383,16.713,23.975587688173825,19.285587688173823,16.713,2,Large,1,LargeColossal,0.5
centinela,2028-06-01,30,base,52.84558768817383,16.713,28.541587688173824,24.965587688173827,16.713,2,Large,1,LargeColossal,0.5
centinela,2028-12-01,36,base,50.185587688173825,16.713,26.899587688173824,25.514587688173826,16.713,2,Large,1,LargeColossal,0.5
centinela,2029-06-01,42,base,83.65858768817382,16.713,29.244587688173826,27.636587688173826,16.713,2,Large,1,LargeColossal,0.5
centinela,2029-12-01,48,base,85.03958768817382,16.713,27.048587688173825,24.219587688173824,16.713,2,Large,1,LargeColossal,0.5
centinela,2030-06-01,54,base,82.61358768817382,16.713,27.058587688173827,22.645587688173826,16.713,2,Large,1,LargeColossal,0.5
centinela,2030-12-01,60,base,82.14858768817383,16.713,25.972587688173824,25.065587688173824,16.713,2,Large,1,LargeColossal,0.5
centinela,2031-12-01,72,base,80.92358768817382,16.713,26.310587688173825,33.93058768817383,16.713,2,Large,1,LargeColossal,0.5
centinela,2032-12-01,84,base,78.86558768817383,16.713,26.076587688173824,31.367587688173824,16.713,2,Large,1,LargeColossal,0.5
chuquicamata,2026-01-01,1,base,14.291180522427277,49.033,8.262180522427277,34.16818052242728,49.033,3,Colossal,2,LargeColossal,0.5
chuquicamata,2026-03-01,3,base,13.966180522427278,49.033,7.280180522427278,37.68218052242728,49.033,3,Colossal,2,LargeColossal,0.5
chuquicamata,2026-06-01,6,base,107.45418052242727,49.033,48.83018052242728,52.49118052242728,49.033,3,Colossal,2,LargeColossal,0.5
chuquicamata,2026-09-01,9,base,20.178180522427276,49.033,9.284180522427276,38.980180522427275,49.033,3,Colossal,2,LargeColossal,0.5
chuquicamata,2026-12-01,12,base,91.00618052242727,49.033,67.08918052242727,54.08018052242728,49.033,3,Colossal,2,LargeColossal,0.5
chuquicamata,2027-06-01,18,base,100.07718052242727,49.033,62.35618052242727,66.42718052242726,49.033,3,Colossal,2,LargeColossal,0.5
chuquicamata,2027-12-01,24,base,108.83618052242727,49.033,92.19318052242727,71.72818052242727,49.033,3,Colossal,2,LargeColossal,0.5
chuquicamata,2028-06-01,30,base,100.40918052242728,49.033,61.92918052242728,69.48518052242727,49.033,3,Colossal,2,LargeColossal,0.5
chuquicamata,2028-12-01,36,base,117.27318052242727,49.033,91.51618052242728,78.79718052242727,49.033,3,Colossal,2,LargeColossal,0.5
chuquicamata,2029-06-01,42,base,213.93318052242728,49.033,99.72618052242727,75.73918052242728,49.033,3,Colossal,2,LargeColossal,0.5
chuquicamata,2029-12-01,48,base,204.28018052242726,49.033,95.30018052242727,85.34218052242727,49.033,3,Colossal,2,LargeColossal,0.5
chuquicamata,2030-06-01,54,base,231.50018052242726,49.033,100.77218052242728,88.59018052242727,49.033,3,Colossal,2,LargeColossal,0.5
chuquicamata,2030-12-01,60,base,228.98918052242726,49.033,90.92618052242727,106.68618052242726,49.033,3,Colossal,2,LargeColossal,0.5
chuquicamata,2031-12-01,72,base,233.88118052242726,49.033,94.02318052242727,111.50418052242728,49.033,3,Colossal,2,LargeColossal,0.5
chuquicamata,2032-12-01,84,base,216.23118052242728,49.033,91.66818052242728,116.36018052242727,49.033,3,Colossal,2,LargeColossal,0.5
collahuasi,2026-01-01,1,base,20.220866441651808,36.159,12.138866441651809,25.87286644165181,36.159,3,Colossal,2,LargeColossal,0.5
collahuasi,2026-03-01,3,base,19.54886644165181,36.159,6.695866441651807,26.075866441651804,36.159,3,Colossal,2,LargeColossal,0.5
collahuasi,2026-06-01,6,base,35.3328664416518,36.159,56.56986644165181,33.1438664416518,36.159,3,Colossal,2,LargeColossal,0.5
collahuasi,2026-09-01,9,base,9.405866441651808,36.159,0.8038664416518078,22.62886644165181,36.159,3,Colossal,2,LargeColossal,0.5
collahuasi,2026-12-01,12,base,94.7408664416518,36.159,52.32186644165181,51.206866441651805,36.159,3,Colossal,2,LargeColossal,0.5
collahuasi,2027-06-01,18,base,99.57586644165181,36.159,72.2848664416518,44.1098664416518,36.159,3,Colossal,2,LargeColossal,0.5
collahuasi,2027-12-01,24,base,97.1308664416518,36.159,68.6898664416518,48.315866441651806,36.159,3,Colossal,2,LargeColossal,0.5
collahuasi,2028-06-01,30,base,92.1808664416518,36.159,66.2878664416518,50.33986644165181,36.159,3,Colossal,2,LargeColossal,0.5
collahuasi,2028-12-01,36,base,83.2798664416518,36.159,64.61686644165181,48.169866441651806,36.159,3,Colossal,2,LargeColossal,0.5
collahuasi,2029-06-01,42,base,98.7878664416518,36.159,71.99186644165181,47.57186644165181,36.159,3,Colossal,2,LargeColossal,0.5
collahuasi,2029-12-01,48,base,135.3618664416518,36.159,68.4848664416518,70.7048664416518,36.159,3,Colossal,2,LargeColossal,0.5
collahuasi,2030-06-01,54,base,158.20986644165183,36.159,66.8298664416518,57.7848664416518,36.159,3,Colossal,2,LargeColossal,0.5
collahuasi,2030-12-01,60,base,163.15586644165182,36.159,62.70586644165181,69.35486644165181,36.159,3,Colossal,2,LargeColossal,0.5
collahuasi,2031-12-01,72,base,161.45486644165183,36.159,62.4698664416518,60.73586644165181,36.159,3,Colossal,2,LargeColossal,0.5
collahuasi,2032-12-01,84,base,157.95986644165183,36.159,63.35786644165181,76.03686644165181,36.159,3,Colossal,2,LargeColossal,0.5
el abra,2026-01-01,1,base,8.176413055088846,7.62,7.562413055088846,9.504413055088845,7.62,1,Medium,2,SmallMed,0.5
el abra,2026-03-01,3,base,7.645413055088846,7.62,7.332413055088845,9.268413055088844,7.62,1,Medium,2,SmallMed,0.5
el abra,2026-06-01,6,base,13.582413055088846,7.62,9.365413055088846,10.260413055088845,7.62,1,Medium,2,SmallMed,0.5
el abra,2026-09-01,9,base,6.853413055088845,7.62,6.002413055088845,9.478413055088845,7.62,1,Medium,2,SmallMed,0.5
el abra,2026-12-01,12,base,16.927413055088845,7.62,9.093413055088845,10.132413055088845,7.62,1,Medium,2,SmallMed,0.5
el abra,2027-06-01,18,base,14.378413055088846,7.62,8.576413055088844,9.727413055088846,7.62,1,Medium,2,SmallMed,0.5
el abra,2027-12-01,24,base,16.827413055088844,7.62,8.308413055088845,9.222413055088845,7.62,1,Medium,2,SmallMed,0.5
el abra,2028-06-01,30,base,16.438413055088844,7.62,8.326413055088844,9.569413055088846,7.62,1,Medium,2,SmallMed,0.5
el abra,2028-12-01,36,base,17.236413055088846,7.62,7.979413055088846,9.268413055088844,7.62,1,Medium,2,SmallMed,0.5
el abra,2029-06-01,42,base,17.431413055088846,7.62,8.082413055088844,9.748413055088845,7.62,1,Medium,2,SmallMed,0.5
el abra,2029-12-01,48,base,16.346413055088846,7.62,8.190413055088845,8.999413055088844,7.62,1,Medium,2,SmallMed,0.5
el abra,2030-06-01,54,base,18.829413055088846,7.62,8.108413055088844,9.049413055088845,7.62,1,Medium,2,SmallMed,0.5
el abra,2030-12-01,60,base,15.454413055088846,7.62,8.077413055088845,9.312413055088845,7.62,1,Medium,2,SmallMed,0.5
el abra,2031-12-01,72,base,15.275413055088846,7.62,7.7104130550888454,9.053413055088845,7.62,1,Medium,2,SmallMed,0.5
el abra,2032-12-01,84,base,14.705413055088846,7.62,7.639413055088846,9.074413055088845,7.62,1,Medium,2,SmallMed,0.5
el soldado,2026-01-01,1,base,3.845482320667034,3.312,2.668482320667034,4.263482320667034,3.312,0,Small,1,SmallMed,0.5
el soldado,2026-03-01,3,base,4.442482320667034,3.312,2.524482320667034,4.604482320667034,3.312,0,Small,1,SmallMed,0.5
el soldado,2026-06-01,6,base,2.466482320667034,3.312,2.942482320667034,3.429482320667034,3.312,0,Small,1,SmallMed,0.5
el soldado,2026-09-01,9,base,9.265482320667035,3.312,2.349482320667034,5.215482320667034,3.312,0,Small,1,SmallMed,0.5
el soldado,2026-12-01,12,base,2.394482320667034,3.312,2.322482320667034,3.337482320667034,3.312,0,Small,1,SmallMed,0.5
el soldado,2027-06-01,18,base,2.4754823206670338,3.312,1.814482320667034,3.362482320667034,3.312,0,Small,1,SmallMed,0.5
el soldado,2027-12-01,24,base,1.965482320667034,3.312,1.594482320667034,3.305482320667034,3.312,0,Small,1,SmallMed,0.5
el soldado,2028-06-01,30,base,2.105482320667034,3.312,1.584482320667034,3.255482320667034,3.312,0,Small,1,SmallMed,0.5
el soldado,2028-12-01,36,base,1.637482320667034,3.312,1.499482320667034,3.169482320667034,3.312,0,Small,1,SmallMed,0.5
el soldado,2029-06-01,42,base,1.728482320667034,3.312,1.673482320667034,3.197482320667034,3.312,0,Small,1,SmallMed,0.5
el soldado,2029-12-01,48,base,1.419482320667034,3.312,1.609482320667034,2.966482320667034,3.312,0,Small,1,SmallMed,0.5
el soldado,2030-06-01,54,base,1.501482320667034,3.312,1.659482320667034,3.033482320667034,3.312,0,Small,1,SmallMed,0.5
el soldado,2030-12-01,60,base,1.481482320667034,3.312,1.451482320667034,2.916482320667034,3.312,0,Small,1,SmallMed,0.5
el soldado,2031-12-01,72,base,1.567482320667034,3.312,1.811482320667034,2.983482320667034,3.312,0,Small,1,SmallMed,0.5
el soldado,2032-12-01,84,base,1.512482320667034,3.312,1.630482320667034,3.017482320667034,3.312,0,Small,1,SmallMed,0.5
el teniente,2026-01-01,1,base,15.007849693628552,28.587,9.685849693628553,19.667849693628554,28.587,3,Colossal,2,LargeColossal,0.5
el teniente,2026-03-01,3,base,12.265849693628551,28.587,4.063849693628553,20.265849693628553,28.587,3,Colossal,2,LargeColossal,0.5
el teniente,2026-06-01,6,base,69.25384969362855,28.587,43.658849693628554,24.538849693628556,28.587,3,Colossal,2,LargeColossal,0.5
el teniente,2026-09-01,9,base,6.0488496936285525,28.587,0.0,18.99284969362855,28.587,3,Colossal,2,LargeColossal,0.5
el teniente,2026-12-01,12,base,66.26284969362855,28.587,44.90284969362855,25.745849693628557,28.587,3,Colossal,2,LargeColossal,0.5
el teniente,2027-06-01,18,base,58.65684969362856,28.587,48.56784969362855,28.130849693628555,28.587,3,Colossal,2,LargeColossal,0.5
el teniente,2027-12-01,24,base,87.50684969362855,28.587,49.23584969362855,31.65384969362855,28.587,3,Colossal,2,LargeColossal,0.5
el teniente,2028-06-01,30,base,74.58784969362856,28.587,48.53184969362855,36.05584969362855,28.587,3,Colossal,2,LargeColossal,0.5
el teniente,2028-12-01,36,base,69.98684969362856,28.587,47.176849693628554,31.186849693628552,28.587,3,Colossal,2,LargeColossal,0.5
el teniente,2029-06-01,42,base,117.51584969362855,28.587,51.691849693628555,35.801849693628554,28.587,3,Colossal,2,LargeColossal,0.5
el teniente,2029-12-01,48,base,119.18384969362855,28.587,48.61984969362855,36.75384969362855,28.587,3,Colossal,2,LargeColossal,0.5
el teniente,2030-06-01,54,base,130.85384969362855,28.587,50.78484969362855,38.69384969362856,28.587,3,Colossal,2,LargeColossal,0.5
el teniente,2030-12-01,60,base,128.25884969362855,28.587,46.167849693628554,45.26384969362855,28.587,3,Colossal,2,LargeColossal,0.5
el teniente,2031-12-01,72,base,130.68984969362853,28.587,45.87684969362856,45.59184969362855,28.587,3,Colossal,2,LargeColossal,0.5
el teniente,2032-12-01,84,base,124.26784969362855,28.587,45.977849693628556,50.16884969362855,28.587,3,Colossal,2,LargeColossal,0.5
escondida,2026-01-01,1,base,119.19851034857783,111.535,84.86751034857782,129.93451034857785,111.535,3,Colossal,2,LargeColossal,0.5
escondida,2026-03-01,3,base,116.93651034857783,111.535,73.51351034857782,130.15051034857782,111.535,3,Colossal,2,LargeColossal,0.5
escondida,2026-06-01,6,base,152.93251034857784,111.535,203.33351034857785,132.45751034857784,111.535,3,Colossal,2,LargeColossal,0.5
escondida,2026-09-01,9,base,75.95651034857782,111.535,49.79651034857783,132.74051034857783,111.535,3,Colossal,2,LargeColossal,0.5
escondida,2026-12-01,12,base,245.81651034857785,111.535,175.51651034857784,131.13151034857785,111.535,3,Colossal,2,LargeColossal,0.5
escondida,2027-06-01,18,base,291.41351034857786,111.535,222.31251034857783,136.44651034857785,111.535,3,Colossal,2,LargeColossal,0.5
escondida,2027-12-01,24,base,343.2975103485778,111.535,221.14951034857785,142.12651034857785,111.535,3,Colossal,2,LargeColossal,0.5
escondida,2028-06-01,30,base,269.0765103485778,111.535,198.42551034857783,133.00051034857785,111.535,3,Colossal,2,LargeColossal,0.5
escondida,2028-12-01,36,base,298.45551034857783,111.535,211.29551034857784,142.31651034857785,111.535,3,Colossal,2,LargeColossal,0.5
escondida,2029-06-01,42,base,354.57951034857786,111.535,232.26951034857785,140.58751034857784,111.535,3,Colossal,2,LargeColossal,0.5
escondida,2029-12-01,48,base,470.38351034857783,111.535,219.80651034857783,142.36351034857785,111.535,3,Colossal,2,LargeColossal,0.5
escondida,2030-06-01,54,base,546.8315103485778,111.535,215.57851034857785,145.57051034857784,111.535,3,Colossal,2,LargeColossal,0.5
escondida,2030-12-01,60,base,528.5285103485778,111.535,209.50351034857783,150.08351034857785,111.535,3,Colossal,2,LargeColossal,0.5
escondida,2031-12-01,72,base,540.6485103485778,111.535,208.80051034857783,152.82251034857785,111.535,3,Colossal,2,LargeColossal,0.5
escondida,2032-12-01,84,base,521.2405103485778,111.535,212.60351034857783,152.09251034857783,111.535,3,Colossal,2,LargeColossal,0.5
franke,2026-01-01,1,base,0.5787841274580234,0.832,0.33678412745802355,0.5687841274580234,0.832,0,Small,0,SmallMed,0.5
franke,2026-03-01,3,base,0.8327841274580234,0.832,0.2507841274580235,0.6777841274580236,0.832,0,Small,0,SmallMed,0.5
franke,2026-06-01,6,base,0.21078412745802355,0.832,0.6047841274580235,0.46178412745802355,0.832,0,Small,0,SmallMed,0.5
franke,2026-09-01,9,base,1.4557841274580234,0.832,0.0287841274580235,0.8017841274580235,0.832,0,Small,0,SmallMed,0.5
franke,2026-12-01,12,base,0.09178412745802356,0.832,0.8307841274580234,0.44378412745802354,0.832,0,Small,0,SmallMed,0.5
franke,2027-06-01,18,base,0.10978412745802357,0.832,0.8787841274580235,0.44178412745802353,0.832,0,Small,0,SmallMed,0.5
franke,2027-12-01,24,base,0.0007841274580235313,0.832,0.9187841274580235,0.4157841274580235,0.832,0,Small,0,SmallMed,0.5
franke,2028-06-01,30,base,0.056784127458023526,0.832,1.2937841274580235,0.4107841274580235,0.832,0,Small,0,SmallMed,0.5
franke,2028-12-01,36,base,0.012784127458023542,0.832,1.2127841274580236,0.4107841274580235,0.832,0,Small,0,SmallMed,0.5
franke,2029-06-01,42,base,0.032784127458023504,0.832,1.3507841274580235,0.3957841274580235,0.832,0,Small,0,SmallMed,0.5
franke,2029-12-01,48,base,0.0,0.832,1.3067841274580236,0.4147841274580235,0.832,0,Small,0,SmallMed,0.5
franke,2030-06-01,54,base,0.0,0.832,1.4287841274580235,0.4127841274580235,0.832,0,Small,0,SmallMed,0.5
franke,2030-12-01,60,base,0.0,0.832,1.6367841274580235,0.3967841274580235,0.832,0,Small,0,SmallMed,0.5
franke,2031-12-01,72,base,0.0,0.832,1.3537841274580236,0.3607841274580236,0.832,0,Small,0,SmallMed,0.5
franke,2032-12-01,84,base,0.0,0.832,1.4567841274580235,0.3617841274580236,0.832,0,Small,0,SmallMed,0.5
gabriela mistral,2026-01-01,1,base,6.374687864244526,8.049,5.835687864244527,8.388687864244526,8.049,1,Medium,2,SmallMed,0.5
gabriela mistral,2026-03-01,3,base,6.038687864244526,8.049,5.417687864244527,8.176687864244526,8.049,1,Medium,2,SmallMed,0.5
gabriela mistral,2026-06-01,6,base,10.892687864244527,8.049,8.148687864244527,9.460687864244527,8.049,1,Medium,2,SmallMed,0.5
gabriela mistral,2026-09-01,9,base,5.180687864244527,8.049,4.192687864244528,8.491687864244527,8.049,1,Medium,2,SmallMed,0.5
gabriela mistral,2026-12-01,12,base,15.310687864244526,8.049,9.299687864244527,9.815687864244527,8.049,1,Medium,2,SmallMed,0.5
gabriela mistral,2027-06-01,18,base,14.213687864244527,8.049,8.653687864244526,9.404687864244526,8.049,1,Medium,2,SmallMed,0.5
gabriela mistral,2027-12-01,24,base,16.086687864244528,8.049,9.136687864244527,8.414687864244527,8.049,1,Medium,2,SmallMed,0.5
gabriela mistral,2028-06-01,30,base,14.318687864244527,8.049,8.910687864244526,8.395687864244527,8.049,1,Medium,2,SmallMed,0.5
gabriela mistral,2028-12-01,36,base,17.35468786424453,8.049,10.070687864244526,8.234687864244526,8.049,1,Medium,2,SmallMed,0.5
gabriela mistral,2029-06-01,42,base,16.23268786424453,8.049,10.100687864244527,8.256687864244526,8.049,1,Medium,2,SmallMed,0.5
gabriela mistral,2029-12-01,48,base,15.222687864244527,8.049,9.559687864244527,8.438687864244526,8.049,1,Medium,2,SmallMed,0.5
gabriela mistral,2030-06-01,54,base,16.688687864244528,8.049,8.934687864244527,9.004687864244527,8.049,1,Medium,2,SmallMed,0.5
gabriela mistral,2030-12-01,60,base,14.379687864244527,8.049,10.364687864244527,7.914687864244527,8.049,1,Medium,2,SmallMed,0.5
gabriela mistral,2031-12-01,72,base,14.544687864244526,8.049,10.278687864244526,8.196687864244527,8.049,1,Medium,2,SmallMed,0.5
gabriela mistral,2032-12-01,84,base,13.632687864244527,8.049,11.544687864244526,8.343687864244526,8.049,1,Medium,2,SmallMed,0.5
lomas bayas,2026-01-01,1,base,5.493103449374686,5.809,4.692103449374686,6.1371034493746865,5.809,1,Medium,2,SmallMed,0.5
lomas bayas,2026-03-01,3,base,5.532103449374686,5.809,4.478103449374687,5.755103449374686,5.809,1,Medium,2,SmallMed,0.5
lomas bayas,2026-06-01,6,base,7.026103449374687,5.809,5.211103449374686,6.6211034493746865,5.809,1,Medium,2,SmallMed,0.5
lomas bayas,2026-09-01,9,base,4.216103449374686,5.809,4.441103449374687,5.942103449374686,5.809,1,Medium,2,SmallMed,0.5
lomas bayas,2026-12-01,12,base,10.890103449374685,5.809,4.933103449374687,7.050103449374687,5.809,1,Medium,2,SmallMed,0.5
lomas bayas,2027-06-01,18,base,12.867103449374685,5.809,5.229103449374686,7.034103449374687,5.809,1,Medium,2,SmallMed,0.5
lomas bayas,2027-12-01,24,base,12.932103449374685,5.809,5.029103449374686,6.036103449374687,5.809,1,Medium,2,SmallMed,0.5
lomas bayas,2028-06-01,30,base,12.100103449374686,5.809,4.985103449374686,6.632103449374687,5.809,1,Medium,2,SmallMed,0.5
lomas bayas,2028-12-01,36,base,14.308103449374686,5.809,5.067103449374686,6.444103449374686,5.809,1,Medium,2,SmallMed,0.5
lomas bayas,2029-06-01,42,base,14.019103449374686,5.809,5.148103449374687,5.870103449374686,5.809,1,Medium,2,SmallMed,0.5
lomas bayas,2029-12-01,48,base,12.630103449374685,5.809,5.050103449374687,6.087103449374687,5.809,1,Medium,2,SmallMed,0.5
lomas bayas,2030-06-01,54,base,13.289103449374686,5.809,5.168103449374686,6.5811034493746865,5.809,1,Medium,2,SmallMed,0.5
lomas bayas,2030-12-01,60,base,11.514103449374685,5.809,5.094103449374686,5.9241034493746865,5.809,1,Medium,2,SmallMed,0.5
lomas bayas,2031-12-01,72,base,11.450103449374685,5.809,4.631103449374686,6.101103449374686,5.809,1,Medium,2,SmallMed,0.5
lomas bayas,2032-12-01,84,base,11.155103449374685,5.809,4.765103449374687,6.314103449374686,5.809,1,Medium,2,SmallMed,0.5
los bronces,2026-01-01,1,base,0.7412501092497301,13.436,0.0,3.6332501092497314,13.436,2,Large,2,LargeColossal,0.5
los bronces,2026-03-01,3,base,0.4442501092497313,13.436,0.0,4.10925010924973,13.436,2,Large,2,LargeColossal,0.5
los bronces,2026-06-01,6,base,11.490250109249732,13.436,2.637250109249731,7.1252501092497305,13.436,2,Large,2,LargeColossal,0.5
los bronces,2026-09-01,9,base,0.0,13.436,0.0,1.3402501092497303,13.436,2,Large,2,LargeColossal,0.5
los bronces,2026-12-01,12,base,31.873250109249728,13.436,15.864250109249731,12.853250109249732,13.436,2,Large,2,LargeColossal,0.5
los bronces,2027-06-01,18,base,32.006250109249734,13.436,13.393250109249731,11.888250109249732,13.436,2,Large,2,LargeColossal,0.5
los bronces,2027-12-01,24,base,28.00325010924973,13.436,13.269250109249732,11.38625010924973,13.436,2,Large,2,LargeColossal,0.5
los bronces,2028-06-01,30,base,30.90025010924973,13.436,12.097250109249732,12.22125010924973,13.436,2,Large,2,LargeColossal,0.5
los bronces,2028-12-01,36,base,27.52225010924973,13.436,13.329250109249731,8.687250109249732,13.436,2,Large,2,LargeColossal,0.5
los bronces,2029-06-01,42,base,52.399250109249735,13.436,13.748250109249732,14.713250109249731,13.436,2,Large,2,LargeColossal,0.5
los bronces,2029-12-01,48,base,46.15125010924973,13.436,13.26725010924973,26.12825010924973,13.436,2,Large,2,LargeColossal,0.5
los bronces,2030-06-01,54,base,55.02325010924973,13.436,11.989250109249731,28.292250109249732,13.436,2,Large,2,LargeColossal,0.5
los bronces,2030-12-01,60,base,50.14225010924973,13.436,12.19425010924973,27.661250109249732,13.436,2,Large,2,LargeColossal,0.5
los bronces,2031-12-01,72,base,52.24025010924973,13.436,12.132250109249732,27.206250109249734,13.436,2,Large,2,LargeColossal,0.5
los bronces,2032-12-01,84,base,48.47425010924974,13.436,12.510250109249732,41.929250109249736,13.436,2,Large,2,LargeColossal,0.5
los pelambres,2026-01-01,1,base,18.516555496529048,28.777,15.254555496529047,26.080555496529048,28.777,3,Colossal,1,LargeColossal,0.5
los pelambres,2026-03-01,3,base,10.920555496529047,28.777,7.964555496529049,25.65155549652905,28.777,3,Colossal,1,LargeColossal,0.5
los pelambres,2026-06-01,6,base,90.90555549652905,28.777,46.320555496529046,28.15155549652905,28.777,3,Colossal,1,LargeColossal,0.5
los pelambres,2026-09-01,9,base,10.96855549652905,28.777,5.72855549652905,26.542555496529047,28.777,3,Colossal,1,LargeColossal,0.5
los pelambres,2026-12-01,12,base,81.41255549652905,28.777,46.933555496529046,25.222555496529047,28.777,3,Colossal,1,LargeColossal,0.5
los pelambres,2027-06-01,18,base,78.93155549652904,28.777,53.61155549652905,27.63255549652905,28.777,3,Colossal,1,LargeColossal,0.5
los pelambres,2027-12-01,24,base,75.44955549652904,28.777,50.11755549652905,25.784555496529048,28.777,3,Colossal,1,LargeColossal,0.5
los pelambres,2028-06-01,30,base,71.31855549652904,28.777,52.634555496529046,28.69955549652905,28.777,3,Colossal,1,LargeColossal,0.5
los pelambres,2028-12-01,36,base,73.36755549652905,28.777,51.204555496529046,31.10555549652905,28.777,3,Colossal,1,LargeColossal,0.5
los pelambres,2029-06-01,42,base,126.23655549652904,28.777,57.485555496529045,35.86455549652905,28.777,3,Colossal,1,LargeColossal,0.5
los pelambres,2029-12-01,48,base,125.84955549652904,28.777,53.25755549652905,32.89655549652905,28.777,3,Colossal,1,LargeColossal,0.5
los pelambres,2030-06-01,54,base,137.29155549652904,28.777,56.07855549652905,32.265555496529046,28.777,3,Colossal,1,LargeColossal,0.5
los pelambres,2030-12-01,60,base,133.87255549652906,28.777,49.994555496529046,31.02955549652905,28.777,3,Colossal,1,LargeColossal,0.5
los pelambres,2031-12-01,72,base,135.15055549652905,28.777,50.00455549652905,41.67955549652905,28.777,3,Colossal,1,LargeColossal,0.5
los pelambres,2032-12-01,84,base,132.56355549652906,28.777,51.11155549652905,39.99355549652905,28.777,3,Colossal,1,LargeColossal,0.5
mantos blancos,2026-01-01,1,base,5.966624976605976,5.033,5.0956249766059765,6.614624976605977,5.033,1,Medium,1,SmallMed,0.5
mantos blancos,2026-03-01,3,base,6.053624976605977,5.033,4.927624976605976,6.4626249766059765,5.033,1,Medium,1,SmallMed,0.5
mantos blancos,2026-06-01,6,base,5.282624976605977,5.033,4.916624976605976,5.943624976605976,5.033,1,Medium,1,SmallMed,0.5
mantos blancos,2026-09-01,9,base,6.078624976605976,5.033,4.173624976605977,6.259624976605976,5.033,1,Medium,1,SmallMed,0.5
mantos blancos,2026-12-01,12,base,5.091624976605976,5.033,6.009624976605976,6.381624976605976,5.033,1,Medium,1,SmallMed,0.5
mantos blancos,2027-06-01,18,base,5.1516249766059765,5.033,5.738624976605976,6.948624976605976,5.033,1,Medium,1,SmallMed,0.5
mantos blancos,2027-12-01,24,base,4.706624976605976,5.033,5.556624976605977,6.6436249766059765,5.033,1,Medium,1,SmallMed,0.5
mantos blancos,2028-06-01,30,base,3.878624976605977,5.033,5.804624976605976,7.015624976605976,5.033,1,Medium,1,SmallMed,0.5
mantos blancos,2028-12-01,36,base,3.630624976605977,5.033,5.602624976605976,6.424624976605976,5.033,1,Medium,1,SmallMed,0.5
mantos blancos,2029-06-01,42,base,3.929624976605977,5.033,5.775624976605976,6.286624976605976,5.033,1,Medium,1,SmallMed,0.5
mantos blancos,2029-12-01,48,base,3.602624976605977,5.033,5.8616249766059765,6.391624976605977,5.033,1,Medium,1,SmallMed,0.5
mantos blancos,2030-06-01,54,base,4.017624976605977,5.033,5.967624976605976,6.278624976605976,5.033,1,Medium,1,SmallMed,0.5
mantos blancos,2030-12-01,60,base,3.676624976605977,5.033,6.355624976605976,6.211624976605976,5.033,1,Medium,1,SmallMed,0.5
mantos blancos,2031-12-01,72,base,3.731624976605977,5.033,5.504624976605976,6.406624976605976,5.033,1,Medium,1,SmallMed,0.5
mantos blancos,2032-12-01,84,base,3.8066249766059768,5.033,5.491624976605976,6.181624976605977,5.033,1,Medium,1,SmallMed,0.5
mantoverde,2026-01-01,1,base,9.700337184509493,10.747,7.332337184509494,12.538337184509494,10.747,1,Medium,1,SmallMed,0.5
mantoverde,2026-03-01,3,base,9.844337184509493,10.747,7.2143371845094935,13.379337184509493,10.747,1,Medium,1,SmallMed,0.5
mantoverde,2026-06-01,6,base,17.321337184509495,10.747,16.476337184509493,13.382337184509494,10.747,1,Medium,1,SmallMed,0.5
mantoverde,2026-09-01,9,base,8.813337184509495,10.747,5.782337184509494,13.981337184509494,10.747,1,Medium,1,SmallMed,0.5
mantoverde,2026-12-01,12,base,20.067337184509494,10.747,15.690337184509493,13.257337184509494,10.747,1,Medium,1,SmallMed,0.5
mantoverde,2027-06-01,18,base,18.713337184509495,10.747,15.747337184509494,13.281337184509495,10.747,1,Medium,1,SmallMed,0.5
mantoverde,2027-12-01,24,base,21.659337184509493,10.747,16.557337184509496,11.821337184509494,10.747,1,Medium,1,SmallMed,0.5
mantoverde,2028-06-01,30,base,19.365337184509492,10.747,17.965337184509494,13.244337184509494,10.747,1,Medium,1,SmallMed,0.5
mantoverde,2028-12-01,36,base,23.339337184509493,10.747,17.675337184509495,12.615337184509494,10.747,1,Medium,1,SmallMed,0.5
mantoverde,2029-06-01,42,base,26.697337184509493,10.747,19.280337184509495,12.686337184509494,10.747,1,Medium,1,SmallMed,0.5
mantoverde,2029-12-01,48,base,25.928337184509495,10.747,19.347337184509495,12.241337184509494,10.747,1,Medium,1,SmallMed,0.5
mantoverde,2030-06-01,54,base,28.562337184509495,10.747,18.907337184509494,12.234337184509494,10.747,1,Medium,1,SmallMed,0.5
mantoverde,2030-12-01,60,base,26.650337184509493,10.747,17.702337184509492,12.313337184509495,10.747,1,Medium,1,SmallMed,0.5
mantoverde,2031-12-01,72,base,26.909337184509493,10.747,18.963337184509495,12.032337184509494,10.747,1,Medium,1,SmallMed,0.5
mantoverde,2032-12-01,84,base,23.045337184509492,10.747,17.479337184509493,11.932337184509494,10.747,1,Medium,1,SmallMed,0.5
ministro hales,2026-01-01,1,base,8.940320936792322,20.749,4.958320936792322,14.533320936792324,20.749,2,Large,2,LargeColossal,0.5
ministro hales,2026-03-01,3,base,6.488320936792322,20.749,2.257320936792322,15.206320936792322,20.749,2,Large,2,LargeColossal,0.5
ministro hales,2026-06-01,6,base,36.99532093679232,20.749,17.08932093679232,17.90332093679232,20.749,2,Large,2,LargeColossal,0.5
ministro hales,2026-09-01,9,base,5.597320936792322,20.749,2.645320936792322,14.796320936792322,20.749,2,Large,2,LargeColossal,0.5
ministro hales,2026-12-01,12,base,46.96432093679232,20.749,30.459320936792324,20.15532093679232,20.749,2,Large,2,LargeColossal,0.5
ministro hales,2027-06-01,18,base,41.44232093679232,20.749,14.035320936792322,19.517320936792323,20.749,2,Large,2,LargeColossal,0.5
ministro hales,2027-12-01,24,base,61.450320936792316,20.749,30.68932093679232,17.27732093679232,20.749,2,Large,2,LargeColossal,0.5
ministro hales,2028-06-01,30,base,40.85232093679232,20.749,16.34232093679232,14.785320936792322,20.749,2,Large,2,LargeColossal,0.5
ministro hales,2028-12-01,36,base,54.68632093679232,20.749,28.892320936792323,14.886320936792321,20.749,2,Large,2,LargeColossal,0.5
ministro hales,2029-06-01,42,base,88.22932093679233,20.749,29.066320936792323,15.659320936792321,20.749,2,Large,2,LargeColossal,0.5
ministro hales,2029-12-01,48,base,83.15332093679233,20.749,32.37332093679232,17.255320936792323,20.749,2,Large,2,LargeColossal,0.5
ministro hales,2030-06-01,54,base,96.48632093679232,20.749,30.417320936792322,15.656320936792321,20.749,2,Large,2,LargeColossal,0.5
ministro hales,2030-12-01,60,base,93.70032093679232,20.749,29.999320936792323,15.636320936792321,20.749,2,Large,2,LargeColossal,0.5
ministro hales,2031-12-01,72,base,96.01632093679233,20.749,29.819320936792323,15.809320936792323,20.749,2,Large,2,LargeColossal,0.5
ministro hales,2032-12-01,84,base,86.83732093679232,20.749,29.737320936792322,15.829320936792323,20.749,2,Large,2,LargeColossal,0.5
ojos del salado,2026-01-01,1,base,0.29362944301744576,1.335,0.04962944301744587,0.5456294430174458,1.335,0,Small,0,SmallMed,0.5
ojos del salado,2026-03-01,3,base,0.24462944301744582,1.335,0.02262944301744585,0.5436294430174458,1.335,0,Small,0,SmallMed,0.5
ojos del salado,2026-06-01,6,base,1.4576294430174457,1.335,0.8026294430174459,0.5596294430174458,1.335,0,Small,0,SmallMed,0.5
ojos del salado,2026-09-01,9,base,0.0,1.335,0.0,0.5126294430174458,1.335,0,Small,0,SmallMed,0.5
ojos del salado,2026-12-01,12,base,2.3766294430174457,1.335,1.120629443017446,0.5176294430174457,1.335,0,Small,0,SmallMed,0.5
ojos del salado,2027-06-01,18,base,1.9086294430174457,1.335,1.160629443017446,0.5536294430174458,1.335,0,Small,0,SmallMed,0.5
ojos del salado,2027-12-01,24,base,3.218629443017446,1.335,1.5166294430174458,0.6006294430174459,1.335,0,Small,0,SmallMed,0.5
ojos del salado,2028-06-01,30,base,2.0376294430174458,1.335,1.434629443017446,0.7436294430174459,1.335,0,Small,0,SmallMed,0.5
ojos del salado,2028-12-01,36,base,2.573629443017446,1.335,1.4206294430174458,0.8976294430174458,1.335,0,Small,0,SmallMed,0.5
ojos del salado,2029-06-01,42,base,3.032629443017446,1.335,1.6386294430174457,0.9226294430174458,1.335,0,Small,0,SmallMed,0.5
ojos del salado,2029-12-01,48,base,3.3086294430174457,1.335,1.8876294430174458,0.8066294430174459,1.335,0,Small,0,SmallMed,0.5
ojos del salado,2030-06-01,54,base,4.097629443017446,1.335,2.016629443017446,0.8026294430174459,1.335,0,Small,0,SmallMed,0.5
ojos del salado,2030-12-01,60,base,3.953629443017446,1.335,1.914629443017446,0.7626294430174458,1.335,0,Small,0,SmallMed,0.5
ojos del salado,2031-12-01,72,base,4.083629443017446,1.335,1.8476294430174458,1.1916294430174457,1.335,0,Small,0,SmallMed,0.5
ojos del salado,2032-12-01,84,base,4.283629443017446,1.335,1.5526294430174459,2.075629443017446,1.335,0,Small,0,SmallMed,0.5
otros,2026-01-01,1,base,7.628933456703334,10.176,6.347933456703333,10.208933456703335,10.176,2,Large,2,LargeColossal,0.5
otros,2026-03-01,3,base,7.496933456703334,10.176,5.105933456703333,9.838933456703334,10.176,2,Large,2,LargeColossal,0.5
otros,2026-06-01,6,base,11.720933456703332,10.176,13.903933456703335,10.542933456703334,10.176,2,Large,2,LargeColossal,0.5
otros,2026-09-01,9,base,3.7399334567033335,10.176,1.3599334567033332,9.796933456703332,10.176,2,Large,2,LargeColossal,0.5
otros,2026-12-01,12,base,30.36593345670333,10.176,18.366933456703332,10.223933456703332,10.176,2,Large,2,LargeColossal,0.5
otros,2027-06-01,18,base,29.03493345670333,10.176,17.543933456703332,10.650933456703335,10.176,2,Large,2,LargeColossal,0.5
otros,2027-12-01,24,base,28.854933456703332,10.176,18.169933456703333,10.386933456703332,10.176,2,Large,2,LargeColossal,0.5
otros,2028-06-01,30,base,27.32193345670333,10.176,16.49093345670333,10.694933456703332,10.176,2,Large,2,LargeColossal,0.5
otros,2028-12-01,36,base,27.736933456703333,10.176,19.06693345670333,10.134933456703333,10.176,2,Large,2,LargeColossal,0.5
otros,2029-06-01,42,base,32.43893345670334,10.176,19.062933456703334,10.962933456703333,10.176,2,Large,2,LargeColossal,0.5
otros,2029-12-01,48,base,44.110933456703336,10.176,18.104933456703332,10.912933456703332,10.176,2,Large,2,LargeColossal,0.5
otros,2030-06-01,54,base,48.65293345670334,10.176,19.181933456703334,11.190933456703334,10.176,2,Large,2,LargeColossal,0.5
otros,2030-12-01,60,base,47.717933456703335,10.176,17.49393345670333,11.047933456703333,10.176,2,Large,2,LargeColossal,0.5
otros,2031-12-01,72,base,48.388933456703334,10.176,17.697933456703332,10.941933456703332,10.176,2,Large,2,LargeColossal,0.5
otros,2032-12-01,84,base,46.757933456703334,10.176,18.979933456703332,11.445933456703333,10.176,2,Large,2,LargeColossal,0.5
radomiro tomic,2026-01-01,1,base,26.564894102444836,30.287,20.609894102444834,31.302894102444835,30.287,3,Colossal,2,LargeColossal,0.5
radomiro tomic,2026-03-01,3,base,22.050894102444836,30.287,13.162894102444836,33.072894102444835,30.287,3,Colossal,2,LargeColossal,0.5
radomiro tomic,2026-06-01,6,base,100.03689410244483,30.287,58.087894102444835,34.807894102444834,30.287,3,Colossal,2,LargeColossal,0.5
radomiro tomic,2026-09-01,9,base,19.266894102444834,30.287,12.778894102444836,31.276894102444835,30.287,3,Colossal,2,LargeColossal,0.5
radomiro tomic,2026-12-01,12,base,81.19089410244483,30.287,55.044894102444836,34.737894102444834,30.287,3,Colossal,2,LargeColossal,0.5
radomiro tomic,2027-06-01,18,base,75.04189410244483,30.287,58.45889410244484,39.02889410244484,30.287,3,Colossal,2,LargeColossal,0.5
radomiro tomic,2027-12-01,24,base,85.23789410244484,30.287,60.03389410244483,41.02789410244483,30.287,3,Colossal,2,LargeColossal,0.5
radomiro tomic,2028-06-01,30,base,78.03989410244483,30.287,63.032894102444835,46.801894102444834,30.287,3,Colossal,2,LargeColossal,0.5
radomiro tomic,2028-12-01,36,base,83.75189410244484,30.287,64.22489410244484,45.615894102444834,30.287,3,Colossal,2,LargeColossal,0.5
radomiro tomic,2029-06-01,42,base,134.62889410244483,30.287,68.54689410244484,55.300894102444836,30.287,3,Colossal,2,LargeColossal,0.5
radomiro tomic,2029-12-01,48,base,135.75489410244484,30.287,63.813894102444834,53.675894102444836,30.287,3,Colossal,2,LargeColossal,0.5
radomiro tomic,2030-06-01,54,base,151.12789410244483,30.287,66.90289410244483,62.499894102444834,30.287,3,Colossal,2,LargeColossal,0.5
radomiro tomic,2030-12-01,60,base,148.37689410244482,30.287,60.41589410244484,61.21089410244483,30.287,3,Colossal,2,LargeColossal,0.5
radomiro tomic,2031-12-01,72,base,154.36889410244484,30.287,59.87989410244484,62.444894102444835,30.287,3,Colossal,2,LargeColossal,0.5
radomiro tomic,2032-12-01,84,base,146.69689410244484,30.287,61.14989410244483,65.89889410244483,30.287,3,Colossal,2,LargeColossal,0.5
salvador,2026-01-01,1,base,9.313491163525505,11.498,1.632491163525506,9.822491163525505,11.498,0,Small,2,SmallMed,0.5
salvador,2026-03-01,3,base,9.411491163525506,11.498,3.0944911635255057,9.403491163525505,11.498,0,Small,2,SmallMed,0.5
salvador,2026-06-01,6,base,8.399491163525505,11.498,5.6364911635255055,10.059491163525506,11.498,0,Small,2,SmallMed,0.5
salvador,2026-09-01,9,base,9.018491163525505,11.498,8.463491163525505,9.343491163525506,11.498,0,Small,2,SmallMed,0.5
salvador,2026-12-01,12,base,7.5884911635255055,11.498,7.3494911635255065,8.498491163525506,11.498,0,Small,2,SmallMed,0.5
salvador,2027-06-01,18,base,6.659491163525505,11.498,2.6974911635255054,9.519491163525506,11.498,0,Small,2,SmallMed,0.5
salvador,2027-12-01,24,base,5.428491163525505,11.498,1.3074911635255058,8.670491163525506,11.498,0,Small,2,SmallMed,0.5
salvador,2028-06-01,30,base,4.307491163525506,11.498,0.5594911635255055,8.496491163525505,11.498,0,Small,2,SmallMed,0.5
salvador,2028-12-01,36,base,2.7424911635255054,11.498,1.6114911635255056,7.831491163525506,11.498,0,Small,2,SmallMed,0.5
salvador,2029-06-01,42,base,3.1074911635255056,11.498,4.270491163525506,7.805491163525506,11.498,0,Small,2,SmallMed,0.5
salvador,2029-12-01,48,base,5.470491163525506,11.498,0.8564911635255057,7.3094911635255055,11.498,0,Small,2,SmallMed,0.5
salvador,2030-06-01,54,base,11.965491163525506,11.498,0.8034911635255058,8.218491163525506,11.498,0,Small,2,SmallMed,0.5
salvador,2030-12-01,60,base,11.858491163525505,11.498,0.7964911635255056,7.864491163525505,11.498,0,Small,2,SmallMed,0.5
salvador,2031-12-01,72,base,12.103491163525506,11.498,0.7834911635255057,7.082491163525505,11.498,0,Small,2,SmallMed,0.5
salvador,2032-12-01,84,base,11.881491163525506,11.498,1.1414911635255058,7.100491163525506,11.498,0,Small,2,SmallMed,0.5
sierra gorda,2026-01-01,1,base,14.47448909423391,14.86,13.44248909423391,16.204489094233907,14.86,2,Large,1,LargeColossal,0.5
sierra gorda,2026-03-01,3,base,13.912489094233909,14.86,12.60948909423391,15.82448909423391,14.86,2,Large,1,LargeColossal,0.5
sierra gorda,2026-06-01,6,base,25.686489094233906,14.86,18.41248909423391,20.820489094233906,14.86,2,Large,1,LargeColossal,0.5
sierra gorda,2026-09-01,9,base,9.190489094233909,14.86,7.200489094233908,16.06348909423391,14.86,2,Large,1,LargeColossal,0.5
sierra gorda,2026-12-01,12,base,40.82748909423391,14.86,28.93848909423391,23.769489094233908,14.86,2,Large,1,LargeColossal,0.5
sierra gorda,2027-06-01,18,base,52.11848909423391,14.86,27.452489094233908,24.213489094233907,14.86,2,Large,1,LargeColossal,0.5
sierra gorda,2027-12-01,24,base,46.29148909423391,14.86,28.975489094233907,26.294489094233906,14.86,2,Large,1,LargeColossal,0.5
sierra gorda,2028-06-01,30,base,49.10148909423391,14.86,26.47948909423391,25.053489094233907,14.86,2,Large,1,LargeColossal,0.5
sierra gorda,2028-12-01,36,base,45.74548909423391,14.86,26.940489094233907,25.39248909423391,14.86,2,Large,1,LargeColossal,0.5
sierra gorda,2029-06-01,42,base,57.60448909423391,14.86,28.650489094233908,28.429489094233908,14.86,2,Large,1,LargeColossal,0.5
sierra gorda,2029-12-01,48,base,67.54548909423391,14.86,28.330489094233908,29.111489094233907,14.86,2,Large,1,LargeColossal,0.5
sierra gorda,2030-06-01,54,base,78.4214890942339,14.86,27.47648909423391,32.97148909423391,14.86,2,Large,1,LargeColossal,0.5
sierra gorda,2030-12-01,60,base,73.7784890942339,14.86,26.617489094233907,40.29948909423391,14.86,2,Large,1,LargeColossal,0.5
sierra gorda,2031-12-01,72,base,74.4544890942339,14.86,26.730489094233906,38.74248909423391,14.86,2,Large,1,LargeColossal,0.5
sierra gorda,2032-12-01,84,base,72.7964890942339,14.86,26.788489094233906,40.06048909423391,14.86,2,Large,1,LargeColossal,0.5
zaldivar,2026-01-01,1,base,6.5316046607644,9.391,4.635604660764401,8.0306046607644,9.391,1,Medium,1,SmallMed,0.5
zaldivar,2026-03-01,3,base,6.949604660764401,9.391,3.664604660764401,8.8306046607644,9.391,1,Medium,1,SmallMed,0.5
zaldivar,2026-06-01,6,base,9.1896046607644,9.391,11.1796046607644,10.1296046607644,9.391,1,Medium,1,SmallMed,0.5
zaldivar,2026-09-01,9,base,6.266604660764401,9.391,2.4896046607644005,9.0356046607644,9.391,1,Medium,1,SmallMed,0.5
zaldivar,2026-12-01,12,base,13.4156046607644,9.391,11.9746046607644,8.4236046607644,9.391,1,Medium,1,SmallMed,0.5
zaldivar,2027-06-01,18,base,15.940604660764398,9.391,11.9926046607644,9.1836046607644,9.391,1,Medium,1,SmallMed,0.5
zaldivar,2027-12-01,24,base,17.2876046607644,9.391,12.7016046607644,9.4526046607644,9.391,1,Medium,1,SmallMed,0.5
zaldivar,2028-06-01,30,base,16.5396046607644,9.391,10.6756046607644,9.9696046607644,9.391,1,Medium,1,SmallMed,0.5
zaldivar,2028-12-01,36,base,19.995604660764403,9.391,13.0686046607644,9.2016046607644,9.391,1,Medium,1,SmallMed,0.5
zaldivar,2029-06-01,42,base,20.364604660764403,9.391,14.3386046607644,9.1836046607644,9.391,1,Medium,1,SmallMed,0.5
zaldivar,2029-12-01,48,base,19.788604660764403,9.391,14.602604660764401,9.0716046607644,9.391,1,Medium,1,SmallMed,0.5
zaldivar,2030-06-01,54,base,22.8306046607644,9.391,13.7746046607644,9.2946046607644,9.391,1,Medium,1,SmallMed,0.5
zaldivar,2030-12-01,60,base,21.0146046607644,9.391,13.3956046607644,8.5566046607644,9.391,1,Medium,1,SmallMed,0.5
zaldivar,2031-12-01,72,base,21.1386046607644,9.391,13.9356046607644,8.352604660764401,9.391,1,Medium,1,SmallMed,0.5
zaldivar,2032-12-01,84,base,17.7406046607644,9.391,12.6416046607644,8.3796046607644,9.391,1,Medium,1,SmallMed,0.5
andacollo,2026-01-01,1,bull,2.877071884670798,5.487,1.4240718846707974,4.166071884670798,5.487,0,Small,1,SmallMed,0.8
andacollo,2026-03-01,3,bull,2.7400718846707974,5.487,1.5960718846707975,3.752071884670798,5.487,0,Small,1,SmallMed,0.8
andacollo,2026-06-01,6,bull,5.241071884670798,5.487,3.989071884670798,4.873071884670797,5.487,0,Small,1,SmallMed,0.8
andacollo,2026-09-01,9,bull,2.186071884670798,5.487,1.0470718846707976,4.091071884670797,5.487,0,Small,1,SmallMed,0.8
andacollo,2026-12-01,12,bull,10.345071884670798,5.487,3.723071884670798,3.649071884670798,5.487,0,Small,1,SmallMed,0.8
andacollo,2027-06-01,18,bull,10.392071884670798,5.487,2.7290718846707973,3.8620718846707973,5.487,0,Small,1,SmallMed,0.8
andacollo,2027-12-01,24,bull,13.978071884670797,5.487,2.9050718846707975,3.5250718846707976,5.487,0,Small,1,SmallMed,0.8
andacollo,2028-06-01,30,bull,10.519071884670797,5.487,2.069071884670797,4.021071884670798,5.487,0,Small,1,SmallMed,0.8
andacollo,2028-12-01,36,bull,18.5030718846708,5.487,2.9400718846707976,4.016071884670798,5.487,0,Small,1,SmallMed,0.8
andacollo,2029-06-01,42,bull,20.379071884670797,5.487,4.685071884670798,4.516071884670798,5.487,0,Small,1,SmallMed,0.8
andacollo,2029-12-01,48,bull,17.5120718846708,5.487,4.817071884670797,3.6610718846707977,5.487,0,Small,1,SmallMed,0.8
andacollo,2030-06-01,54,bull,18.995071884670796,5.487,4.052071884670798,3.563071884670798,5.487,0,Small,1,SmallMed,0.8
andacollo,2030-12-01,60,bull,17.923071884670797,5.487,4.931071884670798,3.090071884670798,5.487,0,Small,1,SmallMed,0.8
andacollo,2031-12-01,72,bull,17.5520718846708,5.487,2.258071884670798,3.087071884670798,5.487,0,Small,1,SmallMed,0.8
andacollo,2032-12-01,84,bull,15.431071884670796,5.487,3.327071884670798,3.760071884670798,5.487,0,Small,1,SmallMed,0.8
andina,2026-01-01,1,bull,16.292725648118214,24.069,10.232725648118212,23.095725648118215,24.069,3,Colossal,2,LargeColossal,0.8
andina,2026-03-01,3,bull,11.750725648118213,24.069,6.536725648118212,23.810725648118215,24.069,3,Colossal,2,LargeColossal,0.8
andina,2026-06-01,6,bull,61.966725648118214,24.069,35.13672564811821,25.119725648118212,24.069,3,Colossal,2,LargeColossal,0.8
andina,2026-09-01,9,bull,11.554725648118213,24.069,7.792725648118212,24.801725648118214,24.069,3,Colossal,2,LargeColossal,0.8
andina,2026-12-01,12,bull,54.91572564811821,24.069,38.39172564811821,24.287725648118215,24.069,3,Colossal,2,LargeColossal,0.8
andina,2027-06-01,18,bull,58.96372564811821,24.069,36.62772564811821,25.152725648118214,24.069,3,Colossal,2,LargeColossal,0.8
andina,2027-12-01,24,bull,57.30072564811821,24.069,42.11272564811821,24.865725648118215,24.069,3,Colossal,2,LargeColossal,0.8
andina,2028-06-01,30,bull,58.658725648118214,24.069,33.83472564811821,24.382725648118214,24.069,3,Colossal,2,LargeColossal,0.8
andina,2028-12-01,36,bull,75.7597256481182,24.069,44.13072564811821,25.414725648118214,24.069,3,Colossal,2,LargeColossal,0.8
andina,2029-06-01,42,bull,113.12172564811821,24.069,49.08672564811821,26.159725648118215,24.069,3,Colossal,2,LargeColossal,0.8
andina,2029-12-01,48,bull,116.77372564811822,24.069,50.09272564811821,26.210725648118213,24.069,3,Colossal,2,LargeColossal,0.8
andina,2030-06-01,54,bull,119.62772564811821,24.069,51.93072564811821,26.625725648118213,24.069,3,Colossal,2,LargeColossal,0.8
andina,2030-12-01,60,bull,117.40672564811821,24.069,47.21072564811821,26.464725648118215,24.069,3,Colossal,2,LargeColossal,0.8
andina,2031-12-01,72,bull,122.55172564811821,24.069,44.05472564811821,25.005725648118215,24.069,3,Colossal,2,LargeColossal,0.8
andina,2032-12-01,84,bull,117.47572564811821,24.069,44.58672564811821,25.584725648118216,24.069,3,Colossal,2,LargeColossal,0.8
antucoya,2026-01-01,1,bull,6.957713037216917,8.211,6.460713037216917,8.270713037216916,8.211,1,Medium,1,SmallMed,0.8
antucoya,2026-03-01,3,bull,6.737713037216917,8.211,5.838713037216917,8.257713037216917,8.211,1,Medium,1,SmallMed,0.8
antucoya,2026-06-01,6,bull,14.188713037216917,8.211,10.885713037216917,12.529713037216917,8.211,1,Medium,1,SmallMed,0.8
antucoya,2026-09-01,9,bull,6.347713037216916,8.211,4.503713037216917,8.123713037216918,8.211,1,Medium,1,SmallMed,0.8
antucoya,2026-12-01,12,bull,15.868713037216917,8.211,12.723713037216918,13.422713037216917,8.211,1,Medium,1,SmallMed,0.8
antucoya,2027-06-01,18,bull,15.404713037216917,8.211,13.001713037216916,14.230713037216917,8.211,1,Medium,1,SmallMed,0.8
antucoya,2027-12-01,24,bull,16.871713037216917,8.211,13.286713037216916,12.735713037216916,8.211,1,Medium,1,SmallMed,0.8
antucoya,2028-06-01,30,bull,16.481713037216917,8.211,12.580713037216917,13.624713037216917,8.211,1,Medium,1,SmallMed,0.8
antucoya,2028-12-01,36,bull,18.467713037216917,8.211,13.684713037216916,12.663713037216917,8.211,1,Medium,1,SmallMed,0.8
antucoya,2029-06-01,42,bull,19.941713037216918,8.211,15.040713037216916,15.839713037216917,8.211,1,Medium,1,SmallMed,0.8
antucoya,2029-12-01,48,bull,18.86671303721692,8.211,15.000713037216917,18.778713037216917,8.211,1,Medium,1,SmallMed,0.8
antucoya,2030-06-01,54,bull,21.734713037216917,8.211,14.650713037216917,19.322713037216918,8.211,1,Medium,1,SmallMed,0.8
antucoya,2030-12-01,60,bull,20.281713037216917,8.211,14.472713037216916,15.751713037216916,8.211,1,Medium,1,SmallMed,0.8
antucoya,2031-12-01,72,bull,20.393713037216916,8.211,14.618713037216917,15.383713037216916,8.211,1,Medium,1,SmallMed,0.8
antucoya,2032-12-01,84,bull,18.030713037216916,8.211,13.459713037216916,20.809713037216916,8.211,1,Medium,1,SmallMed,0.8
atacama kozan,2026-01-01,1,bull,0.9902145014724918,1.067,0.8302145014724919,1.1732145014724917,1.067,0,Small,0,SmallMed,0.8
atacama kozan,2026-03-01,3,bull,0.9462145014724919,1.067,0.7502145014724918,1.1992145014724918,1.067,0,Small,0,SmallMed,0.8
atacama kozan,2026-06-01,6,bull,1.976214501472492,1.067,1.6772145014724917,1.2132145014724918,1.067,0,Small,0,SmallMed,0.8
atacama kozan,2026-09-01,9,bull,0.7292145014724919,1.067,0.5802145014724919,1.1342145014724918,1.067,0,Small,0,SmallMed,0.8
atacama kozan,2026-12-01,12,bull,3.4882145014724917,1.067,1.873214501472492,1.266214501472492,1.067,0,Small,0,SmallMed,0.8
atacama kozan,2027-06-01,18,bull,2.292214501472492,1.067,1.790214501472492,1.3042145014724917,1.067,0,Small,0,SmallMed,0.8
atacama kozan,2027-12-01,24,bull,2.6372145014724917,1.067,1.865214501472492,1.230214501472492,1.067,0,Small,0,SmallMed,0.8
atacama kozan,2028-06-01,30,bull,2.042214501472492,1.067,1.988214501472492,1.3432145014724919,1.067,0,Small,0,SmallMed,0.8
atacama kozan,2028-12-01,36,bull,2.747214501472492,1.067,2.095214501472492,1.5972145014724919,1.067,0,Small,0,SmallMed,0.8
atacama kozan,2029-06-01,42,bull,3.4362145014724916,1.067,2.398214501472492,1.6022145014724918,1.067,0,Small,0,SmallMed,0.8
atacama kozan,2029-12-01,48,bull,3.4642145014724917,1.067,2.253214501472492,1.5392145014724918,1.067,0,Small,0,SmallMed,0.8
atacama kozan,2030-06-01,54,bull,3.385214501472492,1.067,2.384214501472492,1.5452145014724918,1.067,0,Small,0,SmallMed,0.8
atacama kozan,2030-12-01,60,bull,3.4712145014724918,1.067,2.3712145014724917,1.4652145014724918,1.067,0,Small,0,SmallMed,0.8
atacama kozan,2031-12-01,72,bull,3.6052145014724917,1.067,2.457214501472492,1.9062145014724918,1.067,0,Small,0,SmallMed,0.8
atacama kozan,2032-12-01,84,bull,3.365214501472492,1.067,2.507214501472492,2.6372145014724917,1.067,0,Small,0,SmallMed,0.8
candelaria,2026-01-01,1,bull,11.591641661937867,11.228,9.456641661937867,12.891641661937868,11.228,2,Large,1,LargeColossal,0.8
candelaria,2026-03-01,3,bull,12.195641661937866,11.228,8.667641661937868,14.200641661937867,11.228,2,Large,1,LargeColossal,0.8
candelaria,2026-06-01,6,bull,18.240641661937868,11.228,20.355641661937867,16.074641661937868,11.228,2,Large,1,LargeColossal,0.8
candelaria,2026-09-01,9,bull,6.964641661937868,11.228,4.860641661937868,14.990641661937868,11.228,2,Large,1,LargeColossal,0.8
candelaria,2026-12-01,12,bull,31.895641661937866,11.228,24.090641661937866,15.685641661937867,11.228,2,Large,1,LargeColossal,0.8
candelaria,2027-06-01,18,bull,38.913641661937866,11.228,23.565641661937867,16.66064166193787,11.228,2,Large,1,LargeColossal,0.8
candelaria,2027-12-01,24,bull,40.222641661937864,11.228,23.506641661937866,15.853641661937868,11.228,2,Large,1,LargeColossal,0.8
candelaria,2028-06-01,30,bull,36.05864166193787,11.228,20.742641661937867,16.60464166193787,11.228,2,Large,1,LargeColossal,0.8
candelaria,2028-12-01,36,bull,36.86764166193787,11.228,22.408641661937867,16.44164166193787,11.228,2,Large,1,LargeColossal,0.8
candelaria,2029-06-01,42,bull,42.292641661937864,11.228,22.29364166193787,17.269641661937868,11.228,2,Large,1,LargeColossal,0.8
candelaria,2029-12-01,48,bull,54.37364166193787,11.228,21.634641661937867,16.43864166193787,11.228,2,Large,1,LargeColossal,0.8
candelaria,2030-06-01,54,bull,61.93364166193787,11.228,21.703641661937866,16.93364166193787,11.228,2,Large,1,LargeColossal,0.8
candelaria,2030-12-01,60,bull,58.761641661937865,11.228,20.663641661937866,17.36864166193787,11.228,2,Large,1,LargeColossal,0.8
candelaria,2031-12-01,72,bull,59.39164166193787,11.228,20.759641661937867,17.733641661937867,11.228,2,Large,1,LargeColossal,0.8
candelaria,2032-12-01,84,bull,57.36364166193787,11.228,20.776641661937866,17.646641661937867,11.228,2,Large,1,LargeColossal,0.8
caserones,2026-01-01,1,bull,12.075709386873445,15.225,8.734709386873446,16.055709386873446,15.225,2,Large,1,LargeColossal,0.8
caserones,2026-03-01,3,bull,10.911709386873445,15.225,5.499709386873445,15.700709386873445,15.225,2,Large,1,LargeColossal,0.8
caserones,2026-06-01,6,bull,31.880709386873445,15.225,27.200709386873445,16.565709386873444,15.225,2,Large,1,LargeColossal,0.8
caserones,2026-09-01,9,bull,7.029709386873445,15.225,5.705709386873445,15.436709386873446,15.225,2,Large,1,LargeColossal,0.8
caserones,2026-12-01,12,bull,40.948709386873446,15.225,23.364709386873447,19.493709386873444,15.225,2,Large,1,LargeColossal,0.8
caserones,2027-06-01,18,bull,43.90270938687345,15.225,18.585709386873447,20.985709386873445,15.225,2,Large,1,LargeColossal,0.8
caserones,2027-12-01,24,bull,38.74570938687345,15.225,17.751709386873443,25.002709386873445,15.225,2,Large,1,LargeColossal,0.8
caserones,2028-06-01,30,bull,41.83370938687345,15.225,18.223709386873445,24.581709386873445,15.225,2,Large,1,LargeColossal,0.8
caserones,2028-12-01,36,bull,45.82770938687345,15.225,24.113709386873445,24.708709386873444,15.225,2,Large,1,LargeColossal,0.8
caserones,2029-06-01,42,bull,75.92270938687344,15.225,26.371709386873444,25.263709386873444,15.225,2,Large,1,LargeColossal,0.8
caserones,2029-12-01,48,bull,67.32570938687344,15.225,26.943709386873444,28.624709386873445,15.225,2,Large,1,LargeColossal,0.8
caserones,2030-06-01,54,bull,80.00370938687344,15.225,24.673709386873444,27.360709386873445,15.225,2,Large,1,LargeColossal,0.8
caserones,2030-12-01,60,bull,75.73370938687344,15.225,23.707709386873447,36.40370938687345,15.225,2,Large,1,LargeColossal,0.8
caserones,2031-12-01,72,bull,75.71670938687345,15.225,23.021709386873447,38.314709386873446,15.225,2,Large,1,LargeColossal,0.8
caserones,2032-12-01,84,bull,70.14370938687344,15.225,23.147709386873444,37.63870938687345,15.225,2,Large,1,LargeColossal,0.8
centinela,2026-01-01,1,bull,1.6385876881738248,5.308,0.928587688173825,3.979587688173825,5.308,2,Large,1,LargeColossal,0.8
centinela,2026-03-01,3,bull,1.653587688173825,5.308,1.640587688173825,3.6665876881738253,5.308,2,Large,1,LargeColossal,0.8
centinela,2026-06-01,6,bull,23.569587688173826,5.308,10.807587688173825,18.891587688173825,5.308,2,Large,1,LargeColossal,0.8
centinela,2026-09-01,9,bull,1.9985876881738251,5.308,1.8485876881738248,4.079587688173825,5.308,2,Large,1,LargeColossal,0.8
centinela,2026-12-01,12,bull,27.249587688173825,5.308,9.465587688173825,22.985587688173826,5.308,2,Large,1,LargeColossal,0.8
centinela,2027-06-01,18,bull,19.449587688173825,5.308,8.948587688173825,14.167587688173825,5.308,2,Large,1,LargeColossal,0.8
centinela,2027-12-01,24,bull,28.076587688173824,5.308,10.079587688173826,27.554587688173825,5.308,2,Large,1,LargeColossal,0.8
centinela,2028-06-01,30,bull,29.634587688173823,5.308,10.160587688173825,24.086587688173825,5.308,2,Large,1,LargeColossal,0.8
centinela,2028-12-01,36,bull,27.706587688173826,5.308,10.522587688173825,26.700587688173826,5.308,2,Large,1,LargeColossal,0.8
centinela,2029-06-01,42,bull,28.407587688173823,5.308,10.944587688173826,26.257587688173825,5.308,2,Large,1,LargeColossal,0.8
centinela,2029-12-01,48,bull,25.535587688173823,5.308,10.490587688173825,27.502587688173826,5.308,2,Large,1,LargeColossal,0.8
centinela,2030-06-01,54,bull,26.663587688173823,5.308,10.996587688173825,26.034587688173826,5.308,2,Large,1,LargeColossal,0.8
centinela,2030-12-01,60,bull,25.976587688173826,5.308,10.100587688173825,28.703587688173826,5.308,2,Large,1,LargeColossal,0.8
centinela,2031-12-01,72,bull,26.492587688173824,5.308,10.247587688173825,28.419587688173824,5.308,2,Large,1,LargeColossal,0.8
centinela,2032-12-01,84,bull,26.570587688173823,5.308,10.247587688173825,27.286587688173825,5.308,2,Large,1,LargeColossal,0.8
centinela,2026-01-01,1,bull,6.073587688173825,16.713,3.673587688173825,13.329587688173826,16.713,2,Large,1,LargeColossal,0.8
centinela,2026-03-01,3,bull,6.074587688173825,16.713,3.1805876881738246,15.345587688173826,16.713,2,Large,1,LargeColossal,0.8
centinela,2026-06-01,6,bull,43.959587688173826,16.713,26.210587688173824,20.684587688173824,16.713,2,Large,1,LargeColossal,0.8
centinela,2026-09-01,9,bull,8.318587688173825,16.713,5.087587688173825,16.292587688173825,16.713,2,Large,1,LargeColossal,0.8
centinela,2026-12-01,12,bull,44.05658768817383,16.713,27.817587688173823,18.415587688173826,16.713,2,Large,1,LargeColossal,0.8
centinela,2027-06-01,18,bull,44.005587688173826,16.713,16.719587688173824,17.517587688173826,16.713,2,Large,1,LargeColossal,0.8
centinela,2027-12-01,24,bull,50.569587688173826,16.713,24.278587688173825,20.817587688173823,16.713,2,Large,1,LargeColossal,0.8
centinela,2028-06-01,30,bull,53.29958768817383,16.713,25.606587688173825,26.282587688173823,16.713,2,Large,1,LargeColossal,0.8
centinela,2028-12-01,36,bull,49.261587688173826,16.713,25.202587688173825,25.589587688173825,16.713,2,Large,1,LargeColossal,0.8
centinela,2029-06-01,42,bull,84.37358768817383,16.713,26.805587688173826,31.409587688173826,16.713,2,Large,1,LargeColossal,0.8
centinela,2029-12-01,48,bull,85.76558768817382,16.713,28.612587688173825,26.751587688173824,16.713,2,Large,1,LargeColossal,0.8
centinela,2030-06-01,54,bull,83.29558768817382,16.713,26.493587688173825,25.275587688173825,16.713,2,Large,1,LargeColossal,0.8
centinela,2030-12-01,60,bull,82.74058768817383,16.713,26.437587688173824,26.910587688173823,16.713,2,Large,1,LargeColossal,0.8
centinela,2031-12-01,72,bull,81.33758768817383,16.713,21.803587688173824,31.29558768817383,16.713,2,Large,1,LargeColossal,0.8
centinela,2032-12-01,84,bull,79.31958768817383,16.713,24.244587688173826,34.75758768817383,16.713,2,Large,1,LargeColossal,0.8
chuquicamata,2026-01-01,1,bull,14.427180522427276,49.033,8.071180522427275,34.14118052242728,49.033,3,Colossal,2,LargeColossal,0.8
chuquicamata,2026-03-01,3,bull,13.927180522427276,49.033,7.157180522427277,36.96318052242728,49.033,3,Colossal,2,LargeColossal,0.8
chuquicamata,2026-06-01,6,bull,107.41018052242727,49.033,49.69818052242728,54.37718052242728,49.033,3,Colossal,2,LargeColossal,0.8
chuquicamata,2026-09-01,9,bull,20.411180522427273,49.033,9.420180522427275,38.60918052242728,49.033,3,Colossal,2,LargeColossal,0.8
chuquicamata,2026-12-01,12,bull,90.37918052242728,49.033,68.09718052242727,58.788180522427275,49.033,3,Colossal,2,LargeColossal,0.8
chuquicamata,2027-06-01,18,bull,99.39418052242728,49.033,62.85818052242728,68.79218052242727,49.033,3,Colossal,2,LargeColossal,0.8
chuquicamata,2027-12-01,24,bull,101.93118052242727,49.033,92.76618052242728,73.87418052242727,49.033,3,Colossal,2,LargeColossal,0.8
chuquicamata,2028-06-01,30,bull,100.18118052242727,49.033,62.96718052242728,72.55418052242727,49.033,3,Colossal,2,LargeColossal,0.8
chuquicamata,2028-12-01,36,bull,117.05618052242727,49.033,91.52318052242727,77.25618052242727,49.033,3,Colossal,2,LargeColossal,0.8
chuquicamata,2029-06-01,42,bull,213.55018052242727,49.033,100.11918052242727,78.06218052242727,49.033,3,Colossal,2,LargeColossal,0.8
chuquicamata,2029-12-01,48,bull,203.91418052242727,49.033,96.49518052242728,96.24018052242727,49.033,3,Colossal,2,LargeColossal,0.8
chuquicamata,2030-06-01,54,bull,232.98418052242727,49.033,102.72918052242727,98.52418052242727,49.033,3,Colossal,2,LargeColossal,0.8
chuquicamata,2030-12-01,60,bull,230.45818052242728,49.033,92.44118052242727,116.96318052242727,49.033,3,Colossal,2,LargeColossal,0.8
chuquicamata,2031-12-01,72,bull,233.60318052242727,49.033,89.14218052242727,109.61318052242727,49.033,3,Colossal,2,LargeColossal,0.8
chuquicamata,2032-12-01,84,bull,218.41818052242726,49.033,88.11118052242728,129.84718052242727,49.033,3,Colossal,2,LargeColossal,0.8
collahuasi,2026-01-01,1,bull,21.005866441651804,36.159,11.59286644165181,25.812866441651806,36.159,3,Colossal,2,LargeColossal,0.8
collahuasi,2026-03-01,3,bull,19.947866441651804,36.159,4.472866441651808,26.382866441651807,36.159,3,Colossal,2,LargeColossal,0.8
collahuasi,2026-06-01,6,bull,33.3628664416518,36.159,56.1538664416518,33.17186644165181,36.159,3,Colossal,2,LargeColossal,0.8
collahuasi,2026-09-01,9,bull,10.172866441651808,36.159,0.9648664416518073,22.43386644165181,36.159,3,Colossal,2,LargeColossal,0.8
collahuasi,2026-12-01,12,bull,137.24386644165182,36.159,47.569866441651804,51.361866441651806,36.159,3,Colossal,2,LargeColossal,0.8
collahuasi,2027-06-01,18,bull,99.9188664416518,36.159,62.84086644165181,43.95886644165181,36.159,3,Colossal,2,LargeColossal,0.8
collahuasi,2027-12-01,24,bull,96.9348664416518,36.159,69.2378664416518,48.560866441651804,36.159,3,Colossal,2,LargeColossal,0.8
collahuasi,2028-06-01,30,bull,91.66486644165181,36.159,67.7138664416518,50.81486644165181,36.159,3,Colossal,2,LargeColossal,0.8
collahuasi,2028-12-01,36,bull,81.9018664416518,36.159,65.4278664416518,48.48286644165181,36.159,3,Colossal,2,LargeColossal,0.8
collahuasi,2029-06-01,42,bull,94.8158664416518,36.159,71.64086644165181,48.694866441651804,36.159,3,Colossal,2,LargeColossal,0.8
collahuasi,2029-12-01,48,bull,136.79386644165183,36.159,69.9518664416518,71.5208664416518,36.159,3,Colossal,2,LargeColossal,0.8
collahuasi,2030-06-01,54,bull,154.55986644165182,36.159,63.999866441651804,57.7938664416518,36.159,3,Colossal,2,LargeColossal,0.8
collahuasi,2030-12-01,60,bull,164.2358664416518,36.159,59.83386644165181,70.01886644165181,36.159,3,Colossal,2,LargeColossal,0.8
collahuasi,2031-12-01,72,bull,161.25586644165182,36.159,58.782866441651805,62.28086644165181,36.159,3,Colossal,2,LargeColossal,0.8
collahuasi,2032-12-01,84,bull,159.59486644165182,36.159,55.44186644165181,76.78686644165181,36.159,3,Colossal,2,LargeColossal,0.8
el abra,2026-01-01,1,bull,8.186413055088845,7.62,7.640413055088845,9.602413055088846,7.62,1,Medium,2,SmallMed,0.8
el abra,2026-03-01,3,bull,7.6894130550888455,7.62,7.400413055088846,9.081413055088845,7.62,1,Medium,2,SmallMed,0.8
el abra,2026-06-01,6,bull,13.436413055088845,7.62,9.396413055088846,10.352413055088846,7.62,1,Medium,2,SmallMed,0.8
el abra,2026-09-01,9,bull,6.728413055088845,7.62,6.019413055088846,10.759413055088846,7.62,1,Medium,2,SmallMed,0.8
el abra,2026-12-01,12,bull,16.819413055088845,7.62,9.095413055088844,8.886413055088845,7.62,1,Medium,2,SmallMed,0.8
el abra,2027-06-01,18,bull,14.259413055088846,7.62,8.994413055088845,9.239413055088844,7.62,1,Medium,2,SmallMed,0.8
el abra,2027-12-01,24,bull,15.674413055088845,7.62,8.634413055088846,9.101413055088845,7.62,1,Medium,2,SmallMed,0.8
el abra,2028-06-01,30,bull,15.627413055088846,7.62,8.414413055088845,9.936413055088845,7.62,1,Medium,2,SmallMed,0.8
el abra,2028-12-01,36,bull,15.627413055088846,7.62,7.995413055088846,9.875413055088845,7.62,1,Medium,2,SmallMed,0.8
el abra,2029-06-01,42,bull,16.804413055088844,7.62,8.108413055088844,9.210413055088845,7.62,1,Medium,2,SmallMed,0.8
el abra,2029-12-01,48,bull,16.510413055088843,7.62,8.052413055088845,9.660413055088846,7.62,1,Medium,2,SmallMed,0.8
el abra,2030-06-01,54,bull,18.984413055088847,7.62,8.134413055088846,10.157413055088846,7.62,1,Medium,2,SmallMed,0.8
el abra,2030-12-01,60,bull,16.497413055088845,7.62,8.039413055088845,9.585413055088846,7.62,1,Medium,2,SmallMed,0.8
el abra,2031-12-01,72,bull,15.164413055088845,7.62,7.720413055088845,8.937413055088845,7.62,1,Medium,2,SmallMed,0.8
el abra,2032-12-01,84,bull,14.696413055088845,7.62,7.589413055088846,10.251413055088845,7.62,1,Medium,2,SmallMed,0.8
el soldado,2026-01-01,1,bull,3.811482320667034,3.312,2.674482320667034,4.263482320667034,3.312,0,Small,1,SmallMed,0.8
el soldado,2026-03-01,3,bull,4.449482320667035,3.312,2.540482320667034,4.547482320667035,3.312,0,Small,1,SmallMed,0.8
el soldado,2026-06-01,6,bull,2.488482320667034,3.312,2.938482320667034,3.500482320667034,3.312,0,Small,1,SmallMed,0.8
el soldado,2026-09-01,9,bull,9.208482320667034,3.312,2.370482320667034,5.327482320667034,3.312,0,Small,1,SmallMed,0.8
el soldado,2026-12-01,12,bull,2.415482320667034,3.312,2.347482320667034,3.454482320667034,3.312,0,Small,1,SmallMed,0.8
el soldado,2027-06-01,18,bull,2.490482320667034,3.312,2.060482320667034,3.470482320667034,3.312,0,Small,1,SmallMed,0.8
el soldado,2027-12-01,24,bull,1.883482320667034,3.312,1.693482320667034,3.410482320667034,3.312,0,Small,1,SmallMed,0.8
el soldado,2028-06-01,30,bull,2.128482320667034,3.312,1.583482320667034,3.361482320667034,3.312,0,Small,1,SmallMed,0.8
el soldado,2028-12-01,36,bull,1.668482320667034,3.312,1.491482320667034,3.306482320667034,3.312,0,Small,1,SmallMed,0.8
el soldado,2029-06-01,42,bull,1.650482320667034,3.312,1.642482320667034,3.382482320667034,3.312,0,Small,1,SmallMed,0.8
el soldado,2029-12-01,48,bull,1.428482320667034,3.312,1.598482320667034,3.328482320667034,3.312,0,Small,1,SmallMed,0.8
el soldado,2030-06-01,54,bull,1.500482320667034,3.312,1.671482320667034,3.037482320667034,3.312,0,Small,1,SmallMed,0.8
el soldado,2030-12-01,60,bull,1.501482320667034,3.312,1.385482320667034,3.267482320667034,3.312,0,Small,1,SmallMed,0.8
el soldado,2031-12-01,72,bull,1.621482320667034,3.312,1.807482320667034,3.022482320667034,3.312,0,Small,1,SmallMed,0.8
el soldado,2032-12-01,84,bull,1.524482320667034,3.312,1.654482320667034,3.256482320667034,3.312,0,Small,1,SmallMed,0.8
el teniente,2026-01-01,1,bull,14.906849693628553,28.587,9.799849693628554,19.643849693628553,28.587,3,Colossal,2,LargeColossal,0.8
el teniente,2026-03-01,3,bull,12.220849693628553,28.587,4.060849693628553,20.377849693628555,28.587,3,Colossal,2,LargeColossal,0.8
el teniente,2026-06-01,6,bull,69.31384969362855,28.587,44.280849693628554,23.940849693628557,28.587,3,Colossal,2,LargeColossal,0.8
el teniente,2026-09-01,9,bull,5.0218496936285515,28.587,0.0,21.857849693628552,28.587,3,Colossal,2,LargeColossal,0.8
el teniente,2026-12-01,12,bull,66.12584969362855,28.587,44.161849693628554,20.945849693628553,28.587,3,Colossal,2,LargeColossal,0.8
el teniente,2027-06-01,18,bull,58.26984969362856,28.587,49.22684969362855,24.615849693628554,28.587,3,Colossal,2,LargeColossal,0.8
el teniente,2027-12-01,24,bull,88.15384969362856,28.587,47.96084969362855,24.634849693628553,28.587,3,Colossal,2,LargeColossal,0.8
el teniente,2028-06-01,30,bull,74.48984969362856,28.587,49.310849693628555,28.655849693628554,28.587,3,Colossal,2,LargeColossal,0.8
el teniente,2028-12-01,36,bull,68.82184969362855,28.587,49.13784969362855,30.209849693628556,28.587,3,Colossal,2,LargeColossal,0.8
el teniente,2029-06-01,42,bull,119.42084969362854,28.587,47.89984969362855,35.560849693628555,28.587,3,Colossal,2,LargeColossal,0.8
el teniente,2029-12-01,48,bull,118.95184969362855,28.587,46.103849693628554,31.09584969362855,28.587,3,Colossal,2,LargeColossal,0.8
el teniente,2030-06-01,54,bull,131.71084969362855,28.587,47.29684969362855,34.53184969362855,28.587,3,Colossal,2,LargeColossal,0.8
el teniente,2030-12-01,60,bull,129.10084969362853,28.587,43.46184969362855,35.112849693628554,28.587,3,Colossal,2,LargeColossal,0.8
el teniente,2031-12-01,72,bull,130.51684969362853,28.587,43.82384969362855,38.51084969362856,28.587,3,Colossal,2,LargeColossal,0.8
el teniente,2032-12-01,84,bull,125.55884969362855,28.587,43.82684969362855,45.13284969362856,28.587,3,Colossal,2,LargeColossal,0.8
escondida,2026-01-01,1,bull,119.14351034857782,111.535,85.08951034857783,129.52951034857784,111.535,3,Colossal,2,LargeColossal,0.8
escondida,2026-03-01,3,bull,116.88251034857782,111.535,73.24351034857783,129.61551034857783,111.535,3,Colossal,2,LargeColossal,0.8
escondida,2026-06-01,6,bull,152.68151034857783,111.535,186.94451034857784,138.67051034857784,111.535,3,Colossal,2,LargeColossal,0.8
escondida,2026-09-01,9,bull,80.27151034857782,111.535,49.435510348577836,128.10751034857785,111.535,3,Colossal,2,LargeColossal,0.8
escondida,2026-12-01,12,bull,249.27251034857784,111.535,182.63051034857784,129.36351034857785,111.535,3,Colossal,2,LargeColossal,0.8
escondida,2027-06-01,18,bull,290.96451034857785,111.535,220.63051034857784,139.78651034857785,111.535,3,Colossal,2,LargeColossal,0.8
escondida,2027-12-01,24,bull,342.7205103485778,111.535,218.51651034857784,138.13151034857785,111.535,3,Colossal,2,LargeColossal,0.8
escondida,2028-06-01,30,bull,267.94951034857786,111.535,199.49651034857783,133.46351034857784,111.535,3,Colossal,2,LargeColossal,0.8
escondida,2028-12-01,36,bull,297.95551034857783,111.535,209.17351034857785,143.47651034857785,111.535,3,Colossal,2,LargeColossal,0.8
escondida,2029-06-01,42,bull,353.98351034857785,111.535,215.72551034857784,145.38451034857783,111.535,3,Colossal,2,LargeColossal,0.8
escondida,2029-12-01,48,bull,474.6075103485778,111.535,204.43451034857785,143.15551034857785,111.535,3,Colossal,2,LargeColossal,0.8
escondida,2030-06-01,54,bull,518.5345103485778,111.535,202.01251034857785,147.67051034857784,111.535,3,Colossal,2,LargeColossal,0.8
escondida,2030-12-01,60,bull,531.7435103485778,111.535,195.23451034857783,150.20351034857785,111.535,3,Colossal,2,LargeColossal,0.8
escondida,2031-12-01,72,bull,537.2265103485778,111.535,197.08051034857783,153.51651034857784,111.535,3,Colossal,2,LargeColossal,0.8
escondida,2032-12-01,84,bull,526.2275103485779,111.535,200.30151034857784,155.36151034857784,111.535,3,Colossal,2,LargeColossal,0.8
franke,2026-01-01,1,bull,0.5797841274580235,0.832,0.31778412745802354,0.5687841274580234,0.832,0,Small,0,SmallMed,0.8
franke,2026-03-01,3,bull,0.8347841274580234,0.832,0.24378412745802358,0.6367841274580235,0.832,0,Small,0,SmallMed,0.8
franke,2026-06-01,6,bull,0.21678412745802356,0.832,0.5977841274580236,0.4977841274580235,0.832,0,Small,0,SmallMed,0.8
franke,2026-09-01,9,bull,1.4587841274580235,0.832,0.03578412745802351,0.7227841274580236,0.832,0,Small,0,SmallMed,0.8
franke,2026-12-01,12,bull,0.10278412745802357,0.832,0.8327841274580234,0.47178412745802356,0.832,0,Small,0,SmallMed,0.8
franke,2027-06-01,18,bull,0.11178412745802357,0.832,0.8777841274580236,0.45678412745802355,0.832,0,Small,0,SmallMed,0.8
franke,2027-12-01,24,bull,0.01078412745802354,0.832,1.0117841274580235,0.45278412745802354,0.832,0,Small,0,SmallMed,0.8
franke,2028-06-01,30,bull,0.057784127458023526,0.832,1.2947841274580236,0.4167841274580235,0.832,0,Small,0,SmallMed,0.8
franke,2028-12-01,36,bull,0.016784127458023546,0.832,1.2367841274580236,0.4257841274580235,0.832,0,Small,0,SmallMed,0.8
franke,2029-06-01,42,bull,0.03878412745802351,0.832,1.3497841274580236,0.4117841274580235,0.832,0,Small,0,SmallMed,0.8
franke,2029-12-01,48,bull,0.0,0.832,1.3127841274580234,0.4127841274580235,0.832,0,Small,0,SmallMed,0.8
franke,2030-06-01,54,bull,0.004784127458023535,0.832,1.4387841274580235,0.4247841274580235,0.832,0,Small,0,SmallMed,0.8
franke,2030-12-01,60,bull,0.0,0.832,1.6437841274580236,0.4107841274580235,0.832,0,Small,0,SmallMed,0.8
franke,2031-12-01,72,bull,0.0,0.832,1.3507841274580235,0.3967841274580235,0.832,0,Small,0,SmallMed,0.8
franke,2032-12-01,84,bull,0.0,0.832,1.4677841274580234,0.3857841274580235,0.832,0,Small,0,SmallMed,0.8
gabriela mistral,2026-01-01,1,bull,6.385687864244527,8.049,5.858687864244526,8.482687864244527,8.049,1,Medium,2,SmallMed,0.8
gabriela mistral,2026-03-01,3,bull,6.109687864244528,8.049,5.189687864244528,8.212687864244527,8.049,1,Medium,2,SmallMed,0.8
gabriela mistral,2026-06-01,6,bull,10.910687864244526,8.049,8.313687864244526,8.993687864244526,8.049,1,Medium,2,SmallMed,0.8
gabriela mistral,2026-09-01,9,bull,5.339687864244526,8.049,4.187687864244527,9.881687864244526,8.049,1,Medium,2,SmallMed,0.8
gabriela mistral,2026-12-01,12,bull,15.335687864244527,8.049,9.301687864244526,8.997687864244526,8.049,1,Medium,2,SmallMed,0.8
gabriela mistral,2027-06-01,18,bull,14.243687864244526,8.049,8.861687864244526,9.161687864244527,8.049,1,Medium,2,SmallMed,0.8
gabriela mistral,2027-12-01,24,bull,15.323687864244526,8.049,9.111687864244526,8.690687864244527,8.049,1,Medium,2,SmallMed,0.8
gabriela mistral,2028-06-01,30,bull,13.963687864244527,8.049,8.927687864244527,8.847687864244527,8.049,1,Medium,2,SmallMed,0.8
gabriela mistral,2028-12-01,36,bull,14.413687864244526,8.049,10.090687864244526,8.674687864244527,8.049,1,Medium,2,SmallMed,0.8
gabriela mistral,2029-06-01,42,bull,15.583687864244526,8.049,10.094687864244527,8.784687864244527,8.049,1,Medium,2,SmallMed,0.8
gabriela mistral,2029-12-01,48,bull,14.955687864244526,8.049,9.593687864244526,8.642687864244527,8.049,1,Medium,2,SmallMed,0.8
gabriela mistral,2030-06-01,54,bull,17.20368786424453,8.049,8.962687864244527,8.361687864244526,8.049,1,Medium,2,SmallMed,0.8
gabriela mistral,2030-12-01,60,bull,15.572687864244527,8.049,10.386687864244527,8.847687864244527,8.049,1,Medium,2,SmallMed,0.8
gabriela mistral,2031-12-01,72,bull,14.225687864244527,8.049,10.319687864244527,7.498687864244527,8.049,1,Medium,2,SmallMed,0.8
gabriela mistral,2032-12-01,84,bull,13.605687864244526,8.049,11.432687864244526,8.352687864244526,8.049,1,Medium,2,SmallMed,0.8
lomas bayas,2026-01-01,1,bull,5.502103449374687,5.809,4.695103449374686,6.179103449374686,5.809,1,Medium,2,SmallMed,0.8
lomas bayas,2026-03-01,3,bull,5.543103449374686,5.809,4.4801034493746865,5.868103449374686,5.809,1,Medium,2,SmallMed,0.8
lomas bayas,2026-06-01,6,bull,7.037103449374686,5.809,5.2461034493746865,6.689103449374686,5.809,1,Medium,2,SmallMed,0.8
lomas bayas,2026-09-01,9,bull,4.257103449374687,5.809,4.450103449374686,6.522103449374686,5.809,1,Medium,2,SmallMed,0.8
lomas bayas,2026-12-01,12,bull,10.802103449374686,5.809,4.958103449374686,6.545103449374686,5.809,1,Medium,2,SmallMed,0.8
lomas bayas,2027-06-01,18,bull,12.348103449374685,5.809,5.211103449374686,6.220103449374687,5.809,1,Medium,2,SmallMed,0.8
lomas bayas,2027-12-01,24,bull,12.257103449374686,5.809,4.999103449374687,5.9801034493746865,5.809,1,Medium,2,SmallMed,0.8
lomas bayas,2028-06-01,30,bull,10.826103449374685,5.809,4.970103449374687,6.048103449374686,5.809,1,Medium,2,SmallMed,0.8
lomas bayas,2028-12-01,36,bull,13.332103449374685,5.809,5.080103449374686,5.967103449374687,5.809,1,Medium,2,SmallMed,0.8
lomas bayas,2029-06-01,42,bull,12.462103449374686,5.809,5.142103449374686,6.161103449374687,5.809,1,Medium,2,SmallMed,0.8
lomas bayas,2029-12-01,48,bull,12.904103449374686,5.809,5.0891034493746865,6.524103449374686,5.809,1,Medium,2,SmallMed,0.8
lomas bayas,2030-06-01,54,bull,14.529103449374686,5.809,5.119103449374687,6.203103449374686,5.809,1,Medium,2,SmallMed,0.8
lomas bayas,2030-12-01,60,bull,13.000103449374686,5.809,5.107103449374686,6.010103449374687,5.809,1,Medium,2,SmallMed,0.8
lomas bayas,2031-12-01,72,bull,11.407103449374686,5.809,4.640103449374687,5.994103449374687,5.809,1,Medium,2,SmallMed,0.8
lomas bayas,2032-12-01,84,bull,11.181103449374685,5.809,4.797103449374687,6.189103449374686,5.809,1,Medium,2,SmallMed,0.8
los bronces,2026-01-01,1,bull,1.19025010924973,13.436,0.0,3.8382501092497314,13.436,2,Large,2,LargeColossal,0.8
los bronces,2026-03-01,3,bull,1.1872501092497298,13.436,0.03925010924973016,4.23525010924973,13.436,2,Large,2,LargeColossal,0.8
los bronces,2026-06-01,6,bull,7.176250109249732,13.436,1.7432501092497308,6.429250109249729,13.436,2,Large,2,LargeColossal,0.8
los bronces,2026-09-01,9,bull,0.0,13.436,0.0,2.5102501092497302,13.436,2,Large,2,LargeColossal,0.8
los bronces,2026-12-01,12,bull,32.887250109249734,13.436,3.9812501092497303,7.481250109249732,13.436,2,Large,2,LargeColossal,0.8
los bronces,2027-06-01,18,bull,30.002250109249733,13.436,5.303250109249731,8.68025010924973,13.436,2,Large,2,LargeColossal,0.8
los bronces,2027-12-01,24,bull,27.37825010924973,13.436,11.96525010924973,11.27025010924973,13.436,2,Large,2,LargeColossal,0.8
los bronces,2028-06-01,30,bull,30.681250109249728,13.436,11.868250109249729,11.96825010924973,13.436,2,Large,2,LargeColossal,0.8
los bronces,2028-12-01,36,bull,27.57025010924973,13.436,13.888250109249732,12.583250109249732,13.436,2,Large,2,LargeColossal,0.8
los bronces,2029-06-01,42,bull,35.009250109249734,13.436,13.14825010924973,19.388250109249732,13.436,2,Large,2,LargeColossal,0.8
los bronces,2029-12-01,48,bull,46.149250109249735,13.436,13.132250109249732,24.501250109249728,13.436,2,Large,2,LargeColossal,0.8
los bronces,2030-06-01,54,bull,55.48325010924974,13.436,12.490250109249732,25.136250109249733,13.436,2,Large,2,LargeColossal,0.8
los bronces,2030-12-01,60,bull,50.72025010924973,13.436,10.382250109249732,27.07625010924973,13.436,2,Large,2,LargeColossal,0.8
los bronces,2031-12-01,72,bull,52.19225010924973,13.436,10.39825010924973,29.17425010924973,13.436,2,Large,2,LargeColossal,0.8
los bronces,2032-12-01,84,bull,49.45725010924973,13.436,10.443250109249732,44.10725010924973,13.436,2,Large,2,LargeColossal,0.8
los pelambres,2026-01-01,1,bull,18.554555496529048,28.777,15.132555496529047,26.082555496529046,28.777,3,Colossal,1,LargeColossal,0.8
los pelambres,2026-03-01,3,bull,10.91455549652905,28.777,7.53355549652905,25.60855549652905,28.777,3,Colossal,1,LargeColossal,0.8
los pelambres,2026-06-01,6,bull,90.78755549652905,28.777,46.884555496529046,28.176555496529048,28.777,3,Colossal,1,LargeColossal,0.8
los pelambres,2026-09-01,9,bull,10.96655549652905,28.777,5.67455549652905,26.57955549652905,28.777,3,Colossal,1,LargeColossal,0.8
los pelambres,2026-12-01,12,bull,81.30655549652904,28.777,47.29555549652905,26.208555496529048,28.777,3,Colossal,1,LargeColossal,0.8
los pelambres,2027-06-01,18,bull,78.71355549652905,28.777,54.46255549652905,27.53555549652905,28.777,3,Colossal,1,LargeColossal,0.8
los pelambres,2027-12-01,24,bull,75.35155549652904,28.777,51.41955549652905,25.51555549652905,28.777,3,Colossal,1,LargeColossal,0.8
los pelambres,2028-06-01,30,bull,70.18455549652904,28.777,53.433555496529046,27.716555496529047,28.777,3,Colossal,1,LargeColossal,0.8
los pelambres,2028-12-01,36,bull,73.79055549652905,28.777,51.15055549652905,26.60555549652905,28.777,3,Colossal,1,LargeColossal,0.8
los pelambres,2029-06-01,42,bull,126.07655549652904,28.777,53.11255549652905,29.348555496529045,28.777,3,Colossal,1,LargeColossal,0.8
los pelambres,2029-12-01,48,bull,125.68855549652906,28.777,49.933555496529046,32.265555496529046,28.777,3,Colossal,1,LargeColossal,0.8
los pelambres,2030-06-01,54,bull,138.23555549652906,28.777,53.39755549652905,32.66955549652905,28.777,3,Colossal,1,LargeColossal,0.8
los pelambres,2030-12-01,60,bull,134.79455549652906,28.777,47.82855549652905,29.229555496529045,28.777,3,Colossal,1,LargeColossal,0.8
los pelambres,2031-12-01,72,bull,134.97955549652906,28.777,48.061555496529046,26.88055549652905,28.777,3,Colossal,1,LargeColossal,0.8
los pelambres,2032-12-01,84,bull,132.17255549652904,28.777,47.982555496529045,29.84255549652905,28.777,3,Colossal,1,LargeColossal,0.8
mantos blancos,2026-01-01,1,bull,5.975624976605976,5.033,5.096624976605977,6.662624976605977,5.033,1,Medium,1,SmallMed,0.8
mantos blancos,2026-03-01,3,bull,6.062624976605976,5.033,4.938624976605976,6.266624976605977,5.033,1,Medium,1,SmallMed,0.8
mantos blancos,2026-06-01,6,bull,5.352624976605976,5.033,4.928624976605977,6.312624976605976,5.033,1,Medium,1,SmallMed,0.8
mantos blancos,2026-09-01,9,bull,6.148624976605976,5.033,4.199624976605977,6.180624976605976,5.033,1,Medium,1,SmallMed,0.8
mantos blancos,2026-12-01,12,bull,5.1356249766059765,5.033,5.772624976605976,6.652624976605977,5.033,1,Medium,1,SmallMed,0.8
mantos blancos,2027-06-01,18,bull,5.195624976605976,5.033,5.7526249766059765,7.347624976605976,5.033,1,Medium,1,SmallMed,0.8
mantos blancos,2027-12-01,24,bull,4.865624976605976,5.033,5.585624976605977,6.663624976605976,5.033,1,Medium,1,SmallMed,0.8
mantos blancos,2028-06-01,30,bull,4.1356249766059765,5.033,5.606624976605977,7.1516249766059765,5.033,1,Medium,1,SmallMed,0.8
mantos blancos,2028-12-01,36,bull,3.6586249766059766,5.033,5.496624976605976,6.650624976605976,5.033,1,Medium,1,SmallMed,0.8
mantos blancos,2029-06-01,42,bull,4.006624976605977,5.033,5.574624976605977,6.7046249766059764,5.033,1,Medium,1,SmallMed,0.8
mantos blancos,2029-12-01,48,bull,3.612624976605977,5.033,5.493624976605976,6.165624976605977,5.033,1,Medium,1,SmallMed,0.8
mantos blancos,2030-06-01,54,bull,4.047624976605976,5.033,5.834624976605976,6.261624976605977,5.033,1,Medium,1,SmallMed,0.8
mantos blancos,2030-12-01,60,bull,3.741624976605977,5.033,6.382624976605976,5.713624976605977,5.033,1,Medium,1,SmallMed,0.8
mantos blancos,2031-12-01,72,bull,3.711624976605977,5.033,5.404624976605977,6.647624976605976,5.033,1,Medium,1,SmallMed,0.8
mantos blancos,2032-12-01,84,bull,3.872624976605977,5.033,5.560624976605976,6.315624976605976,5.033,1,Medium,1,SmallMed,0.8
mantoverde,2026-01-01,1,bull,9.713337184509493,10.747,7.383337184509494,12.548337184509494,10.747,1,Medium,1,SmallMed,0.8
mantoverde,2026-03-01,3,bull,9.922337184509495,10.747,7.366337184509494,13.389337184509493,10.747,1,Medium,1,SmallMed,0.8
mantoverde,2026-06-01,6,bull,17.346337184509494,10.747,16.296337184509493,13.422337184509495,10.747,1,Medium,1,SmallMed,0.8
mantoverde,2026-09-01,9,bull,8.882337184509494,10.747,5.873337184509493,13.542337184509494,10.747,1,Medium,1,SmallMed,0.8
mantoverde,2026-12-01,12,bull,20.097337184509495,10.747,15.788337184509494,12.901337184509494,10.747,1,Medium,1,SmallMed,0.8
mantoverde,2027-06-01,18,bull,18.741337184509494,10.747,15.705337184509494,13.503337184509494,10.747,1,Medium,1,SmallMed,0.8
mantoverde,2027-12-01,24,bull,20.102337184509494,10.747,16.534337184509493,12.606337184509494,10.747,1,Medium,1,SmallMed,0.8
mantoverde,2028-06-01,30,bull,19.371337184509493,10.747,17.960337184509495,12.894337184509494,10.747,1,Medium,1,SmallMed,0.8
mantoverde,2028-12-01,36,bull,22.664337184509495,10.747,19.276337184509494,12.411337184509494,10.747,1,Medium,1,SmallMed,0.8
mantoverde,2029-06-01,42,bull,26.459337184509494,10.747,19.192337184509494,12.230337184509494,10.747,1,Medium,1,SmallMed,0.8
mantoverde,2029-12-01,48,bull,25.446337184509495,10.747,19.506337184509494,12.192337184509494,10.747,1,Medium,1,SmallMed,0.8
mantoverde,2030-06-01,54,bull,28.029337184509494,10.747,18.988337184509493,12.257337184509494,10.747,1,Medium,1,SmallMed,0.8
mantoverde,2030-12-01,60,bull,26.010337184509492,10.747,17.758337184509493,11.576337184509494,10.747,1,Medium,1,SmallMed,0.8
mantoverde,2031-12-01,72,bull,26.262337184509494,10.747,18.517337184509493,11.851337184509493,10.747,1,Medium,1,SmallMed,0.8
mantoverde,2032-12-01,84,bull,21.682337184509493,10.747,17.070337184509494,11.892337184509493,10.747,1,Medium,1,SmallMed,0.8
ministro hales,2026-01-01,1,bull,8.948320936792323,20.749,5.066320936792321,14.515320936792323,20.749,2,Large,2,LargeColossal,0.8
ministro hales,2026-03-01,3,bull,6.452320936792322,20.749,2.3153209367923218,15.289320936792324,20.749,2,Large,2,LargeColossal,0.8
ministro hales,2026-06-01,6,bull,37.30832093679232,20.749,18.664320936792322,17.69532093679232,20.749,2,Large,2,LargeColossal,0.8
ministro hales,2026-09-01,9,bull,5.507320936792322,20.749,2.678320936792322,14.823320936792323,20.749,2,Large,2,LargeColossal,0.8
ministro hales,2026-12-01,12,bull,47.61732093679232,20.749,30.548320936792322,20.295320936792322,20.749,2,Large,2,LargeColossal,0.8
ministro hales,2027-06-01,18,bull,41.16732093679232,20.749,13.65032093679232,19.654320936792324,20.749,2,Large,2,LargeColossal,0.8
ministro hales,2027-12-01,24,bull,60.84732093679232,20.749,26.70532093679232,17.36932093679232,20.749,2,Large,2,LargeColossal,0.8
ministro hales,2028-06-01,30,bull,40.65832093679232,20.749,16.46632093679232,15.507320936792324,20.749,2,Large,2,LargeColossal,0.8
ministro hales,2028-12-01,36,bull,51.37432093679232,20.749,22.90032093679232,14.148320936792322,20.749,2,Large,2,LargeColossal,0.8
ministro hales,2029-06-01,42,bull,87.61732093679232,20.749,27.368320936792323,15.123320936792323,20.749,2,Large,2,LargeColossal,0.8
ministro hales,2029-12-01,48,bull,83.21532093679232,20.749,30.301320936792322,16.312320936792325,20.749,2,Large,2,LargeColossal,0.8
ministro hales,2030-06-01,54,bull,97.31832093679233,20.749,29.21632093679232,16.737320936792322,20.749,2,Large,2,LargeColossal,0.8
ministro hales,2030-12-01,60,bull,94.50932093679232,20.749,29.28132093679232,16.438320936792323,20.749,2,Large,2,LargeColossal,0.8
ministro hales,2031-12-01,72,bull,96.04532093679232,20.749,29.913320936792317,15.790320936792321,20.749,2,Large,2,LargeColossal,0.8
ministro hales,2032-12-01,84,bull,87.74032093679233,20.749,27.490320936792322,15.77532093679232,20.749,2,Large,2,LargeColossal,0.8
ojos del salado,2026-01-01,1,bull,0.29562944301744576,1.335,0.05562944301744588,0.5596294430174458,1.335,0,Small,0,SmallMed,0.8
ojos del salado,2026-03-01,3,bull,0.24762944301744594,1.335,0.020629443017445848,0.6046294430174459,1.335,0,Small,0,SmallMed,0.8
ojos del salado,2026-06-01,6,bull,1.4486294430174458,1.335,0.9436294430174459,0.5946294430174459,1.335,0,Small,0,SmallMed,0.8
ojos del salado,2026-09-01,9,bull,0.0,1.335,0.0,0.6276294430174458,1.335,0,Small,0,SmallMed,0.8
ojos del salado,2026-12-01,12,bull,2.381629443017446,1.335,1.148629443017446,0.5256294430174457,1.335,0,Small,0,SmallMed,0.8
ojos del salado,2027-06-01,18,bull,1.9126294430174458,1.335,1.1196294430174458,0.5286294430174459,1.335,0,Small,0,SmallMed,0.8
ojos del salado,2027-12-01,24,bull,3.136629443017446,1.335,1.503629443017446,0.4846294430174458,1.335,0,Small,0,SmallMed,0.8
ojos del salado,2028-06-01,30,bull,1.978629443017446,1.335,1.482629443017446,0.5246294430174459,1.335,0,Small,0,SmallMed,0.8
ojos del salado,2028-12-01,36,bull,2.450629443017446,1.335,1.4036294430174459,0.4396294430174459,1.335,0,Small,0,SmallMed,0.8
ojos del salado,2029-06-01,42,bull,3.023629443017446,1.335,1.6356294430174456,0.4336294430174459,1.335,0,Small,0,SmallMed,0.8
ojos del salado,2029-12-01,48,bull,3.408629443017446,1.335,1.8896294430174456,0.36462944301744593,1.335,0,Small,0,SmallMed,0.8
ojos del salado,2030-06-01,54,bull,4.8506294430174455,1.335,1.717629443017446,0.3326294430174459,1.335,0,Small,0,SmallMed,0.8
ojos del salado,2030-12-01,60,bull,4.337629443017446,1.335,1.9116294430174459,0.3216294430174458,1.335,0,Small,0,SmallMed,0.8
ojos del salado,2031-12-01,72,bull,4.105629443017446,1.335,1.8436294430174458,0.28962944301744575,1.335,0,Small,0,SmallMed,0.8
ojos del salado,2032-12-01,84,bull,4.501629443017446,1.335,1.6056294430174458,0.3176294430174458,1.335,0,Small,0,SmallMed,0.8
otros,2026-01-01,1,bull,7.603933456703333,10.176,6.661933456703333,10.203933456703332,10.176,2,Large,2,LargeColossal,0.8
otros,2026-03-01,3,bull,6.942933456703334,10.176,6.113933456703333,9.826933456703333,10.176,2,Large,2,LargeColossal,0.8
otros,2026-06-01,6,bull,11.698933456703333,10.176,12.780933456703334,10.522933456703335,10.176,2,Large,2,LargeColossal,0.8
otros,2026-09-01,9,bull,3.8509334567033333,10.176,1.5129334567033332,10.028933456703335,10.176,2,Large,2,LargeColossal,0.8
otros,2026-12-01,12,bull,28.85693345670333,10.176,19.783933456703334,10.090933456703333,10.176,2,Large,2,LargeColossal,0.8
otros,2027-06-01,18,bull,29.277933456703334,10.176,16.53493345670333,10.718933456703333,10.176,2,Large,2,LargeColossal,0.8
otros,2027-12-01,24,bull,28.739933456703334,10.176,17.814933456703333,10.878933456703333,10.176,2,Large,2,LargeColossal,0.8
otros,2028-06-01,30,bull,27.242933456703334,10.176,17.001933456703334,11.156933456703332,10.176,2,Large,2,LargeColossal,0.8
otros,2028-12-01,36,bull,27.945933456703333,10.176,19.146933456703334,10.693933456703334,10.176,2,Large,2,LargeColossal,0.8
otros,2029-06-01,42,bull,32.99093345670334,10.176,17.794933456703333,11.320933456703333,10.176,2,Large,2,LargeColossal,0.8
otros,2029-12-01,48,bull,46.47593345670334,10.176,17.616933456703332,11.365933456703335,10.176,2,Large,2,LargeColossal,0.8
otros,2030-06-01,54,bull,49.010933456703334,10.176,17.79593345670333,10.684933456703334,10.176,2,Large,2,LargeColossal,0.8
otros,2030-12-01,60,bull,47.82293345670334,10.176,17.224933456703333,11.008933456703332,10.176,2,Large,2,LargeColossal,0.8
otros,2031-12-01,72,bull,48.35093345670334,10.176,17.264933456703332,11.961933456703335,10.176,2,Large,2,LargeColossal,0.8
otros,2032-12-01,84,bull,45.891933456703335,10.176,17.512933456703333,11.564933456703333,10.176,2,Large,2,LargeColossal,0.8
radomiro tomic,2026-01-01,1,bull,26.525894102444834,30.287,20.480894102444836,31.302894102444835,30.287,3,Colossal,2,LargeColossal,0.8
radomiro tomic,2026-03-01,3,bull,21.953894102444835,30.287,12.825894102444837,32.950894102444835,30.287,3,Colossal,2,LargeColossal,0.8
radomiro tomic,2026-06-01,6,bull,99.85989410244484,30.287,58.288894102444836,34.97689410244484,30.287,3,Colossal,2,LargeColossal,0.8
radomiro tomic,2026-09-01,9,bull,19.319894102444835,30.287,12.748894102444837,31.147894102444834,30.287,3,Colossal,2,LargeColossal,0.8
radomiro tomic,2026-12-01,12,bull,81.01389410244484,30.287,55.25989410244483,35.02489410244483,30.287,3,Colossal,2,LargeColossal,0.8
radomiro tomic,2027-06-01,18,bull,74.88889410244484,30.287,61.78789410244484,39.572894102444835,30.287,3,Colossal,2,LargeColossal,0.8
radomiro tomic,2027-12-01,24,bull,85.08789410244484,30.287,60.73289410244484,42.185894102444834,30.287,3,Colossal,2,LargeColossal,0.8
radomiro tomic,2028-06-01,30,bull,75.92289410244483,30.287,63.916894102444836,48.800894102444836,30.287,3,Colossal,2,LargeColossal,0.8
radomiro tomic,2028-12-01,36,bull,83.45389410244483,30.287,63.801894102444834,48.50689410244483,30.287,3,Colossal,2,LargeColossal,0.8
radomiro tomic,2029-06-01,42,bull,135.78089410244485,30.287,63.90289410244483,56.56889410244484,30.287,3,Colossal,2,LargeColossal,0.8
radomiro tomic,2029-12-01,48,bull,135.51289410244485,30.287,61.64689410244483,54.25989410244483,30.287,3,Colossal,2,LargeColossal,0.8
radomiro tomic,2030-06-01,54,bull,152.03589410244484,30.287,63.548894102444834,62.72689410244484,30.287,3,Colossal,2,LargeColossal,0.8
radomiro tomic,2030-12-01,60,bull,149.26889410244485,30.287,57.94289410244483,61.80989410244484,30.287,3,Colossal,2,LargeColossal,0.8
radomiro tomic,2031-12-01,72,bull,154.18089410244482,30.287,57.175894102444836,62.76289410244483,30.287,3,Colossal,2,LargeColossal,0.8
radomiro tomic,2032-12-01,84,bull,148.55589410244482,30.287,57.38189410244483,68.61589410244484,30.287,3,Colossal,2,LargeColossal,0.8
salvador,2026-01-01,1,bull,9.337491163525506,11.498,2.412491163525506,9.878491163525506,11.498,0,Small,2,SmallMed,0.8
salvador,2026-03-01,3,bull,9.435491163525505,11.498,4.342491163525506,9.453491163525506,11.498,0,Small,2,SmallMed,0.8
salvador,2026-06-01,6,bull,8.502491163525505,11.498,7.013491163525506,10.109491163525506,11.498,0,Small,2,SmallMed,0.8
salvador,2026-09-01,9,bull,8.609491163525506,11.498,8.298491163525506,9.374491163525505,11.498,0,Small,2,SmallMed,0.8
salvador,2026-12-01,12,bull,7.521491163525505,11.498,8.057491163525505,8.444491163525505,11.498,0,Small,2,SmallMed,0.8
salvador,2027-06-01,18,bull,6.067491163525506,11.498,2.771491163525506,10.082491163525505,11.498,0,Small,2,SmallMed,0.8
salvador,2027-12-01,24,bull,4.260491163525506,11.498,1.297491163525506,9.002491163525505,11.498,0,Small,2,SmallMed,0.8
salvador,2028-06-01,30,bull,3.249491163525506,11.498,0.5504911635255056,8.493491163525507,11.498,0,Small,2,SmallMed,0.8
salvador,2028-12-01,36,bull,2.709491163525506,11.498,6.157491163525506,7.831491163525506,11.498,0,Small,2,SmallMed,0.8
salvador,2029-06-01,42,bull,3.2744911635255054,11.498,1.2704911635255058,7.6844911635255055,11.498,0,Small,2,SmallMed,0.8
salvador,2029-12-01,48,bull,3.4344911635255055,11.498,1.0204911635255058,7.101491163525505,11.498,0,Small,2,SmallMed,0.8
salvador,2030-06-01,54,bull,2.7964911635255056,11.498,0.765491163525506,7.885491163525506,11.498,0,Small,2,SmallMed,0.8
salvador,2030-12-01,60,bull,1.1544911635255057,11.498,0.7164911635255056,7.5224911635255065,11.498,0,Small,2,SmallMed,0.8
salvador,2031-12-01,72,bull,0.6364911635255059,11.498,1.3634911635255058,6.892491163525506,11.498,0,Small,2,SmallMed,0.8
salvador,2032-12-01,84,bull,1.0734911635255058,11.498,1.1394911635255056,6.1684911635255055,11.498,0,Small,2,SmallMed,0.8
sierra gorda,2026-01-01,1,bull,14.521489094233909,14.86,13.65748909423391,16.10448909423391,14.86,2,Large,1,LargeColossal,0.8
sierra gorda,2026-03-01,3,bull,13.95148909423391,14.86,12.99648909423391,16.010489094233908,14.86,2,Large,1,LargeColossal,0.8
sierra gorda,2026-06-01,6,bull,23.949489094233908,14.86,18.776489094233906,20.664489094233907,14.86,2,Large,1,LargeColossal,0.8
sierra gorda,2026-09-01,9,bull,9.03948909423391,14.86,7.296489094233908,16.06648909423391,14.86,2,Large,1,LargeColossal,0.8
sierra gorda,2026-12-01,12,bull,41.43748909423391,14.86,29.422489094233907,23.873489094233907,14.86,2,Large,1,LargeColossal,0.8
sierra gorda,2027-06-01,18,bull,49.51748909423391,14.86,27.411489094233907,25.861489094233907,14.86,2,Large,1,LargeColossal,0.8
sierra gorda,2027-12-01,24,bull,44.521489094233914,14.86,28.678489094233907,25.528489094233908,14.86,2,Large,1,LargeColossal,0.8
sierra gorda,2028-06-01,30,bull,48.85848909423391,14.86,26.51448909423391,27.135489094233908,14.86,2,Large,1,LargeColossal,0.8
sierra gorda,2028-12-01,36,bull,46.033489094233914,14.86,27.15948909423391,24.573489094233906,14.86,2,Large,1,LargeColossal,0.8
sierra gorda,2029-06-01,42,bull,57.74448909423391,14.86,26.92148909423391,28.727489094233906,14.86,2,Large,1,LargeColossal,0.8
sierra gorda,2029-12-01,48,bull,66.14848909423391,14.86,27.058489094233906,29.710489094233907,14.86,2,Large,1,LargeColossal,0.8
sierra gorda,2030-06-01,54,bull,78.5344890942339,14.86,26.414489094233907,32.88348909423391,14.86,2,Large,1,LargeColossal,0.8
sierra gorda,2030-12-01,60,bull,74.29148909423391,14.86,24.98548909423391,41.33048909423391,14.86,2,Large,1,LargeColossal,0.8
sierra gorda,2031-12-01,72,bull,75.39348909423391,14.86,25.18548909423391,38.89548909423391,14.86,2,Large,1,LargeColossal,0.8
sierra gorda,2032-12-01,84,bull,72.7874890942339,14.86,25.17748909423391,40.460489094233914,14.86,2,Large,1,LargeColossal,0.8
zaldivar,2026-01-01,1,bull,6.5446046607644,9.391,4.639604660764401,8.1666046607644,9.391,1,Medium,1,SmallMed,0.8
zaldivar,2026-03-01,3,bull,7.0856046607644005,9.391,3.961604660764401,8.7956046607644,9.391,1,Medium,1,SmallMed,0.8
zaldivar,2026-06-01,6,bull,9.0196046607644,9.391,10.9876046607644,10.3956046607644,9.391,1,Medium,1,SmallMed,0.8
zaldivar,2026-09-01,9,bull,6.215604660764401,9.391,2.5426046607644013,9.2506046607644,9.391,1,Medium,1,SmallMed,0.8
zaldivar,2026-12-01,12,bull,13.2766046607644,9.391,11.8796046607644,9.0026046607644,9.391,1,Medium,1,SmallMed,0.8
zaldivar,2027-06-01,18,bull,15.652604660764402,9.391,11.9726046607644,9.5346046607644,9.391,1,Medium,1,SmallMed,0.8
zaldivar,2027-12-01,24,bull,16.657604660764402,9.391,12.6726046607644,9.5056046607644,9.391,1,Medium,1,SmallMed,0.8
zaldivar,2028-06-01,30,bull,16.273604660764402,9.391,10.6786046607644,10.7776046607644,9.391,1,Medium,1,SmallMed,0.8
zaldivar,2028-12-01,36,bull,19.564604660764402,9.391,13.0276046607644,9.3096046607644,9.391,1,Medium,1,SmallMed,0.8
zaldivar,2029-06-01,42,bull,19.858604660764403,9.391,14.4616046607644,9.5566046607644,9.391,1,Medium,1,SmallMed,0.8
zaldivar,2029-12-01,48,bull,19.372604660764402,9.391,14.2776046607644,9.1346046607644,9.391,1,Medium,1,SmallMed,0.8
zaldivar,2030-06-01,54,bull,22.576604660764403,9.391,13.8546046607644,9.1816046607644,9.391,1,Medium,1,SmallMed,0.8
zaldivar,2030-12-01,60,bull,20.706604660764402,9.391,13.4626046607644,8.7816046607644,9.391,1,Medium,1,SmallMed,0.8
zaldivar,2031-12-01,72,bull,20.770604660764402,9.391,13.5466046607644,8.8956046607644,9.391,1,Medium,1,SmallMed,0.8
zaldivar,2032-12-01,84,bull,18.038604660764403,9.391,12.2856046607644,8.5526046607644,9.391,1,Medium,1,SmallMed,0.8
