Origin,Horizonte,Mine,Segment,Mine_Size,Actual,Naive,LGB,RF,XGB,ARIMA,SARIMAX,RollingMean
2018-01-01,6,andacollo,SM,1,5.4,8.4,6.84514667786969,6.316808670385056,6.379046683002908,6.12140128456064,6.473051154876203,6.166666666666667
2018-01-01,6,andina,LC,2,16.1,19.5,17.64861054047824,17.370002460312868,17.8302443498522,19.06412685977685,19.03299843904762,17.741666666666664
2018-01-01,6,antucoya,SM,1,5.0,6.7,5.2862568307344295,5.344583005437291,5.682163559844401,5.046996439613925,5.046996439613925,4.541666666666667
2018-01-01,6,atacama kozan,SM,0,1.1,1.0,0.9817609171580151,0.9735467890077745,0.9411641731635865,0.9475911044345359,0.9453984642161397,1.0333333333333332
2018-01-01,6,candelaria,LC,2,7.4,9.4,11.374352402292999,13.02470764649936,11.832950972909654,10.320614280753476,10.019451933165504,11.947222222222221
2018-01-01,6,caserones,LC,2,11.0,13.0,10.511651026129009,10.78568208983852,10.75348811746958,11.130831577537114,10.624389449803518,8.930555555555555
2018-01-01,6,centinela_oxidos,SM,1,7.1,5.3,6.5533411371564725,6.408457600591523,6.495349321730572,7.938836975389207,7.562538997139532,5.4444444444444455
2018-01-01,6,centinela_sulfuros,LC,2,8.6,16.4,13.806124012780787,13.797784116217036,14.15508338976856,13.408056852709509,0.0,13.413888888888888
2018-01-01,6,cerro colorado,SM,0,5.1,5.4,5.733816350971854,5.807383757169772,6.232100066504849,5.8007197205746035,340.5097885642783,5.897222222222222
2018-01-01,6,chuquicamata,LC,3,16.621,15.228,42.83192287357991,32.81170924853097,34.63900000002389,26.37874106464033,34.83373245289885,26.190527777777774
2018-01-01,6,collahuasi,LC,3,43.2,44.4,44.72976191672305,49.200494391195974,47.62259033941733,47.20303310359733,49.106388855401256,41.69166666666666
2018-01-01,6,el abra,SM,1,7.7,6.9,7.820537793665387,7.650405352326549,7.667831075432213,7.2493191996460125,7.129474725248654,8.852777777777778
2018-01-01,6,el soldado,SM,0,5.218,3.6,3.544045313582082,3.6249768734694245,3.7009030690808467,3.3305002852145,3.0223149042248614,3.4608611111111114
2018-01-01,6,el teniente,LC,3,42.6,36.6,37.921837366608365,39.28846825408914,39.98830221774209,38.84342902995162,37.321799121611996,39.03333333333333
2018-01-01,6,escondida,LC,3,110.9,77.1,100.2272303747547,88.15754043421055,87.40816806045618,91.56913198299279,97.3440723212067,85.00833333333331
2018-01-01,6,franke,SM,0,1.8,1.7,1.2720417024297195,1.343068244772513,1.2454239178385913,1.580054167385001,1.3838564342310635,1.5888888888888888
2018-01-01,6,gabriela mistral,LC,2,9.3,7.2,10.518737170135672,9.989853656862934,10.336821664452852,9.296745120459551,10.695460349275235,10.191666666666668
2018-01-01,6,lomas bayas,SM,1,6.3,7.2,6.094371575285158,5.801512360537976,6.332624221884536,5.60076628583302,5.4887288120766415,6.35
2018-01-01,6,los bronces,LC,3,33.943,20.858,26.72311952935457,26.038863805949724,26.860187492322403,25.999769904041145,27.610393779387937,28.02316666666667
2018-01-01,6,los pelambres,LC,3,35.2,28.1,29.637594905517656,29.312363309023812,29.908610789457622,30.3052983564067,29.762074754850204,30.450000000000003
2018-01-01,6,mantos blancos,SM,0,3.926,3.569,3.9096576495270856,3.9129114651290604,4.010151279870463,3.7786790865154964,3.8791521819302135,4.178888888888888
2018-01-01,6,mantoverde,SM,0,3.601,3.065,3.5641428411306975,3.6324737802170706,3.480792600661497,3.3666842202418157,3.06075494310358,3.8912222222222215
2018-01-01,6,ministro hales,LC,2,15.6,23.8,18.0065194487367,17.68274837265736,18.253065494978536,17.09380660949698,18.76076221123593,19.049999999999997
2018-01-01,6,ojos del salado,SM,0,2.8,2.1,2.1608600653994174,2.184549446790534,2.3280897378456373,2.2272544709416615,2.3910371512011706,2.1416666666666666
2018-01-01,6,otros,LC,2,10.832,11.749,11.093524634475495,11.457539427633733,11.549681250021422,11.160258881213613,10.845338465082722,11.419027777777778
2018-01-01,6,radomiro tomic,LC,3,28.301,25.704,25.9765154775956,28.346117109498785,26.535834275844238,26.89469282882882,0.3240616646255896,26.642305555555556
2018-01-01,6,salvador,SM,0,4.0,4.3,5.090544993836941,5.3748082709138725,4.804853739451505,5.220447415178378,5.816779653202711,4.783333333333333
2018-01-01,6,sierra gorda,SM,1,7.9,7.8,8.051733895481757,8.101417004716872,8.037557371250466,7.903407884347687,8.006277261123847,7.96111111111111
2018-01-01,6,zaldivar,SM,1,8.0,8.7,8.643078462394858,8.442509305625741,8.58828742351171,8.52357542920297,0.0,8.583333333333336
2018-01-01,9,andacollo,SM,1,5.7,8.4,6.925701044622637,6.311490704485779,6.311643478127632,6.121401467111866,6.473051145521583,6.166666666666667
2018-01-01,9,andina,LC,2,17.3,19.5,17.51753304131158,17.41466024698098,17.7955740291328,19.064761547099724,19.057884804679325,17.741666666666664
2018-01-01,9,antucoya,SM,1,6.7,6.7,5.20876537392409,5.279453615967747,5.40232577408369,5.051484048951111,5.051484048951111,4.541666666666667
2018-01-01,9,atacama kozan,SM,0,1.1,1.0,0.9644340470519752,0.9539703775412893,0.9002710265853563,0.9475911067984532,0.931653562472167,1.0333333333333332
2018-01-01,9,candelaria,LC,2,8.7,9.4,11.26378752443478,13.195357114223453,11.838616583801766,10.320614280836123,10.21298745022935,11.947222222222221
2018-01-01,9,caserones,LC,2,11.9,13.0,10.596548582139231,10.770056194112081,10.732010106591765,11.115358652095278,10.664180523388216,8.930555555555555
2018-01-01,9,centinela_oxidos,SM,1,8.1,5.3,6.445768048740467,6.403619867118391,6.826523303786455,7.938854097036417,7.973304560388857,5.4444444444444455
2018-01-01,9,centinela_sulfuros,LC,2,16.7,16.4,13.873664081724417,14.09586233725827,14.17882330187095,13.604409375312505,0.0,13.413888888888888
2018-01-01,9,cerro colorado,SM,0,6.8,5.4,5.7113952423573515,5.800012429361596,6.410493958282517,5.842801709298932,634.1885220643834,5.897222222222222
2018-01-01,9,chuquicamata,LC,3,25.448,15.228,42.58654727898701,32.72475292171481,34.50908486877944,26.399154836685973,45.33340637038842,26.190527777777774
2018-01-01,9,collahuasi,LC,3,49.1,44.4,45.49987256389824,49.34678670822868,49.08794171667808,47.202762637780594,53.85395419772486,41.69166666666666
2018-01-01,9,el abra,SM,1,7.6,6.9,7.718383076013506,7.646255755961334,8.24743410875494,7.249370965308443,7.286073736996582,8.852777777777778
2018-01-01,9,el soldado,SM,0,5.442,3.6,3.493331652360738,3.5722389607569838,3.5884079290831794,3.330679932913749,2.971051028623061,3.4608611111111114
2018-01-01,9,el teniente,LC,3,39.0,36.6,38.64525816252976,39.28846825408914,39.89012756319069,38.8434290967307,37.82265448112189,39.03333333333333
2018-01-01,9,escondida,LC,3,95.9,77.1,101.95597485639307,86.69898433423795,90.093565405224,91.12565535639563,120.17397269322728,85.00833333333331
2018-01-01,9,franke,SM,0,1.9,1.7,1.2572466217944764,1.3166362851374627,1.2174583721199346,1.5832065394501964,1.4124086494099595,1.5888888888888888
2018-01-01,9,gabriela mistral,LC,2,10.2,7.2,10.45920535133177,10.003378498213202,10.34269559710411,9.29674514075327,10.27700170920967,10.191666666666668
2018-01-01,9,lomas bayas,SM,1,6.5,7.2,6.042168910882545,5.801512360537976,6.166454771216828,5.600775837027507,5.410714916393726,6.35
2018-01-01,9,los bronces,LC,3,33.259,20.858,26.66602465826765,26.03225258792488,26.504888467359194,25.99976990845504,25.79256640788536,28.02316666666667
2018-01-01,9,los pelambres,LC,3,32.6,28.1,30.196272287838998,29.312363309023812,29.835182627482183,30.305301771429498,30.042898334178908,30.450000000000003
2018-01-01,9,mantos blancos,SM,0,3.558,3.569,3.864534073552102,3.889593385110769,4.099540244420089,3.778679445092829,3.852567045854065,4.178888888888888
2018-01-01,9,mantoverde,SM,0,4.147,3.065,3.5001125937263065,3.5705045413342704,3.444938420654132,3.377755305965755,3.0127496860921936,3.8912222222222215
2018-01-01,9,ministro hales,LC,2,16.7,23.8,17.916103305227395,17.671421035531324,18.173634692266607,17.09381064923008,18.516814518072678,19.049999999999997
2018-01-01,9,ojos del salado,SM,0,2.5,2.1,2.201065166219902,2.185356104676607,2.3041090306850496,2.2272544753575896,2.4426194771095835,2.1416666666666666
2018-01-01,9,otros,LC,2,12.572,11.749,10.948601262100032,11.454699469290762,11.528480093119525,11.16032264537478,11.196377712287113,11.419027777777778
2018-01-01,9,radomiro tomic,LC,3,24.608,25.704,26.571351997877578,28.346117109498785,26.53523878792158,26.887549204798937,0.0,26.642305555555556
2018-01-01,9,salvador,SM,0,5.9,4.3,5.074857722826049,5.385184217691308,4.83559572964383,5.220448088114238,5.847432289736153,4.783333333333333
2018-01-01,9,sierra gorda,SM,1,10.6,7.8,8.030703688247854,8.089107383845587,7.753847138884226,7.90341354922479,7.913896681490655,7.96111111111111
2018-01-01,9,zaldivar,SM,1,9.1,8.7,8.501544006571272,8.442509305625741,8.57885154160075,8.525045709208406,0.0,8.583333333333336
2018-01-01,12,andacollo,SM,1,4.2,8.4,6.906578922180429,6.31351891527314,6.311643478127632,6.121401467335858,6.570178662601123,6.166666666666667
2018-01-01,12,andina,LC,2,16.746,19.5,17.59336694396544,17.41466024698098,17.78070831545638,19.06472328677592,19.086373358756344,17.741666666666664
2018-01-01,12,antucoya,SM,1,6.0,6.7,5.216136599162492,5.277555367466249,5.190591336222279,5.051956785284094,5.051956785284094,4.541666666666667
2018-01-01,12,atacama kozan,SM,0,1.0,1.0,0.9913060193457859,0.9472700974588126,0.8817557271632362,0.9475911067981541,0.945412684410542,1.0333333333333332
2018-01-01,12,candelaria,LC,2,7.8,9.4,11.127904335832385,12.52518329220149,11.739074140836017,10.320614280836123,8.600191474697388,11.947222222222221
2018-01-01,12,caserones,LC,2,11.887,13.0,10.616248572579181,10.760642544195376,10.700580241092235,11.112820142109166,11.300837786466127,8.930555555555555
2018-01-01,12,centinela_oxidos,SM,1,9.1,5.3,6.009980878749101,6.205271331899369,6.349518223679197,7.938853907952615,8.760566368185632,5.4444444444444455
2018-01-01,12,centinela_sulfuros,LC,2,16.6,16.4,13.768872965701465,13.301372317113815,14.185875076998647,13.644748020456761,0.0,13.413888888888888
2018-01-01,12,cerro colorado,SM,0,3.007,5.4,5.7323307283062315,5.722227346616818,6.380523338424762,5.8555108251611765,1066.197894483004,5.897222222222222
2018-01-01,12,chuquicamata,LC,3,28.231,15.228,42.062301042912026,30.890385481569023,30.973995067105232,26.400266487668574,29.889055064973213,26.190527777777774
2018-01-01,12,collahuasi,LC,3,44.49,44.4,46.433906912601124,49.433960629751816,49.91284244177052,47.20276093875734,58.051077182128196,41.69166666666666
2018-01-01,12,el abra,SM,1,6.353,6.9,7.639979498208358,7.571118362080779,8.24743410875494,7.249369315171788,7.338273411905521,8.852777777777778
2018-01-01,12,el soldado,SM,0,4.322,3.6,3.71429263658878,3.5624571917183654,3.5884079290831794,3.3306831577889073,2.9331082619006956,3.4608611111111114
2018-01-01,12,el teniente,LC,3,32.994,36.6,38.46771955315553,39.28846825408914,39.863174865055896,38.843429096718914,38.5111757962145,39.03333333333333
2018-01-01,12,escondida,LC,3,91.845,77.1,101.54573811916626,88.68639772765935,89.59579649651248,91.04383159952563,118.08397089657913,85.00833333333331
2018-01-01,12,franke,SM,0,1.793,1.7,1.2859819060043907,1.3087085581838254,1.1776581377076363,1.5834725524364406,1.2125500683715371,1.5888888888888888
2018-01-01,12,gabriela mistral,LC,2,6.053,7.2,10.274744315283762,9.913876414491433,10.287544945215293,9.296745140749529,9.393589857643743,10.191666666666668
2018-01-01,12,lomas bayas,SM,1,6.839,7.2,5.944013750120457,5.776358220718899,6.166454771216828,5.600775930469696,5.228265693578308,6.35
2018-01-01,12,los bronces,LC,3,30.232,20.858,26.87583163278878,25.953911146835466,26.038452891978487,25.999769908457182,26.876346302648965,28.02316666666667
2018-01-01,12,los pelambres,LC,3,30.455,28.1,29.98705854129377,29.28457206090884,29.81502378818338,30.305301775134005,29.437107377756618,30.450000000000003
2018-01-01,12,mantos blancos,SM,0,3.31,3.569,3.8374383655329276,3.8624444897377574,4.080373895764796,3.7786794455035078,3.4629049057303267,4.178888888888888
2018-01-01,12,mantoverde,SM,0,3.566,3.065,3.6206831267907247,3.5730738079204594,3.444938420654132,3.379519093657093,2.9435952599079664,3.8912222222222215
2018-01-01,12,ministro hales,LC,2,6.951,23.8,17.991537274105593,17.67765007666808,18.11345965835047,17.093810636312174,18.760762211790244,19.049999999999997
2018-01-01,12,ojos del salado,SM,0,2.601,2.1,2.180104778092381,2.178637599636182,2.3041090306850496,2.227254475356974,2.0834332236303172,2.1416666666666666
2018-01-01,12,otros,LC,2,13.72075,11.749,10.993822517656563,11.44058235349273,11.480902288856676,11.160324118310367,10.676905045990386,11.419027777777778
2018-01-01,12,radomiro tomic,LC,3,22.082,25.704,26.59399225611604,28.346117109498785,26.602531501486563,26.887269534778127,0.0,26.642305555555556
2018-01-01,12,salvador,SM,0,4.176,4.3,5.094403025302742,5.353446571884002,4.567541457940176,5.220448089706722,5.696110208873435,4.783333333333333
2018-01-01,12,sierra gorda,SM,1,9.557,7.8,8.009682940805202,8.08299185525404,7.372315814436482,7.90341356270085,7.810921225793139,7.96111111111111
2018-01-01,12,zaldivar,SM,1,8.302,8.7,8.474660460366206,8.445152674062422,8.57885154160075,8.52513492183691,0.0,8.583333333333336
2018-01-01,18,andacollo,SM,1,5.4,8.4,6.859467692150289,6.3196156385070825,6.2991762750634095,6.121401467336133,6.455312952279734,6.166666666666667
2018-01-01,18,andina,LC,2,14.04,19.5,17.571908063605328,17.41466024698098,17.791919567587705,19.064725454155262,19.09270951359241,17.741666666666664
2018-01-01,18,antucoya,SM,1,6.0,6.7,5.188305321094869,5.327783543231804,5.321072126543742,5.052011830530515,5.052011830530515,4.541666666666667
2018-01-01,18,atacama kozan,SM,0,1.0,1.0,1.0342397031317583,0.9668820019879478,0.908760712505535,0.9475911067981541,0.935410022443157,1.0333333333333332
2018-01-01,18,candelaria,LC,2,10.7,9.4,11.27635899466187,13.035009129859379,13.115772084212642,10.320614280836123,9.574143459921705,11.947222222222221
2018-01-01,18,caserones,LC,2,14.347,13.0,10.575258942770049,10.729197607673573,10.688832280690711,11.112335343670857,10.833049664384582,8.930555555555555
2018-01-01,18,centinela_oxidos,SM,1,5.7,5.3,5.692717030544948,5.888717993898322,6.151957711255834,7.938853910017712,8.679286352740533,5.4444444444444455
2018-01-01,18,centinela_sulfuros,LC,2,20.8,16.4,13.814777878825167,13.522656094663926,14.406503983084676,13.654737703222281,0.0,13.413888888888888
2018-01-01,18,cerro colorado,SM,0,6.314,5.4,5.768288841474132,5.736405139315283,6.345814977716581,5.860508272454808,2648.8832081420587,5.897222222222222
2018-01-01,18,chuquicamata,LC,3,24.19,15.228,41.90548737316494,32.05307297579914,30.929210193466933,26.400330320202677,39.620701068832034,26.190527777777774
2018-01-01,18,collahuasi,LC,3,47.341,44.4,46.92074721684954,49.58467524708815,50.09815743374082,47.202760928017305,54.61520831160886,41.69166666666666
2018-01-01,18,el abra,SM,1,6.704,6.9,7.465284803986227,7.576876750858274,8.299176939072183,7.249369366096497,7.301459447764345,8.852777777777778
2018-01-01,18,el soldado,SM,0,4.214,3.6,3.885342233962537,3.5995814357033913,3.700092596161406,3.3306832167181786,2.9569318090338585,3.4608611111111114
2018-01-01,18,el teniente,LC,3,39.561,36.6,39.07148415814286,39.30279744245317,39.87406896765674,38.843429096718914,38.40136314053004,39.03333333333333
2018-01-01,18,escondida,LC,3,97.228,77.1,98.62498547931419,86.67509795949543,85.2750088351891,91.02594922942393,110.28679125624109,85.00833333333331
2018-01-01,18,franke,SM,0,1.65,1.7,1.3214349467371258,1.3255457178588046,1.1146599326461957,1.5834968941819225,1.2935945607872728,1.5888888888888888
2018-01-01,18,gabriela mistral,LC,2,9.379,7.2,10.280442673932003,9.992701381996701,10.285873997250814,9.296745140749529,10.321386346954045,10.191666666666668
2018-01-01,18,lomas bayas,SM,1,6.701,7.2,6.04254482278913,5.779281357907999,6.198752877590939,5.600775931392813,5.225328059678896,6.35
2018-01-01,18,los bronces,LC,3,29.657,20.858,26.449562123663895,25.903700843010654,25.930656576990636,25.999769908457182,27.412932210282293,28.02316666666667
2018-01-01,18,los pelambres,LC,3,31.541,28.1,30.922582857733307,29.345918814596466,29.88476097518908,30.305301775138027,29.823900110262986,30.450000000000003
2018-01-01,18,mantos blancos,SM,0,3.835,3.569,3.8536927004773354,3.8922002573587067,4.0533465216213544,3.778679445503978,3.747101669751583,4.178888888888888
2018-01-01,18,mantoverde,SM,0,3.52,3.065,3.768514398360999,3.6372030573677128,3.4407830626132325,3.379844858173746,2.9659479111503444,3.8912222222222215
2018-01-01,18,ministro hales,LC,2,13.609,23.8,17.929694732161373,17.671646887211566,18.17333910745458,17.09381063635335,18.202186446533325,19.049999999999997
2018-01-01,18,ojos del salado,SM,0,2.251,2.1,2.2222535973892494,2.1814435373851504,2.321833476176604,2.227254475356974,2.2840772963893805,2.1416666666666666
2018-01-01,18,otros,LC,2,13.251566999999998,11.749,10.946583704965711,11.422441902202916,11.468183473360664,11.160324153120753,10.57188678656036,11.419027777777778
2018-01-01,18,radomiro tomic,LC,3,24.658,25.704,26.619652212201355,28.346117109498785,26.619305268083533,26.88725815716101,0.0,26.642305555555556
2018-01-01,18,salvador,SM,0,3.961,4.3,5.299336403176769,5.367007089859935,4.67823182707463,5.220448089710499,5.80456718907399,4.783333333333333
2018-01-01,18,sierra gorda,SM,1,8.868,7.8,7.953109698684117,8.064548902660963,7.390143850853869,7.903413562732984,8.235226601697558,7.96111111111111
2018-01-01,18,zaldivar,SM,1,9.303,8.7,8.431641973934187,8.445152674062422,8.546836195662616,8.525140663476082,0.0,8.583333333333336
2018-01-01,24,andacollo,SM,1,6.32,8.4,6.876151432132706,6.3196156385070825,6.275018092629899,6.121401467336133,6.4317285681141625,6.166666666666667
2018-01-01,24,andina,LC,2,15.886,19.5,17.568865764941453,17.419172623435824,17.823304846345984,19.064725462031387,19.095250449629223,17.741666666666664
2018-01-01,24,antucoya,SM,1,6.78,6.7,5.203055257823798,5.363934315104948,5.621268342107881,5.052012441370839,5.052012441370839,4.541666666666667
2018-01-01,24,atacama kozan,SM,0,1.177,1.0,1.05692928628935,0.9819005397188773,0.9546080706481412,0.9475911067981541,0.9354090441674043,1.0333333333333332
2018-01-01,24,candelaria,LC,2,8.24,9.4,12.013043856162211,13.220156423807117,13.35504832076869,10.320614280836123,9.116347948791864,11.947222222222221
2018-01-01,24,caserones,LC,2,11.611,13.0,10.600250226854342,10.709529087323391,10.633310652253861,11.112322294764969,11.102215756029215,8.930555555555555
2018-01-01,24,centinela_oxidos,SM,1,7.457,5.3,5.678166947865465,5.8520798234446705,6.118877721351539,7.938853910017964,9.089356581334501,5.4444444444444455
2018-01-01,24,centinela_sulfuros,LC,2,17.118,16.4,13.871664985248326,13.532409259453205,14.449606964566998,13.65515932335583,0.0,13.413888888888888
2018-01-01,24,cerro colorado,SM,0,7.601,5.4,5.865968612811133,5.792385426437493,6.380869714090419,5.860964085120771,6073.889428127967,5.897222222222222
2018-01-01,24,chuquicamata,LC,3,15.69,15.228,41.90548737316494,31.16673736915804,31.48690688831086,26.40033050949477,36.558421193881344,26.190527777777774
2018-01-01,24,collahuasi,LC,3,53.542,44.4,46.41129314474196,49.58792733538674,49.70608876411687,47.20276092801688,60.76962748610548,41.69166666666666
2018-01-01,24,el abra,SM,1,7.0169,6.9,7.698420817839471,7.57366409099291,8.450067862534507,7.249369366148243,7.410451683390648,8.852777777777778
2018-01-01,24,el soldado,SM,0,3.923,3.6,4.006609820826817,3.655574069630941,3.7368950922190765,3.330683216737168,2.9487362961136085,3.4608611111111114
2018-01-01,24,el teniente,LC,3,33.386,36.6,38.7555325397465,39.30279744245317,39.87406896765674,38.843429096718914,38.19127692573599,39.03333333333333
2018-01-01,24,escondida,LC,3,100.944,77.1,96.25260809347432,81.47370452119372,81.62366318803242,91.02534047456574,127.03955660428193,85.00833333333331
2018-01-01,24,franke,SM,0,1.101,1.7,1.3827591543838809,1.3495258153509189,1.0952072282106569,1.5834970675154016,1.2446844929014174,1.5888888888888888
2018-01-01,24,gabriela mistral,LC,2,8.929,7.2,10.40730769288411,10.143922882890479,10.269285788807181,9.296745140749529,9.716076964503861,10.191666666666668
2018-01-01,24,lomas bayas,SM,1,6.551,7.2,5.971775983810683,5.777340668320649,6.271193532158451,5.600775931392902,5.157438268212517,6.35
2018-01-01,24,los bronces,LC,3,20.815,20.858,26.22928804660148,25.79556573053839,25.516972541186988,25.999769908457182,27.17119842159558,28.02316666666667
2018-01-01,24,los pelambres,LC,3,29.774,28.1,31.433255420136245,29.345918814596466,29.840011366968533,30.305301775138027,29.770686704826588,30.450000000000003
2018-01-01,24,mantos blancos,SM,0,3.554,3.569,3.8201158518791525,3.8979916924329774,4.017731301320182,3.778679445503978,3.4309305109509265,4.178888888888888
2018-01-01,24,mantoverde,SM,0,3.299,3.065,3.8637285894945346,3.6845999119954027,3.394119131418223,3.3798531264687948,2.95283769972103,3.8912222222222215
2018-01-01,24,ministro hales,LC,2,14.335,23.8,17.974764928384335,17.671646887211566,18.135937254758776,17.09381063635335,18.202186446383077,19.049999999999997
2018-01-01,24,ojos del salado,SM,0,2.573,2.1,2.2105204971545938,2.1814435373851504,2.296462369242197,2.227254475356974,2.1262438273426842,2.1416666666666666
2018-01-01,24,otros,LC,2,8.901,11.749,10.892417344929498,11.367495851662248,11.39159853199089,11.160324153139328,10.48007507899496,11.419027777777778
2018-01-01,24,radomiro tomic,LC,3,19.9,25.704,26.791532782981996,28.346117109498785,26.70124035042813,26.88725813972264,0.0,26.642305555555556
2018-01-01,24,salvador,SM,0,2.34,4.3,5.282717013521955,5.368600507481173,4.690584948659145,5.220448089710499,5.7863085698290275,4.783333333333333
2018-01-01,24,sierra gorda,SM,1,10.715,7.8,7.955919310670813,8.069660470136283,7.533906856850903,7.903413562732984,8.243508068990971,7.96111111111111
2018-01-01,24,zaldivar,SM,1,9.951,8.7,8.453261770420372,8.445152674062422,8.64122516294111,8.525140684615277,0.0,8.583333333333336
2018-01-01,30,andacollo,SM,1,3.028,8.4,7.1703552548422715,6.3196156385070825,6.459784817126056,6.121401467336133,6.459620121219214,6.166666666666667
2018-01-01,30,andina,LC,2,14.282,19.5,17.580692574362228,17.419172623435824,17.858708374125662,19.06472546206001,19.095552082446844,17.741666666666664
2018-01-01,30,antucoya,SM,1,5.5,6.7,5.40380556718166,5.371475940481865,5.786785269783998,5.05201244814937,5.05201244814937,4.541666666666667
2018-01-01,30,atacama kozan,SM,0,1.62,1.0,1.0888851512638527,0.9854911324021031,0.9760094337116108,0.9475911067981541,0.9360971756695621,1.0333333333333332
2018-01-01,30,candelaria,LC,2,10.129,9.4,12.283337310631223,13.310287475560274,13.42898625100347,10.320614280836123,9.430505117218114,11.947222222222221
2018-01-01,30,caserones,LC,2,9.481,13.0,10.470025314374999,10.703115476073721,10.610635901585054,11.112321943538705,10.916077815089503,8.930555555555555
2018-01-01,30,centinela_oxidos,SM,1,7.874,5.3,5.872494749949386,5.874289473992494,6.246501038613969,7.938853910017964,9.0615354185471,5.4444444444444455
2018-01-01,30,centinela_sulfuros,LC,2,9.824,16.4,13.887620124583002,13.442193002093143,14.444006391178892,13.655177118068755,0.0,13.413888888888888
2018-01-01,30,cerro colorado,SM,0,5.22,5.4,5.855117853156415,5.792385426437493,6.203290882032845,5.861005659383439,13486.210317581414,5.897222222222222
2018-01-01,30,chuquicamata,LC,3,37.848,15.228,42.31740479818817,31.179175492292583,32.801885968638715,26.400330510056104,42.585310588598645,26.190527777777774
2018-01-01,30,collahuasi,LC,3,58.119,44.4,46.23429226785235,49.72977959312771,50.94668081139494,47.20276092801688,58.40556777990016,41.69166666666666
2018-01-01,30,el abra,SM,1,5.236,6.9,7.9174893767194865,7.553903021503777,8.474771694418756,7.249369366148296,7.391234913791866,8.852777777777778
2018-01-01,30,el soldado,SM,0,2.856,3.6,4.1482289876112075,3.6731415215327936,3.8469272062426025,3.330683216737174,2.950924991744888,3.4608611111111114
2018-01-01,30,el teniente,LC,3,30.462,36.6,39.61008713398437,39.30279744245317,39.98566854962736,38.843429096718914,38.2106737516131,39.03333333333333
2018-01-01,30,escondida,LC,3,103.74,77.1,96.05134140428798,81.19744909153027,95.26786269909354,91.0253197512234,120.7413815733792,85.00833333333331
2018-01-01,30,franke,SM,0,1.243,1.7,1.4264797787707706,1.3543837350491152,1.1124371221866203,1.58349706874968,1.267823689194209,1.5888888888888888
2018-01-01,30,gabriela mistral,LC,2,8.177,7.2,10.358679166161409,10.161990869998474,10.257010789842864,9.296745140749529,10.147459289853341,10.191666666666668
2018-01-01,30,lomas bayas,SM,1,6.463,7.2,6.257607114119648,5.777340668320649,6.604580030388196,5.600775931392902,5.156672573036251,6.35
2018-01-01,30,los bronces,LC,3,27.661,20.858,25.92388819399422,25.735900795524884,25.430830868525483,25.999769908457182,27.34790489974376,28.02316666666667
2018-01-01,30,los pelambres,LC,3,27.137,28.1,31.4766132421251,29.435916655822073,29.897851058681475,30.305301775138027,29.834024015914423,30.450000000000003
2018-01-01,30,mantos blancos,SM,0,2.862,3.569,3.8209109074084044,3.907242289902925,3.9714970808943515,3.778679445503978,3.6467993594592545,4.178888888888888
2018-01-01,30,mantoverde,SM,0,3.159,3.065,3.9199067550593454,3.698083576784728,3.3720048720821834,3.3798533363280625,2.9553389695759855,3.8912222222222215
2018-01-01,30,ministro hales,LC,2,9.861,23.8,17.937803123833426,17.61702563719463,18.178730393128397,17.09381063635335,18.35359007938411,19.049999999999997
2018-01-01,30,ojos del salado,SM,0,2.351,2.1,2.2722842023198244,2.1814435373851504,2.301935347419818,2.227254475356974,2.229195537004999,2.1416666666666666
2018-01-01,30,otros,LC,2,12.753,11.749,10.727891389897586,11.35033121284455,11.358501933888961,11.160324153139337,10.422830466994705,11.419027777777778
2018-01-01,30,radomiro tomic,LC,3,19.38,25.704,26.705001969014635,28.346117109498785,26.771485505981655,26.887258139695913,0.0,26.642305555555556
2018-01-01,30,salvador,SM,0,4.597,4.3,5.478590321150456,5.368600507481173,4.802681055565107,5.220448089710499,5.8027193086308495,4.783333333333333
2018-01-01,30,sierra gorda,SM,1,12.36,7.8,8.133292651856792,8.068283504614067,7.75574115027436,7.903413562732984,8.225521070543833,7.96111111111111
2018-01-01,30,zaldivar,SM,1,7.871,8.7,8.668257217155757,8.445152674062422,8.810878475122912,8.525140684693106,0.0,8.583333333333336
2018-01-01,36,andacollo,SM,1,4.445,8.4,7.075870550296372,6.3196156385070825,6.507951876701631,6.121401467336133,6.465346852909321,6.166666666666667
2018-01-01,36,andina,LC,2,13.639,19.5,18.04361850361506,17.429136794475784,17.943699225910034,19.064725462060117,19.095673043731683,17.741666666666664
2018-01-01,36,antucoya,SM,1,6.812,6.7,5.357977181412164,5.37447765822776,5.77262058796903,5.052012448224592,5.052012448224592,4.541666666666667
2018-01-01,36,atacama kozan,SM,0,1.013,1.0,1.0856998487046787,0.9854911324021031,0.781256582386831,0.9475911067981541,0.9360972429698833,1.0333333333333332
2018-01-01,36,candelaria,LC,2,9.0,9.4,12.354459580498007,13.286817714786809,13.454753568166264,10.320614280836123,9.282838965624745,11.947222222222221
2018-01-01,36,caserones,LC,2,8.761,13.0,10.393271847735685,10.5541681808147,10.446868834409802,11.112321934085049,11.023181907101458,8.930555555555555
2018-01-01,36,centinela_oxidos,SM,1,7.833,5.3,5.844345698481113,5.881564756301283,6.2402048306979925,7.938853910017964,9.201897480752729,5.4444444444444455
2018-01-01,36,centinela_sulfuros,LC,2,16.0,16.4,13.869426637395202,13.423489313805588,14.311616102070454,13.655177869104538,0.0,13.413888888888888
2018-01-01,36,cerro colorado,SM,0,4.491,5.4,5.775021265536094,5.792385426437493,6.188106692979124,5.861009451334486,29526.814308208803,5.897222222222222
2018-01-01,36,chuquicamata,LC,3,29.088,15.228,42.48669078008301,31.123416788698623,32.77079631335097,26.40033051005777,40.68881516586356,26.190527777777774
2018-01-01,36,collahuasi,LC,3,57.029,44.4,46.9965448611003,49.67239308129795,51.38325898763364,47.20276092801688,62.640134037757875,41.69166666666666
2018-01-01,36,el abra,SM,1,6.746,6.9,7.852629318655152,7.553903021503777,8.454027583497021,7.249369366148296,7.4481285064529255,8.852777777777778
2018-01-01,36,el soldado,SM,0,3.724,3.6,4.088190303566188,3.6731415215327936,3.7621789587534518,3.330683216737174,2.950172060906152,3.4608611111111114
2018-01-01,36,el teniente,LC,3,39.124,36.6,40.069542155510625,39.31829075448716,40.16305420406238,38.843429096718914,38.247782458798724,39.03333333333333
2018-01-01,36,escondida,LC,3,84.669,77.1,100.45025667142586,81.43779920234766,96.94755506848017,91.02531904575565,134.27344265453314,85.00833333333331
2018-01-01,36,franke,SM,0,1.088,1.7,1.42183671088082,1.3543837350491152,1.0574352443205615,1.583497068758469,1.2538592651134326,1.5888888888888888
2018-01-01,36,gabriela mistral,LC,2,6.399,7.2,10.347108403511694,10.186594310241277,10.196581631085909,9.296745140749529,9.866018508425801,10.191666666666668
2018-01-01,36,lomas bayas,SM,1,5.4,7.2,6.182927513790173,5.777340668320649,6.465707256858289,5.600775931392902,5.138977078076668,6.35
2018-01-01,36,los bronces,LC,3,24.529,20.858,25.564753083384993,25.636249458674193,25.115196809359887,25.999769908457182,27.268298026285887,28.02316666666667
2018-01-01,36,los pelambres,LC,3,28.8,28.1,31.86046913953933,29.435916655822073,29.929913744144294,30.305301775138027,29.825310320617962,30.450000000000003
2018-01-01,36,mantos blancos,SM,0,3.705,3.569,3.799178105119057,3.907242289902925,3.88400428433913,3.778679445503978,3.4066435497444876,4.178888888888888
2018-01-01,36,mantoverde,SM,0,3.144,3.065,3.9032043728457246,3.6980835767847284,3.2977191197952886,3.3798533416545435,2.9538719321187883,3.8912222222222215
2018-01-01,36,ministro hales,LC,2,17.82,23.8,18.210546368805804,17.61702563719463,18.189204573344192,17.09381063635335,18.353590079424837,19.049999999999997
2018-01-01,36,ojos del salado,SM,0,2.335,2.1,2.258346248230075,2.1814435373851504,2.2544725749611567,2.227254475356974,2.1482102118142197,2.1416666666666666
2018-01-01,36,otros,LC,2,9.332877,11.749,10.727891389897586,11.318745810331675,11.21304391550946,11.160324153139337,10.372784640629014,11.419027777777778
2018-01-01,36,radomiro tomic,LC,3,22.516,25.704,27.123583560934943,28.346117109498785,27.013917799079362,26.88725813969587,0.0,26.642305555555556
2018-01-01,36,salvador,SM,0,4.462,4.3,5.383819849612826,5.368600507481173,4.790925353067388,5.220448089710499,5.7999565779080005,4.783333333333333
2018-01-01,36,sierra gorda,SM,1,11.565,7.8,8.095117577744098,8.068283504614067,7.736756872461928,7.903413562732984,8.225170005608515,7.96111111111111
2018-01-01,36,zaldivar,SM,1,7.298,8.7,8.651981405292481,8.445152674062422,8.789311593799052,8.525140684693392,0.0,8.583333333333336
2018-01-01,42,andacollo,SM,1,3.84,8.4,7.11376861270249,6.3196156385070825,6.7469285434237145,6.121401467336133,6.4585742596572935,6.166666666666667
2018-01-01,42,andina,LC,2,19.517,19.5,19.618339857385596,17.551465796930405,18.184511338229157,19.064725462060117,19.095687402964852,17.741666666666664
2018-01-01,42,antucoya,SM,1,5.202,6.7,5.3822453884393555,5.37447765822776,6.228716419883035,5.052012448225428,5.052012448225428,4.541666666666667
2018-01-01,42,atacama kozan,SM,0,1.125,1.0,1.0856998487046787,0.9854911324021031,0.827426335124031,0.9475911067981541,0.9360499030751827,1.0333333333333332
2018-01-01,42,candelaria,LC,2,9.268,9.4,12.309796513241148,13.292004320138838,13.552572748544787,10.320614280836123,9.384173249009228,11.947222222222221
2018-01-01,42,caserones,LC,2,10.492,13.0,10.418400406313323,10.5541681808147,10.408155211161262,11.112321933830591,10.949115612080748,8.930555555555555
2018-01-01,42,centinela_oxidos,SM,1,7.725,5.3,5.871688890836741,5.881564756301284,6.469349681803592,7.938853910017964,9.192374634397392,5.4444444444444455
2018-01-01,42,centinela_sulfuros,LC,2,14.8,16.4,13.869426637395202,13.40628103892649,14.287758600575247,13.655177900802421,0.0,13.413888888888888
2018-01-01,42,cerro colorado,SM,0,4.555,5.4,5.795054088776955,5.792385426437493,6.100280985237626,5.861009797194926,64239.436856582586,5.897222222222222
2018-01-01,42,chuquicamata,LC,3,13.678,15.228,43.12822088346732,31.123416788698623,33.615003327998,26.400330510057774,44.42131794717646,26.190527777777774
2018-01-01,42,collahuasi,LC,3,54.03,44.4,50.31012478145176,50.01514959574364,53.77784899251263,47.20276092801688,61.01353578703393,41.69166666666666
2018-01-01,42,el abra,SM,1,5.504,6.9,7.862283056637062,7.553903021503777,8.638581819404127,7.249369366148296,7.438097415196451,8.852777777777778
2018-01-01,42,el soldado,SM,0,4.427,3.6,4.099411020458516,3.6731415215327936,3.7972812842606607,3.330683216737174,2.950373138795167,3.4608611111111114
2018-01-01,42,el teniente,LC,3,41.2,36.6,41.361137238750096,39.31829075448716,41.259392011637466,38.843429096718914,38.24435628858335,39.03333333333333
2018-01-01,42,escondida,LC,3,86.258,77.1,105.85990245924016,82.18501817952547,102.99451013712074,91.02531902173999,129.18608624219937,85.00833333333331
2018-01-01,42,franke,SM,0,0.887,1.7,1.4242804102201052,1.3543837350491152,1.1219714639635316,1.5834970687585317,1.260465789370871,1.5888888888888888
2018-01-01,42,gabriela mistral,LC,2,10.068,7.2,10.420269191926316,10.174495362946697,10.147694611322756,9.296745140749529,10.066591277096503,10.191666666666668
2018-01-01,42,lomas bayas,SM,1,5.5,7.2,6.2070213111718155,5.777340668320649,6.475126783756786,5.600775931392902,5.138777499394226,6.35
2018-01-01,42,los bronces,LC,3,26.301,20.858,25.605221995463463,25.636249458674193,25.133741908457196,25.999769908457182,27.326490347357556,28.02316666666667
2018-01-01,42,los pelambres,LC,3,27.911,28.1,32.97444178352732,29.435916655822073,30.56388501976207,30.305301775138027,29.83568180549458,30.450000000000003
2018-01-01,42,mantos blancos,SM,0,4.27,3.569,3.820458700806467,3.907242289902925,3.7908122169739347,3.778679445503978,3.5706121998337825,4.178888888888888
2018-01-01,42,mantoverde,SM,0,4.3,3.065,3.9163110610556506,3.698083576784728,3.2017705804886356,3.379853341789736,2.9541518251310075,3.8912222222222215
2018-01-01,42,ministro hales,LC,2,16.5,23.8,18.439881860001304,17.61702563719463,18.293155772103333,17.09381063635335,18.31255167154589,19.049999999999997
2018-01-01,42,ojos del salado,SM,0,2.121,2.1,2.27615837592338,2.1814435373851504,2.374490471544045,2.227254475356974,2.201035368204104,2.1416666666666666
2018-01-01,42,otros,LC,2,10.465720999999998,11.749,10.711631630747739,11.318745810331675,11.181532009622929,11.160324153139337,10.341581061167265,11.419027777777778
2018-01-01,42,radomiro tomic,LC,3,23.227,25.704,29.773902467810753,28.56754887741509,28.044501538687804,26.88725813969587,0.0,26.642305555555556
2018-01-01,42,salvador,SM,0,3.862,4.3,5.422429830821435,5.368600507481173,5.174975357564049,5.220448089710499,5.802439703913541,4.783333333333333
2018-01-01,42,sierra gorda,SM,1,17.394,7.8,8.109030591330527,8.068283504614067,8.348038733058987,7.903413562732984,8.22593250387394,7.96111111111111
2018-01-01,42,zaldivar,SM,1,6.879,8.7,8.664536602532364,8.445152674062422,8.857811963733242,8.525140684693392,0.0,8.583333333333336
2018-01-01,48,andacollo,SM,1,3.061,8.4,7.11376861270249,6.3196156385070825,6.7469285434237145,6.121401467336133,6.457183701582076,6.166666666666667
2018-01-01,48,andina,LC,2,18.84,19.5,19.618339857385596,17.551465796930405,18.184511338229157,19.064725462060117,19.095693161327976,17.741666666666664
2018-01-01,48,antucoya,SM,1,6.486,6.7,5.3822453884393555,5.37447765822776,6.228716419883035,5.052012448225438,5.052012448225438,4.541666666666667
2018-01-01,48,atacama kozan,SM,0,0.886,1.0,1.0856998487046787,0.9854911324021031,0.827426335124031,0.9475911067981541,0.9360498984452679,1.0333333333333332
2018-01-01,48,candelaria,LC,2,12.325,9.4,12.309796513241148,13.292004320138838,13.552572748544787,10.320614280836123,9.336542174006809,11.947222222222221
2018-01-01,48,caserones,LC,2,12.422,13.0,10.418400406313323,10.5541681808147,10.408155211161262,11.112321933823743,10.991733485883552,8.930555555555555
2018-01-01,48,centinela_oxidos,SM,1,7.583,5.3,5.871688890836741,5.881564756301284,6.469349681803592,7.938853910017964,9.24041886470928,5.4444444444444455
2018-01-01,48,centinela_sulfuros,LC,2,12.413,16.4,13.869426637395202,13.40628103892649,14.287758600575247,13.655177902140249,0.0,13.413888888888888
2018-01-01,48,cerro colorado,SM,0,3.933,5.4,5.795054088776955,5.792385426437493,6.100280985237626,5.861009828740545,139359.1513421407,5.897222222222222
2018-01-01,48,chuquicamata,LC,3,16.401,15.228,43.12822088346732,31.123416788698613,33.615003327998,26.400330510057774,43.24680254188123,26.190527777777774
2018-01-01,48,collahuasi,LC,3,51.336,44.4,50.31012478145176,50.01514959574364,53.77784899251263,47.20276092801688,63.92714158536724,41.69166666666666
2018-01-01,48,el abra,SM,1,5.718,6.9,7.862283056637062,7.553903021503777,8.638581819404127,7.249369366148296,7.467795685603352,8.852777777777778
2018-01-01,48,el soldado,SM,0,2.894,3.6,4.099411020458516,3.6731415215327936,3.7972812842606607,3.330683216737174,2.9503039662060395,3.4608611111111114
2018-01-01,48,el teniente,LC,3,34.199,36.6,41.361137238750096,39.31829075448715,41.259392011637466,38.843429096718914,38.237801569368116,39.03333333333333
2018-01-01,48,escondida,LC,3,81.0,77.1,105.85990245924016,82.18501817952546,102.99451013712074,91.02531902092244,140.11662047680565,85.00833333333331
2018-01-01,48,franke,SM,0,0.864,1.7,1.4242804102201052,1.3543837350491152,1.1219714639635316,1.583497068758532,1.256478775074288,1.5888888888888888
2018-01-01,48,gabriela mistral,LC,2,10.29,7.2,10.420269191926316,10.174495362946697,10.147694611322756,9.296745140749529,9.935734370286434,10.191666666666668
2018-01-01,48,lomas bayas,SM,1,6.004,7.2,6.2070213111718155,5.777340668320649,6.475126783756786,5.600775931392902,5.13416516320787,6.35
2018-01-01,48,los bronces,LC,3,20.04,20.858,25.605221995463463,25.636249458674193,25.133741908457196,25.999769908457182,27.300274507461246,28.02316666666667
2018-01-01,48,los pelambres,LC,3,18.115,28.1,32.97444178352732,29.435916655822073,30.56388501976207,30.305301775138027,29.834254937864202,30.450000000000003
2018-01-01,48,mantos blancos,SM,0,3.453,3.569,3.820458700806467,3.907242289902925,3.7908122169739347,3.778679445503978,3.388195773368651,4.178888888888888
2018-01-01,48,mantoverde,SM,0,4.106,3.065,3.9163110610556506,3.698083576784728,3.2017705804886356,3.3798533417931673,2.9539876631026205,3.8912222222222215
2018-01-01,48,ministro hales,LC,2,11.635,23.8,18.439881860001304,17.61702563719463,18.293155772103333,17.09381063635335,18.31255167153485,19.049999999999997
2018-01-01,48,ojos del salado,SM,0,2.323,2.1,2.27615837592338,2.1814435373851504,2.374490471544045,2.227254475356974,2.1594812989951446,2.1416666666666666
2018-01-01,48,otros,LC,2,11.546456999999998,11.749,10.711631630747739,11.318745810331675,11.181532009622929,11.160324153139337,10.314301482091354,11.419027777777778
2018-01-01,48,radomiro tomic,LC,3,20.479,25.704,29.773902467810753,28.56754887741509,28.044501538687804,26.88725813969587,0.0,26.642305555555556
2018-01-01,48,salvador,SM,0,1.607,4.3,5.422429830821435,5.368600507481173,5.174975357564049,5.220448089710499,5.802021672246165,4.783333333333333
2018-01-01,48,sierra gorda,SM,1,14.5,7.8,8.109030591330527,8.068283504614067,8.348038733058987,7.903413562732984,8.225947386090391,7.96111111111111
2018-01-01,48,zaldivar,SM,1,8.261,8.7,8.664536602532364,8.445152674062422,8.857811963733242,8.525140684693392,0.0,8.583333333333336
2018-01-01,54,andacollo,SM,1,2.221,8.4,7.11376861270249,6.3196156385070825,6.7469285434237145,6.121401467336133,6.458828214499111,6.166666666666667
2018-01-01,54,andina,LC,2,17.03,19.5,19.618339857385596,17.551465796930405,18.184511338229157,19.064725462060117,19.095693844899408,17.741666666666664
2018-01-01,54,antucoya,SM,1,6.861993,6.7,5.3822453884393555,5.37447765822776,6.228716419883035,5.052012448225438,5.052012448225438,4.541666666666667
2018-01-01,54,atacama kozan,SM,0,1.2634086232,1.0,1.0856998487046787,0.9854911324021031,0.827426335124031,0.9475911067981541,0.9360531551856194,1.0333333333333332
2018-01-01,54,candelaria,LC,2,10.720994127971508,9.4,12.309796513241148,13.292004320138842,13.552572748544787,10.320614280836123,9.369228478891992,11.947222222222221
2018-01-01,54,caserones,LC,2,4.999,13.0,10.418400406313323,10.554168180814699,10.408155211161262,11.112321933823562,10.962261707962295,8.930555555555555
2018-01-01,54,centinela_oxidos,SM,1,8.488439999999999,5.3,5.871688890836741,5.881564756301284,6.469349681803592,7.938853910017964,9.237159309981095,5.4444444444444455
2018-01-01,54,centinela_sulfuros,LC,2,12.22597924234586,16.4,13.869426637395202,13.40628103892649,14.287758600575247,13.655177902196714,0.0,13.413888888888888
2018-01-01,54,cerro colorado,SM,0,3.598,5.4,5.795054088776955,5.792385426437493,6.100280985237626,5.861009831617793,301921.67502587824,5.897222222222222
2018-01-01,54,chuquicamata,LC,3,25.555,15.228,43.12822088346732,31.123416788698616,33.615003327998,26.400330510057774,45.558372590722655,26.190527777777774
2018-01-01,54,collahuasi,LC,3,47.262,44.4,50.31012478145176,50.01514959574364,53.77784899251263,47.20276092801688,62.80795586331747,41.69166666666666
2018-01-01,54,el abra,SM,1,9.284,6.9,7.862283056637062,7.553903021503775,8.638581819404127,7.249369366148296,7.462559488578744,8.852777777777778
2018-01-01,54,el soldado,SM,0,2.57,3.6,4.099411020458516,3.6731415215327936,3.7972812842606607,3.330683216737174,2.950322439454157,3.4608611111111114
2018-01-01,54,el teniente,LC,3,28.068,36.6,41.361137238750096,39.31829075448715,41.259392011637466,38.843429096718914,38.23840675304193,39.03333333333333
2018-01-01,54,escondida,LC,3,81.399,77.1,105.85990245924016,82.18501817952546,102.99451013712074,91.02531902089461,136.00730386243808,85.00833333333331
2018-01-01,54,franke,SM,0,0.760445,1.7,1.4242804102201052,1.3543837350491152,1.1219714639635316,1.583497068758532,1.2583650187541395,1.5888888888888888
2018-01-01,54,gabriela mistral,LC,2,9.132,7.2,10.420269191926316,10.174495362946697,10.147694611322756,9.296745140749529,10.028991402779917,10.191666666666668
2018-01-01,54,lomas bayas,SM,1,6.064031,7.2,6.2070213111718155,5.777340668320649,6.475126783756786,5.600775931392902,5.134113142963104,6.35
2018-01-01,54,los bronces,LC,3,16.49,20.858,25.605221995463463,25.636249458674193,25.133741908457196,25.999769908457182,27.319438186502307,28.02316666666667
2018-01-01,54,los pelambres,LC,3,23.391121186549768,28.1,32.97444178352732,29.435916655822073,30.56388501976207,30.305301775138027,29.835953268543204,30.450000000000003
2018-01-01,54,mantos blancos,SM,0,4.136,3.569,3.820458700806467,3.907242289902925,3.7908122169739347,3.778679445503978,3.5127423135382414,4.178888888888888
2018-01-01,54,mantoverde,SM,0,4.103,3.065,3.9163110610556506,3.698083576784728,3.2017705804886356,3.3798533417932544,2.954018983233127,3.8912222222222215
2018-01-01,54,ministro hales,LC,2,13.17,23.8,18.439881860001304,17.61702563719463,18.293155772103333,17.09381063635335,18.3236752548192,19.049999999999997
2018-01-01,54,ojos del salado,SM,0,1.858,2.1,2.27615837592338,2.1814435373851504,2.374490471544045,2.227254475356974,2.1865862121312998,2.1416666666666666
2018-01-01,54,otros,LC,2,10.002399353990002,11.749,10.711631630747739,11.318745810331675,11.181532009622929,11.160324153139337,10.29729266087301,11.419027777777778
2018-01-01,54,radomiro tomic,LC,3,25.265,25.704,29.773902467810753,28.56754887741509,28.044501538687804,26.88725813969587,0.0,26.642305555555556
2018-01-01,54,salvador,SM,0,1.423,4.3,5.422429830821435,5.368600507481173,5.174975357564049,5.220448089710499,5.802397396632121,4.783333333333333
2018-01-01,54,sierra gorda,SM,1,13.05851625126102,7.8,8.109030591330527,8.068283504614067,8.348038733058987,7.903413562732984,8.225915062542553,7.96111111111111
2018-01-01,54,zaldivar,SM,1,7.44,8.7,8.664536602532364,8.445152674062422,8.857811963733242,8.525140684693392,0.0,8.583333333333336
2018-01-01,60,andacollo,SM,1,3.161,8.4,7.11376861270249,6.3196156385070825,6.7469285434237145,6.121401467336133,6.459165868132141,6.166666666666667
2018-01-01,60,andina,LC,2,15.112,19.5,19.618339857385596,17.551465796930405,18.184511338229157,19.064725462060117,19.09569411902634,17.741666666666664
2018-01-01,60,antucoya,SM,1,7.046,6.7,5.3822453884393555,5.37447765822776,6.228716419883035,5.052012448225438,5.052012448225438,4.541666666666667
2018-01-01,60,atacama kozan,SM,0,0.793,1.0,1.0856998487046787,0.9854911324021031,0.827426335124031,0.9475911067981541,0.9360531555041338,1.0333333333333332
2018-01-01,60,candelaria,LC,2,11.93,9.4,12.309796513241148,13.29200432013884,13.552572748544787,10.320614280836123,9.353864637677157,11.947222222222221
2018-01-01,60,caserones,LC,2,11.351,13.0,10.418400406313323,10.5541681808147,10.408155211161262,11.112321933823559,10.979219819770655,8.930555555555555
2018-01-01,60,centinela_oxidos,SM,1,7.836679,5.3,5.871688890836741,5.881564756301283,6.469349681803592,7.938853910017964,9.253604266901721,5.4444444444444455
2018-01-01,60,centinela_sulfuros,LC,2,9.888067271067618,16.4,13.869426637395202,13.40628103892649,14.287758600575247,13.655177902199098,0.0,13.413888888888888
2018-01-01,60,cerro colorado,SM,0,3.581,5.4,5.795054088776955,5.792385426437493,6.100280985237626,5.861009831880224,653714.4658950056,5.897222222222222
2018-01-01,60,chuquicamata,LC,3,23.479,15.228,43.12822088346732,31.123416788698623,33.615003327998,26.400330510057774,44.83098542134772,26.190527777777774
2018-01-01,60,collahuasi,LC,3,42.903,44.4,50.31012478145176,50.01514959574364,53.77784899251263,47.20276092801688,64.81267092293638,41.69166666666666
2018-01-01,60,el abra,SM,1,8.718,6.9,7.862283056637062,7.553903021503777,8.638581819404127,7.249369366148296,7.478061889181492,8.852777777777778
2018-01-01,60,el soldado,SM,0,4.074,3.6,4.099411020458516,3.6731415215327936,3.7972812842606607,3.330683216737174,2.9503160844918677,3.4608611111111114
2018-01-01,60,el teniente,LC,3,32.758,36.6,41.361137238750096,39.31829075448716,41.259392011637466,38.843429096718914,38.23956454988394,39.03333333333333
2018-01-01,60,escondida,LC,3,93.319,77.1,105.85990245924016,82.18501817952547,102.99451013712074,91.02531902089366,144.83645249951414,85.00833333333331
2018-01-01,60,franke,SM,0,1.251,1.7,1.4242804102201052,1.3543837350491152,1.1219714639635316,1.583497068758532,1.2572266772866214,1.5888888888888888
2018-01-01,60,gabriela mistral,LC,2,7.517,7.2,10.420269191926316,10.174495362946697,10.147694611322756,9.296745140749529,9.968149011805005,10.191666666666668
2018-01-01,60,lomas bayas,SM,1,7.232,7.2,6.2070213111718155,5.777340668320649,6.475126783756786,5.600775931392902,5.132910936122065,6.35
2018-01-01,60,los bronces,LC,3,16.369,20.858,25.605221995463463,25.636249458674193,25.133741908457196,25.999769908457182,27.31080488347688,28.02316666666667
2018-01-01,60,los pelambres,LC,3,17.369,28.1,32.97444178352732,29.435916655822073,30.56388501976207,30.305301775138027,29.83571961896454,30.450000000000003
2018-01-01,60,mantos blancos,SM,0,4.134,3.569,3.820458700806467,3.907242289902925,3.7908122169739347,3.778679445503978,3.374183297690029,4.178888888888888
2018-01-01,60,mantoverde,SM,0,3.34,3.065,3.9163110610556506,3.698083576784728,3.2017705804886356,3.379853341793256,2.954000613442068,3.8912222222222215
2018-01-01,60,ministro hales,LC,2,10.731,23.8,18.439881860001304,17.61702563719463,18.293155772103333,17.09381063635335,18.323675254822195,19.049999999999997
2018-01-01,60,ojos del salado,SM,0,1.382,2.1,2.27615837592338,2.1814435373851504,2.374490471544045,2.227254475356974,2.1652645632553424,2.1416666666666666
2018-01-01,60,otros,LC,2,12.32280417175306,11.749,10.711631630747739,11.318745810331675,11.181532009622929,11.160324153139337,10.282422780833043,11.419027777777778
2018-01-01,60,radomiro tomic,LC,3,26.388,25.704,29.773902467810753,28.56754887741509,28.044501538687804,26.88725813969587,0.0,26.642305555555556
2018-01-01,60,salvador,SM,0,2.516,4.3,5.422429830821435,5.368600507481173,5.174975357564049,5.220448089710499,5.802334143824496,4.783333333333333
2018-01-01,60,sierra gorda,SM,1,10.725,7.8,8.109030591330527,8.068283504614067,8.348038733058987,7.903413562732984,8.22591443166107,7.96111111111111
2018-01-01,60,zaldivar,SM,1,7.572,8.7,8.664536602532364,8.445152674062422,8.857811963733242,8.525140684693392,0.0,8.583333333333336
2018-07-01,6,andacollo,SM,1,4.2,6.4,5.571501029756701,5.488333173914995,5.581715443578769,6.0350469562658136,6.073573626714904,6.044444444444444
2018-07-01,6,andina,LC,2,16.746,17.8,16.053899350361178,16.503421084081666,16.373227816443467,16.820090989388216,16.968920630228805,17.30833333333333
2018-07-01,6,antucoya,SM,1,6.0,7.0,5.651935829030377,5.388904575552191,5.760968212142558,5.295467572781639,5.295467572781639,5.469444444444445
2018-07-01,6,atacama kozan,SM,0,1.0,0.8,1.1789791733945247,1.2548583869887542,1.3830147694446768,0.9645519970526394,0.9733850102349626,1.0000000000000002
2018-07-01,6,candelaria,LC,2,7.8,11.4,9.674730343578686,10.633151924812008,9.560284979697533,8.28139062006384,7.372619585978075,11.133333333333333
2018-07-01,6,caserones,LC,2,11.887,10.1,9.492100341897752,10.158681238560733,9.795093075200239,10.901538215489877,11.643494540021443,9.833333333333334
2018-07-01,6,centinela_oxidos,SM,1,9.1,4.3,6.020748781324432,6.5189419228059,5.66584406388489,7.13364634879644,7.992763239551407,5.594444444444444
2018-07-01,6,centinela_sulfuros,LC,2,16.6,17.7,12.110627429515715,12.426309492503183,10.826276948915517,12.953799156415668,10.792651214144593,12.963888888888889
2018-07-01,6,cerro colorado,SM,0,3.007,4.8,5.44703473492508,5.415465663492861,5.087135627397276,5.667361059936255,5.417651433357054,5.744444444444444
2018-07-01,6,chuquicamata,LC,3,28.231,27.108,24.98876168356664,28.314227818888952,27.077685269119836,25.882855847701652,11.815709579290687,26.06994444444444
2018-07-01,6,collahuasi,LC,3,44.49,41.1,44.572792416321924,44.8808335746159,45.44371800480108,43.50966550664545,42.38271258468599,42.81111111111111
2018-07-01,6,el abra,SM,1,6.353,6.8,8.0868671753142,8.185432067870076,7.305469485855798,7.700013577089977,7.629419241381823,8.049999999999999
2018-07-01,6,el soldado,SM,0,4.322,3.734,4.058251964017159,4.351663142982482,3.061653478193613,4.053088276439466,3.4561909376572286,3.6862499999999994
2018-07-01,6,el teniente,LC,3,32.994,43.4,38.83406372354737,38.61587194983306,39.3871875448716,38.79114103322055,39.83738068648895,38.888888888888886
2018-07-01,6,escondida,LC,3,91.845,81.4,77.97213970213407,87.35595935272272,81.36673766490078,93.87045319757381,106.43317643953822,85.23333333333332
2018-07-01,6,franke,SM,0,1.793,1.7,1.6212421723415564,1.635552448933319,1.6268183586081115,1.5955658420275272,1.5520430808944872,1.594444444444444
2018-07-01,6,gabriela mistral,LC,2,6.053,11.5,10.36865026352229,9.714917577078007,9.584405408318757,9.001093313570298,9.656135276407547,9.930555555555555
2018-07-01,6,lomas bayas,SM,1,6.839,6.5,6.395157157372099,6.289956391777115,6.691993218796882,6.009478736198579,6.079083117182328,6.35
2018-07-01,6,los bronces,LC,3,30.232,28.21,26.425174011772025,26.88234773432451,26.40325991882366,32.07655844388372,32.213919292812975,27.773916666666665
2018-07-01,6,los pelambres,LC,3,30.455,29.4,29.578409179845995,30.093528449498972,29.76419699109354,30.038995574663797,28.36819527867885,30.311111111111106
2018-07-01,6,mantos blancos,SM,0,3.31,4.053,3.8117118451855214,4.004080594652304,3.9708982439236804,3.6357122069480603,3.504410559769139,3.9428888888888887
2018-07-01,6,mantoverde,SM,0,3.566,3.908,3.6641421636896117,3.777589086838951,3.701443214362941,3.4919727713945097,3.4597407463632806,3.7886666666666664
2018-07-01,6,ministro hales,LC,2,6.951,16.7,18.00840214819899,17.3734833175788,18.096257616948314,16.197185806645923,16.06429034988193,18.711111111111112
2018-07-01,6,ojos del salado,SM,0,2.601,2.6,2.3335069534209816,2.3438638673525993,2.400603250088464,2.5400003695658384,2.5051864725229116,2.1694444444444447
2018-07-01,6,otros,LC,2,13.72075,11.347,11.148203487405477,10.840032800515246,10.947239107147748,10.541074037355258,10.913487854057577,11.272666666666666
2018-07-01,6,radomiro tomic,LC,3,22.082,28.572,28.959492620699514,28.084173993703967,27.317272434747828,27.093000084199822,29.55574202563841,27.12816666666667
2018-07-01,6,salvador,SM,0,4.176,5.9,4.563885225929801,4.924878401054816,5.0709162163398105,4.726176916842162,4.801922342776335,4.894444444444445
2018-07-01,6,sierra gorda,SM,1,9.557,7.2,7.998883455340529,8.080321633262209,9.294396542880918,7.994501440499908,7.382756593879727,8.161111111111111
2018-07-01,6,zaldivar,SM,1,8.302,8.4,7.480149463967769,7.708039689124053,7.3876838717806965,8.35598923597538,7.480320096769203,8.43611111111111
2018-07-01,9,andacollo,SM,1,5.7,6.4,5.56228086579433,5.4947007398581915,5.518881830900076,6.035059408110514,5.87003735347414,6.044444444444444
2018-07-01,9,andina,LC,2,11.828,17.8,16.098334953343862,16.512826636918117,16.424975133235897,16.822513030550574,16.52244409198117,17.30833333333333
2018-07-01,9,antucoya,SM,1,6.8,7.0,5.652692448340579,5.38200806239065,5.660017936463176,5.298544617657407,5.298544617657407,5.469444444444445
2018-07-01,9,atacama kozan,SM,0,0.8,0.8,1.1848415006277837,1.2506437349315902,1.3870189799290247,0.9645519801253009,0.95980259698544,1.0000000000000002
2018-07-01,9,candelaria,LC,2,8.1,11.4,9.691137295202932,10.715821236068559,9.55435965305874,8.281390620211138,7.585118534305017,11.133333333333333
2018-07-01,9,caserones,LC,2,12.375,10.1,9.424992887696432,10.134359069211294,9.80892851451531,10.899705283843092,11.821474810319113,9.833333333333334
2018-07-01,9,centinela_oxidos,SM,1,6.4,4.3,6.052752300010831,6.533719575145476,5.763426511171513,7.133646455530008,7.876347764716497,5.594444444444444
2018-07-01,9,centinela_sulfuros,LC,2,15.3,17.7,11.987958818840848,13.026658456816211,10.701232237098845,13.191446843262899,10.49503137075298,12.963888888888889
2018-07-01,9,cerro colorado,SM,0,8.113,4.8,5.55253710320574,5.414841017906817,5.133887488051105,5.70165208221224,5.578022061954059,5.744444444444444
2018-07-01,9,chuquicamata,LC,3,28.102,27.108,24.14143922773208,29.654878115442877,26.98272159177631,25.92051032690226,15.922775756044121,26.06994444444444
2018-07-01,9,collahuasi,LC,3,37.052,41.1,44.87528521171291,44.8808335746159,45.60320545374224,43.509716050153216,42.38634766014708,42.81111111111111
2018-07-01,9,el abra,SM,1,6.704,6.8,8.124226180827012,8.237033080482473,8.051637174624611,7.700013590047414,7.545424766327876,8.049999999999999
2018-07-01,9,el soldado,SM,0,4.53,3.734,4.059993322755802,4.351663142982482,3.168389397827454,4.051277441546207,3.8281739766145724,3.6862499999999994
2018-07-01,9,el teniente,LC,3,34.684,43.4,38.333854539768105,38.64736750844496,39.525419090330445,38.79114012620202,38.889626500275945,38.888888888888886
2018-07-01,9,escondida,LC,3,92.115,81.4,78.76349794733659,87.71919103879253,80.44547776899664,93.20204767104043,106.35563723125857,85.23333333333332
2018-07-01,9,franke,SM,0,1.604,1.7,1.6266511015557275,1.635552448933319,1.6116952803771283,1.5938240938429693,1.5673391869020077,1.594444444444444
2018-07-01,9,gabriela mistral,LC,2,8.152,11.5,10.433638321558782,9.746673465367472,9.620481584834488,9.00098479748478,9.65812036703135,9.930555555555555
2018-07-01,9,lomas bayas,SM,1,6.66,6.5,6.427789284647576,6.289956391777115,6.550263120007733,6.009424733478528,6.095948966927455,6.35
2018-07-01,9,los bronces,LC,3,30.698,28.21,26.262223366601784,26.632109159459837,26.402704388472266,32.07655843477967,30.306718190281654,27.773916666666665
2018-07-01,9,los pelambres,LC,3,33.313,29.4,29.324839458030514,30.001217500798585,29.85826580044588,30.038994663855327,18.977674355552864,30.311111111111106
2018-07-01,9,mantos blancos,SM,0,3.253,4.053,3.849963001355837,3.983758743445095,3.9443551673769583,3.635665620099917,3.256411443943321,3.9428888888888887
2018-07-01,9,mantoverde,SM,0,3.765,3.908,3.7082664391373727,3.7588688732907074,3.676701312414959,3.4897264833046813,3.3810867836613814,3.7886666666666664
2018-07-01,9,ministro hales,LC,2,12.258,16.7,18.234669521320935,17.339997549219497,18.1271948831038,16.19719251460674,16.702857565475906,18.711111111111112
2018-07-01,9,ojos del salado,SM,0,2.334,2.6,2.354628213269,2.3438638673525993,2.4089417909530018,2.5395677743400293,2.5494607110709375,2.1694444444444447
2018-07-01,9,otros,LC,2,12.201237,11.347,11.04876092177272,10.820563866794439,10.947540028836611,10.541069459616132,10.344340964394952,11.272666666666666
2018-07-01,9,radomiro tomic,LC,3,21.678,28.572,28.898567859527247,28.084173993703967,27.388780309082044,27.091836841852935,28.275142504578387,27.12816666666667
2018-07-01,9,salvador,SM,0,2.753,5.9,4.574433344542411,4.898191129314514,5.0170231315918254,4.7262440961287435,4.786724178852002,4.894444444444445
2018-07-01,9,sierra gorda,SM,1,8.44,7.2,7.927183000478619,8.080321633262209,9.189768108227891,7.994501603886017,7.433651483725973,8.161111111111111
2018-07-01,9,zaldivar,SM,1,9.616,8.4,7.443870447067457,7.708039689124053,7.3467422288246125,8.360850819111468,7.05903679889207,8.43611111111111
2018-07-01,12,andacollo,SM,1,5.4,6.4,5.6517483555897545,5.482052183661181,5.546031607015754,6.035059463370296,5.877855109804213,6.044444444444444
2018-07-01,12,andina,LC,2,14.04,17.8,15.942835714126373,16.512826636918117,16.4276876900196,16.82237657641196,16.698820048118613,17.30833333333333
2018-07-01,12,antucoya,SM,1,6.0,7.0,5.620656012655112,5.388859051097347,5.6816254926206495,5.298875060274437,5.298875060274437,5.469444444444445
2018-07-01,12,atacama kozan,SM,0,1.0,0.8,1.1894878127774293,1.2461421842213793,1.3643472733094426,0.9645519801312838,0.9578672866528917,1.0000000000000002
2018-07-01,12,candelaria,LC,2,10.7,11.4,10.002109773530675,10.485487422327756,9.795048025624043,8.281390620211136,7.4215959788042065,11.133333333333333
2018-07-01,12,caserones,LC,2,14.347,10.1,9.247469363102205,10.106853762190939,9.810479076193609,10.899437558166623,11.943999925678517,9.833333333333334
2018-07-01,12,centinela_oxidos,SM,1,5.7,4.3,5.915379992708986,6.509831061706093,5.678150498399065,7.133646455340077,7.83137009140387,5.594444444444444
2018-07-01,12,centinela_sulfuros,LC,2,20.8,17.7,11.95075507789922,12.601776169329089,10.911472538751266,13.253832404710773,10.276626637273107,12.963888888888889
2018-07-01,12,cerro colorado,SM,0,6.314,4.8,5.450302178739504,5.380045906442529,5.162844749895703,5.711182058120787,5.299757529697651,5.744444444444444
2018-07-01,12,chuquicamata,LC,3,24.19,27.108,23.976688973095193,28.49987425363746,27.02292351664725,25.92298900011771,16.175486180024713,26.06994444444444
2018-07-01,12,collahuasi,LC,3,47.341,41.1,45.46153990327026,44.89669525227195,45.669149338821335,43.50971670002226,42.178850109159356,42.81111111111111
2018-07-01,12,el abra,SM,1,6.704,6.8,8.167845301426938,8.247684609994524,8.140357784784081,7.700013589653258,7.565237293298625,8.049999999999999
2018-07-01,12,el soldado,SM,0,4.214,3.734,4.202175716002639,4.356828635950549,3.832401958793225,4.0512046245654885,3.995699122263382,3.6862499999999994
2018-07-01,12,el teniente,LC,3,39.561,43.4,38.84049675085421,38.656706683849734,39.60136072012569,38.79114012664453,38.26803319381071,38.888888888888886
2018-07-01,12,escondida,LC,3,97.228,81.4,79.85646683391124,87.76007463897159,80.3923435903311,93.05586069183617,106.56687808914171,85.23333333333332
2018-07-01,12,franke,SM,0,1.65,1.7,1.6868316916248578,1.6367836679752144,1.621085385890998,1.5936557343696391,1.6273257251147353,1.594444444444444
2018-07-01,12,gabriela mistral,LC,2,9.379,11.5,10.477370353283094,9.791921845708345,9.710367088264801,9.00098684551315,9.27808563714216,9.930555555555555
2018-07-01,12,lomas bayas,SM,1,6.701,6.5,6.548673228581737,6.289956391777115,6.58234968283991,6.0094239921767825,6.03266462700081,6.35
2018-07-01,12,los bronces,LC,3,29.657,28.21,25.988494443522185,26.53818989450147,26.261834312025197,32.07655843477903,33.02050224858467,27.773916666666665
2018-07-01,12,los pelambres,LC,3,31.541,29.4,29.47003734131226,29.988463093893458,29.918361859707566,30.03899466347262,33.89404363607493,30.311111111111106
2018-07-01,12,mantos blancos,SM,0,3.835,4.053,3.8740558367128566,3.970431423635288,3.9555635229256794,3.6356650261751065,3.703082563405234,3.9428888888888887
2018-07-01,12,mantoverde,SM,0,3.52,3.908,3.7243485066737008,3.7508306704313545,3.687149089033881,3.4893800873893204,3.44110593402573,3.7886666666666664
2018-07-01,12,ministro hales,LC,2,13.609,16.7,18.24780369040906,17.23797965972052,18.102064225912756,16.197192492162582,16.811619037790035,18.711111111111112
2018-07-01,12,ojos del salado,SM,0,2.251,2.6,2.4338648611152527,2.343863867352599,2.4382093412480748,2.539585063718442,2.7459355780269656,2.1694444444444447
2018-07-01,12,otros,LC,2,13.251566999999998,11.347,10.884131601374346,10.848866639832718,10.971568004949159,10.541069441421357,10.851706224924788,11.272666666666666
2018-07-01,12,radomiro tomic,LC,3,24.658,28.572,28.981158881094554,28.084173993703967,27.458834399915172,27.09180018037482,28.851717217913794,27.12816666666667
2018-07-01,12,salvador,SM,0,3.961,5.9,4.631982893392194,4.892544569353177,5.046253456421063,4.726244745391411,4.893628737486686,4.894444444444445
2018-07-01,12,sierra gorda,SM,1,8.868,7.2,7.906990980219799,8.080321633262209,9.199119992173843,7.994501604100992,7.892589408742116,8.161111111111111
2018-07-01,12,zaldivar,SM,1,9.303,8.4,7.444781614065337,7.708039689124053,7.384570001455076,8.361453114886457,7.427491318265913,8.43611111111111
2018-07-01,18,andacollo,SM,1,6.32,6.4,5.802213050426535,5.5075892390582455,5.705120781503443,6.035059463616622,6.02031618914331,6.044444444444444
2018-07-01,18,andina,LC,2,15.886,17.8,15.868712534785136,16.496475300913154,16.40606849915043,16.822383830923012,16.782720376524765,17.30833333333333
2018-07-01,18,antucoya,SM,1,6.78,7.0,5.672542560968412,5.400750753715563,5.667946505108413,5.298914357212859,5.298914357212859,5.469444444444445
2018-07-01,18,atacama kozan,SM,0,1.177,0.8,1.1762482097744256,1.2469038382535511,1.392426268080416,0.9645519801312817,0.9656814909142563,1.0000000000000002
2018-07-01,18,candelaria,LC,2,8.24,11.4,10.65817247613495,11.426687472139253,10.969864432291697,8.281390620211136,7.4257082508143295,11.133333333333333
2018-07-01,18,caserones,LC,2,11.611,10.1,9.134796860749223,10.097857637839004,9.752811089339792,10.899392741172786,12.215940560250298,9.833333333333334
2018-07-01,18,centinela_oxidos,SM,1,7.457,4.3,5.8424978889636225,6.542550978207377,5.5815365423459,7.133646455340414,7.949316113735838,5.594444444444444
2018-07-01,18,centinela_sulfuros,LC,2,17.118,17.7,11.415400985776726,12.394824002948688,10.757266567254774,13.274508588165368,10.747074374498808,12.963888888888889
2018-07-01,18,cerro colorado,SM,0,7.601,4.8,5.459243212793542,5.499532810190529,5.191444816861569,5.714566639858041,5.401619454520623,5.744444444444444
2018-07-01,18,chuquicamata,LC,3,15.69,27.108,24.317163387114896,27.889785507683808,26.981097262178782,25.923162903701325,10.965845869758972,26.06994444444444
2018-07-01,18,collahuasi,LC,3,53.542,41.1,46.344059586143736,44.954223073233095,45.748473430533885,43.50971670848547,42.19452556986331,42.81111111111111
2018-07-01,18,el abra,SM,1,7.0169,6.8,8.277918101921829,8.301627813976687,8.395687200880223,7.700013589664883,7.524227122258376,8.049999999999999
2018-07-01,18,el soldado,SM,0,3.923,3.734,4.289242018697381,4.368436690824483,4.156534525522173,4.0512015787171975,3.634421662265164,3.6862499999999994
2018-07-01,18,el teniente,LC,3,33.386,43.4,39.10151182676525,38.656706683849734,39.54924469736303,38.791140126644315,39.52606031895897,38.888888888888886
2018-07-01,18,escondida,LC,3,100.944,81.4,74.10419543785385,86.87189234085382,75.61986696362253,93.01689541823832,105.34759533440081,85.23333333333332
2018-07-01,18,franke,SM,0,1.101,1.7,1.6614604830088504,1.6347660424430552,1.6577937015670263,1.5936378874926744,1.5918132204367699,1.594444444444444
2018-07-01,18,gabriela mistral,LC,2,8.929,11.5,10.380241324326876,9.75295972487846,9.616337902119298,9.00098680759012,9.764999697759057,9.930555555555555
2018-07-01,18,lomas bayas,SM,1,6.551,6.5,6.571347927359772,6.289956391777115,6.570115075560377,6.009423981861159,6.06625607880512,6.35
2018-07-01,18,los bronces,LC,3,20.815,28.21,25.61320778792455,26.50577983114199,26.107052468174604,32.07655843477903,32.6137758245735,27.773916666666665
2018-07-01,18,los pelambres,LC,3,29.774,29.4,29.84769562038388,29.978804848569247,29.724783439689908,30.03899466347246,29.271737596686425,30.311111111111106
2018-07-01,18,mantos blancos,SM,0,3.554,4.053,3.8802908603117507,3.9714015225659813,3.9381458936033122,3.6356650185067667,3.5036088519931803,3.9428888888888887
2018-07-01,18,mantoverde,SM,0,3.299,3.908,3.673978779361683,3.7517471141208074,3.670913381516833,3.4893184329710913,3.4638304790961145,3.7886666666666664
2018-07-01,18,ministro hales,LC,2,14.335,16.7,18.016110413468557,17.219928518234013,18.060516179292105,16.197192492237427,16.60838042704338,18.711111111111112
2018-07-01,18,ojos del salado,SM,0,2.573,2.6,2.412521361599333,2.3438638673525993,2.454235611239222,2.5395844003369334,2.764667727579177,2.1694444444444447
2018-07-01,18,otros,LC,2,8.901,11.347,10.864004810323998,10.822300993035283,10.841647008074913,10.541069441348752,10.897450933329106,11.272666666666666
2018-07-01,18,radomiro tomic,LC,3,19.9,28.572,28.424631491889098,28.073622395304003,27.422698186668676,27.09179898851282,29.068989066422642,27.12816666666667
2018-07-01,18,salvador,SM,0,2.34,5.9,4.8534265258271345,5.02486611695514,5.221464810716399,4.726244751726937,4.870560296984271,4.894444444444445
2018-07-01,18,sierra gorda,SM,1,10.715,7.2,7.863648406740886,8.080321633262209,8.942034097166326,7.994501604101274,7.628829982513382,8.161111111111111
2018-07-01,18,zaldivar,SM,1,9.951,8.4,7.694118044509696,7.713097570881658,7.2802550909389065,8.361536976896142,7.419479408620217,8.43611111111111
2018-07-01,24,andacollo,SM,1,3.028,6.4,5.976383019268146,5.505625110386107,5.955063164574848,6.035059463616627,5.9472974778883305,6.044444444444444
2018-07-01,24,andina,LC,2,14.282,17.8,15.765085973605613,16.501408219601778,16.39508571887664,16.82238385394901,16.75876719799297,17.30833333333333
2018-07-01,24,antucoya,SM,1,5.5,7.0,5.706627349519889,5.409783701900249,5.816009139966575,5.298914810405827,5.298914810405827,5.469444444444445
2018-07-01,24,atacama kozan,SM,0,1.62,0.8,1.1620341351528514,1.248136856686361,1.356264640238544,0.9645519801312817,0.9643763648882757,1.0000000000000002
2018-07-01,24,candelaria,LC,2,10.129,11.4,11.169858306119751,11.57420441984169,11.141842943185903,8.281390620211136,7.43148609337799,11.133333333333333
2018-07-01,24,caserones,LC,2,9.481,10.1,9.088936035381924,9.99938629020916,9.65387815952794,10.899391785013533,12.425942635608573,9.833333333333334
2018-07-01,24,centinela_oxidos,SM,1,7.874,4.3,5.7222532887745245,6.545082921585216,5.5019710653465985,7.133646455340414,7.926768688859763,5.594444444444444
2018-07-01,24,centinela_sulfuros,LC,2,9.824,17.7,11.171304226070822,12.262311879336103,10.60036341932392,13.275933445459275,10.46927916817259,12.963888888888889
2018-07-01,24,cerro colorado,SM,0,5.22,4.8,5.3217783812974755,5.541143928033991,5.159807353168642,5.7148280531989215,5.331308095277134,5.744444444444444
2018-07-01,24,chuquicamata,LC,3,37.848,27.108,24.59490408752518,27.441879774442782,27.04045513817859,25.9231636572543,14.543778198804738,26.06994444444444
2018-07-01,24,collahuasi,LC,3,58.119,41.1,48.561743994623484,44.959821475908115,45.81986869809142,43.50971670848686,42.08474731373817,42.81111111111111
2018-07-01,24,el abra,SM,1,5.236,6.8,8.1082231400463,8.32163465028456,8.78571783784968,7.700013589664895,7.49056083563215,8.049999999999999
2018-07-01,24,el soldado,SM,0,2.856,3.734,4.300899802705046,4.368129323428937,4.198572800007882,4.051201573792088,3.6773896913970074,3.6862499999999994
2018-07-01,24,el teniente,LC,3,30.462,43.4,39.18535750841425,38.673062589263665,38.7042491059099,38.791140126644315,38.53704422237382,38.888888888888886
2018-07-01,24,escondida,LC,3,103.74,81.4,77.60012131829585,81.86549605147549,74.44959517625814,93.01503155067775,105.4139441152624,85.23333333333332
2018-07-01,24,franke,SM,0,1.243,1.7,1.6192315266069708,1.6301683052165457,1.6458710188604349,1.5936377207423784,1.6078615722722862,1.594444444444444
2018-07-01,24,gabriela mistral,LC,2,8.177,11.5,10.200620275076764,9.727786189824892,9.566246034766042,9.000986807576615,9.540370353604567,9.930555555555555
2018-07-01,24,lomas bayas,SM,1,6.463,6.5,6.57269032107032,6.289956391777115,6.556000722509584,6.009423981859215,6.056319781435268,6.35
2018-07-01,24,los bronces,LC,3,27.661,28.21,25.346234435474663,26.51974946991376,25.94150772705792,32.07655843477903,32.300199201834396,27.773916666666665
2018-07-01,24,los pelambres,LC,3,27.137,29.4,29.809370608815158,29.96233653094735,29.12621067488332,30.03899466347246,31.10455756991294,30.311111111111106
2018-07-01,24,mantos blancos,SM,0,2.862,4.053,3.7966472368682394,3.965168133213025,3.776657760859135,3.635665018505521,3.598718977279359,3.9428888888888887
2018-07-01,24,mantoverde,SM,0,3.159,3.908,3.606163762620189,3.7458584875532686,3.5203835689577603,3.4893169668196897,3.451634592722139,3.7886666666666664
2018-07-01,24,ministro hales,LC,2,9.861,16.7,17.56358915240608,17.040274622272204,17.837004142593855,16.197192492237427,16.604287991566817,18.711111111111112
2018-07-01,24,ojos del salado,SM,0,2.351,2.6,2.4444724405866345,2.343863867352599,2.4202167981422793,2.5395843992772926,2.677147763132706,2.1694444444444447
2018-07-01,24,otros,LC,2,12.753,11.347,10.819637564896532,10.538720119342807,10.684126402374112,10.54106944134875,10.881654445949867,11.272666666666666
2018-07-01,24,radomiro tomic,LC,3,19.38,28.572,28.322786188232982,28.095003522221102,27.36720208173579,27.091798987328943,28.963782038189066,27.12816666666667
2018-07-01,24,salvador,SM,0,4.597,5.9,5.403718488662227,5.093506276568218,5.699338950946395,4.726244751727529,4.918836131404985,4.894444444444445
2018-07-01,24,sierra gorda,SM,1,12.36,7.2,7.910265421377597,8.080321633262209,9.029087850772738,7.994501604101274,7.888810477426391,8.161111111111111
2018-07-01,24,zaldivar,SM,1,7.871,8.4,7.7372099182833445,7.7291111233710605,7.579828024115672,8.361538264047041,7.434149431155806,8.43611111111111
2018-07-01,30,andacollo,SM,1,4.445,6.4,6.48682630352081,5.516676762699759,6.4247140066023585,6.035059463616627,6.00043890314821,6.044444444444444
2018-07-01,30,andina,LC,2,13.639,17.8,15.483629102054651,16.46222389487264,16.372309348595333,16.8223838540221,16.766212716998435,17.30833333333333
2018-07-01,30,antucoya,SM,1,6.812,7.0,6.087044760226265,5.414987168334428,6.096368214741296,5.298914815632288,5.298914815632288,5.469444444444445
2018-07-01,30,atacama kozan,SM,0,1.013,0.8,1.1868753136447703,1.2498663692831562,1.388084482987809,0.9645519801312817,0.9650335827119331,1.0000000000000002
2018-07-01,30,candelaria,LC,2,9.0,11.4,11.171840470137294,11.664434711118318,11.213547050626305,8.281390620211136,7.431971226293716,11.133333333333333
2018-07-01,30,caserones,LC,2,8.761,10.1,9.018222183921063,9.94994884145855,9.470172832589164,10.899391764614116,12.616419266618948,9.833333333333334
2018-07-01,30,centinela_oxidos,SM,1,7.833,4.3,6.061720537719402,6.669538155294497,5.657574252937654,7.133646455340414,7.943001134356946,5.594444444444444
2018-07-01,30,centinela_sulfuros,LC,2,16.0,17.7,10.95091984697769,12.350348673881701,10.450072226673331,13.276031636612998,10.716669811098596,12.963888888888889
2018-07-01,30,cerro colorado,SM,0,4.491,4.8,5.372732615342406,5.541143928033991,5.064275900611245,5.71484824385765,5.385792585061773,5.744444444444444
2018-07-01,30,chuquicamata,LC,3,29.088,27.108,24.62616821746682,28.243076722934827,26.95249052138928,25.923163660519567,10.26801405961357,26.06994444444444
2018-07-01,30,collahuasi,LC,3,57.029,41.1,48.20706779991702,44.962352983591025,45.82699446131615,43.50971670848686,42.093188419614364,42.81111111111111
2018-07-01,30,el abra,SM,1,6.746,6.8,8.293435516076807,8.329163950776886,9.037701667210785,7.700013589664895,7.469049352592167,8.049999999999999
2018-07-01,30,el soldado,SM,0,3.724,3.734,4.344767004436463,4.360341867336817,4.3206961435549935,4.051201573784125,3.647970919960349,3.6862499999999994
2018-07-01,30,el teniente,LC,3,39.124,43.4,39.376696341433714,38.70106146006131,38.67852964996889,38.791140126644315,39.32986424403388,38.888888888888886
2018-07-01,30,escondida,LC,3,84.669,81.4,79.08953723466733,86.31265400948246,81.03088807052336,93.01494239430944,104.80916849758776,85.23333333333332
2018-07-01,30,franke,SM,0,1.088,1.7,1.587354406457083,1.6323899985860817,1.6459034294815813,1.5936377191843658,1.6005992296859155,1.594444444444444
2018-07-01,30,gabriela mistral,LC,2,6.399,11.5,9.779166216406658,9.684697659130313,9.48841543984497,9.000986807576611,9.829951012813922,9.930555555555555
2018-07-01,30,lomas bayas,SM,1,5.4,6.5,6.633061164377397,6.289956391777115,6.564381822843822,6.009423981859215,6.063616622982817,6.35
2018-07-01,30,los bronces,LC,3,24.529,28.21,25.10564098379009,26.53857092487298,25.881941053649054,32.07655843477903,32.458322853109784,27.773916666666665
2018-07-01,30,los pelambres,LC,3,28.8,29.4,29.811880369992135,29.953905389463475,29.155201628224976,30.03899466347246,29.571425590260958,30.311111111111106
2018-07-01,30,mantos blancos,SM,0,3.705,4.053,3.8308613340967383,3.9731275671909714,3.7623242860057653,3.635665018505521,3.503225521147033,3.9428888888888887
2018-07-01,30,mantoverde,SM,0,3.144,3.908,3.6344113963433586,3.7533776928733853,3.5070227134352816,3.4893169319543875,3.430850006382391,3.7886666666666664
2018-07-01,30,ministro hales,LC,2,17.82,16.7,17.25679531461364,17.003266036454345,17.74493696915691,16.197192492237427,16.605344073638804,18.711111111111112
2018-07-01,30,ojos del salado,SM,0,2.335,2.6,2.4040865502887265,2.3424879027435574,2.395573042003266,2.5395843992755998,2.6703418527698,2.1694444444444447
2018-07-01,30,otros,LC,2,9.332877,11.347,10.613401940249963,10.48873971453565,10.525373976407892,10.54106944134875,10.893350798979455,11.272666666666666
2018-07-01,30,radomiro tomic,LC,3,22.516,28.572,28.259112905686912,28.095003522221102,27.349016234847404,27.091798987327763,28.99625118343678,27.12816666666667
2018-07-01,30,salvador,SM,0,4.462,5.9,5.532581406582228,5.106682333748224,5.898523937462311,4.726244751727529,4.906559281523964,4.894444444444445
2018-07-01,30,sierra gorda,SM,1,11.565,7.2,8.261213507798583,8.088093789176924,9.287753125300213,7.994501604101274,7.754310884281497,8.161111111111111
2018-07-01,30,zaldivar,SM,1,7.298,8.4,8.043996788622897,7.7291111233710605,8.020688102348883,8.361538283802798,7.436374564698037,8.43611111111111
2018-07-01,36,andacollo,SM,1,3.84,6.4,6.366161511876239,5.516676762699759,6.3330460759200555,6.035059463616627,5.973201158737175,6.044444444444444
2018-07-01,36,andina,LC,2,19.517,17.8,15.258442254419053,16.485177318073717,16.358777125411663,16.82238385402233,16.76408706469576,17.30833333333333
2018-07-01,36,antucoya,SM,1,5.202,7.0,6.018351717648193,5.414987168334428,6.051374220146572,5.298914815692562,5.298914815692562,5.469444444444445
2018-07-01,36,atacama kozan,SM,0,1.125,0.8,1.1739520139523998,1.2477192753615027,1.2699330324961093,0.9645519801312817,0.964923814390335,1.0000000000000002
2018-07-01,36,candelaria,LC,2,9.268,11.4,10.931407832148793,11.791817876963023,11.16644462735717,8.281390620211136,7.432652849883452,11.133333333333333
2018-07-01,36,caserones,LC,2,10.492,10.1,8.620690869607582,9.80269827371226,9.338196502531634,10.899391764178898,12.763512994556566,9.833333333333334
2018-07-01,36,centinela_oxidos,SM,1,7.725,4.3,6.057087292784192,6.677809019193093,5.760835611974448,7.133646455340414,7.939893245690784,5.594444444444444
2018-07-01,36,centinela_sulfuros,LC,2,14.8,17.7,10.602354427757387,12.352348224835767,10.38712042687133,13.276038403257425,10.570552168602175,12.963888888888889
2018-07-01,36,cerro colorado,SM,0,4.555,4.8,5.290833455056461,5.541143928033991,4.94471519007605,5.71484980331402,5.34770433414438,5.744444444444444
2018-07-01,36,chuquicamata,LC,3,13.678,27.108,24.92288281356333,28.19112325426865,26.800721036690703,25.923163660533717,13.204568899322213,26.06994444444444
2018-07-01,36,collahuasi,LC,3,54.03,41.1,48.36452780600871,45.02504438681449,46.10780016426882,43.50971670848686,42.034073737095255,42.81111111111111
2018-07-01,36,el abra,SM,1,5.504,6.8,8.26104860450913,8.329163950776886,9.0286330812603,7.700013589664895,7.451390032117031,8.049999999999999
2018-07-01,36,el soldado,SM,0,4.427,3.734,4.404184537408043,4.361647920832624,4.297056886224702,4.0512015737841125,3.651469281030053,3.6862499999999994
2018-07-01,36,el teniente,LC,3,41.2,43.4,40.73246071363382,38.731731968339226,39.07149089751949,38.791140126644315,38.70657739477444,38.888888888888886
2018-07-01,36,escondida,LC,3,86.258,81.4,88.50614758969816,91.76161394700969,85.54204660786327,93.01493812959761,104.84207811173404,85.23333333333332
2018-07-01,36,franke,SM,0,0.887,1.7,1.6051886159087367,1.6318112929070132,1.6686508144773788,1.5936377191698088,1.6038927535065102,1.594444444444444
2018-07-01,36,gabriela mistral,LC,2,10.068,11.5,9.563934442503472,9.71751940430943,9.428456759250349,9.000986807576611,9.696358077436527,9.930555555555555
2018-07-01,36,lomas bayas,SM,1,5.5,6.5,6.527790572710099,6.289956391777115,6.40196656930184,6.009423981859215,6.061458307304068,6.35
2018-07-01,36,los bronces,LC,3,26.301,28.21,25.263756798426282,26.501419078256475,25.073171896345922,32.07655843477903,32.58023251428479,27.773916666666665
2018-07-01,36,los pelambres,LC,3,27.911,29.4,29.922661893897363,29.929713340833718,29.13239950905043,30.03899466347246,30.17933750478019,30.311111111111106
2018-07-01,36,mantos blancos,SM,0,4.27,4.053,3.7856272421363037,3.966302295098594,3.7333171004583368,3.635665018505521,3.548757308375185,3.9428888888888887
2018-07-01,36,mantoverde,SM,0,4.3,3.908,3.5946702119301106,3.7510488079496476,3.47998377010708,3.489316931125286,3.431932263847522,3.7886666666666664
2018-07-01,36,ministro hales,LC,2,16.5,16.7,16.884568554924098,17.003266036454345,17.712149845481438,16.197192492237427,16.605365343153128,18.711111111111112
2018-07-01,36,ojos del salado,SM,0,2.121,2.6,2.4422758119184356,2.3424879027435574,2.408204563434943,2.539584399275597,2.702140157948409,2.1694444444444447
2018-07-01,36,otros,LC,2,10.465720999999998,11.347,10.240736511255411,10.49356725605922,10.40232698207837,10.54106944134875,10.889311833612746,11.272666666666666
2018-07-01,36,radomiro tomic,LC,3,23.227,28.572,29.208334339320515,28.12563457025621,27.41088529609821,27.091798987327763,28.98052902577616,27.12816666666667
2018-07-01,36,salvador,SM,0,3.862,5.9,5.449871727887815,5.106682333748224,5.883947914924038,4.726244751727529,4.932250022552378,4.894444444444445
2018-07-01,36,sierra gorda,SM,1,17.394,7.2,8.2264129015842,8.088093789176924,9.234787731937038,7.994501604101274,7.886883476250529,8.161111111111111
2018-07-01,36,zaldivar,SM,1,6.879,8.4,7.992647197949348,7.7291111233710605,7.942387543974418,8.361538284106018,7.432300285150946,8.43611111111111
2018-07-01,42,andacollo,SM,1,3.061,6.4,6.389206183468509,5.516676762699759,6.316829615906383,6.035059463616627,5.993024194969715,6.044444444444444
2018-07-01,42,andina,LC,2,18.84,17.8,15.03201239858594,16.49411890488603,16.310445435173317,16.82238385402233,16.764747794764386,17.30833333333333
2018-07-01,42,antucoya,SM,1,6.486,7.0,6.023691369865369,5.414987168334428,6.035879011854642,5.298914815693257,5.298914815693257,5.469444444444445
2018-07-01,42,atacama kozan,SM,0,0.886,0.8,1.178957200624586,1.2477192753615027,1.3526095177941995,0.9645519801312817,0.9649790900464718,1.0000000000000002
2018-07-01,42,candelaria,LC,2,12.325,11.4,10.822167913738625,11.78079815087668,11.014644273782915,8.281390620211136,7.4327100819793195,11.133333333333333
2018-07-01,42,caserones,LC,2,12.422,10.1,8.342413922724418,9.601562979345706,9.188717375961456,10.899391764169616,12.896930335147308,9.833333333333334
2018-07-01,42,centinela_oxidos,SM,1,7.583,4.3,6.163763523505686,6.677809019193093,6.512914724344212,7.133646455340414,7.942129787359632,5.594444444444444
2018-07-01,42,centinela_sulfuros,LC,2,12.413,17.7,10.188590472424519,12.352348224835767,10.159239200761759,13.276038869567017,10.700676799930228,12.963888888888889
2018-07-01,42,cerro colorado,SM,0,3.933,4.8,5.289210518659757,5.541143928033991,4.943042090547146,5.714849923761014,5.377169321913191,5.744444444444444
2018-07-01,42,chuquicamata,LC,3,16.401,27.108,24.620258367020416,28.191123254268657,26.72153934798279,25.923163660533778,9.695275060937687,26.06994444444444
2018-07-01,42,collahuasi,LC,3,51.336,41.1,49.272129980879214,45.02504438681449,46.1445670164387,43.50971670848686,42.03861920276026,42.81111111111111
2018-07-01,42,el abra,SM,1,5.718,6.8,8.29940828944417,8.329163950776886,9.005514140479953,7.700013589664895,7.440106394657515,8.049999999999999
2018-07-01,42,el soldado,SM,0,2.894,3.734,4.406483567896632,4.361647920832624,4.720221622029749,4.0512015737841125,3.6490740575356404,3.6862499999999994
2018-07-01,42,el teniente,LC,3,34.199,43.4,42.14362503307778,38.731731968339226,39.102646921549436,38.791140126644315,39.20621971104867,38.888888888888886
2018-07-01,42,escondida,LC,3,81.0,81.4,93.22614871505313,92.39988173439593,87.76975296750173,93.01493792559911,104.54210376459062,85.23333333333332
2018-07-01,42,franke,SM,0,0.864,1.7,1.6003817924901864,1.631811292907013,1.741887549815489,1.5936377191696727,1.602402795491281,1.594444444444444
2018-07-01,42,gabriela mistral,LC,2,10.29,11.5,9.246169235935115,9.581043555359386,9.298793450950832,9.000986807576611,9.868579255714439,9.930555555555555
2018-07-01,42,lomas bayas,SM,1,6.004,6.5,6.484843255019158,6.289956391777115,6.385573773524263,6.009423981859215,6.06304329317837,6.35
2018-07-01,42,los bronces,LC,3,20.04,28.21,25.03460816791681,26.26893157348599,25.02128807530892,32.07655843477903,32.518758541568474,27.773916666666665
2018-07-01,42,los pelambres,LC,3,18.115,29.4,29.418503152614093,29.344415592755933,29.03368633225396,30.03899466347246,29.670826461374123,30.311111111111106
2018-07-01,42,mantos blancos,SM,0,3.453,4.053,3.799938245831625,3.966302295098594,3.723757476517155,3.635665018505521,3.503042010311878,3.9428888888888887
2018-07-01,42,mantoverde,SM,0,4.106,3.908,3.615810244761462,3.7510488079496476,3.4710728506770243,3.48931693110557,3.4395871179755972,3.7886666666666664
2018-07-01,42,ministro hales,LC,2,11.635,16.7,16.771054720740437,17.020834491371318,17.659818934528463,16.197192492237427,16.60535985434565,18.711111111111112
2018-07-01,42,ojos del salado,SM,0,2.323,2.6,2.4190094548140597,2.3424879027435574,2.4020380911655916,2.539584399275597,2.7046129242047883,2.1694444444444447
2018-07-01,42,otros,LC,2,11.546456999999998,11.347,10.087126232599088,10.433579423766583,10.228790725010768,10.54106944134875,10.892302445618386,11.272666666666666
2018-07-01,42,radomiro tomic,LC,3,20.479,28.572,29.371368093165163,28.12563457025621,27.383428583576865,27.091798987327763,28.98538122081732,27.12816666666667
2018-07-01,42,salvador,SM,0,1.607,5.9,5.467271421495774,5.106682333748224,5.868881420074474,4.726244751727529,4.925716704513402,4.894444444444445
2018-07-01,42,sierra gorda,SM,1,14.5,7.2,8.238889994330055,8.088093789176924,9.145722380736611,7.994501604101274,7.818297716815134,8.161111111111111
2018-07-01,42,zaldivar,SM,1,8.261,8.4,8.03289959563501,7.7291111233710605,7.922050158871516,8.36153828411067,7.431682302727356,8.43611111111111
2018-07-01,48,andacollo,SM,1,2.221,6.4,6.368867596597934,5.516676762699759,6.073956858009745,6.035059463616627,5.982863857874649,6.044444444444444
2018-07-01,48,andina,LC,2,17.03,17.8,14.746417588734289,16.49411890488603,16.293617254852574,16.82238385402233,16.76455916017889,17.30833333333333
2018-07-01,48,antucoya,SM,1,6.861993,7.0,6.023691369865369,5.414987168334428,5.803807697368119,5.298914815693265,5.298914815693265,5.469444444444445
2018-07-01,48,atacama kozan,SM,0,1.2634086232,0.8,1.178957200624586,1.2477192753615027,1.4505055705712342,0.9645519801312817,0.9649698579231468,1.0000000000000002
2018-07-01,48,candelaria,LC,2,10.720994127971508,11.4,10.783845256872933,11.768934767343096,10.91472755305558,8.281390620211136,7.432790494471174,11.133333333333333
2018-07-01,48,caserones,LC,2,4.999,10.1,8.218902868244916,9.589289592509704,9.141557535906625,10.899391764169419,12.9999605803607,9.833333333333334
2018-07-01,48,centinela_oxidos,SM,1,8.488439999999999,4.3,6.163763523505686,6.677809019193093,6.853988552321451,7.133646455340414,7.941701557826872,5.594444444444444
2018-07-01,48,centinela_sulfuros,LC,2,12.22597924234586,17.7,10.037537891736148,12.340674038979175,9.995552844727417,13.276038901701797,10.62382059832115,12.963888888888889
2018-07-01,48,cerro colorado,SM,0,3.598,4.8,5.28833778667779,5.541143928033991,4.779647692406004,5.714849933063921,5.35656710847955,5.744444444444444
2018-07-01,48,chuquicamata,LC,3,25.555,27.108,24.41783133091819,28.19112325426865,26.69396912688279,25.923163660533778,12.105425263239812,26.06994444444444
2018-07-01,48,collahuasi,LC,3,47.262,41.1,48.549068466040964,45.02504438681449,46.1445670164387,43.50971670848686,42.0067864353919,42.81111111111111
2018-07-01,48,el abra,SM,1,9.284,6.8,8.29940828944417,8.329163950776886,8.806237536444117,7.700013589664895,7.430843371292157,8.049999999999999
2018-07-01,48,el soldado,SM,0,2.57,3.734,4.406483567896632,4.361647920832624,5.709336890648602,4.0512015737841125,3.6493588877961027,3.6862499999999994
2018-07-01,48,el teniente,LC,3,28.068,43.4,41.53884138785774,38.731731968339226,39.102646921549436,38.791140126644315,38.813418726513525,38.888888888888886
2018-07-01,48,escondida,LC,3,81.399,81.4,91.21658584950168,92.39988173439593,87.76975296750173,93.01493791584103,104.55842724015703,85.23333333333332
2018-07-01,48,franke,SM,0,0.760445,1.7,1.5955034854052133,1.6318112929070132,1.8679581556872098,1.5936377191696716,1.6030785199641433,1.594444444444444
2018-07-01,48,gabriela mistral,LC,2,9.132,11.5,9.111641714675338,9.293294308936131,9.215224681722617,9.000986807576611,9.789128049259192,9.930555555555555
2018-07-01,48,lomas bayas,SM,1,6.064031,6.5,6.445243630516136,6.289956391777115,6.140057092411585,6.009423981859215,6.062574473917466,6.35
2018-07-01,48,los bronces,LC,3,16.49,28.21,25.041704697626322,26.26893157348599,25.02128807530892,32.07655843477903,32.471363536934575,27.773916666666665
2018-07-01,48,los pelambres,LC,3,23.391121186549768,29.4,29.003753659667183,29.23889432928787,29.03368633225396,30.03899466347246,29.872459410170435,30.311111111111106
2018-07-01,48,mantos blancos,SM,0,4.136,4.053,3.7728329776642613,3.966302295098594,3.6006674486056234,3.635665018505521,3.5248393073078694,3.9428888888888887
2018-07-01,48,mantoverde,SM,0,4.103,3.908,3.590018376582006,3.7510488079496476,3.356335208615929,3.4893169311051015,3.4380140577775786,3.7886666666666664
2018-07-01,48,ministro hales,LC,2,13.17,16.7,16.6244053413174,17.020834491371318,17.605071293378384,16.197192492237427,16.605359743800957,18.711111111111112
2018-07-01,48,ojos del salado,SM,0,1.858,2.6,2.394476697106438,2.3424879027435574,2.399534055246282,2.539584399275597,2.693059763516023,2.1694444444444447
2018-07-01,48,otros,LC,2,10.002399353990002,11.347,10.0470912884703,10.433579423766583,10.183394893983614,10.54106944134875,10.891269732405515,11.272666666666666
2018-07-01,48,radomiro tomic,LC,3,25.265,28.572,28.52643163532555,28.12563457025621,27.383428583576865,27.091798987327763,28.983031698683142,27.12816666666667
2018-07-01,48,salvador,SM,0,1.423,5.9,5.453997690597684,5.106682333748224,5.643230682919052,4.726244751727529,4.939388434916597,4.894444444444445
2018-07-01,48,sierra gorda,SM,1,13.05851625126102,7.2,8.191509414523518,8.088093789176924,8.85607106159807,7.994501604101274,7.885900835069324,8.161111111111111
2018-07-01,48,zaldivar,SM,1,7.44,8.4,8.00829527034775,7.7291111233710605,7.671152559166758,8.361538284110742,7.432813845217328,8.43611111111111
2018-07-01,54,andacollo,SM,1,3.161,6.4,6.368867596597934,5.516676762699759,6.073956858009745,6.035059463616627,5.990258329580196,6.044444444444444
2018-07-01,54,andina,LC,2,15.112,17.8,14.746417588734289,16.49411890488603,16.293617254852574,16.82238385402233,16.764617794670738,17.30833333333333
2018-07-01,54,antucoya,SM,1,7.046,7.0,6.023691369865369,5.414987168334428,5.803807697368119,5.298914815693265,5.298914815693265,5.469444444444445
2018-07-01,54,atacama kozan,SM,0,0.793,0.8,1.178957200624586,1.2477192753615027,1.4505055705712342,0.9645519801312817,0.9649745069117337,1.0000000000000002
2018-07-01,54,candelaria,LC,2,11.93,11.4,10.783845256872933,11.768934767343096,10.91472755305558,8.281390620211136,7.432797246255461,11.133333333333333
2018-07-01,54,caserones,LC,2,11.351,10.1,8.218902868244916,9.589289592509706,9.141557535906625,10.899391764169415,13.093411344778174,9.833333333333334
2018-07-01,54,centinela_oxidos,SM,1,7.836679,4.3,6.163763523505686,6.677809019193093,6.853988552321451,7.133646455340414,7.94200972288784,5.594444444444444
2018-07-01,54,centinela_sulfuros,LC,2,9.888067271067618,17.7,10.037537891736148,12.340674038979175,9.995552844727417,13.276038903916302,10.692264659711942,12.963888888888889
2018-07-01,54,cerro colorado,SM,0,3.581,4.8,5.28833778667779,5.541143928033991,4.779647692406004,5.714849933782445,5.372504501508475,5.744444444444444
2018-07-01,54,chuquicamata,LC,3,23.479,27.108,24.41783133091819,28.191123254268657,26.69396912688279,25.923163660533778,9.225204829365932,26.06994444444444
2018-07-01,54,collahuasi,LC,3,42.903,41.1,48.549068466040964,45.02504438681449,46.1445670164387,43.50971670848686,42.00923413103923,42.81111111111111
2018-07-01,54,el abra,SM,1,8.718,6.8,8.29940828944417,8.329163950776886,8.806237536444117,7.700013589664895,7.424924649924544,8.049999999999999
2018-07-01,54,el soldado,SM,0,4.074,3.734,4.406483567896632,4.361647920832624,5.709336890648602,4.0512015737841125,3.6491638730108793,3.6862499999999994
2018-07-01,54,el teniente,LC,3,32.758,43.4,41.53884138785774,38.731731968339226,39.102646921549436,38.791140126644315,39.12829781305471,38.888888888888886
2018-07-01,54,escondida,LC,3,93.319,81.4,91.21658584950168,92.39988173439593,87.76975296750173,93.01493791537425,104.40963716609599,85.23333333333332
2018-07-01,54,franke,SM,0,1.251,1.7,1.5955034854052133,1.631811292907013,1.8679581556872098,1.5936377191696716,1.6027728295141543,1.594444444444444
2018-07-01,54,gabriela mistral,LC,2,7.517,11.5,9.111641714675338,9.293294308936131,9.215224681722617,9.000986807576611,9.891552480256758,9.930555555555555
2018-07-01,54,lomas bayas,SM,1,7.232,6.5,6.445243630516136,6.289956391777115,6.140057092411585,6.009423981859215,6.062918757153441,6.35
2018-07-01,54,los bronces,LC,3,16.369,28.21,25.041704697626322,26.26893157348599,25.02128807530892,32.07655843477903,32.49526286692756,27.773916666666665
2018-07-01,54,los pelambres,LC,3,17.369,29.4,29.003753659667183,29.23889432928787,29.03368633225396,30.03899466347246,29.70379586084925,30.311111111111106
2018-07-01,54,mantos blancos,SM,0,4.134,4.053,3.7728329776642613,3.966302295098594,3.6006674486056234,3.635665018505521,3.5029541587158963,3.9428888888888887
2018-07-01,54,mantoverde,SM,0,3.34,3.908,3.590018376582006,3.7510488079496476,3.356335208615929,3.4893169311050904,3.433870756247028,3.7886666666666664
2018-07-01,54,ministro hales,LC,2,10.731,16.7,16.6244053413174,17.020834491371318,17.605071293378384,16.197192492237427,16.605359772328104,18.711111111111112
2018-07-01,54,ojos del salado,SM,0,1.382,2.6,2.394476697106438,2.3424879027435574,2.399534055246282,2.539584399275597,2.6921613424918447,2.1694444444444447
2018-07-01,54,otros,LC,2,12.32280417175306,11.347,10.0470912884703,10.433579423766583,10.183394893983614,10.54106944134875,10.892034394702018,11.272666666666666
2018-07-01,54,radomiro tomic,LC,3,26.388,28.572,28.52643163532555,28.12563457025621,27.383428583576865,27.091798987327763,28.983756811603055,27.12816666666667
2018-07-01,54,salvador,SM,0,2.516,5.9,5.453997690597684,5.106682333748224,5.643230682919052,4.726244751727529,4.935911627347346,4.894444444444445
2018-07-01,54,sierra gorda,SM,1,10.725,7.2,8.191509414523518,8.088093789176924,8.85607106159807,7.994501604101274,7.850926704015541,8.161111111111111
2018-07-01,54,zaldivar,SM,1,7.572,8.4,8.00829527034775,7.7291111233710605,7.671152559166758,8.361538284110742,7.4329854763885,8.43611111111111
2018-07-01,60,andacollo,SM,1,3.937,6.4,6.368867596597934,5.516676762699759,6.073956858009745,6.035059463616627,5.986468278233522,6.044444444444444
2018-07-01,60,andina,LC,2,14.043,17.8,14.746417588734289,16.49411890488603,16.293617254852574,16.82238385402233,16.764601054864894,17.30833333333333
2018-07-01,60,antucoya,SM,1,5.775,7.0,6.023691369865369,5.414987168334428,5.803807697368119,5.298914815693265,5.298914815693265,5.469444444444445
2018-07-01,60,atacama kozan,SM,0,1.11,0.8,1.178957200624586,1.2477192753615027,1.4505055705712342,0.9645519801312817,0.9649737304390698,1.0000000000000002
2018-07-01,60,candelaria,LC,2,10.868,11.4,10.783845256872933,11.768934767343096,10.91472755305558,8.281390620211136,7.432806732677211,11.133333333333333
2018-07-01,60,caserones,LC,2,10.542,10.1,8.218902868244916,9.589289592509706,9.141557535906625,10.899391764169415,13.165577789789591,9.833333333333334
2018-07-01,60,centinela_oxidos,SM,1,7.014,4.3,6.163763523505686,6.677809019193093,6.853988552321451,7.133646455340414,7.941950718608481,5.594444444444444
2018-07-01,60,centinela_sulfuros,LC,2,14.484,17.7,10.037537891736148,12.340674038979175,9.995552844727417,13.27603890406891,10.651839180480662,12.963888888888889
2018-07-01,60,cerro colorado,SM,0,3.617,4.8,5.28833778667779,5.541143928033991,4.779647692406004,5.714849933837941,5.3613608801489665,5.744444444444444
2018-07-01,60,chuquicamata,LC,3,19.611,27.108,24.41783133091819,28.191123254268657,26.69396912688279,25.923163660533778,11.20331329821146,26.06994444444444
2018-07-01,60,collahuasi,LC,3,50.014,41.1,48.549068466040964,45.02504438681449,46.1445670164387,43.50971670848686,41.9920924492244,42.81111111111111
2018-07-01,60,el abra,SM,1,8.024889,6.8,8.29940828944417,8.329163950776886,8.806237536444117,7.700013589664895,7.420065821863297,8.049999999999999
2018-07-01,60,el soldado,SM,0,5.044,3.734,4.406483567896632,4.361647920832624,5.709336890648602,4.0512015737841125,3.649187063377957,3.6862499999999994
2018-07-01,60,el teniente,LC,3,31.799,43.4,41.53884138785774,38.731731968339226,39.102646921549436,38.791140126644315,38.88075109578463,38.888888888888886
2018-07-01,60,escondida,LC,3,82.383,81.4,91.21658584950168,92.39988173439593,87.76975296750173,93.01493791535194,104.41773376222692,85.23333333333332
2018-07-01,60,franke,SM,0,0.951,1.7,1.5955034854052133,1.6318112929070132,1.8679581556872098,1.5936377191696716,1.6029114660108035,1.594444444444444
2018-07-01,60,gabriela mistral,LC,2,8.658,11.5,9.111641714675338,9.293294308936131,9.215224681722617,9.000986807576611,9.84430077350025,9.930555555555555
2018-07-01,60,lomas bayas,SM,1,4.8,6.5,6.445243630516136,6.289956391777115,6.140057092411585,6.009423981859215,6.062816922421127,6.35
2018-07-01,60,los bronces,LC,3,16.377,28.21,25.041704697626322,26.26893157348599,25.02128807530892,32.07655843477903,32.51368869505798,27.773916666666665
2018-07-01,60,los pelambres,LC,3,27.769,29.4,29.003753659667183,29.23889432928787,29.03368633225396,30.03899466347246,29.770673717771086,30.311111111111106
2018-07-01,60,mantos blancos,SM,0,3.742,4.053,3.7728329776642613,3.966302295098594,3.6006674486056234,3.635665018505521,3.513389113837485,3.9428888888888887
2018-07-01,60,mantoverde,SM,0,3.03,3.908,3.590018376582006,3.7510488079496476,3.356335208615929,3.4893169311050904,3.434382104640756,3.7886666666666664
2018-07-01,60,ministro hales,LC,2,10.005,16.7,16.6244053413174,17.020834491371318,17.605071293378384,16.197192492237427,16.605359772902638,18.711111111111112
2018-07-01,60,ojos del salado,SM,0,1.368,2.6,2.394476697106438,2.3424879027435574,2.399534055246282,2.539584399275597,2.6963589096625076,2.1694444444444447
2018-07-01,60,otros,LC,2,8.587133571000003,11.347,10.0470912884703,10.433579423766583,10.183394893983614,10.54106944134875,10.891770342777031,11.272666666666666
2018-07-01,60,radomiro tomic,LC,3,31.341,28.572,28.52643163532555,28.12563457025621,27.383428583576865,27.091798987327763,28.98340569858294,27.12816666666667
2018-07-01,60,salvador,SM,0,1.012,5.9,5.453997690597684,5.106682333748224,5.643230682919052,4.726244751727529,4.94318725291264,4.894444444444445
2018-07-01,60,sierra gorda,SM,1,9.977,7.2,8.191509414523518,8.088093789176924,8.85607106159807,7.994501604101274,7.885399754061645,8.161111111111111
2018-07-01,60,zaldivar,SM,1,6.595,8.4,8.00829527034775,7.7291111233710605,7.671152559166758,8.361538284110742,7.432671215083695,8.43611111111111
2019-01-01,6,andacollo,SM,1,5.4,6.0,5.252391330975946,5.383345986843368,5.2824067629579075,5.978620919391847,5.381285442776166,5.955555555555556
2019-01-01,6,andina,LC,2,14.04,18.9,16.673667332599845,16.545217779162442,16.07610955872814,16.545625257374702,16.100901143593198,16.831833333333332
2019-01-01,6,antucoya,SM,1,6.0,4.6,6.305111980114493,6.157520780819211,7.753183760818861,6.230393431903773,6.479969540259519,6.158333333333333
2019-01-01,6,atacama kozan,SM,0,1.0,0.8,1.17444433861249,1.1767480593073827,1.1477760220509736,1.0275176412729412,1.0284542509392678,0.9805555555555556
2019-01-01,6,candelaria,LC,2,10.7,7.0,10.004541202458247,9.00111855233071,9.396809458092084,8.052468651030022,7.653015113421263,10.666666666666664
2019-01-01,6,caserones,LC,2,14.347,11.8,11.153464822407331,10.801066451540713,10.887254907245598,11.77939489251468,12.177522957678612,10.563527777777779
2019-01-01,6,centinela_oxidos,SM,1,5.7,7.8,7.520919482619336,8.082280150896382,6.43084393856447,9.297984253910531,9.117377516831345,6.033333333333333
2019-01-01,6,centinela_sulfuros,LC,2,20.8,7.8,15.618818426964218,14.622325313797461,15.270787688197293,14.056581879773663,14.272394923278629,14.01388888888889
2019-01-01,6,cerro colorado,SM,0,6.314,5.2,6.827155341707008,6.956199694000674,5.973960508775878,5.268195066624405,5.231317616485109,5.666861111111111
2019-01-01,6,chuquicamata,LC,3,24.19,19.12,34.78103321933054,36.55588894078814,37.5736025069053,26.704907918662997,23.82899265613932,26.807
2019-01-01,6,collahuasi,LC,3,47.341,54.1,49.4403595632094,48.19721606845906,47.855182789567024,46.91346846510948,48.254722527390115,44.33861111111111
2019-01-01,6,el abra,SM,1,6.704,7.2,7.175223567876093,6.835044751280983,7.27588223232994,6.524017523169777,6.329676841436642,7.390361111111111
2019-01-01,6,el soldado,SM,0,4.214,2.763,4.377700220528827,4.326969151127296,5.142885460187327,4.582816921480265,4.72799283390188,3.910527777777778
2019-01-01,6,el teniente,LC,3,39.561,36.7,36.07586961373277,34.70967738969397,36.088140585220636,38.767085152863835,38.46200215871741,38.85816666666666
2019-01-01,6,escondida,LC,3,97.228,107.0,77.6167642308669,81.04052307642117,82.77569683266657,97.34338411639278,94.61670553714838,88.03458333333333
2019-01-01,6,franke,SM,0,1.65,1.1,1.6242356327938068,1.6810325796201557,1.7926924886955053,1.6274585095290521,1.6843374544293956,1.5970277777777777
2019-01-01,6,gabriela mistral,LC,2,9.379,8.7,9.74345495394168,9.604045263661572,8.725721339055589,7.715024212188584,8.08839550137373,9.670916666666665
2019-01-01,6,lomas bayas,SM,1,6.701,5.5,6.708209187725282,6.397758192878501,6.212633586679145,6.784624996066149,6.669593234687227,6.428861111111111
2019-01-01,6,los bronces,LC,3,29.657,25.981,26.235212248465537,26.939928600307994,28.077632037450797,31.697500141792226,33.08298759102347,27.39977777777778
2019-01-01,6,los pelambres,LC,3,31.541,27.4,29.612017423428785,30.37346826155309,29.324542266994087,31.14406799715086,36.572291181617985,30.432083333333328
2019-01-01,6,mantos blancos,SM,0,3.835,3.505,3.8095235451179015,3.854544563416701,3.69076421639636,3.4429468875570306,3.4916720740770377,3.7737777777777777
2019-01-01,6,mantoverde,SM,0,3.52,2.861,3.8437522173632144,3.7895422242959973,3.8097831783265357,3.5981967264951233,3.5272929102735597,3.681777777777778
2019-01-01,6,ministro hales,LC,2,13.609,16.7,16.853083529219283,16.393358143961702,11.302995752294509,14.688561419769462,15.679576120809111,17.66530555555556
2019-01-01,6,ojos del salado,SM,0,2.251,2.0,2.4043365195817743,2.315619565787004,2.5947519429192045,2.6323547936457192,2.828359568708718,2.263916666666667
2019-01-01,6,otros,LC,2,13.251566999999998,11.038,12.14798662223686,12.199102119546065,12.163973948518542,11.92180818893427,11.079247981611093,11.239700694444444
2019-01-01,6,radomiro tomic,LC,3,24.658,31.738,25.151753591436965,24.99757288039933,25.25673484665513,26.80656231472489,26.912670184455596,26.730249999999998
2019-01-01,6,salvador,SM,0,3.961,5.1,9.209067467906491,8.265202846990467,8.339289957961885,5.042578723905534,4.851313250652287,5.0521111111111106
2019-01-01,6,sierra gorda,SM,1,8.868,6.9,9.161980738207882,9.116559239054004,9.560752221022971,9.362498096123275,8.729750472491366,8.409916666666668
2019-01-01,6,zaldivar,SM,1,9.303,8.1,8.156221971261933,8.142616597785677,8.348920770339031,8.39843990846014,8.24942008054478,8.400055555555557
2019-01-01,9,andacollo,SM,1,2.1,6.0,5.237024871224638,5.383345986843368,5.258981229232098,5.978670489045792,5.446490925865889,5.955555555555556
2019-01-01,9,andina,LC,2,12.111,18.9,16.506498758707863,16.545217779162442,15.984877768122425,16.545623525366967,16.297853011036977,16.831833333333332
2019-01-01,9,antucoya,SM,1,3.4,4.6,6.317059701696508,6.157520780819211,7.70169089633951,6.231849482121497,6.271277221868148,6.158333333333333
2019-01-01,9,atacama kozan,SM,0,1.2,0.8,1.1758227552067897,1.180501705957605,1.1375479431601103,1.0275176413652103,1.0277329924929983,0.9805555555555556
2019-01-01,9,candelaria,LC,2,9.4,7.0,9.74090555734305,8.829211275002208,9.288970080505795,8.052468651044384,7.8521995603346175,10.666666666666664
2019-01-01,9,caserones,LC,2,10.228,11.8,10.998975486171556,10.793202368521353,10.84288592326368,11.778149866704313,12.827295761550184,10.563527777777779
2019-01-01,9,centinela_oxidos,SM,1,7.6,7.8,7.4904233449258895,8.082280150896382,6.388133505328058,9.297995723755529,9.434546409030984,6.033333333333333
2019-01-01,9,centinela_sulfuros,LC,2,10.9,7.8,15.088924880580368,14.520282235861636,14.949396559062187,13.919090735318864,12.47955949783102,14.01388888888889
2019-01-01,9,cerro colorado,SM,0,4.516,5.2,6.848965656266371,6.956199694000674,6.157631759726416,5.314891480514605,5.816424513019461,5.666861111111111
2019-01-01,9,chuquicamata,LC,3,34.7,19.12,34.86889694547542,37.00466639177074,37.84923590453616,26.695960581136305,29.893218964384722,26.807
2019-01-01,9,collahuasi,LC,3,50.957,54.1,49.506229922894434,48.18392710949111,47.68888278488465,46.91416996778241,48.72685933427907,44.33861111111111
2019-01-01,9,el abra,SM,1,8.366,7.2,7.173503758801093,6.832115275083278,7.292360182801343,6.524035918897298,6.310188066637887,7.390361111111111
2019-01-01,9,el soldado,SM,0,4.242,2.763,4.456300884851889,4.33510746847161,5.1320337654801715,4.582991566748687,4.798732622203309,3.910527777777778
2019-01-01,9,el teniente,LC,3,41.849,36.7,36.06766038921543,34.69579830291474,36.00625499777509,38.76708529648743,39.29681661199427,38.85816666666666
2019-01-01,9,escondida,LC,3,108.036,107.0,74.96653256604453,79.44905651319452,81.37429222069271,97.35116418039985,91.43533077461409,88.03458333333333
2019-01-01,9,franke,SM,0,1.468,1.1,1.6083690977934417,1.6810325796201557,1.7637477342224976,1.6237673876960166,1.6858351272638292,1.5970277777777777
2019-01-01,9,gabriela mistral,LC,2,10.93,8.7,9.65925428784231,9.781786300994137,8.67836525243312,7.737894026560219,8.294056010038625,9.670916666666665
2019-01-01,9,lomas bayas,SM,1,6.229,5.5,6.75727983521751,6.397758192878501,6.197468132191249,6.7846234056437345,6.6249585065629875,6.428861111111111
2019-01-01,9,los bronces,LC,3,28.743,25.981,26.09024223730517,26.896618392970023,27.978483557299665,31.697500141857937,34.33854702407651,27.39977777777778
2019-01-01,9,los pelambres,LC,3,24.898,27.4,29.49435677602322,30.212303001105568,29.258068762156512,31.144073801940582,34.712591099792604,30.432083333333328
2019-01-01,9,mantos blancos,SM,0,3.965,3.505,3.774813641024625,3.852109100406962,3.5959941412600864,3.4429676640485702,3.3394436946897845,3.7737777777777777
2019-01-01,9,mantoverde,SM,0,3.915,2.861,3.789426781882103,3.7882451231097516,3.705101473146989,3.599037003461582,3.5981371810060727,3.681777777777778
2019-01-01,9,ministro hales,LC,2,15.143,16.7,16.702882377960375,17.09374509231228,11.620088338063978,14.689129720218922,15.316176038159583,17.66530555555556
2019-01-01,9,ojos del salado,SM,0,2.585,2.0,2.4128134500171097,2.315619565787004,2.5528571318895428,2.6323640875649277,2.675306992879396,2.263916666666667
2019-01-01,9,otros,LC,2,11.847238,11.038,11.935617137612338,12.181863180729557,12.088717746209824,11.921799085232566,11.718547033705569,11.239700694444444
2019-01-01,9,radomiro tomic,LC,3,21.219,31.738,24.771693813508843,25.07678098199868,25.199425822486567,26.812328247993083,26.25006751781938,26.730249999999998
2019-01-01,9,salvador,SM,0,7.859,5.1,9.305659078092004,8.265202846990466,8.61121840683119,5.042620180016838,5.565905047552195,5.0521111111111106
2019-01-01,9,sierra gorda,SM,1,9.162,6.9,9.18690222594442,9.116559239054004,9.51794557019423,9.362496747056959,8.891003699224632,8.409916666666668
2019-01-01,9,zaldivar,SM,1,10.582,8.1,8.188225332622617,8.142616597785677,8.357195630786986,8.399544842652134,8.511450969219672,8.400055555555557
2019-01-01,12,andacollo,SM,1,6.32,6.0,5.149668239986422,5.390183544950694,5.266745474677466,5.97867075142444,5.089767153302874,5.955555555555556
2019-01-01,12,andina,LC,2,15.886,18.9,16.448222292296148,16.527008672232057,15.951681411053398,16.54562353045166,16.219414476884417,16.831833333333332
2019-01-01,12,antucoya,SM,1,6.78,4.6,6.342313102418236,6.160020696795275,7.669383769600563,6.231969926792633,6.383953784574628,6.158333333333333
2019-01-01,12,atacama kozan,SM,0,1.177,0.8,1.1659439138837848,1.1792743568907607,1.1344109569952587,1.027517641365205,1.0302797301769495,0.9805555555555556
2019-01-01,12,candelaria,LC,2,8.24,7.0,9.956195763972765,8.56564002403046,9.288387365569493,8.052468651044384,7.740978063433083,10.666666666666664
2019-01-01,12,caserones,LC,2,11.611,11.8,10.855501592012684,10.789218826673443,10.707425283160614,11.77800854873744,12.713621504700983,10.563527777777779
2019-01-01,12,centinela_oxidos,SM,1,7.457,7.8,7.184803150751611,8.073679163866439,6.815300046499213,9.297995636785782,9.639204822287155,6.033333333333333
2019-01-01,12,centinela_sulfuros,LC,2,17.118,7.8,14.790695734665016,14.299396142729465,14.76818821443907,13.883192131837797,12.150864796050561,14.01388888888889
2019-01-01,12,cerro colorado,SM,0,7.601,5.2,6.91778668488821,6.956199694000674,6.094737940568598,5.322101471103594,4.632375296936032,5.666861111111111
2019-01-01,12,chuquicamata,LC,3,15.69,19.12,33.83058561587118,36.89028739338355,37.68910475819331,26.695248756218934,25.122749944140434,26.807
2019-01-01,12,collahuasi,LC,3,53.542,54.1,49.60794525436794,48.10482576606865,47.70673547206026,46.91418200482283,48.48172301895925,44.33861111111111
2019-01-01,12,el abra,SM,1,7.0169,7.2,7.3105762702357335,6.837387548025853,7.291903696959631,6.524035729094317,6.415404779716191,7.390361111111111
2019-01-01,12,el soldado,SM,0,3.923,2.763,4.47083429322904,4.340101467230828,5.203720083101072,4.582996144859202,4.615267289071767,3.910527777777778
2019-01-01,12,el teniente,LC,3,33.386,36.7,34.93919135771735,34.69579830291474,35.950312146800876,38.76708529646478,39.6970843710343,38.85816666666666
2019-01-01,12,escondida,LC,3,100.944,107.0,73.45554211705488,79.74111870198203,80.14144717245343,97.351462392302,93.39309751869759,88.03458333333333
2019-01-01,12,franke,SM,0,1.101,1.1,1.6630202570313324,1.6810325796201557,1.7684007273971671,1.6231735345011113,1.6665045369471922,1.5970277777777777
2019-01-01,12,gabriela mistral,LC,2,8.929,8.7,9.708896913795058,9.914226071521604,8.747970392143877,7.735364043354609,7.248527829082699,9.670916666666665
2019-01-01,12,lomas bayas,SM,1,6.551,5.5,6.7287617015825605,6.397758192878501,6.197080091860091,6.784623397019045,6.6156866600478175,6.428861111111111
2019-01-01,12,los bronces,LC,3,20.815,25.981,25.935025453135427,26.8225107601583,27.644781690401,31.697500141857937,31.861916697193735,27.39977777777778
2019-01-01,12,los pelambres,LC,3,29.774,27.4,29.370959225252477,30.15009788584851,29.07732175328141,31.144073818813062,33.27296543603404,30.432083333333328
2019-01-01,12,mantos blancos,SM,0,3.554,3.505,3.770619514865208,3.847604376636219,3.5931241766595114,3.4429679254053585,3.232892366812861,3.7737777777777777
2019-01-01,12,mantoverde,SM,0,3.299,2.861,3.778790882046468,3.788163840285094,3.7021444575170963,3.5991841566925125,3.601608269526403,3.681777777777778
2019-01-01,12,ministro hales,LC,2,14.335,16.7,16.881183434588756,16.927405710439714,12.165952136860016,14.689124870640661,18.535503731576274,17.66530555555556
2019-01-01,12,ojos del salado,SM,0,2.573,2.0,2.4672948707507305,2.315619565787004,2.568030087819458,2.632363928926691,2.8738648067033243,2.263916666666667
2019-01-01,12,otros,LC,2,8.901,11.038,11.716054976621288,12.158690055823168,11.957612727990663,11.92179906473006,12.569998145321904,11.239700694444444
2019-01-01,12,radomiro tomic,LC,3,19.9,31.738,24.041441813564195,25.13128959527544,25.14709338352735,26.812533226895116,25.74499586462436,26.730249999999998
2019-01-01,12,salvador,SM,0,2.34,5.1,9.438598112373242,8.322131746752655,8.442611499892847,5.04262046774392,4.83855874455057,5.0521111111111106
2019-01-01,12,sierra gorda,SM,1,10.715,6.9,9.190046630347641,9.120260506641996,9.475688149182927,9.362496743499335,8.832029161796987,8.409916666666668
2019-01-01,12,zaldivar,SM,1,9.951,8.1,8.168988511806097,8.142616597785677,8.373741467850973,8.399669612098254,8.468653998820203,8.400055555555557
2019-01-01,18,andacollo,SM,1,3.028,6.0,6.095482200344563,5.941670664663504,5.913150844355664,5.978670752820596,5.349376924171299,5.955555555555556
2019-01-01,18,andina,LC,2,14.282,18.9,16.463630606803026,16.554806737265434,15.97229790005442,16.545623530436778,16.08021019250575,16.831833333333332
2019-01-01,18,antucoya,SM,1,5.5,4.6,6.414124753251961,6.165703759115466,7.8148581466191045,6.231980714149346,6.319882271727419,6.158333333333333
2019-01-01,18,atacama kozan,SM,0,1.62,0.8,1.2390097068785262,1.2078291767263758,1.1382882213129664,1.027517641365205,1.029081068714666,0.9805555555555556
2019-01-01,18,candelaria,LC,2,10.129,7.0,9.674284332389629,8.53933236708113,9.51879433692089,8.052468651044384,7.716210149218531,10.666666666666664
2019-01-01,18,caserones,LC,2,9.481,11.8,10.907613596370405,10.82586692610383,10.687964670752088,11.777990687605065,12.80913048339616,10.563527777777779
2019-01-01,18,centinela_oxidos,SM,1,7.874,7.8,6.712413676314541,8.071614818569676,6.815847251571873,9.297995637440225,9.685530077046389,6.033333333333333
2019-01-01,18,centinela_sulfuros,LC,2,9.824,7.8,15.937908311683625,14.450268445433167,15.052387930691022,13.871371816314296,12.988431143535509,14.01388888888889
2019-01-01,18,cerro colorado,SM,0,5.22,5.2,6.839875432552519,6.945019050509464,6.405879292923017,5.323386588202409,5.3308421808410085,5.666861111111111
2019-01-01,18,chuquicamata,LC,3,37.848,19.12,35.09921965240532,37.04853557869902,37.73566524758152,26.695187620052735,24.589308868906368,26.807
2019-01-01,18,collahuasi,LC,3,58.119,54.1,49.555370314332244,48.333647318577896,48.30669838378317,46.9141822149097,48.15188138362098,44.33861111111111
2019-01-01,18,el abra,SM,1,5.236,7.2,7.571584373938658,6.9074998152763145,7.696950987034653,6.524035731032455,6.308867758579613,7.390361111111111
2019-01-01,18,el soldado,SM,0,2.856,2.763,4.65063800616642,4.363201934538098,5.384749722067972,4.58299626801463,4.607588123726571,3.910527777777778
2019-01-01,18,el teniente,LC,3,30.462,36.7,36.62495578873603,34.70341142342166,36.13542596818234,38.767085296464785,38.57223862812252,38.85816666666666
2019-01-01,18,escondida,LC,3,103.74,107.0,78.72031750090868,80.56495534041348,82.21776710375771,97.35147426097836,92.6602930991486,88.03458333333333
2019-01-01,18,franke,SM,0,1.243,1.1,1.7263738269823141,1.682273149324812,1.7735373912490089,1.6230626196426194,1.6569840024940996,1.5970277777777777
2019-01-01,18,gabriela mistral,LC,2,8.177,8.7,12.207899163709662,10.959740970815442,9.703456986413894,7.735612961949674,7.8168532316543144,9.670916666666665
2019-01-01,18,lomas bayas,SM,1,6.463,5.5,6.702487236230289,6.397758192878501,6.091883978927625,6.78462339697202,6.610028786966301,6.428861111111111
2019-01-01,18,los bronces,LC,3,27.661,25.981,26.346678366855734,27.054043860038927,27.764401230191396,31.697500141857937,32.31968859303548,27.39977777777778
2019-01-01,18,los pelambres,LC,3,27.137,27.4,30.286552740089512,30.21456712451416,29.152684467460112,31.14407381886225,36.17143332368817,30.432083333333328
2019-01-01,18,mantos blancos,SM,0,2.862,3.505,3.932976722084094,3.88142703249971,3.6386447809077977,3.4429679287344404,3.3112825771069283,3.7737777777777777
2019-01-01,18,mantoverde,SM,0,3.159,2.861,3.800886453393473,3.795794223399392,3.684725035380793,3.599214439845517,3.6351205001740805,3.681777777777778
2019-01-01,18,ministro hales,LC,2,9.861,16.7,18.046420729857168,17.43552527805632,13.530547145122274,14.689124911671275,15.972253351789789,17.66530555555556
2019-01-01,18,ojos del salado,SM,0,2.351,2.0,2.4964307972033697,2.315619565787004,2.557956597362417,2.632363931588273,2.7908998976491475,2.263916666666667
2019-01-01,18,otros,LC,2,12.753,11.038,11.714647166244259,12.154566373009441,11.936052350467996,11.921799064683782,11.278853485657258,11.239700694444444
2019-01-01,18,radomiro tomic,LC,3,19.38,31.738,25.06168418312357,25.152642479091895,25.214698683116506,26.812540772946953,26.68799861963585,26.730249999999998
2019-01-01,18,salvador,SM,0,4.597,5.1,9.87732754383598,8.498721618014224,9.64590423080473,5.042620469754758,4.990604582184844,5.0521111111111106
2019-01-01,18,sierra gorda,SM,1,12.36,6.9,9.226894776951799,9.128674603182711,9.333946868739808,9.362496743489928,8.774650864392552,8.409916666666668
2019-01-01,18,zaldivar,SM,1,7.871,8.1,8.19020679942538,8.142616597785677,8.268966239153338,8.399685292028499,8.415621473202176,8.400055555555557
2019-01-01,24,andacollo,SM,1,4.445,6.0,6.430530161692856,6.128460353695562,6.229207124651114,5.978670752820634,5.247950922150997,5.955555555555556
2019-01-01,24,andina,LC,2,13.639,18.9,16.199468057164687,16.554806737265434,15.97229790005442,16.545623530436778,16.10835449088928,16.831833333333332
2019-01-01,24,antucoya,SM,1,6.812,4.6,6.371102950731886,6.176404070565219,7.776395430895729,6.231980787963138,6.323131458859158,6.158333333333333
2019-01-01,24,atacama kozan,SM,0,1.013,0.8,1.1949301377576207,1.228105146839098,1.1170192636279626,1.027517641365205,1.029279034952739,0.9805555555555556
2019-01-01,24,candelaria,LC,2,9.0,7.0,9.355252539067001,8.37603180988371,9.500105711351708,8.052468651044384,7.726617260168973,10.666666666666664
2019-01-01,24,caserones,LC,2,8.761,11.8,10.740053529987875,10.822492881814107,10.624376566285267,11.777990457488947,13.208400528556517,10.563527777777779
2019-01-01,24,centinela_oxidos,SM,1,7.833,7.8,6.662551077072984,8.071614818569676,6.845484103516664,9.297995637440263,9.779257244732902,6.033333333333333
2019-01-01,24,centinela_sulfuros,LC,2,16.0,7.8,15.746280502227496,14.484727469126547,15.004781418616126,13.870566002471561,14.578021073115991,14.01388888888889
2019-01-01,24,cerro colorado,SM,0,4.491,5.2,6.783558661784468,6.949416335870225,6.3481005777005715,5.323417225117884,5.07563786912932,5.666861111111111
2019-01-01,24,chuquicamata,LC,3,29.088,19.12,34.612818981960245,37.0681002914891,37.79228908980132,26.695187233100878,25.686241448086818,26.807
2019-01-01,24,collahuasi,LC,3,57.029,54.1,49.158999775807615,48.47376845918051,48.3404692976569,46.91418221497156,48.28670708113564,44.33861111111111
2019-01-01,24,el abra,SM,1,6.746,7.2,7.637066272568316,6.984335166808306,7.805558590713416,6.524035731032661,6.355284855536192,7.390361111111111
2019-01-01,24,el soldado,SM,0,3.724,2.763,4.613944107022203,4.363201934538098,5.430565921540863,4.582996268099257,4.6096055118251105,3.910527777777778
2019-01-01,24,el teniente,LC,3,39.124,36.7,36.46169181913338,34.70341142342166,36.16068802083738,38.767085296464785,39.36421955643361,38.85816666666666
2019-01-01,24,escondida,LC,3,84.669,107.0,82.11696391466758,83.58855243174138,84.54520463217848,97.35147427841592,91.97911225161505,88.03458333333333
2019-01-01,24,franke,SM,0,1.088,1.1,1.684002736731906,1.6836039958771285,1.7878601092643136,1.6230597486560314,1.6546157299658775,1.5970277777777777
2019-01-01,24,gabriela mistral,LC,2,6.399,8.7,11.901580215629998,11.083081705567686,9.545233122822788,7.735616008212276,7.263573849543282,9.670916666666665
2019-01-01,24,lomas bayas,SM,1,5.4,5.5,6.645754722061564,6.397758192878501,6.296070086259376,6.7846233969720195,6.597879159798531,6.428861111111111
2019-01-01,24,los bronces,LC,3,24.529,25.981,25.770074590588713,27.037695889837906,27.600962216929364,31.697500141857937,32.78165059225086,27.39977777777778
2019-01-01,24,los pelambres,LC,3,28.8,27.4,29.914309084187618,30.250657359161195,29.19642921118567,31.14407381886225,34.626807987464055,30.432083333333328
2019-01-01,24,mantos blancos,SM,0,3.705,3.505,3.821827797938282,3.8982212433667995,3.53227026972144,3.4429679287349675,3.199512418258428,3.7737777777777777
2019-01-01,24,mantoverde,SM,0,3.144,2.861,3.679401954715128,3.799529197650426,3.56818003107174,3.5992153685889945,3.5930105013416713,3.681777777777778
2019-01-01,24,ministro hales,LC,2,17.82,16.7,17.540179926165955,17.307260825502762,13.757234817956649,14.689124911674265,15.956258009291865,17.66530555555556
2019-01-01,24,ojos del salado,SM,0,2.335,2.0,2.495157022794564,2.315619565787004,2.5791428380013905,2.632363931589049,2.772811890751818,2.263916666666667
2019-01-01,24,otros,LC,2,9.332877,11.038,11.492426117847195,12.14585560334023,11.884579153571874,11.921799064683782,11.459949776795684,11.239700694444444
2019-01-01,24,radomiro tomic,LC,3,22.516,31.738,24.782392961362913,25.26285719478286,25.23232612291408,26.812540782483673,26.574773177254354,26.730249999999998
2019-01-01,24,salvador,SM,0,4.462,5.1,9.855989216251844,8.585282417507457,9.885694565246155,5.042620469754855,4.982585441936578,5.0521111111111106
2019-01-01,24,sierra gorda,SM,1,11.565,6.9,9.242736465316376,9.14967423420186,9.15699364727282,9.362496743489928,8.768305624997318,8.409916666666668
2019-01-01,24,zaldivar,SM,1,7.298,8.1,8.11457728231997,8.142616597785677,8.217841976095361,8.399685491963023,8.33942827933126,8.400055555555557
2019-01-01,30,andacollo,SM,1,3.84,6.0,6.7916111433152055,6.304340127473909,6.562151832262056,5.978670752820634,5.338273132373809,5.955555555555556
2019-01-01,30,andina,LC,2,19.517,18.9,16.161238545877563,16.538160945745048,15.942235868551277,16.545623530436778,16.075296665462172,16.831833333333332
2019-01-01,30,antucoya,SM,1,5.202,4.6,6.462623476199983,6.176404070565219,8.157063594600444,6.231980788468218,6.325425724963326,6.158333333333333
2019-01-01,30,atacama kozan,SM,0,1.125,0.8,1.327083655072426,1.2550645178585,1.1818230821250941,1.027517641365205,1.0291490447003606,0.9805555555555556
2019-01-01,30,candelaria,LC,2,9.268,7.0,9.550284583211601,8.348858336333786,9.621637905417051,8.052468651044384,7.723686907887611,10.666666666666664
2019-01-01,30,caserones,LC,2,10.492,11.8,10.783857532518685,10.82550999133775,10.604753213321574,11.777990454524218,13.27955364501438,10.563527777777779
2019-01-01,30,centinela_oxidos,SM,1,7.725,7.8,6.837390475494683,8.071614818569676,6.898719308927088,9.297995637440263,9.787495462400582,6.033333333333333
2019-01-01,30,centinela_sulfuros,LC,2,14.8,7.8,15.940184897490985,14.578587290719204,15.12217063299537,13.870511068578484,13.943042156852684,14.01388888888889
2019-01-01,30,cerro colorado,SM,0,4.555,5.2,6.800550912745895,6.949416335870225,6.294588505310916,5.323417955495364,5.367176427651092,5.666861111111111
2019-01-01,30,chuquicamata,LC,3,13.678,19.12,35.32000330279328,37.08869807727436,38.42319877938904,26.695187230651722,25.256276420774757,26.807
2019-01-01,30,collahuasi,LC,3,54.03,54.1,50.688537299905676,48.68633543161688,49.56883987460886,46.914182214971575,48.090799442369764,44.33861111111111
2019-01-01,30,el abra,SM,1,5.504,7.2,7.592659779325467,7.008264539040319,7.892159542956661,6.524035731032661,6.297600735403885,7.390361111111111
2019-01-01,30,el soldado,SM,0,4.427,2.763,4.910912351693795,4.3884463427719265,5.737631281244292,4.582996268099315,4.609743034888738,3.910527777777778
2019-01-01,30,el teniente,LC,3,41.2,36.7,37.12590235700965,34.693810428998155,36.21620135514261,38.767085296464785,38.64292046831754,38.85816666666666
2019-01-01,30,escondida,LC,3,86.258,107.0,86.16120564112808,83.52420031722319,89.54682749858435,97.35147427844153,91.5711610723165,88.03458333333333
2019-01-01,30,franke,SM,0,0.887,1.1,1.7075442654409543,1.6851342031564336,1.6773911109789663,1.623059674341696,1.653066315500709,1.5970277777777777
2019-01-01,30,gabriela mistral,LC,2,10.068,8.7,12.290930777024197,11.196116204899033,9.75168244610902,7.735616045492399,7.63491652598174,9.670916666666665
2019-01-01,30,lomas bayas,SM,1,5.5,5.5,6.667954818679804,6.395161545930357,6.154420115309901,6.7846233969720195,6.5966001716206835,6.428861111111111
2019-01-01,30,los bronces,LC,3,26.301,25.981,26.062392993769073,27.041710992451968,27.712089939081963,31.697500141857937,32.60846444964017,27.39977777777778
2019-01-01,30,los pelambres,LC,3,27.911,27.4,30.43724778698002,30.30530468053011,29.66715607204413,31.14407381886225,35.98376613004666,30.432083333333328
2019-01-01,30,mantos blancos,SM,0,4.27,3.505,3.9794218998240907,3.9416223693233947,3.6214672334727287,3.4429679287349675,3.233370115921746,3.7737777777777777
2019-01-01,30,mantoverde,SM,0,4.3,2.861,3.7496800199367555,3.8170793030542027,3.5723455088800455,3.599215397072305,3.574021133035197,3.681777777777778
2019-01-01,30,ministro hales,LC,2,16.5,16.7,17.78229129146392,17.444510697708576,14.041317604670965,14.689124911674265,15.939118647518473,17.66530555555556
2019-01-01,30,ojos del salado,SM,0,2.121,2.0,2.547147022839976,2.314281080248987,2.5211830287757033,2.6323639315890492,2.8057899299306444,2.263916666666667
2019-01-01,30,otros,LC,2,10.465720999999998,11.038,11.74017381751595,12.154102330630494,11.883445274593546,11.921799064683782,11.30309597724178,11.239700694444444
2019-01-01,30,radomiro tomic,LC,3,23.227,31.738,25.505682156972142,25.356890590948176,25.27440824486242,26.812540782495727,26.66769731767977,26.730249999999998
2019-01-01,30,salvador,SM,0,3.862,5.1,9.887886565675446,8.591764770692375,10.228317555208216,5.042620469754855,5.077727518149201,5.0521111111111106
2019-01-01,30,sierra gorda,SM,1,17.394,6.9,9.353982584972622,9.14967423420186,8.983117716488021,9.362496743489928,8.771864540883364,8.409916666666668
2019-01-01,30,zaldivar,SM,1,6.879,8.1,8.18139839447202,8.142616597785677,8.507477008848884,8.399685494512386,8.357589608391137,8.400055555555557
2019-01-01,36,andacollo,SM,1,3.061,6.0,6.652486785830579,6.313829774367114,6.644062774868487,5.978670752820634,5.302985474865656,5.955555555555556
2019-01-01,36,andina,LC,2,18.84,18.9,15.971965970158593,16.538160945745048,15.86413196575344,16.545623530436778,16.08198029094758,16.831833333333332
2019-01-01,36,antucoya,SM,1,6.486,4.6,6.433031275205508,6.176404070565219,8.477084812609357,6.231980788471675,6.325309336192468,6.158333333333333
2019-01-01,36,atacama kozan,SM,0,0.886,0.8,1.3441803481571064,1.270331487688744,1.1935449772687796,1.027517641365205,1.029170513381935,0.9805555555555556
2019-01-01,36,candelaria,LC,2,12.325,7.0,9.464169649330335,8.34994893043249,9.563367397278373,8.052468651044384,7.724918198542603,10.666666666666664
2019-01-01,36,caserones,LC,2,12.422,11.8,10.044556279981544,10.79532531602661,10.47938910477894,11.777990454486023,13.57700582563901,10.563527777777779
2019-01-01,36,centinela_oxidos,SM,1,7.583,7.8,7.099746250225664,8.090415963972257,7.738939235752058,9.297995637440263,9.803928205228413,6.033333333333333
2019-01-01,36,centinela_sulfuros,LC,2,12.413,7.8,15.138542174747819,14.701409247397436,15.086313841178093,13.87050732362841,12.73858732280783,14.01388888888889
2019-01-01,36,cerro colorado,SM,0,3.933,5.2,6.7879786466588445,6.949416335870225,5.919770208159423,5.323417972907406,5.260610765592724,5.666861111111111
2019-01-01,36,chuquicamata,LC,3,16.401,19.12,35.12351964649559,36.57535854912642,38.63526359900048,26.69518723063622,26.142280851676176,26.807
2019-01-01,36,collahuasi,LC,3,51.336,54.1,50.75727525927568,48.80324069550622,49.81762220159528,46.914182214971575,48.17087842942053,44.33861111111111
2019-01-01,36,el abra,SM,1,5.718,7.2,7.561085049474062,6.966566020518229,7.881481894266934,6.524035731032661,6.322733120076099,7.390361111111111
2019-01-01,36,el soldado,SM,0,2.894,2.763,4.895262469701201,4.3884463427719265,6.070480279127719,4.582996268099315,4.6097069049436925,3.910527777777778
2019-01-01,36,el teniente,LC,3,34.199,36.7,36.58143288337166,34.693810428998155,36.46746579562307,38.767085296464785,39.15077243378806,38.85816666666666
2019-01-01,36,escondida,LC,3,81.0,107.0,89.13480942519236,85.76674049265657,93.92778009855759,97.35147427844157,91.1919486622195,88.03458333333333
2019-01-01,36,franke,SM,0,0.864,1.1,1.7081983428544087,1.6867198769657459,1.751214118678601,1.6230596724180992,1.652673111861798,1.5970277777777777
2019-01-01,36,gabriela mistral,LC,2,10.29,8.7,12.105668108978435,11.142318031907942,9.731880361137595,7.735616045948632,7.273379166009432,9.670916666666665
2019-01-01,36,lomas bayas,SM,1,6.004,5.5,6.6032326518415,6.400996883502433,6.311576327627108,6.7846233969720195,6.5938536045860605,6.428861111111111
2019-01-01,36,los bronces,LC,3,20.04,25.981,25.8263746994096,27.06429143624399,27.84429725420728,31.697500141857937,32.43369308992102,27.39977777777778
2019-01-01,36,los pelambres,LC,3,18.115,27.4,29.6112387673501,30.4194963560714,29.8513118210174,31.14407381886225,35.26062824876929,30.432083333333328
2019-01-01,36,mantos blancos,SM,0,3.453,3.505,3.9933178725735123,3.9842524083532465,3.6634616312632846,3.4429679287349675,3.185095207202888,3.7737777777777777
2019-01-01,36,mantoverde,SM,0,4.106,2.861,3.775758689401106,3.83861731481448,3.690935528212857,3.599215397945849,3.5978823401756714,3.681777777777778
2019-01-01,36,ministro hales,LC,2,11.635,16.7,17.416459976794364,17.333073395932985,13.993453453554533,14.689124911674265,15.939008516831342,17.66530555555556
2019-01-01,36,ojos del salado,SM,0,2.323,2.0,2.5702210741108416,2.314281080248987,2.584622658401234,2.6323639315890492,2.8129798010089426,2.263916666666667
2019-01-01,36,otros,LC,2,11.546456999999998,11.038,11.264542408304878,12.101829428005582,11.790839485831311,11.921799064683782,11.325096332608476,11.239700694444444
2019-01-01,36,radomiro tomic,LC,3,20.479,31.738,25.15160577998875,25.47433437087764,25.501676111066136,26.81254078249574,26.65654089288283,26.730249999999998
2019-01-01,36,salvador,SM,0,1.607,5.1,9.860435404592469,8.591764770692377,9.675014194337738,5.042620469754855,5.072709572853353,5.0521111111111106
2019-01-01,36,sierra gorda,SM,1,14.5,6.9,9.38308987493501,9.157828491145843,9.279005490892757,9.362496743489928,8.772258107343388,8.409916666666668
2019-01-01,36,zaldivar,SM,1,8.261,8.1,8.155798889078648,8.142616597785677,8.823760947602931,8.399685494544894,8.383704557229484,8.400055555555557
2019-01-01,42,andacollo,SM,1,2.221,6.0,6.723887223608661,6.339932584455876,6.651338618003172,5.978670752820634,5.334409953364609,5.955555555555556
2019-01-01,42,andina,LC,2,17.03,18.9,16.361313563974054,16.538160945745048,15.881444499792263,16.545623530436778,16.07412981546207,16.831833333333332
2019-01-01,42,antucoya,SM,1,6.861993,4.6,6.498567553758805,6.176404070565219,8.66001561355872,6.231980788471699,6.325227155735797,6.158333333333333
2019-01-01,42,atacama kozan,SM,0,1.2634086232,0.8,1.4383022762722861,1.2737342741249937,1.2400591068449969,1.027517641365205,1.0291564164360958,0.9805555555555556
2019-01-01,42,candelaria,LC,2,10.720994127971508,7.0,9.312969416839534,8.31191463804028,9.333837817634922,8.052468651044384,7.724571501423965,10.666666666666664
2019-01-01,42,caserones,LC,2,4.999,11.8,10.28300567124107,10.742383961668907,10.502822285311645,11.777990454485531,13.63001418404987,10.563527777777779
2019-01-01,42,centinela_oxidos,SM,1,8.488439999999999,7.8,7.527220857866085,8.12271368171731,8.223558481957923,9.297995637440263,9.805372351403722,6.033333333333333
2019-01-01,42,centinela_sulfuros,LC,2,12.22597924234586,7.8,15.516950292640045,14.71765114054151,15.114161203728225,13.870507068327896,13.219717045682277,14.01388888888889
2019-01-01,42,cerro colorado,SM,0,3.598,5.2,6.765530567045829,6.9494163358702234,6.04396680597417,5.323417973322505,5.382345589672029,5.666861111111111
2019-01-01,42,chuquicamata,LC,3,25.555,19.12,36.186969954023326,36.992805855187676,38.5185399983493,26.69518723063612,25.794999688886723,26.807
2019-01-01,42,collahuasi,LC,3,47.262,54.1,54.44687621346091,48.80821105416511,51.43641449340266,46.914182214971575,48.05452015679839,44.33861111111111
2019-01-01,42,el abra,SM,1,9.284,7.2,7.592352470334169,6.95767622512533,7.850022380158492,6.524035731032661,6.291500242716289,7.390361111111111
2019-01-01,42,el soldado,SM,0,2.57,2.763,5.130745640134992,4.3884463427719265,6.518372218959403,4.582996268099315,4.609704442007391,3.910527777777778
2019-01-01,42,el teniente,LC,3,28.068,36.7,38.074863841500914,34.693810428998155,36.520603272476386,38.767085296464785,38.6882446802814,38.85816666666666
2019-01-01,42,escondida,LC,3,81.399,107.0,94.57952362751107,86.05883185402323,98.45652200403525,97.35147427844157,90.96484282026306,88.03458333333333
2019-01-01,42,franke,SM,0,0.760445,1.1,1.7799177582102346,1.6867198769657459,1.8502863125468287,1.6230596723683075,1.6524140472533315,1.5970277777777777
2019-01-01,42,gabriela mistral,LC,2,9.132,8.7,12.428977641446751,11.210754009365877,9.779575258220591,7.735616045954215,7.516030884930906,9.670916666666665
2019-01-01,42,lomas bayas,SM,1,6.064031,5.5,6.635522157969392,6.400996883502433,6.5337803917180395,6.7846233969720195,6.593564474164474,6.428861111111111
2019-01-01,42,los bronces,LC,3,16.49,25.981,26.514319160809304,27.098508133697035,27.99620083260269,31.697500141857937,32.499213582255884,27.39977777777778
2019-01-01,42,los pelambres,LC,3,23.391121186549768,27.4,30.74701933827611,30.4194963560714,29.7341110063404,31.14407381886225,35.8959071175,30.432083333333328
2019-01-01,42,mantos blancos,SM,0,4.136,3.505,4.138116874243019,4.008247007281887,3.740320860577954,3.4429679287349675,3.1997187639819633,3.7737777777777777
2019-01-01,42,mantoverde,SM,0,4.103,2.861,3.8080472601420534,3.854537618160411,3.6721815889550418,3.59921539797264,3.6086424746613273,3.681777777777778
2019-01-01,42,ministro hales,LC,2,13.17,16.7,17.873558609025054,17.369941003823477,14.109849585793073,14.689124911674265,15.938896885955922,17.66530555555556
2019-01-01,42,ojos del salado,SM,0,1.858,2.0,2.5914159868476387,2.314281080248987,2.640927821616341,2.6323639315890492,2.799871234019961,2.263916666666667
2019-01-01,42,otros,LC,2,10.002399353990002,11.038,11.42667383060204,12.067805182174256,11.803536926543057,11.921799064683782,11.306041059255778,11.239700694444444
2019-01-01,42,radomiro tomic,LC,3,25.265,31.738,26.485184072916915,25.566832996216892,25.703824231827426,26.81254078249574,26.66569699580761,26.730249999999998
2019-01-01,42,salvador,SM,0,1.423,5.1,9.860435404592469,8.59924693768963,9.685610066395007,5.042620469754855,5.1322443507617495,5.0521111111111106
2019-01-01,42,sierra gorda,SM,1,13.05851625126102,6.9,9.406106047115678,9.157828491145843,9.405608661244939,9.362496743489928,8.772037363910469,8.409916666666668
2019-01-01,42,zaldivar,SM,1,7.44,8.1,8.24667294783634,8.148187443220326,8.90257727247378,8.39968549454531,8.377479767469705,8.400055555555557
2019-01-01,48,andacollo,SM,1,3.161,6.0,6.731545981806495,6.339932584455877,6.555016527695576,5.978670752820634,5.322132837559893,5.955555555555556
2019-01-01,48,andina,LC,2,15.112,18.9,16.364085198951425,16.538160945745048,15.881444499792263,16.545623530436778,16.07571702325174,16.831833333333332
2019-01-01,48,antucoya,SM,1,7.046,4.6,6.507049863131927,6.18251847712055,8.5164577070407,6.231980788471699,6.325231324773003,6.158333333333333
2019-01-01,48,atacama kozan,SM,0,0.793,0.8,1.4676877177980265,1.2762436248532463,1.2934969421523943,1.027517641365205,1.0291587446325245,0.9805555555555556
2019-01-01,48,candelaria,LC,2,11.93,7.0,9.248240623938038,8.303670315525709,9.261517760960215,8.052468651044384,7.724717178421576,10.666666666666664
2019-01-01,48,caserones,LC,2,11.351,11.8,10.201934884188567,10.74917010953985,10.390340846918118,11.777990454485526,13.851613076489276,10.563527777777779
2019-01-01,48,centinela_oxidos,SM,1,7.836679,7.8,8.209110738260199,8.147701931274446,8.582087659486005,9.297995637440263,9.80825234556614,6.033333333333333
2019-01-01,48,centinela_sulfuros,LC,2,9.888067271067618,7.8,15.593966007292346,14.732638215143071,15.096183698085373,13.870507050923564,14.132344473583917,14.01388888888889
2019-01-01,48,cerro colorado,SM,0,3.581,5.2,6.811726485427725,6.949416335870225,5.973982941593021,5.323417973332401,5.337848016188608,5.666861111111111
2019-01-01,48,chuquicamata,LC,3,23.479,19.12,36.299648888913794,36.992805855187676,38.5185399983493,26.69518723063612,26.51062274091173,26.807
2019-01-01,48,collahuasi,LC,3,42.903,54.1,54.570913738267706,48.80821105416511,51.48525134780451,46.914182214971575,48.10208263402111,44.33861111111111
2019-01-01,48,el abra,SM,1,8.718,7.2,7.603880107265127,6.957676225125328,7.661020777237903,6.524035731032661,6.305108089840011,7.390361111111111
2019-01-01,48,el soldado,SM,0,4.074,2.763,5.372625913075068,4.392790738763412,6.900410802988683,4.582996268099315,4.609705089067954,3.910527777777778
2019-01-01,48,el teniente,LC,3,32.758,36.7,38.16160365463069,34.693810428998155,36.583941993518465,38.767085296464785,39.01390103084818,38.85816666666666
2019-01-01,48,escondida,LC,3,93.319,107.0,94.63337862924666,86.05883185402323,98.45652200403525,97.35147427844157,90.75373581029316,88.03458333333333
2019-01-01,48,franke,SM,0,1.251,1.1,1.8634494833703898,1.6867198769657459,1.9253509292242847,1.6230596723670188,1.652348262526248,1.5970277777777777
2019-01-01,48,gabriela mistral,LC,2,7.517,8.7,12.274799720173348,11.172233723245478,9.795595897242727,7.735616045954283,7.27978639231724,9.670916666666665
2019-01-01,48,lomas bayas,SM,1,7.232,5.5,6.6482206431825706,6.4073336284527285,6.496581514617923,6.7846233969720195,6.5929435801651906,6.428861111111111
2019-01-01,48,los bronces,LC,3,16.369,25.981,26.82273385603615,27.081533023136167,28.02365778735281,31.697500141857937,32.56533380043391,27.39977777777778
2019-01-01,48,los pelambres,LC,3,17.369,27.4,30.845350797640194,30.4194963560714,29.7341110063404,31.14407381886225,35.55736003875232,30.432083333333328
2019-01-01,48,mantos blancos,SM,0,4.134,3.505,4.233532556480405,4.008247007281887,3.7197394241649455,3.4429679287349675,3.178868236114567,3.7737777777777777
2019-01-01,48,mantoverde,SM,0,3.34,2.861,3.805475708128972,3.861608380374047,3.5837681001381583,3.599215397973461,3.595121761719336,3.681777777777778
2019-01-01,48,ministro hales,LC,2,10.731,16.7,17.829452209167858,17.34427834059248,14.08695731198736,14.689124911674265,15.938896168121834,17.66530555555556
2019-01-01,48,ojos del salado,SM,0,1.382,2.0,2.5834489793954183,2.314281080248987,2.6008255736486463,2.6323639315890492,2.7970133046518466,2.263916666666667
2019-01-01,48,otros,LC,2,12.32280417175306,11.038,11.18948587690128,12.034187317257803,11.55286487972727,11.921799064683782,11.308713756930688,11.239700694444444
2019-01-01,48,radomiro tomic,LC,3,26.388,31.738,26.479611567049773,25.566832996216892,25.703824231827426,26.81254078249574,26.664597718784655,26.730249999999998
2019-01-01,48,salvador,SM,0,2.516,5.1,9.893964413106557,8.599246937689628,9.55992670613997,5.042620469754855,5.129104391338567,5.0521111111111106
2019-01-01,48,sierra gorda,SM,1,10.725,6.9,9.376384253737317,9.157828491145843,9.249691194261125,9.362496743489928,8.772012952765545,8.409916666666668
2019-01-01,48,zaldivar,SM,1,7.572,8.1,8.305840701121285,8.156253840779112,8.644521851171472,8.399685494545315,8.368528881898484,8.400055555555557
2019-01-01,54,andacollo,SM,1,3.937,6.0,6.74208462528966,6.339932584455876,6.452421357970089,5.978670752820634,5.333065894296384,5.955555555555556
2019-01-01,54,andina,LC,2,14.043,18.9,17.262325838844117,16.514294371283,15.920778657380335,16.545623530436778,16.073852715344234,16.831833333333332
2019-01-01,54,antucoya,SM,1,5.775,4.6,6.566390583614472,6.18251847712055,8.87017548338593,6.231980788471699,6.325234268470948,6.158333333333333
2019-01-01,54,atacama kozan,SM,0,1.11,0.8,1.4781665741823948,1.276243624853246,1.3603845372057461,1.027517641365205,1.0291572158726494,0.9805555555555556
2019-01-01,54,candelaria,LC,2,10.868,7.0,9.259586594538444,8.269084669065505,9.22147465570651,8.052468651044384,7.724676159840692,10.666666666666664
2019-01-01,54,caserones,LC,2,10.542,11.8,10.965752258264875,10.77578427141236,10.402271471140239,11.777990454485526,13.891103772066664,10.563527777777779
2019-01-01,54,centinela_oxidos,SM,1,7.014,7.8,8.46423519773394,8.147701931274446,9.596613323823858,9.297995637440263,9.808505445280318,6.033333333333333
2019-01-01,54,centinela_sulfuros,LC,2,14.484,7.8,16.49281494602595,14.752769655979042,15.190632832700029,13.870507049737077,13.767787687951053,14.01388888888889
2019-01-01,54,cerro colorado,SM,0,3.617,5.2,6.811726485427725,6.949416335870225,5.146231119386135,5.323417973332637,5.388679625749254,5.666861111111111
2019-01-01,54,chuquicamata,LC,3,19.611,19.12,37.42389139317789,36.992805855187676,38.747838178281015,26.69518723063612,26.230124816397083,26.807
2019-01-01,54,collahuasi,LC,3,50.014,54.1,57.270319883187604,48.80821105416511,51.66509948261575,46.914182214971575,48.03297227317506,44.33861111111111
2019-01-01,54,el abra,SM,1,8.024889,7.2,7.610829141470441,6.957676225125328,7.433493301010206,6.524035731032661,6.288197150990021,7.390361111111111
2019-01-01,54,el soldado,SM,0,5.044,2.763,5.392252638343487,4.392790738763412,7.494353424044986,4.582996268099315,4.609705133177319,3.910527777777778
2019-01-01,54,el teniente,LC,3,31.799,36.7,39.59416072544919,34.693810428998155,36.711737737088754,38.767085296464785,38.71730849900028,38.85816666666666
2019-01-01,54,escondida,LC,3,82.383,107.0,96.96479513294832,86.05883185402323,98.98722413543248,97.35147427844157,90.6273063107157,88.03458333333333
2019-01-01,54,franke,SM,0,0.951,1.1,1.9480130591114249,1.6867198769657459,2.1044669120528186,1.6230596723669857,1.652304910607404,1.5970277777777777
2019-01-01,54,gabriela mistral,LC,2,8.658,8.7,12.470198463128705,11.172233723245478,9.746850586673913,7.735616045954283,7.4383457517746585,9.670916666666665
2019-01-01,54,lomas bayas,SM,1,4.8,5.5,6.967399080896453,6.416450804045224,6.842881670087655,6.7846233969720195,6.5928782188099015,6.428861111111111
2019-01-01,54,los bronces,LC,3,16.377,25.981,28.1478222754946,27.256483771258246,28.170979321953133,31.697500141857937,32.540545818837415,27.39977777777778
2019-01-01,54,los pelambres,LC,3,27.769,27.4,32.284611670991836,30.4194963560714,29.83797856367318,31.14407381886225,35.854774696132736,30.432083333333328
2019-01-01,54,mantos blancos,SM,0,3.742,3.505,4.232880804296454,4.008247007281887,3.7355965606441175,3.4429679287349675,3.185184330463254,3.7737777777777777
2019-01-01,54,mantoverde,SM,0,3.03,2.861,3.825692481973888,3.861608380374047,3.632818357402781,3.599215397973486,3.5890246397782164,3.681777777777778
2019-01-01,54,ministro hales,LC,2,10.005,16.7,18.333367878880903,17.34427834059249,14.41206175055732,14.689124911674265,15.938895441559659,17.66530555555556
2019-01-01,54,ojos del salado,SM,0,1.368,2.0,2.7177514366356186,2.3239232860905306,2.875218379274054,2.6323639315890492,2.8022238791063443,2.263916666666667
2019-01-01,54,otros,LC,2,8.587133571000003,11.038,11.404443736624426,12.047900298000023,11.028680789730544,11.921799064683782,11.306398840469763,11.239700694444444
2019-01-01,54,radomiro tomic,LC,3,31.341,31.738,27.468932512731627,25.603078917567768,25.77918312070472,26.81254078249574,26.66549989791033,26.730249999999998
2019-01-01,54,salvador,SM,0,1.012,5.1,9.893964413106557,8.599246937689628,8.539151302681198,5.042620469754855,5.166358043157992,5.0521111111111106
2019-01-01,54,sierra gorda,SM,1,9.977,6.9,9.443549310978476,9.157828491145843,9.118634862916785,9.362496743489928,8.772026644480869,8.409916666666668
2019-01-01,54,zaldivar,SM,1,6.595,8.1,8.378164152530275,8.15625384077911,8.909764770642312,8.399685494545315,8.37066242544311,8.400055555555557
2019-01-01,60,andacollo,SM,1,2.121,6.0,6.74208462528966,6.339932584455876,6.452421357970089,5.978670752820634,5.328794497917987,5.955555555555556
2019-01-01,60,andina,LC,2,15.595,18.9,17.262325838844117,16.514294371283,15.920778657380335,16.545623530436778,16.074229640797807,16.831833333333332
2019-01-01,60,antucoya,SM,1,6.812,4.6,6.566390583614472,6.18251847712055,8.87017548338593,6.231980788471699,6.32523411913634,6.158333333333333
2019-01-01,60,atacama kozan,SM,0,1.077,0.8,1.4781665741823948,1.276243624853246,1.3603845372057461,1.027517641365205,1.0291574683566502,0.9805555555555556
2019-01-01,60,candelaria,LC,2,10.264,7.0,9.259586594538444,8.269084669065505,9.22147465570651,8.052468651044384,7.7246933952412435,10.666666666666664
2019-01-01,60,caserones,LC,2,12.849,11.8,10.965752258264875,10.77578427141236,10.402271471140239,11.777990454485526,14.056192725280091,10.563527777777779
2019-01-01,60,centinela_oxidos,SM,1,7.922,7.8,8.46423519773394,8.147701931274446,9.596613323823858,9.297995637440263,9.809010188614664,6.033333333333333
2019-01-01,60,centinela_sulfuros,LC,2,6.318,7.8,16.49281494602595,14.752769655979042,15.190632832700029,13.870507049656192,13.076280791298164,14.01388888888889
2019-01-01,60,cerro colorado,SM,0,0.0,5.2,6.811726485427725,6.949416335870226,5.146231119386135,5.323417973332642,5.3700992129535825,5.666861111111111
2019-01-01,60,chuquicamata,LC,3,16.976,19.12,37.42389139317789,36.99280585518768,38.747838178281015,26.69518723063612,26.808131349408924,26.807
2019-01-01,60,collahuasi,LC,3,52.15,54.1,57.270319883187604,48.80821105416511,51.66509948261575,46.914182214971575,48.06122174688691,44.33861111111111
2019-01-01,60,el abra,SM,1,8.841,7.2,7.610829141470441,6.95767622512533,7.433493301010206,6.524035731032661,6.295565075114916,7.390361111111111
2019-01-01,60,el soldado,SM,0,4.915,2.763,5.392252638343487,4.392790738763412,7.494353424044986,4.582996268099315,4.609705121588943,3.910527777777778
2019-01-01,60,el teniente,LC,3,26.984,36.7,39.59416072544919,34.693810428998155,36.711737737088754,38.767085296464785,38.92613324690929,38.85816666666666
2019-01-01,60,escondida,LC,3,97.522,107.0,96.96479513294832,86.05883185402323,98.98722413543248,97.35147427844157,90.50978333817628,88.03458333333333
2019-01-01,60,franke,SM,0,1.114,1.1,1.9480130591114249,1.6867198769657459,2.1044669120528186,1.6230596723669848,1.6522939019745626,1.5970277777777777
2019-01-01,60,gabriela mistral,LC,2,9.013,8.7,12.470198463128705,11.172233723245478,9.746850586673913,7.735616045954283,7.283973157215394,9.670916666666665
2019-01-01,60,lomas bayas,SM,1,6.55,5.5,6.967399080896453,6.416450804045224,6.842881670087655,6.7846233969720195,6.592737858369582,6.428861111111111
2019-01-01,60,los bronces,LC,3,14.981,25.981,28.1478222754946,27.256483771258246,28.170979321953133,31.697500141857937,32.51553094649829,27.39977777777778
2019-01-01,60,los pelambres,LC,3,28.087,27.4,32.284611670991836,30.4194963560714,29.83797856367318,31.14407381886225,35.696279162298815,30.432083333333328
2019-01-01,60,mantos blancos,SM,0,3.874,3.505,4.232880804296454,4.008247007281887,3.7355965606441175,3.4429679287349675,3.1761787305794527,3.7737777777777777
2019-01-01,60,mantoverde,SM,0,3.394,2.861,3.825692481973888,3.861608380374047,3.632818357402781,3.5992153979734867,3.596686015725524,3.681777777777778
2019-01-01,60,ministro hales,LC,2,3.779,16.7,18.333367878880903,17.34427834059248,14.41206175055732,14.689124911674265,15.93889543688746,17.66530555555556
2019-01-01,60,ojos del salado,SM,0,1.052,2.0,2.7177514366356186,2.3239232860905306,2.875218379274054,2.6323639315890492,2.803359888387204,2.263916666666667
2019-01-01,60,otros,LC,2,12.176000000000002,11.038,11.404443736624426,12.047900298000023,11.028680789730544,11.921799064683782,11.30672353126418,11.239700694444444
2019-01-01,60,radomiro tomic,LC,3,26.353,31.738,27.468932512731627,25.603078917567768,25.77918312070472,26.81254078249574,26.66539158274703,26.730249999999998
2019-01-01,60,salvador,SM,0,0.0,5.1,9.893964413106557,8.599246937689628,8.539151302681198,5.042620469754855,5.164393225967301,5.0521111111111106
2019-01-01,60,sierra gorda,SM,1,9.09,6.9,9.443549310978476,9.157828491145843,9.118634862916785,9.362496743489928,8.772028158593619,8.409916666666668
2019-01-01,60,zaldivar,SM,1,6.298,8.1,8.378164152530275,8.15625384077911,8.909764770642312,8.399685494545315,8.373730336950603,8.400055555555557
2019-07-01,6,andacollo,SM,0,6.32,5.4,4.8668217252587525,5.255447985355633,4.932661447599466,5.469442565355197,4.7691616988434635,5.8388888888888895
2019-07-01,6,andina,LC,2,15.886,16.1,13.899719602008739,13.929399917824384,14.703711181901939,13.47443794519689,13.947765794030094,16.575888888888887
2019-07-01,6,antucoya,SM,1,6.78,5.0,6.076825374795126,5.862679254883223,4.021858594500666,6.146131944434291,6.068822672009556,6.388888888888889
2019-07-01,6,atacama kozan,SM,0,1.177,1.1,1.0212086856619453,1.12978338108319,1.0224974348713867,1.0243082027480643,1.025076231382372,0.9833333333333333
2019-07-01,6,candelaria,SM,1,8.24,7.4,10.092869453875286,10.134545344415285,9.538007250684382,9.304614583813274,9.462733566290774,10.427777777777777
2019-07-01,6,caserones,LC,2,11.611,11.0,10.775769976550697,11.733958194687903,10.704272186321546,12.764768407832909,12.294870425210235,11.126444444444443
2019-07-01,6,centinela_oxidos,SM,1,7.457,7.1,5.977334493668289,5.995410995554638,5.437803934715752,5.567598287768668,6.142366965143395,6.427777777777778
2019-07-01,6,centinela_sulfuros,LC,2,17.118,8.6,16.457801007809028,17.621361305237834,16.531462834525332,14.769969029953208,19.245166877527307,14.766666666666664
2019-07-01,6,cerro colorado,SM,1,7.601,5.1,6.4246509670658165,6.427895742388508,6.2100748559025005,6.128491567431595,5.306745172142444,5.650777777777778
2019-07-01,6,chuquicamata,LC,3,15.69,16.621,29.481663727356157,31.37157426648001,30.164762966152118,26.670595823859617,25.53585553379191,26.804444444444446
2019-07-01,6,collahuasi,LC,3,53.542,43.2,46.08544447503739,45.38012916683862,46.55803930552777,45.07726159426315,45.9070946579185,44.48755555555555
2019-07-01,6,el abra,SM,1,7.0169,7.7,7.086368466478219,6.939350366212219,7.672755465200368,6.589093035827893,6.591037305190867,6.966222222222224
2019-07-01,6,el soldado,SM,0,3.923,5.218,4.277953118925371,4.08818675404041,4.318054021257381,4.3203308616227325,4.301731553474728,4.036833333333334
2019-07-01,6,el teniente,LC,3,33.386,42.6,38.61151661699619,38.19096179239882,38.17906460180661,38.412600107032354,37.542101317156884,38.26658333333333
2019-07-01,6,escondida,LC,3,100.944,110.9,83.28650312679991,90.54500384831101,90.61360408635237,97.5574774908154,97.20283518102534,89.64966666666668
2019-07-01,6,franke,SM,0,1.101,1.8,1.6828286067072638,1.6069918861423003,1.6365401236873454,1.6191913211371969,1.6443891190051816,1.6220277777777778
2019-07-01,6,gabriela mistral,SM,1,8.929,9.3,7.613970942109125,8.506421759908013,7.866872884912469,8.516481666311762,7.290536139056607,9.276749999999998
2019-07-01,6,lomas bayas,SM,1,6.551,6.3,6.492183852587138,6.383185143658069,6.755365100397606,6.666143961477752,6.639145039915139,6.443888888888889
2019-07-01,6,los bronces,LC,3,20.815,33.943,28.24205850586601,28.84598473255761,28.010418037023253,30.12249409774822,29.536766315656628,28.066527777777775
2019-07-01,6,los pelambres,LC,3,29.774,35.2,29.918218686664286,30.388519345729808,30.370455176069655,31.145345348455816,31.173255174194725,30.70708333333333
2019-07-01,6,mantos blancos,SM,0,3.554,3.926,3.611484405212018,3.7518002446732814,3.6536613952961003,3.49437199873644,3.4094690758945365,3.6485000000000003
2019-07-01,6,mantoverde,SM,0,3.299,3.601,3.5342047926074396,3.5815230634470714,3.6416931787616185,3.5493990564871383,3.5115966641857774,3.5477499999999997
2019-07-01,6,ministro hales,LC,2,14.335,15.6,16.006795450369,17.044090643044385,17.143488509211032,13.523205932915015,15.775151878987513,16.418361111111114
2019-07-01,6,ojos del salado,SM,0,2.573,2.8,2.4169474177410852,2.183595370852918,2.3661430963284835,2.318120062003468,2.370688662751516,2.292777777777778
2019-07-01,6,otros,LC,2,8.901,10.832,12.237674157735926,12.3946621323717,12.270502627701845,12.060537430697801,12.723729651506556,11.375561138888889
2019-07-01,6,radomiro tomic,LC,3,19.9,28.301,22.294154128664978,23.58976964266081,23.74130252938556,26.349782432349564,22.47915180628544,26.121138888888893
2019-07-01,6,salvador,SM,0,2.34,4.0,6.513475996480293,6.816430594280114,3.459174431754472,4.541344924588552,3.6510513318381186,4.669388888888888
2019-07-01,6,sierra gorda,LC,2,10.715,7.9,9.15102969302726,8.854827297135248,9.219371225697625,9.168389710232812,9.333307248014828,8.582555555555555
2019-07-01,6,zaldivar,LC,2,9.951,8.0,8.721260885684785,8.598360061191858,8.580504795332848,8.510047570420065,8.570104609257417,8.462027777777775
2019-07-01,9,andacollo,SM,0,4.921,5.4,4.860944041298694,5.247450759011242,4.904462684189563,5.469442900100838,5.37167479122256,5.8388888888888895
2019-07-01,9,andina,LC,2,12.324,16.1,14.293448360657994,13.963284933691195,14.765721066414466,13.474056049278262,11.818538448585914,16.575888888888887
2019-07-01,9,antucoya,SM,1,6.877,5.0,6.100585785431662,5.86923192761921,4.167604446570694,6.146795119590931,6.026680586863955,6.388888888888889
2019-07-01,9,atacama kozan,SM,0,1.105,1.1,1.0303590033113694,1.1291110354281697,1.0241193680639753,1.0243082039624656,1.032200010775761,0.9833333333333333
2019-07-01,9,candelaria,SM,1,7.808,7.4,10.046974086796453,10.14892898582579,9.450230988217323,9.304614563140198,9.498636145479725,10.427777777777777
2019-07-01,9,caserones,LC,2,10.122,11.0,10.938283111793094,11.78900433337566,10.800395609618679,12.743553176673938,12.435813801707933,11.126444444444443
2019-07-01,9,centinela_oxidos,SM,1,7.858,7.1,5.903669583563108,6.016296776726192,5.322004191051725,5.567595308670325,5.048369498153928,6.427777777777778
2019-07-01,9,centinela_sulfuros,LC,2,11.087,8.6,16.264022729239844,17.635014972070927,16.531462834525332,14.41510622277799,19.22698045562238,14.766666666666664
2019-07-01,9,cerro colorado,SM,1,5.278,5.1,6.366215330160988,6.404150111391373,6.18878534923193,6.123150759609504,6.31421704896626,5.650777777777778
2019-07-01,9,chuquicamata,LC,3,30.402,16.621,31.29602925930461,31.44365526086973,30.588384530995533,26.681382357940198,27.328284843091613,26.804444444444446
2019-07-01,9,collahuasi,LC,3,54.085,43.2,46.14045981192804,45.39696786041687,46.55803930552777,45.07642854906032,44.03574993106066,44.48755555555555
2019-07-01,9,el abra,SM,1,6.075,7.7,7.128210100237277,6.93776412306897,7.647872571574358,6.589092970865147,6.342389405924304,6.966222222222224
2019-07-01,9,el soldado,SM,0,3.659,5.218,4.334090657099905,4.096656624447687,4.322472065142379,4.320538960906084,4.288580341655391,4.036833333333334
2019-07-01,9,el teniente,LC,3,36.605,42.6,38.60810042626056,38.19096179239882,38.17906460180661,38.41260007593655,37.013494456653426,38.26658333333333
2019-07-01,9,escondida,LC,3,102.641,110.9,81.88726715668437,90.54500384831101,88.37578206750972,97.55790699306091,97.43094919834674,89.64966666666668
2019-07-01,9,franke,SM,0,1.125,1.8,1.6955213078469962,1.6069918861423003,1.6355690914384076,1.6185729423454374,1.6305586373320493,1.6220277777777778
2019-07-01,9,gabriela mistral,SM,1,8.541,9.3,7.605754970019323,8.49116347264895,7.794475602251571,8.51042667401119,7.940115107250147,9.276749999999998
2019-07-01,9,lomas bayas,SM,1,6.091,6.3,6.44898563118632,6.383185143658069,6.740835281420345,6.666143738395,6.649687317940862,6.443888888888889
2019-07-01,9,los bronces,LC,3,24.731,33.943,28.37536737159588,28.860665328450615,28.010418037023253,30.12249409774822,30.432102268835138,28.066527777777775
2019-07-01,9,los pelambres,LC,3,31.17,35.2,29.747591380037356,30.388519345729808,30.370455176069655,31.14534169316087,30.514145436946645,30.70708333333333
2019-07-01,9,mantos blancos,SM,0,3.282,3.926,3.6243532751179393,3.7531992398694802,3.648275351511086,3.4943688315735013,3.3574521659385415,3.6485000000000003
2019-07-01,9,mantoverde,SM,0,3.235,3.601,3.5516640039946052,3.5777860182037284,3.6363247779192056,3.549983867217371,3.5216355571303115,3.5477499999999997
2019-07-01,9,ministro hales,LC,2,10.118,15.6,16.65180180432651,17.10987342639864,17.25276562475901,13.523205294223645,14.593731158587246,16.418361111111114
2019-07-01,9,ojos del salado,SM,0,2.08,2.8,2.422528886339077,2.183595370852918,2.362655064837967,2.3181488098516865,2.2479606800899505,2.292777777777778
2019-07-01,9,otros,LC,2,12.587,10.832,12.228169090214875,12.388837859425994,12.296409416318912,12.060532659313397,12.170630373123767,11.375561138888889
2019-07-01,9,radomiro tomic,LC,3,20.468,28.301,22.62301443994427,23.590533362320997,23.74130252938556,26.371574919467307,22.445138547074574,26.121138888888893
2019-07-01,9,salvador,SM,0,6.159,4.0,6.535868453692527,6.816430594280114,3.9770712276952853,4.54232262376684,2.5103250622109265,4.669388888888888
2019-07-01,9,sierra gorda,LC,2,10.868,7.9,9.16945772543861,8.86992381841806,9.246076601096222,9.168390459485613,9.221330918549182,8.582555555555555
2019-07-01,9,zaldivar,LC,2,8.302,8.0,8.71500919630811,8.60485878790843,8.607297299536446,8.495192518655218,8.900605018429317,8.462027777777775
2019-07-01,12,andacollo,SM,0,3.028,5.4,5.028778458728751,5.238125019011272,4.885660349064047,5.469442900836598,5.262111731007895,5.8388888888888895
2019-07-01,12,andina,LC,2,14.282,16.1,14.655128654571403,13.969188796690407,14.8836947315189,13.474065844964276,12.790385434254715,16.575888888888887
2019-07-01,12,antucoya,SM,1,5.5,5.0,6.043419289451599,5.86923192761921,4.151627081238171,6.1468413252739165,6.071159860200104,6.388888888888889
2019-07-01,12,atacama kozan,SM,0,1.62,1.1,1.041148172610878,1.130313434665868,1.0204594727660896,1.0243082039621942,1.023296404560174,0.9833333333333333
2019-07-01,12,candelaria,SM,1,10.129,7.4,9.905061625440394,10.139402969551593,9.415241183705565,9.304614563142714,9.94732481862971,10.427777777777777
2019-07-01,12,caserones,LC,2,9.481,11.0,11.112060051931998,11.810311069054215,10.961767122036814,12.740950218980323,12.25747506575111,11.126444444444443
2019-07-01,12,centinela_oxidos,SM,1,7.874,7.1,5.975319711290153,6.067438225130215,5.343662737196601,5.567595322768095,4.775469140986877,6.427777777777778
2019-07-01,12,centinela_sulfuros,LC,2,9.824,8.6,16.675208360821024,17.652351953186425,16.62420517544604,14.317947882041844,19.40761410010343,14.766666666666664
2019-07-01,12,cerro colorado,SM,1,5.22,5.1,6.238892281895907,6.314577021634214,6.111296437529674,6.122164413531018,5.91796158527305,5.650777777777778
2019-07-01,12,chuquicamata,LC,3,37.848,16.621,31.536328067828936,31.042958613383263,30.967081610145776,26.682117483348886,24.90408480973112,26.804444444444446
2019-07-01,12,collahuasi,LC,3,58.119,43.2,47.71812399829799,45.44173973385477,46.96043614674123,45.07641241457009,45.650890758055674,44.48755555555555
2019-07-01,12,el abra,SM,1,5.236,7.7,7.056452193498352,6.9483960345182325,7.618552658440539,6.589092970913974,6.161843092945651,6.966222222222224
2019-07-01,12,el soldado,SM,0,2.856,5.218,4.479059824750797,4.0973632872814365,4.313058661499655,4.320548372903757,4.208420109664196,4.036833333333334
2019-07-01,12,el teniente,LC,3,30.462,42.6,38.98516768362138,38.19096179239882,38.44436681614097,38.41260007593144,38.28389845389768,38.26658333333333
2019-07-01,12,escondida,LC,3,103.74,110.9,82.31049083452494,90.53860470729553,87.68322400213975,97.5579227828018,95.79835792771311,89.64966666666668
2019-07-01,12,franke,SM,0,1.243,1.8,1.7139762669857666,1.6069918861423003,1.642171008839008,1.6184789085789468,1.635780974645684,1.6220277777777778
2019-07-01,12,gabriela mistral,SM,1,8.177,9.3,7.814471623404958,8.468838501376275,7.7471894722652515,8.509897650643948,8.439894595011248,9.276749999999998
2019-07-01,12,lomas bayas,SM,1,6.463,6.3,6.517808293864816,6.3799964654604,6.730964779267237,6.666143737829921,6.638725130770623,6.443888888888889
2019-07-01,12,los bronces,LC,3,27.661,33.943,28.47323709117639,28.812559140313773,28.18791477529688,30.12249409774822,28.92641377291767,28.066527777777775
2019-07-01,12,los pelambres,LC,3,27.137,35.2,31.096761771021093,30.409225853315228,30.668482043931178,31.145341682033678,32.130089202238885,30.70708333333333
2019-07-01,12,mantos blancos,SM,0,2.862,3.926,3.646378597144149,3.7519768375618203,3.6531518641066696,3.49436882190125,3.628782452786619,3.6485000000000003
2019-07-01,12,mantoverde,SM,0,3.159,3.601,3.5799144206881004,3.5766207472960434,3.6242878288787606,3.5500723700820687,3.525453650341986,3.5477499999999997
2019-07-01,12,ministro hales,LC,2,9.861,15.6,16.970646866148655,17.12700397337492,17.47132173788865,13.52320529596391,14.283767843064664,16.418361111111114
2019-07-01,12,ojos del salado,SM,0,2.351,2.8,2.4136461799979347,2.183595370852918,2.3614396510806777,2.3181482210243773,2.0555244115856937,2.292777777777778
2019-07-01,12,otros,LC,2,12.753,10.832,12.280633582922807,12.407663130114218,12.362296537481543,12.06053264975379,12.537643028063936,11.375561138888889
2019-07-01,12,radomiro tomic,LC,3,19.38,28.301,22.785553919321103,23.590533362320997,23.886569903699986,26.374192620892437,22.90220516539997,26.121138888888893
2019-07-01,12,salvador,SM,0,4.597,4.0,6.598067946326417,6.84340621923421,3.9969307373450733,4.542363585370206,4.411100720661299,4.669388888888888
2019-07-01,12,sierra gorda,LC,2,12.36,7.9,9.303709052017838,8.898761825595278,9.322535577696202,9.168390460669862,9.24781582473333,8.582555555555555
2019-07-01,12,zaldivar,LC,2,7.871,8.0,8.751933154679149,8.60298752534606,8.671588238661188,8.493015381255287,8.716023761111199,8.462027777777775
2019-07-01,18,andacollo,SM,0,4.445,5.4,4.986073288856669,5.203428926262737,4.940886378261488,5.469442900838218,5.049432717696579,5.8388888888888895
2019-07-01,18,andina,LC,2,13.639,16.1,14.685400677016684,14.022522806945789,14.84808468019888,13.474065600148375,13.005799788435466,16.575888888888887
2019-07-01,18,antucoya,SM,1,6.812,5.0,5.920720118157928,5.84600954700933,4.18247543950888,6.146844768882209,6.067401675350114,6.388888888888889
2019-07-01,18,atacama kozan,SM,0,1.013,1.1,1.0279926329509703,1.1369279161726165,1.0454355137006477,1.0243082039621942,1.0228664665330474,0.9833333333333333
2019-07-01,18,candelaria,SM,1,9.0,7.4,9.67599537266823,10.107260611691643,9.373394045965071,9.304614563142714,9.731408480837347,10.427777777777777
2019-07-01,18,caserones,LC,2,8.761,11.0,11.434624618324333,11.79677365961276,11.141249229191956,12.74059167088722,12.678883248042673,11.126444444444443
2019-07-01,18,centinela_oxidos,SM,1,7.833,7.1,6.515087264405495,6.136579595109397,5.995729303142199,5.567595322701696,4.848819557937681,6.427777777777778
2019-07-01,18,centinela_sulfuros,LC,2,16.0,8.6,17.37687020867114,17.704233775827113,16.686200685205264,14.284063625199042,19.355559687665437,14.766666666666664
2019-07-01,18,cerro colorado,SM,1,4.491,5.1,6.151156271002318,6.293019209887074,6.137425793562904,6.121948612686133,5.64980123525802,5.650777777777778
2019-07-01,18,chuquicamata,LC,3,29.088,16.621,31.172547618473892,31.6551875294003,30.981400342477407,26.682170998168235,26.144728344840416,26.804444444444446
2019-07-01,18,collahuasi,LC,3,57.029,43.2,47.55863596233613,45.4874845020192,47.06007496797097,45.076412096023496,45.82776404217492,44.48755555555555
2019-07-01,18,el abra,SM,1,6.746,7.7,6.873686761576985,6.9285000663527665,7.775679530321521,6.589092970913938,6.177826418164138,6.966222222222224
2019-07-01,18,el soldado,SM,0,3.724,5.218,4.508950391895481,4.0937091051080525,4.367125082104902,4.320548817846615,4.246319345234662,4.036833333333334
2019-07-01,18,el teniente,LC,3,39.124,42.6,38.561113418349116,38.19096179239882,38.38219611932187,38.41260007593144,37.64551088694226,38.26658333333333
2019-07-01,18,escondida,LC,3,84.669,110.9,87.13118250259032,91.26670831440433,87.88432947334627,97.55792338461819,94.90138514591887,89.64966666666668
2019-07-01,18,franke,SM,0,1.088,1.8,1.663458047660543,1.6021551913534462,1.6492213361814032,1.618462434920488,1.6352260540932835,1.6220277777777778
2019-07-01,18,gabriela mistral,SM,1,6.399,9.3,7.565017770173571,8.415556958700892,7.601895487230472,8.509847391697996,7.462673238637575,9.276749999999998
2019-07-01,18,lomas bayas,SM,1,5.4,6.3,6.438811368642568,6.384614929406159,6.648732884464996,6.666143737828486,6.6376385478683595,6.443888888888889
2019-07-01,18,los bronces,LC,3,24.529,33.943,28.181125578003307,28.916362245168227,28.588969852332003,30.12249409774822,29.399161606920583,28.066527777777775
2019-07-01,18,los pelambres,LC,3,28.8,35.2,31.53267161829629,30.47189816633958,30.7005410627197,31.1453416819997,31.490700562496876,30.70708333333333
2019-07-01,18,mantos blancos,SM,0,3.705,3.926,3.641037248005631,3.7500291085529356,3.6649416700927238,3.4943688218716216,3.4327845014382508,3.6485000000000003
2019-07-01,18,mantoverde,SM,0,3.144,3.601,3.542343590361811,3.584462005339634,3.6341148995941186,3.5500877906857267,3.523854641529383,3.5477499999999997
2019-07-01,18,ministro hales,LC,2,17.82,15.6,17.109781178269515,17.144791778951323,17.42584417823171,13.523205295959182,14.24143372360132,16.418361111111114
2019-07-01,18,ojos del salado,SM,0,2.335,2.8,2.407731371517561,2.181109998988646,2.3595004347154505,2.3181482328379905,2.0752368430050354,2.292777777777778
2019-07-01,18,otros,LC,2,9.332877,10.832,12.255558644424442,12.472763958278682,12.43167595000082,12.0605326497346,11.608810036890047,11.375561138888889
2019-07-01,18,radomiro tomic,LC,3,22.516,28.301,23.111168596978537,23.62774556221583,23.92494224901972,26.374544827708934,22.58991055212473,26.121138888888893
2019-07-01,18,salvador,SM,0,4.462,4.0,6.689762354060545,6.9938168793615105,4.416506147570126,4.542365373392714,4.287418481534742,4.669388888888888
2019-07-01,18,sierra gorda,LC,2,11.565,7.9,9.353416148145854,8.912996018513562,9.3223933629062,9.168390460671736,9.264770864622689,8.582555555555555
2019-07-01,18,zaldivar,LC,2,7.298,8.0,8.754524015453994,8.60298752534606,8.667058114539616,8.492649539047202,8.537284927969843,8.462027777777775
2019-07-01,24,andacollo,SM,0,3.84,5.4,4.973078289472246,5.164612643339688,4.926332472499676,5.469442900838218,5.204400685939622,5.8388888888888895
2019-07-01,24,andina,LC,2,19.517,16.1,14.563713760299315,14.042418804255407,14.917747581908497,13.474065599987304,12.102651687703617,16.575888888888887
2019-07-01,24,antucoya,SM,1,5.202,5.0,5.96194374103529,5.866804247147803,4.114107707156584,6.1468447855988115,6.067273383243673,6.388888888888889
2019-07-01,24,atacama kozan,SM,0,1.125,1.1,1.0461604716503445,1.1417933603833053,1.0442503809259225,1.0243082039621942,1.0225751833851255,0.9833333333333333
2019-07-01,24,candelaria,SM,1,9.268,7.4,9.849107394841434,10.03959656166932,9.221586271975882,9.304614563142714,9.78014437088993,10.427777777777777
2019-07-01,24,caserones,LC,2,10.492,11.0,11.685800194098833,11.810273171273682,11.425085797480087,12.74058627346864,12.657672372819956,11.126444444444443
2019-07-01,24,centinela_oxidos,SM,1,7.725,7.1,6.619452796335564,6.267958878474284,5.97222127950859,5.5675953227016945,4.543932521796402,6.427777777777778
2019-07-01,24,centinela_sulfuros,LC,2,14.8,8.6,17.983108622687382,17.74231516788456,16.783560611955533,14.281523604965269,19.45223279493915,14.766666666666664
2019-07-01,24,cerro colorado,SM,1,4.555,5.1,6.148591697923957,6.268827243293708,5.950590624241433,6.121941252346019,5.887120527412229,5.650777777777778
2019-07-01,24,chuquicamata,LC,3,13.678,16.621,31.242889297345986,31.574570652641707,31.126751902034183,26.682171246729293,25.64814919722517,26.804444444444446
2019-07-01,24,collahuasi,LC,3,54.03,43.2,47.924380989402195,45.66637759089652,47.31711281326141,45.076412095904004,45.689821084930315,44.48755555555555
2019-07-01,24,el abra,SM,1,5.504,7.7,7.157107051106384,7.019994919542506,7.765073847699406,6.589092970913938,5.885248002478233,6.966222222222224
2019-07-01,24,el soldado,SM,0,4.427,5.218,4.513456432335447,4.111191695665094,4.386135134169849,4.3205488187567935,4.2451068824240155,4.036833333333334
2019-07-01,24,el teniente,LC,3,41.2,42.6,38.56655187848021,38.19096179239882,38.53645374121645,38.41260007593144,38.09386486118927,38.26658333333333
2019-07-01,24,escondida,LC,3,86.258,110.9,89.6167997229976,92.57116493908,92.32893803747828,97.55792338543155,94.12873145009866,89.64966666666668
2019-07-01,24,franke,SM,0,0.887,1.8,1.6692963507352852,1.6021551913534462,1.6450573911130155,1.6184620539875298,1.634186895822125,1.6220277777777778
2019-07-01,24,gabriela mistral,SM,1,10.068,9.3,7.520237625035904,8.401850790249783,7.580953741392832,8.509847008047382,8.12174609474068,9.276749999999998
2019-07-01,24,lomas bayas,SM,1,5.5,6.3,6.453961841064689,6.398472565984219,6.697907280298689,6.666143737828486,6.637560643504624,6.443888888888889
2019-07-01,24,los bronces,LC,3,26.301,33.943,28.16618933949031,29.103010590484356,28.56653161711646,30.12249409774822,29.625468854934972,28.066527777777775
2019-07-01,24,los pelambres,LC,3,27.911,35.2,31.885001454700948,30.54276098817628,30.790553995213536,31.1453416819997,32.11157095985218,30.70708333333333
2019-07-01,24,mantos blancos,SM,0,4.27,3.926,3.641498753108833,3.729091525460507,3.5869729937084327,3.494368821871621,3.545764460729805,3.6485000000000003
2019-07-01,24,mantoverde,SM,0,4.3,3.601,3.5961606308223484,3.560631657848039,3.5632896013206463,3.5500881438569962,3.5167218833917104,3.5477499999999997
2019-07-01,24,ministro hales,LC,2,16.5,15.6,17.22517147801314,17.191652107047826,17.50760091808871,13.523205295959182,14.25654333667577,16.418361111111114
2019-07-01,24,ojos del salado,SM,0,2.121,2.8,2.453726921128504,2.181109998988646,2.35355883467473,2.318148232842947,2.2074698773322727,2.292777777777778
2019-07-01,24,otros,LC,2,10.465720999999998,10.832,12.281293488731771,12.55028929160272,12.506970684851577,12.0605326497346,11.603020470852107,11.375561138888889
2019-07-01,24,radomiro tomic,LC,3,23.227,28.301,23.945019011830215,23.648252479338833,24.055618015926648,26.374549909588627,22.642757707516083,26.121138888888893
2019-07-01,24,salvador,SM,0,3.862,4.0,6.568102444709121,7.008176976597377,4.403496793872334,4.542365376531173,4.410727982183239,4.669388888888888
2019-07-01,24,sierra gorda,LC,2,17.394,7.9,9.499516147114901,8.935548866108077,9.362174481900224,9.168390460671736,9.270869077380604,8.582555555555555
2019-07-01,24,zaldivar,LC,2,6.879,8.0,8.801846449161127,8.605300371234872,8.677276673647217,8.49264168095451,8.468892404920862,8.462027777777775
2019-07-01,30,andacollo,SM,0,3.061,5.4,4.966212551122781,5.143020029104498,4.884973328380915,5.469442900838218,5.137541098269711,5.8388888888888895
2019-07-01,30,andina,LC,2,18.84,16.1,14.682352483053867,14.061033434850046,14.847365457142777,13.474065599987197,12.270748524485635,16.575888888888887
2019-07-01,30,antucoya,SM,1,6.486,5.0,6.053596446832173,5.894555669206263,3.9414582321942415,6.14684478567996,6.067481025456305,6.388888888888889
2019-07-01,30,atacama kozan,SM,0,0.886,1.1,1.0536593014385456,1.1450165243297612,1.0855795726007762,1.0243082039621942,1.022504820547244,0.9833333333333333
2019-07-01,30,candelaria,SM,1,12.325,7.4,9.994125323569499,9.991014009055402,9.192361513961142,9.304614563142714,9.758429420687909,10.427777777777777
2019-07-01,30,caserones,LC,2,12.422,11.0,11.72085598931676,11.823794132539645,11.754982686316783,12.740586192218377,12.945010516432633,11.126444444444443
2019-07-01,30,centinela_oxidos,SM,1,7.583,7.1,7.353319039744834,6.385988823576179,6.327566947588766,5.5675953227016945,4.560196038592772,6.427777777777778
2019-07-01,30,centinela_sulfuros,LC,2,12.413,8.6,18.282735266600746,17.74902273038742,16.765711858592546,14.281333200825141,19.423169005639103,14.766666666666664
2019-07-01,30,cerro colorado,SM,1,3.933,5.1,6.108376267019881,6.200553453516141,5.952153828136941,6.121941001306193,5.784393960420776,5.650777777777778
2019-07-01,30,chuquicamata,LC,3,16.401,16.621,31.434616884921272,31.66544464185185,31.126751902034183,26.68217124788379,26.62739667869498,26.804444444444446
2019-07-01,30,collahuasi,LC,3,51.336,43.2,50.76520189636513,45.755584046633324,47.47773900271652,45.07641209590396,45.785079261596664,44.48755555555555
2019-07-01,30,el abra,SM,1,5.718,7.7,7.188654707542025,7.058957956080767,7.7051586583785365,6.589092970913938,5.8961437164910055,6.966222222222224
2019-07-01,30,el soldado,SM,0,2.894,5.218,4.713004848174821,4.145846609689679,4.560144753849123,4.320548818758656,4.2457229966245835,4.036833333333334
2019-07-01,30,el teniente,LC,3,34.199,42.6,38.545256793061604,38.147004048621035,38.53086049569032,38.41260007593144,37.70803829013499,38.26658333333333
2019-07-01,30,escondida,LC,3,81.0,110.9,90.1824740705816,92.56328961185255,94.14202845297862,97.55792338543266,93.63527435086024,89.64966666666668
2019-07-01,30,franke,SM,0,0.864,1.8,1.6721530726812126,1.6012501397637453,1.6589290650545734,1.6184620451789267,1.6341198760766116,1.6220277777777778
2019-07-01,30,gabriela mistral,SM,1,10.29,9.3,7.672400243955448,8.315731777603052,7.404898985153887,8.509847005118793,7.561823949215916,9.276749999999998
2019-07-01,30,lomas bayas,SM,1,6.004,6.3,6.509839864901559,6.435143094659511,6.733231198436232,6.666143737828486,6.637357743720874,6.443888888888889
2019-07-01,30,los bronces,LC,3,20.04,33.943,28.287055238632274,29.103010590484356,28.60514167332729,30.12249409774822,29.450184525425,28.066527777777775
2019-07-01,30,los pelambres,LC,3,18.115,35.2,32.27547228709141,30.588164290461,30.985196573609798,31.1453416819997,31.696684503442604,30.70708333333333
2019-07-01,30,mantos blancos,SM,0,3.453,3.926,3.5571381889156775,3.6903598647236246,3.5238028564743664,3.494368821871621,3.4451013679289515,3.6485000000000003
2019-07-01,30,mantoverde,SM,0,4.106,3.601,3.5618271894430915,3.5399370971499344,3.60528254581408,3.550088151945521,3.517544957129486,3.5477499999999997
2019-07-01,30,ministro hales,LC,2,11.635,15.6,17.122266487805494,17.276456586840325,17.457628640000102,13.523205295959182,14.256972286011676,16.418361111111114
2019-07-01,30,ojos del salado,SM,0,2.323,2.8,2.4447542694740996,2.168261297738336,2.3528564984780407,2.318148232842949,2.199199344628467,2.292777777777778
2019-07-01,30,otros,LC,2,11.546456999999998,10.832,12.330759862502436,12.555033985238014,12.528816648157534,12.0605326497346,11.574584701512583,11.375561138888889
2019-07-01,30,radomiro tomic,LC,3,20.479,28.301,24.030972631964545,23.575292118618627,23.91345657990572,26.37454998291345,22.60363129123837,26.121138888888893
2019-07-01,30,salvador,SM,0,1.607,4.0,6.578103589648308,6.978837236496469,4.1738534903413465,4.54236537653668,4.390602572618367,4.669388888888888
2019-07-01,30,sierra gorda,LC,2,14.5,7.9,9.516994787342778,8.948897994160562,9.378527420221513,9.168390460671736,9.26965965298425,8.582555555555555
2019-07-01,30,zaldivar,LC,2,8.261,8.0,8.928629748399132,8.605300371234872,8.692433363670894,8.492641512166932,8.531643056089822,8.462027777777775
2019-07-01,36,andacollo,SM,0,2.221,5.4,5.023516372079333,5.136426161121634,4.927083641178972,5.469442900838218,5.186258149837028,5.8388888888888895
2019-07-01,36,andina,LC,2,17.03,16.1,14.476459044587823,14.086266541646541,14.77061344843158,13.474065599987197,11.565984260285614,16.575888888888887
2019-07-01,36,antucoya,SM,1,6.861993,5.0,6.090566077432853,5.92050748262445,3.904480721492063,6.146844785680353,6.067488113441491,6.388888888888889
2019-07-01,36,atacama kozan,SM,0,1.2634086232,1.1,1.0427363171435176,1.1450165243297612,1.0490954339293954,1.0243082039621942,1.0224571497025603,0.9833333333333333
2019-07-01,36,candelaria,SM,1,10.720994127971508,7.4,9.93710781789555,10.008808024104981,9.28114845557751,9.304614563142714,9.763330844250218,10.427777777777777
2019-07-01,36,caserones,LC,2,4.999,11.0,11.954959637177037,11.810517258824392,12.017226174636992,12.740586190995272,12.930548363810562,11.126444444444443
2019-07-01,36,centinela_oxidos,SM,1,8.488439999999999,7.1,7.409970550531225,6.406265488164039,6.769337069185105,5.5675953227016945,4.492418213327789,6.427777777777778
2019-07-01,36,centinela_sulfuros,LC,2,12.22597924234586,8.6,17.470382783158698,17.76569404875887,16.604107427344115,14.281318927814205,19.47722283524863,14.766666666666664
2019-07-01,36,cerro colorado,SM,1,3.598,5.1,6.023221252495785,6.153091838421819,5.8904158525751225,6.121940992743954,5.875375472956468,5.650777777777778
2019-07-01,36,chuquicamata,LC,3,25.555,16.621,31.79966321916443,31.728702996606362,31.43084085798205,26.68217124788915,26.235453624737133,26.804444444444446
2019-07-01,36,collahuasi,LC,3,47.262,43.2,50.92776898487127,45.89723037511493,47.782488686356906,45.07641209590396,45.71078768939658,44.48755555555555
2019-07-01,36,el abra,SM,1,9.284,7.7,6.813165728624413,7.064348190598462,7.503321206231158,6.589092970913938,5.69669518497322,6.966222222222224
2019-07-01,36,el soldado,SM,0,2.57,5.218,4.750966255693324,4.152531708567093,4.629566295645656,4.32054881875866,4.245703384151804,4.036833333333334
2019-07-01,36,el teniente,LC,3,28.068,42.6,38.75991435363089,38.12455505120925,38.933728676369945,38.41260007593144,37.97901298655405,38.26658333333333
2019-07-01,36,escondida,LC,3,81.399,110.9,90.82351722831609,92.9928040709628,95.63756825284558,97.55792338543266,93.21020966752323,89.64966666666668
2019-07-01,36,franke,SM,0,0.760445,1.8,1.6757998472223647,1.5997697657794903,1.6641145044026031,1.6184620449752385,1.633993528933855,1.6220277777777778
2019-07-01,36,gabriela mistral,SM,1,9.132,9.3,7.693628263411544,8.316805884463255,7.4767249329473,8.509847005096441,7.9394561999873465,9.276749999999998
2019-07-01,36,lomas bayas,SM,1,6.064031,6.3,6.565205312584155,6.477477232792459,6.754277753024093,6.666143737828486,6.637343196482529,6.443888888888889
2019-07-01,36,los bronces,LC,3,16.49,33.943,28.46287286570596,29.13718719950475,28.912533703842996,30.12249409774822,29.366274856504784,28.066527777777775
2019-07-01,36,los pelambres,LC,3,23.391121186549768,35.2,32.45507690050677,30.661574058689663,31.345549313734303,31.1453416819997,32.099554844010875,30.70708333333333
2019-07-01,36,mantos blancos,SM,0,4.136,3.926,3.573754526329977,3.6860471547123836,3.482693650597954,3.494368821871621,3.5031300061483477,3.6485000000000003
2019-07-01,36,mantoverde,SM,0,4.103,3.601,3.606236551386141,3.5399370971499344,3.574866378915275,3.550088152130769,3.5212164727927964,3.5477499999999997
2019-07-01,36,ministro hales,LC,2,13.17,15.6,16.744094521233386,17.28865277922772,17.431889975588895,13.523205295959182,14.256819188203517,16.418361111111114
2019-07-01,36,ojos del salado,SM,0,1.858,2.8,2.485358332408866,2.164883412094166,2.3330064740933607,2.318148232842949,2.143719752678506,2.292777777777778
2019-07-01,36,otros,LC,2,10.002399353990002,10.832,12.321920997380515,12.571569765871407,12.70834880891871,12.0605326497346,11.574407456827622,11.375561138888889
2019-07-01,36,radomiro tomic,LC,3,25.265,28.301,23.984782926389634,23.621033853251593,23.799134870521844,26.374549983971434,22.610252240326897,26.121138888888893
2019-07-01,36,salvador,SM,0,1.423,4.0,6.314696678987271,6.942455781534073,3.363586153805642,4.542365376536689,4.410665614861298,4.669388888888888
2019-07-01,36,sierra gorda,LC,2,13.05851625126102,7.9,9.879427587240752,8.987900016659687,9.515997412896503,9.168390460671736,9.269224659770922,8.582555555555555
2019-07-01,36,zaldivar,LC,2,7.44,8.0,8.923666754968224,8.607705760408258,8.78269209636751,8.492641508541466,8.555871727717028,8.462027777777775
2019-07-01,42,andacollo,SM,0,3.161,5.4,5.0222253727924,5.136426161121634,4.945739023777379,5.469442900838218,5.165239599892719,5.8388888888888895
2019-07-01,42,andina,LC,2,15.112,16.1,16.09573387262284,14.133956391083059,15.470376789406801,13.474065599987197,11.697157257707667,16.575888888888887
2019-07-01,42,antucoya,SM,1,7.046,5.0,6.172037177963703,5.930982495608616,3.7346604359240976,6.146844785680355,6.067476641939898,6.388888888888889
2019-07-01,42,atacama kozan,SM,0,0.793,1.1,1.0470651678351894,1.1450165243297612,1.0794286566482094,1.0243082039621942,1.0224456342546528,0.9833333333333333
2019-07-01,42,candelaria,SM,1,11.93,7.4,9.527981882723697,10.00880802410498,9.187738338117187,9.304614563142714,9.761146947157956,10.427777777777777
2019-07-01,42,caserones,LC,2,11.351,11.0,11.97882530536103,11.799382472436573,12.124241688967983,12.74058619097686,13.126463660632304,11.126444444444443
2019-07-01,42,centinela_oxidos,SM,1,7.836679,7.1,7.609655436844383,6.471836138723191,7.337190301905663,5.5675953227016945,4.496033505931525,6.427777777777778
2019-07-01,42,centinela_sulfuros,LC,2,9.888067271067618,8.6,17.477926009523106,17.73968840540334,16.619061570906613,14.28131785788557,19.460972191465164,14.766666666666664
2019-07-01,42,cerro colorado,SM,1,3.581,5.1,6.023221252495785,6.163206466603244,5.832722034943968,6.121940992451921,5.835993899090908,5.650777777777778
2019-07-01,42,chuquicamata,LC,3,23.479,16.621,34.10986720416022,31.85481435445504,32.2626574499698,26.682171247889176,27.008360671951102,26.804444444444446
2019-07-01,42,collahuasi,LC,3,42.903,43.2,51.75449033655493,45.91922765864881,47.87556997982067,45.07641209590396,45.76209063266257,44.48755555555555
2019-07-01,42,el abra,SM,1,8.718,7.7,6.595455842420071,7.064348190598462,6.781814878756984,6.589092970913938,5.704122712238313,6.966222222222224
2019-07-01,42,el soldado,SM,0,4.074,5.218,4.9285222694650574,4.161200015104281,4.790949191183377,4.32054881875866,4.245713360565148,4.036833333333334
2019-07-01,42,el teniente,LC,3,32.758,42.6,39.411283446572824,38.09729027110207,38.767763284459924,38.41260007593144,37.74582839588014,38.26658333333333
2019-07-01,42,escondida,LC,3,93.319,110.9,91.31285452320978,92.97528811130175,96.32211282003507,97.55792338543266,92.93874110824129,89.64966666666668
2019-07-01,42,franke,SM,0,1.251,1.8,1.678169218170945,1.5997697657794903,1.5728317151212552,1.6184620449705283,1.6339853801546267,1.6220277777777778
2019-07-01,42,gabriela mistral,SM,1,7.517,9.3,7.802224373327788,8.316805884463257,7.338261794545314,8.509847005096269,7.618634827235217,9.276749999999998
2019-07-01,42,lomas bayas,SM,1,7.232,6.3,6.622133363985223,6.481632422745504,6.653399980094845,6.666143737828486,6.637305308598294,6.443888888888889
2019-07-01,42,los bronces,LC,3,16.369,33.943,28.504823779582033,29.167801520484772,28.91889534410117,30.12249409774822,29.43126636775832,28.066527777777775
2019-07-01,42,los pelambres,LC,3,17.369,35.2,32.56586897873207,30.676659840250867,31.411331362909614,31.1453416819997,31.830343348821426,30.70708333333333
2019-07-01,42,mantos blancos,SM,0,4.134,3.926,3.5556884033561276,3.6860471547123836,3.2473525790051196,3.494368821871621,3.451427610766303,3.6485000000000003
2019-07-01,42,mantoverde,SM,0,3.34,3.601,3.641522208126512,3.5399370971499344,3.5965523640029695,3.5500881521350114,3.5207928038470713,3.5477499999999997
2019-07-01,42,ministro hales,LC,2,10.731,15.6,18.082570275330056,17.39425082989417,17.8954913684514,13.523205295959182,14.256814841884202,16.418361111111114
2019-07-01,42,ojos del salado,SM,0,1.382,2.8,2.497921473504228,2.16636380467664,2.355107788336351,2.318148232842949,2.1471897311294317,2.292777777777778
2019-07-01,42,otros,LC,2,12.32280417175306,10.832,12.340547240167998,12.585948157396732,12.796452153686108,12.0605326497346,11.573536909895765,11.375561138888889
2019-07-01,42,radomiro tomic,LC,3,26.388,28.301,24.963506774174064,23.62480217503994,24.065305598954833,26.374549983986704,22.605350290484612,26.121138888888893
2019-07-01,42,salvador,SM,0,2.516,4.0,6.225268666009908,6.933735197060831,2.6678030392438457,4.542365376536689,4.407391113612496,4.669388888888888
2019-07-01,42,sierra gorda,LC,2,10.725,7.9,10.016885938350569,9.017353806898146,9.623134037162158,9.168390460671736,9.269310929539678,8.582555555555555
2019-07-01,42,zaldivar,LC,2,7.572,8.0,8.91992254008972,8.605239228351936,8.787358017112892,8.492641508463592,8.533618825623662,8.462027777777775
2019-07-01,48,andacollo,SM,0,3.937,5.4,5.017028579434046,5.136426161121634,4.822767964553401,5.469442900838218,5.180554707526384,5.8388888888888895
2019-07-01,48,andina,LC,2,14.043,16.1,16.25041712843534,14.133956391083059,15.502720581702587,13.474065599987197,11.147200204494677,16.575888888888887
2019-07-01,48,antucoya,SM,1,5.775,5.0,6.312601041393817,5.921519380591551,3.040555193549469,6.146844785680355,6.067476250353573,6.388888888888889
2019-07-01,48,atacama kozan,SM,0,1.11,1.1,1.0673866680340154,1.1461139151840047,1.0957454468918375,1.0243082039621942,1.022437832535092,0.9833333333333333
2019-07-01,48,candelaria,SM,1,10.868,7.4,9.159103398180234,10.008808024104981,9.034985198382232,9.304614563142714,9.761639888867059,10.427777777777777
2019-07-01,48,caserones,LC,2,10.542,11.0,12.080143530895594,11.826372936267195,12.145420043290171,12.74058619097658,13.116602954750503,11.126444444444443
2019-07-01,48,centinela_oxidos,SM,1,7.014,7.1,7.570088994573653,6.471836138723192,7.340835045606938,5.5675953227016945,4.480966558620146,6.427777777777778
2019-07-01,48,centinela_sulfuros,LC,2,14.484,8.6,18.124906492606623,17.773704248016703,16.820791153268967,14.281317777681942,19.491195698691918,14.766666666666664
2019-07-01,48,cerro colorado,SM,1,3.617,5.1,6.129035895062173,6.151634009029587,5.905405984674492,6.12194099244196,5.870872897625789,5.650777777777778
2019-07-01,48,chuquicamata,LC,3,19.611,16.621,33.96794493020444,31.86577521286421,32.2626574499698,26.682171247889176,26.69900521999374,26.804444444444446
2019-07-01,48,collahuasi,LC,3,50.014,43.2,51.548458396819186,45.91922765864881,47.70855768057026,45.07641209590396,45.722079617890884,44.48755555555555
2019-07-01,48,el abra,SM,1,8.024889,7.7,6.653106059408167,7.064348190598462,6.554623621228986,6.589092970913938,5.56816013061265,6.966222222222224
2019-07-01,48,el soldado,SM,0,5.044,5.218,4.993294879420901,4.157430623519256,5.131266133105846,4.32054881875866,4.245713042997228,4.036833333333334
2019-07-01,48,el teniente,LC,3,31.799,42.6,39.450475845411646,38.09729027110207,38.632523205449694,38.41260007593144,37.90959918930891,38.26658333333333
2019-07-01,48,escondida,LC,3,82.383,110.9,91.31285452320978,92.97528811130175,96.20703779968466,97.55792338543266,92.70489768524621,89.64966666666668
2019-07-01,48,franke,SM,0,0.951,1.8,1.6904990981822867,1.5963561791943797,1.5852216030233235,1.6184620449704192,1.6339700147833849,1.6220277777777778
2019-07-01,48,gabriela mistral,SM,1,8.658,9.3,7.789711847114177,8.303536094724786,7.160232868780455,8.509847005096269,7.835008653594646,9.276749999999998
2019-07-01,48,lomas bayas,SM,1,4.8,6.3,6.728550138855694,6.476935544244191,6.597155317707696,6.666143737828486,6.637302592163253,6.443888888888889
2019-07-01,48,los bronces,LC,3,16.377,33.943,28.762502175846066,29.167801520484772,28.955265544574196,30.12249409774822,29.462378197361993,28.066527777777775
2019-07-01,48,los pelambres,LC,3,27.769,35.2,32.646797744429826,30.676659840250867,31.411331362909614,31.1453416819997,32.09175782759342,30.70708333333333
2019-07-01,48,mantos blancos,SM,0,3.742,3.926,3.5263956824724607,3.6860471547123836,3.195360297867949,3.494368821871621,3.481232175475862,3.6485000000000003
2019-07-01,48,mantoverde,SM,0,3.03,3.601,3.526678524719255,3.5399370971499344,3.565624543386212,3.5500881521351086,3.518902928008616,3.5477499999999997
2019-07-01,48,ministro hales,LC,2,10.005,15.6,17.565687088198448,17.413387136491806,17.9353902559566,13.523205295959182,14.25681639314423,16.418361111111114
2019-07-01,48,ojos del salado,SM,0,1.368,2.8,2.488971962057737,2.161741220489652,2.353492683384154,2.318148232842949,2.1704667068004078,2.292777777777778
2019-07-01,48,otros,LC,2,8.587133571000003,10.832,12.481070674213598,12.589552112869434,12.807897092073318,12.0605326497346,11.573531483637911,11.375561138888889
2019-07-01,48,radomiro tomic,LC,3,31.341,28.301,25.070740482602314,23.624802175039942,24.065305598954833,26.374549983986928,22.60617979554446,26.121138888888893
2019-07-01,48,salvador,SM,0,1.012,4.0,6.089028359362972,6.933735197060829,1.9791973318191352,4.542365376536689,4.410655467356958,4.669388888888888
2019-07-01,48,sierra gorda,LC,2,9.977,7.9,10.011111248694208,9.010419367319436,9.631740775629552,9.168390460671736,9.26934195815464,8.582555555555555
2019-07-01,48,zaldivar,LC,2,6.595,8.0,8.914780244894903,8.631386375227855,8.795217155942531,8.492641508461919,8.525027068232623,8.462027777777775
2019-07-01,54,andacollo,SM,0,2.121,5.4,4.958091089564571,5.136426161121634,4.758359815888582,5.469442900838218,5.1739471369870245,5.8388888888888895
2019-07-01,54,andina,LC,2,15.595,16.1,16.25041712843534,14.125701875136564,15.125367495473016,13.474065599987197,11.2495599846195,16.575888888888887
2019-07-01,54,antucoya,SM,1,6.812,5.0,6.299976166583506,5.921519380591551,2.714456655258354,6.146844785680355,6.067476884113979,6.388888888888889
2019-07-01,54,atacama kozan,SM,0,1.077,1.1,1.0660247843127602,1.144868661129185,1.099888450139429,1.0243082039621942,1.022435947938841,0.9833333333333333
2019-07-01,54,candelaria,SM,1,10.264,7.4,8.976394583898536,10.00880802410498,9.039386305498388,9.304614563142714,9.761420251867424,10.427777777777777
2019-07-01,54,caserones,LC,2,12.849,11.0,12.669240187955221,11.90337327799015,12.246980394128522,12.740586190976577,13.250183561332037,11.126444444444443
2019-07-01,54,centinela_oxidos,SM,1,7.922,7.1,7.578610852420278,6.471836138723192,7.34441068220914,5.5675953227016945,4.481770234515689,6.427777777777778
2019-07-01,54,centinela_sulfuros,LC,2,6.318,8.6,19.107042441928947,17.872824956772355,17.425935109451483,14.281317771669745,19.48210935914626,14.766666666666664
2019-07-01,54,cerro colorado,SM,1,0.0,5.1,6.1486850684406305,6.151634009029587,6.183266675275268,6.121940992441622,5.855775436982585,5.650777777777778
2019-07-01,54,chuquicamata,LC,3,16.976,16.621,33.96794493020444,31.865775212864218,32.2626574499698,26.682171247889176,27.309050497047547,26.804444444444446
2019-07-01,54,collahuasi,LC,3,52.15,43.2,51.548458396819186,45.91922765864881,47.75343402337017,45.07641209590396,45.749709707819775,44.48755555555555
2019-07-01,54,el abra,SM,1,8.841,7.7,6.732089898503359,7.064348190598462,6.557816510911814,6.589092970913938,5.573223420747564,6.966222222222224
2019-07-01,54,el soldado,SM,0,4.915,5.218,5.030687634126825,4.157430623519256,5.045988314600689,4.32054881875866,4.24571320453741,4.036833333333334
2019-07-01,54,el teniente,LC,3,26.984,42.6,39.450475845411646,38.09729027110207,38.632523205449694,38.41260007593144,37.76866785537,38.26658333333333
2019-07-01,54,escondida,LC,3,97.522,110.9,91.69872915531876,93.04596028121897,96.20703779968466,97.55792338543266,92.5555530334166,89.64966666666668
2019-07-01,54,franke,SM,0,1.114,1.8,1.6801366281054309,1.5963561791943797,1.587407721221294,1.6184620449704168,1.633969023790888,1.6220277777777778
2019-07-01,54,gabriela mistral,SM,1,9.013,9.3,7.787611853863788,8.303536094724786,7.16372053613258,8.509847005096269,7.651186038183883,9.276749999999998
2019-07-01,54,lomas bayas,SM,1,6.55,6.3,6.599602577425468,6.469037196746999,6.600368888557321,6.666143737828486,6.6372955172825145,6.443888888888889
2019-07-01,54,los bronces,LC,3,14.981,33.943,29.08891179962911,29.187617263845695,29.064459504733847,30.12249409774822,29.438280797743747,28.066527777777775
2019-07-01,54,los pelambres,LC,3,28.087,35.2,32.63553151740439,30.69750065741489,31.440877977627533,31.1453416819997,31.917071891182438,30.70708333333333
2019-07-01,54,mantos blancos,SM,0,3.874,3.926,3.5390076928238137,3.6860471547123836,3.3940821750628123,3.494368821871621,3.45467688424017,3.6485000000000003
2019-07-01,54,mantoverde,SM,0,3.394,3.601,3.5247401322541974,3.5399370971499344,3.7964576964988335,3.5500881521351104,3.519121007346267,3.5477499999999997
2019-07-01,54,ministro hales,LC,2,3.779,15.6,17.565687088198448,17.41338713649181,17.521656703604794,13.523205295959182,14.256816437183211,16.418361111111114
2019-07-01,54,ojos del salado,SM,0,1.052,2.8,2.4804976350997374,2.161741220489652,2.351653974847567,2.318148232842949,2.1690108452639016,2.292777777777778
2019-07-01,54,otros,LC,2,12.176000000000002,10.832,13.041478275264241,12.578517868224353,12.859607175933267,12.0605326497346,11.57350483227668,11.375561138888889
2019-07-01,54,radomiro tomic,LC,3,26.353,28.301,25.070740482602314,23.624802175039942,24.065305598954833,26.374549983986928,22.605565655163215,26.121138888888893
2019-07-01,54,salvador,SM,0,0.0,4.0,6.046692304397359,6.93373519706083,1.8536298830142053,4.542365376536689,4.410122690209604,4.669388888888888
2019-07-01,54,sierra gorda,LC,2,9.09,7.9,10.034322300171624,9.013398901989808,9.690478862122525,9.168390460671736,9.269335804423145,8.582555555555555
2019-07-01,54,zaldivar,LC,2,6.298,8.0,9.25185378016262,8.65966815450694,8.879659362566132,8.492641508461883,8.532918162651072,8.462027777777775
2019-07-01,60,andacollo,SM,0,4.202,5.4,4.895567843551509,5.1364261611216335,4.578082606661026,5.469442900838218,5.178761724780922,5.8388888888888895
2019-07-01,60,andina,LC,2,15.292,16.1,16.23900570217676,14.125701875136564,15.125367495473016,13.474065599987197,10.820405477584401,16.575888888888887
2019-07-01,60,antucoya,SM,1,6.718,5.0,6.126573989813656,5.921519380591551,2.285591734574827,6.146844785680355,6.067476905747756,6.388888888888889
2019-07-01,60,atacama kozan,SM,0,1.208,1.1,1.0236428992960815,1.144868661129185,1.0668552608467816,1.0243082039621942,1.0224346711242909,0.9833333333333333
2019-07-01,60,candelaria,SM,1,12.249,7.4,8.89829343777615,10.008808024104981,8.693259829304482,9.304614563142714,9.761469827572418,10.427777777777777
2019-07-01,60,caserones,LC,2,9.504,11.0,12.669240187955221,11.90337327799015,12.246980394128522,12.740586190976577,13.243460252359323,11.126444444444443
2019-07-01,60,centinela_oxidos,SM,1,9.04,7.1,7.4352812163973505,6.471836138723192,7.06615684758012,5.5675953227016945,4.478420866834174,6.427777777777778
2019-07-01,60,centinela_sulfuros,LC,2,8.002,8.6,19.093625025986796,17.891801140355817,17.425935109451483,14.28131777121906,19.499008446504604,14.766666666666664
2019-07-01,60,cerro colorado,SM,1,0.0,5.1,5.987367312999126,6.151634009029587,6.604445810819703,6.12194099244161,5.869146774314079,5.650777777777778
2019-07-01,60,chuquicamata,LC,3,25.849,16.621,33.87454747865561,31.865775212864218,32.2626574499698,26.682171247889176,27.064880343498597,26.804444444444446
2019-07-01,60,collahuasi,LC,3,46.985,43.2,51.383841606062546,45.91922765864881,47.75343402337017,45.07641209590396,45.72816108183635,44.48755555555555
2019-07-01,60,el abra,SM,1,7.983,7.7,6.66954629687954,7.064348190598462,6.306711605966115,6.589092970913938,5.48053873933307,6.966222222222224
2019-07-01,60,el soldado,SM,0,3.715,5.218,4.87158337551127,4.157430623519256,4.85481367480011,4.32054881875866,4.2457131993952855,4.036833333333334
2019-07-01,60,el teniente,LC,3,26.477,42.6,39.29374632423674,38.09729027110207,38.632523205449694,38.41260007593144,37.8676471074357,38.26658333333333
2019-07-01,60,escondida,LC,3,106.47,110.9,91.17596584309165,93.04596028121897,96.20703779968466,97.55792338543266,92.42690732695903,89.64966666666668
2019-07-01,60,franke,SM,0,0.901,1.8,1.6440277665668965,1.5963561791943797,1.5397327709886115,1.6184620449704168,1.633967155160042,1.6220277777777778
2019-07-01,60,gabriela mistral,SM,1,9.931,9.3,7.700285973535851,8.303536094724786,6.889416169224973,8.509847005096269,7.775162824164894,9.276749999999998
2019-07-01,60,lomas bayas,SM,1,5.55,6.3,6.505910560979282,6.469037196746999,6.419003935670476,6.666143737828486,6.637295010037143,6.443888888888889
2019-07-01,60,los bronces,LC,3,12.965,33.943,29.051084907194596,29.187617263845695,29.064459504733847,30.12249409774822,29.426745226769103,28.066527777777775
2019-07-01,60,los pelambres,LC,3,26.73,35.2,32.53131198048485,30.69750065741489,31.440877977627533,31.1453416819997,32.0866985001188,30.70708333333333
2019-07-01,60,mantos blancos,SM,0,2.503,3.926,3.483185747991721,3.6860471547123836,3.4847857726128297,3.494368821871621,3.4699850511089307,3.6485000000000003
2019-07-01,60,mantoverde,SM,0,5.144,3.601,3.4428762406837032,3.5399370971499344,3.8845037733675984,3.5500881521351104,3.520093801966339,3.5477499999999997
2019-07-01,60,ministro hales,LC,2,3.745,15.6,17.591131173419488,17.41338713649181,17.521656703604794,13.523205295959182,14.256816421465105,16.418361111111114
2019-07-01,60,ojos del salado,SM,0,1.033,2.8,2.3976559186585416,2.161741220489652,2.2625581986883807,2.318148232842949,2.159244774942478,2.292777777777778
2019-07-01,60,otros,LC,2,8.933000000000002,10.832,13.041478275264241,12.578517868224353,12.859607175933267,12.0605326497346,11.573504666154495,11.375561138888889
2019-07-01,60,radomiro tomic,LC,3,22.813,28.301,25.001806572283964,23.624802175039942,24.065305598954833,26.374549983986928,22.605669579636146,26.121138888888893
2019-07-01,60,salvador,SM,0,0.0,4.0,6.035048809518627,6.933735197060829,1.3737252367327073,4.542365376536689,4.410653816309055,4.669388888888888
2019-07-01,60,sierra gorda,LC,2,11.409,7.9,10.027275962340525,9.007069352599224,9.670163410388932,9.168390460671736,9.269333591112874,8.582555555555555
2019-07-01,60,zaldivar,LC,2,6.377,8.0,9.25185378016262,8.668099046065443,8.879659362566132,8.492641508461883,8.535964883418888,8.462027777777775
2020-01-01,6,andacollo,SM,0,3.028,4.2,5.89106617887152,5.675744282234258,6.192048224790811,5.293171168951332,4.547143956749023,5.419999999999999
2020-01-01,6,andina,LC,2,14.282,16.746,15.157253975815497,15.10438586998463,15.110051707189697,15.51777845015881,14.31129283200989,16.171111111111113
2020-01-01,6,antucoya,SM,1,5.5,6.0,6.1974310297199935,6.052161182353383,5.375030556471696,6.277096859519817,6.240457038280306,6.2411111111111115
2020-01-01,6,atacama kozan,SM,0,1.62,1.0,1.1850802652487542,1.229693272978757,1.1860722614053316,1.0547331354856804,1.0575097048699427,0.9715833333333332
2020-01-01,6,candelaria,SM,1,10.129,7.8,9.17455642890781,8.990583547983885,9.866670664598859,9.396133022315716,9.825281685428477,10.062222222222223
2020-01-01,6,caserones,LC,2,9.481,11.887,11.345628291112131,11.301948094986916,11.0678820963711,12.07552485322472,12.105295324137229,11.206666666666667
2020-01-01,6,centinela_oxidos,SM,1,7.874,9.1,7.593703608431208,6.934185610348912,6.954909869300325,7.489476446729574,6.10350754602777,6.676583333333333
2020-01-01,6,centinela_sulfuros,LC,2,9.824,16.6,12.539280639986305,15.96927731167195,15.030885095394144,14.392116780264828,12.935043436468995,14.317166666666667
2020-01-01,6,cerro colorado,SM,1,5.22,3.007,6.2959471511789165,6.971846349459249,6.146786449603094,6.1306873709479675,5.858332641788283,5.730833333333333
2020-01-01,6,chuquicamata,LC,3,37.848,28.231,27.198857716807915,28.41798724196889,32.989306419247505,27.348158096412565,24.460894185199738,28.818083333333334
2020-01-01,6,collahuasi,LC,3,58.119,44.49,49.60618591566312,49.822091186110384,51.11829879035522,49.754048946382056,51.81690736678259,46.04936111111111
2020-01-01,6,el abra,SM,1,5.236,6.353,7.309030883643357,7.26322842490348,7.525763016199807,7.157218715596626,6.668586892139953,6.992830555555554
2020-01-01,6,el soldado,SM,0,2.856,4.322,4.409513785223126,4.256833421293259,4.184562282634342,4.515215881163712,4.363848097164072,4.102305555555556
2020-01-01,6,el teniente,LC,3,30.462,32.994,40.43337719736763,38.94667421257288,40.51505918918696,41.74698076271539,39.095474729168146,38.49530555555555
2020-01-01,6,escondida,LC,3,103.74,91.845,100.68794590812016,98.57292841137459,92.39319745490607,101.8780580307949,102.00937762157207,93.88219444444445
2020-01-01,6,franke,SM,0,1.243,1.793,1.5731566079502821,1.4519439468674822,1.4378595175009958,1.5897130888173647,1.578578755442277,1.614611111111111
2020-01-01,6,gabriela mistral,SM,1,8.177,6.053,8.733009078156986,8.323780926584023,8.848720131628047,9.592252787432109,10.123678749412809,9.328249999999997
2020-01-01,6,lomas bayas,SM,1,6.463,6.839,6.111805934351825,6.070308271983065,6.505275157534098,6.56192090927763,6.559160856341912,6.360805555555555
2020-01-01,6,los bronces,LC,3,27.661,30.232,28.27679405523067,27.10887467859111,27.27957109668102,22.501319055371308,21.48652245132824,28.132388888888894
2020-01-01,6,los pelambres,LC,3,27.137,30.455,31.41335964731087,30.182208263731546,31.37108987426834,31.177289408413564,31.69063397339298,30.67813888888889
2020-01-01,6,mantos blancos,SM,0,2.862,3.31,3.7293741518405015,3.778684827460395,3.930585469308849,3.802005452521758,3.9828686168885663,3.631138888888889
2020-01-01,6,mantoverde,SM,0,3.159,3.566,3.6998598736719743,3.6046545358210746,3.5214104517968075,3.5220694176941745,3.426162778248383,3.5293611111111116
2020-01-01,6,ministro hales,LC,2,9.861,6.951,16.349156110232055,15.290529755250075,16.65341308186134,13.589681507783283,13.788905166710332,15.36038888888889
2020-01-01,6,ojos del salado,SM,0,2.351,2.601,2.5112760122398594,2.3179773462130697,2.634561995953708,2.618428730262797,2.313451196245968,2.3830833333333334
2020-01-01,6,otros,LC,2,12.753,13.72075,11.85731913677094,11.583464127382125,11.591189458073613,11.645689146173837,11.953139536849694,11.453571138888892
2020-01-01,6,radomiro tomic,LC,3,19.38,22.082,24.212511606563062,25.209445083121597,23.505766096266655,22.97132162257197,21.965839558234354,25.337666666666664
2020-01-01,6,salvador,SM,0,4.597,4.176,5.761466527462345,5.979276780255258,4.632663412289503,4.620790365880135,4.40940940434657,4.761111111111111
2020-01-01,6,sierra gorda,LC,2,12.36,9.557,9.507021122481074,9.872359783840956,9.692266091672254,10.19423169912089,9.89994455315634,8.904027777777777
2020-01-01,6,zaldivar,LC,2,7.871,8.302,9.773959273690053,9.306851613798791,9.349429564361415,9.147627833047832,10.399822027123749,8.755055555555556
2020-01-01,9,andacollo,SM,0,4.473,4.2,5.83861665987258,5.675744282234258,6.120510905412697,5.293168776922045,5.037794174391582,5.419999999999999
2020-01-01,9,andina,LC,2,11.466,16.746,15.040683849546154,15.097322440823667,15.110051707189697,15.51775258202053,14.113633814884048,16.171111111111113
2020-01-01,9,antucoya,SM,1,6.802,6.0,6.177866439073959,6.048839524731257,5.2893601846892,6.2769338874608716,6.311135071287905,6.2411111111111115
2020-01-01,9,atacama kozan,SM,0,1.051,1.0,1.1701206929932595,1.229693272978757,1.1454111735627075,1.0547331189469904,1.0406728605554396,0.9715833333333332
2020-01-01,9,candelaria,SM,1,4.465,7.8,9.157009248060753,8.994709476884069,9.776314091400767,9.39613302244782,9.572880285111552,10.062222222222223
2020-01-01,9,caserones,LC,2,11.726,11.887,11.110354043873102,11.301948094986916,11.054379123257732,12.080100894534343,13.036253191430534,11.206666666666667
2020-01-01,9,centinela_oxidos,SM,1,7.572,9.1,7.54523457150062,6.934185610348912,6.844058051690338,7.4894773002114245,6.819892057517411,6.676583333333333
2020-01-01,9,centinela_sulfuros,LC,2,15.832,16.6,12.463188617461048,15.96927731167195,15.030885095394144,14.289459898348394,16.83683095302892,14.317166666666667
2020-01-01,9,cerro colorado,SM,1,5.448,3.007,6.228193816844765,6.971846349459249,6.352344949306544,6.086347431859508,5.771701946225017,5.730833333333333
2020-01-01,9,chuquicamata,LC,3,38.789,28.231,26.569803430625857,29.278563737168543,34.03962583786373,27.36929711627211,33.32639391186533,28.818083333333334
2020-01-01,9,collahuasi,LC,3,42.228,44.49,49.69679438957128,49.83208095037308,51.11829879035522,49.74936008669947,53.34939575230118,46.04936111111111
2020-01-01,9,el abra,SM,1,5.749,6.353,7.266861842090919,7.26322842490348,7.519518368047039,7.157218716848116,6.361737515092391,6.992830555555554
2020-01-01,9,el soldado,SM,0,4.457,4.322,4.41940757667059,4.250319907441558,4.1606838578213114,4.515984098145619,4.358103604670005,4.102305555555556
2020-01-01,9,el teniente,LC,3,42.38,32.994,39.44543139375887,39.12261410303727,40.51505918918696,41.75899940923449,39.21641973900234,38.49530555555555
2020-01-01,9,escondida,LC,3,99.887,91.845,99.50341200002144,98.57292841137459,92.39319745490607,101.87915534121291,96.48347063945495,93.88219444444445
2020-01-01,9,franke,SM,0,1.045,1.793,1.539150853031529,1.4500808080396654,1.4212477585974468,1.5966561327569357,1.5898988162085388,1.614611111111111
2020-01-01,9,gabriela mistral,SM,1,9.503,6.053,8.763116569314727,8.318301505218813,8.686183516984114,9.59236982618421,10.949135051275107,9.328249999999997
2020-01-01,9,lomas bayas,SM,1,6.002,6.839,6.092224772811707,6.070308271983065,6.401589960222523,6.561921048014607,6.544185160454549,6.360805555555555
2020-01-01,9,los bronces,LC,3,31.067,30.232,27.626703015995353,27.15361569361324,27.27957109668102,22.501331236707905,20.991566138969976,28.132388888888894
2020-01-01,9,los pelambres,LC,3,29.904,30.455,31.022088792027134,30.165342947724618,31.37108987426834,31.177298932975276,30.10243623558847,30.67813888888889
2020-01-01,9,mantos blancos,SM,0,4.129,3.31,3.709222296764612,3.772902943715131,3.898153089427939,3.8020068053254388,4.001864910813079,3.631138888888889
2020-01-01,9,mantoverde,SM,0,3.062,3.566,3.6798530488445977,3.6046545358210746,3.471818087473751,3.526138190328503,3.4282728306865224,3.5293611111111116
2020-01-01,9,ministro hales,LC,2,18.275,6.951,16.160920756096928,15.711005424938824,16.72674435780534,13.589675626947148,13.525158167605007,15.36038888888889
2020-01-01,9,ojos del salado,SM,0,1.683,2.601,2.503616441313845,2.31797734621307,2.604124646934636,2.618441861887843,2.56772495474602,2.3830833333333334
2020-01-01,9,otros,LC,2,11.164,13.72075,11.841998543377303,11.605316600814497,11.59084989123668,11.645690247645268,11.527849612963314,11.453571138888892
2020-01-01,9,radomiro tomic,LC,3,24.698,22.082,23.807492209493795,25.30538329295002,23.533789483606718,22.983623586277886,21.370512676483166,25.337666666666664
2020-01-01,9,salvador,SM,0,4.874,4.176,5.7679488712962215,5.986038176672248,5.471428084259089,4.6220594924145,7.106148587586553,4.761111111111111
2020-01-01,9,sierra gorda,LC,2,12.378,9.557,9.503104836058144,9.872359783840956,9.69914335338759,10.194230000998937,9.889062322958374,8.904027777777777
2020-01-01,9,zaldivar,LC,2,7.264,8.302,9.718943213463131,9.306851613798791,9.338023336427893,9.119405121517566,10.481288809316348,8.755055555555556
2020-01-01,12,andacollo,SM,0,4.445,4.2,5.851681158690683,5.675744282234258,6.235276447984809,5.29316877326835,5.462666668259004,5.419999999999999
2020-01-01,12,andina,LC,2,13.639,16.746,15.006825466829898,15.097322440823667,15.110051707189697,15.51775279793071,14.898346111737581,16.171111111111113
2020-01-01,12,antucoya,SM,1,6.812,6.0,6.163187224669874,6.057985818932736,5.270889446198154,6.27693092715539,6.223130785101694,6.2411111111111115
2020-01-01,12,atacama kozan,SM,0,1.013,1.0,1.1612459928816976,1.229693272978757,1.119316495909111,1.0547331189530722,1.0458931113421293,0.9715833333333332
2020-01-01,12,candelaria,SM,1,9.0,7.8,8.79003352433373,8.883160453069545,9.610123803308433,9.396133022447819,9.370371015782881,10.062222222222223
2020-01-01,12,caserones,LC,2,8.761,11.887,11.036011783529707,11.303500626790141,11.06632057961498,12.080578175318168,12.599686907342795,11.206666666666667
2020-01-01,12,centinela_oxidos,SM,1,7.833,9.1,7.313382393285212,6.899077243223788,6.736377028377996,7.4894772958473315,6.739094576155217,6.676583333333333
2020-01-01,12,centinela_sulfuros,LC,2,16.0,16.6,13.067687675227829,16.018204528852003,15.030885095394144,14.267511509128758,15.18485335643067,14.317166666666667
2020-01-01,12,cerro colorado,SM,1,4.491,3.007,6.240814676700862,6.971846349459249,6.300689775819527,6.077949937022001,5.839515012104741,5.730833333333333
2020-01-01,12,chuquicamata,LC,3,29.088,28.231,26.036728870626366,28.057170405938557,33.5974168729355,27.370216629952544,21.140037777211077,28.818083333333334
2020-01-01,12,collahuasi,LC,3,57.029,44.49,49.689643614657,49.91731787510276,51.41087604501767,49.749192191550755,53.52042579171819,46.04936111111111
2020-01-01,12,el abra,SM,1,6.746,6.353,7.06835882016974,7.213895736445986,7.370123975419199,7.157218716847998,6.585990862290189,6.992830555555554
2020-01-01,12,el soldado,SM,0,3.724,4.322,4.239903888238135,4.258198728555591,4.075096453402371,4.5160122694073594,4.336928527968533,4.102305555555556
2020-01-01,12,el teniente,LC,3,39.124,32.994,39.24537437342499,39.14870114784534,40.47904993591398,41.75855229107161,37.577988118089955,38.49530555555555
2020-01-01,12,escondida,LC,3,84.669,91.845,99.68084030645387,98.72335560830847,92.39319745490607,101.87919360162891,100.08296367150264,93.88219444444445
2020-01-01,12,franke,SM,0,1.088,1.793,1.5085266087685625,1.4508630993544618,1.401659327930673,1.5975344771922897,1.5827746610364692,1.614611111111111
2020-01-01,12,gabriela mistral,SM,1,6.399,6.053,8.37013360499772,8.257986974344954,8.590922340832025,9.592368281746337,9.18846269942077,9.328249999999997
2020-01-01,12,lomas bayas,SM,1,5.4,6.839,6.057801048016186,6.073898992457421,6.291063048823651,6.561921048509981,6.556263341050025,6.360805555555555
2020-01-01,12,los bronces,LC,3,24.529,30.232,27.543585597223984,27.23873226300057,27.224887866069015,22.501331204012335,19.81466143031167,28.132388888888894
2020-01-01,12,los pelambres,LC,3,28.8,30.455,30.871120729435333,30.165342947724618,31.42195697518422,31.177298957821456,30.714247661648294,30.67813888888889
2020-01-01,12,mantos blancos,SM,0,3.705,3.31,3.5913013591477516,3.7563498669511253,3.8237088738521408,3.802006808488654,3.835556314599356,3.631138888888889
2020-01-01,12,mantoverde,SM,0,3.144,3.566,3.6093478993052,3.6017494662536524,3.414127376569624,3.5267260582510533,3.3925880154096615,3.5293611111111116
2020-01-01,12,ministro hales,LC,2,17.82,6.951,16.039832617675916,15.923925000229598,16.758176348934136,13.589675643443114,13.872824602767484,15.36038888888889
2020-01-01,12,ojos del salado,SM,0,2.335,2.601,2.5171122297209645,2.31797734621307,2.6092330342945123,2.6184416405169233,2.4171581534589857,2.3830833333333334
2020-01-01,12,otros,LC,2,9.332877,13.72075,11.69629763034449,11.585342193728785,11.573522057242677,11.64569024834326,10.71848772861881,11.453571138888892
2020-01-01,12,radomiro tomic,LC,3,22.516,22.082,23.52332672831115,25.27910944237303,23.533789483606718,22.98442718573888,21.154890337373438,25.337666666666664
2020-01-01,12,salvador,SM,0,4.462,4.176,5.69442366510275,6.037135235839557,5.367772107187696,4.622089785036937,3.033728403290717,4.761111111111111
2020-01-01,12,sierra gorda,LC,2,11.565,9.557,9.454401419316188,9.90551003379877,9.750407841850661,10.194229997929751,10.03264185639544,8.904027777777777
2020-01-01,12,zaldivar,LC,2,7.298,8.302,9.55603056440935,9.306444080318556,9.328783653715403,9.113596401333512,10.44316124214022,8.755055555555556
2020-01-01,18,andacollo,SM,0,3.84,4.2,5.776055909177011,5.63707804235744,6.200700014499008,5.293168773262761,4.843487470018411,5.419999999999999
2020-01-01,18,andina,LC,2,19.517,16.746,15.044429679429872,15.097322440823667,15.142621597371463,15.517752796143643,14.00581380029114,16.171111111111113
2020-01-01,18,antucoya,SM,1,5.202,6.0,6.068066554637516,6.0187177145456925,5.1995658983393565,6.27693087240618,6.236918828872901,6.2411111111111115
2020-01-01,18,atacama kozan,SM,0,1.125,1.0,1.1566459916322052,1.2316777377982542,1.1097306678661216,1.05473311895307,1.0535043482300737,0.9715833333333332
2020-01-01,18,candelaria,SM,1,9.268,7.8,8.98396898003529,8.87214439476614,9.762391329497262,9.396133022447819,9.617335475570648,10.062222222222223
2020-01-01,18,caserones,LC,2,10.492,11.887,11.2733019372374,11.310870349038312,11.09305408745266,12.080633147757213,12.492587044291724,11.206666666666667
2020-01-01,18,centinela_oxidos,SM,1,7.725,9.1,7.300767780690415,6.856653824872599,6.7597844731598595,7.489477295869533,6.310028873788674,6.676583333333333
2020-01-01,18,centinela_sulfuros,LC,2,14.8,16.6,14.865229080992803,16.0459238790596,15.479007863626197,14.261815566807208,16.747560012492126,14.317166666666667
2020-01-01,18,cerro colorado,SM,1,4.555,3.007,6.2763766637966265,6.940027680608986,6.06334687709879,6.0760583413965925,5.809738789921666,5.730833333333333
2020-01-01,18,chuquicamata,LC,3,13.678,28.231,26.250658149267505,27.40263990157524,33.67554140166061,27.370258367154758,25.249648292779263,28.818083333333334
2020-01-01,18,collahuasi,LC,3,54.03,44.49,50.1117448071192,50.15909940113787,51.37087342057589,49.749185964419745,53.00555752710843,46.04936111111111
2020-01-01,18,el abra,SM,1,5.504,6.353,7.35471712192311,7.210317942145048,7.545088145537457,7.157218716847998,6.261743173779548,6.992830555555554
2020-01-01,18,el soldado,SM,0,4.427,4.322,4.364283019679183,4.254299246302344,4.205847746011688,4.516013340358435,4.42914667532116,4.102305555555556
2020-01-01,18,el teniente,LC,3,41.2,32.994,40.68499442552459,39.35180791646543,40.76995131342827,41.75856830597133,38.895328291600435,38.49530555555555
2020-01-01,18,escondida,LC,3,86.258,91.845,101.47802445289848,98.83136284034339,91.8840723454599,101.87919498218673,98.42198837035902,93.88219444444445
2020-01-01,18,franke,SM,0,0.887,1.793,1.5704855123108423,1.4884646176866945,1.5079375210394363,1.5976596510775636,1.596782940275528,1.614611111111111
2020-01-01,18,gabriela mistral,SM,1,10.068,6.053,8.456460036825852,8.223810557644358,8.504122108782477,9.592368301857729,10.265552853271078,9.328249999999997
2020-01-01,18,lomas bayas,SM,1,5.5,6.839,6.1122903075989585,6.021019636063138,6.169391585151281,6.561921048511756,6.556377280171633,6.360805555555555
2020-01-01,18,los bronces,LC,3,26.301,30.232,27.753450217310267,27.386255514698533,27.325193809887477,22.50133120409986,20.285961238399643,28.132388888888894
2020-01-01,18,los pelambres,LC,3,27.911,30.455,31.77084405739557,30.210764260286215,31.537392012748175,31.17729895788644,31.581124089418143,30.67813888888889
2020-01-01,18,mantos blancos,SM,0,4.27,3.31,3.7354387482181193,3.7603866465024947,3.8159250779498755,3.802006808496068,4.024888150301229,3.631138888888889
2020-01-01,18,mantoverde,SM,0,4.3,3.566,3.690406519215493,3.6036171924175227,3.4267341770373045,3.526823267010103,3.391779538064292,3.5293611111111116
2020-01-01,18,ministro hales,LC,2,16.5,6.951,16.910836938335045,16.130059589204777,16.92361307208559,13.589675643396971,13.811618373253348,15.36038888888889
2020-01-01,18,ojos del salado,SM,0,2.121,2.601,2.5666555113924456,2.3187572835336008,2.634146222401295,2.61844164418585,2.562104093345104,2.3830833333333334
2020-01-01,18,otros,LC,2,10.465720999999998,13.72075,11.751346432265558,11.627402700496656,11.581695010429678,11.645690248343705,11.517141072912988,11.453571138888892
2020-01-01,18,radomiro tomic,LC,3,23.227,22.082,23.682573913107234,25.42615282056997,23.670497450130934,22.984483108174572,21.507886385230968,25.337666666666664
2020-01-01,18,salvador,SM,0,3.862,4.176,6.070563848349594,6.165340748698256,6.1589882299048995,4.622090525346161,4.465730692232919,4.761111111111111
2020-01-01,18,sierra gorda,LC,2,17.394,9.557,9.515049163081272,9.90840478541312,9.762196578039756,10.194229997924193,9.975368094983983,8.904027777777777
2020-01-01,18,zaldivar,LC,2,6.879,8.302,9.622937855776563,9.319005467187012,9.331003068678468,9.11215480503211,10.443971609488385,8.755055555555556
2020-01-01,24,andacollo,SM,0,3.061,4.2,5.713908274484082,5.633039704369152,5.953572897195612,5.293168773262761,5.130436962953843,5.419999999999999
2020-01-01,24,andina,LC,2,18.84,16.746,14.832362281147866,15.081255969208755,15.146214762221222,15.51775279614352,14.438703625006175,16.171111111111113
2020-01-01,24,antucoya,SM,1,6.486,6.0,6.090607957559679,6.02540355091098,5.248856891079914,6.2769308723881165,6.238854352734271,6.2411111111111115
2020-01-01,24,atacama kozan,SM,0,0.886,1.0,1.1152820185886962,1.2321947038039212,1.1068363631365186,1.05473311895307,1.0506714882608799,0.9715833333333332
2020-01-01,24,candelaria,SM,1,12.325,7.8,8.68428351651674,8.802861619379042,9.420205567774316,9.396133022447819,9.569710183683824,10.062222222222223
2020-01-01,24,caserones,LC,2,12.422,11.887,11.321324163890312,11.314829332004187,11.18398830083143,12.080633745773529,12.822961195646627,11.206666666666667
2020-01-01,24,centinela_oxidos,SM,1,7.583,9.1,7.297359753438456,6.838457160275912,6.902516298405172,7.489477295869534,6.510028326000525,6.676583333333333
2020-01-01,24,centinela_sulfuros,LC,2,12.413,16.6,15.141573309798032,16.046119221892198,15.660410611037914,14.26155519452412,15.259811096560052,14.317166666666667
2020-01-01,24,cerro colorado,SM,1,3.933,3.007,6.307671334835183,6.929535127316825,5.983642241956759,6.0759904933095,5.820167688290356,5.730833333333333
2020-01-01,24,chuquicamata,LC,3,16.401,28.231,25.75038433843618,27.139345268153907,33.782337859076684,27.37025844612619,22.105886019535316,28.818083333333334
2020-01-01,24,collahuasi,LC,3,51.336,44.49,51.05297096102719,50.451085279235045,51.56391254624651,49.749185956435575,54.06979561956371,46.04936111111111
2020-01-01,24,el abra,SM,1,5.718,6.353,7.320962133543982,7.178771903903792,7.493537437194323,7.157218716847998,6.204012410753465,6.992830555555554
2020-01-01,24,el soldado,SM,0,2.894,4.322,4.289692007223591,4.252541055482079,4.23685127342072,4.516013341798608,4.429836186117498,4.102305555555556
2020-01-01,24,el teniente,LC,3,34.199,32.994,40.07167706725972,39.324783304148596,40.878159031479825,41.75856832813583,38.053762249583436,38.49530555555555
2020-01-01,24,escondida,LC,3,81.0,91.845,101.15195093792309,98.5186467845833,92.24083194346662,101.87919498386513,97.3752969866592,93.88219444444445
2020-01-01,24,franke,SM,0,0.864,1.793,1.5596506212425456,1.4902674456486427,1.5121994892561046,1.5976616543665962,1.596296829447825,1.614611111111111
2020-01-01,24,gabriela mistral,SM,1,10.29,6.053,8.270939942545029,8.174671680068007,8.581551625202309,9.592368301861232,9.387591361806265,9.328249999999997
2020-01-01,24,lomas bayas,SM,1,6.004,6.839,6.125027922266117,6.016388748232028,6.207081334417488,6.561921048511756,6.555830356847343,6.360805555555555
2020-01-01,24,los bronces,LC,3,20.04,30.232,27.576333180165065,27.325878474935173,27.28438932797512,22.50133120409986,20.803842057618162,28.132388888888894
2020-01-01,24,los pelambres,LC,3,18.115,30.455,31.779755223401516,30.257517952250318,31.564821040271397,31.17729895788644,30.945960218616182,30.67813888888889
2020-01-01,24,mantos blancos,SM,0,3.453,3.31,3.6221095671028483,3.760877700204496,3.7777839745294193,3.802006808496068,3.943342903583932,3.631138888888889
2020-01-01,24,mantoverde,SM,0,4.106,3.566,3.5828485771526903,3.5977602820315857,3.39181612028036,3.526825296271911,3.4087556252309588,3.5293611111111116
2020-01-01,24,ministro hales,LC,2,11.635,6.951,16.754396872400136,16.289948551752907,16.919287451588406,13.589675643396971,13.811231742026019,15.36038888888889
2020-01-01,24,ojos del salado,SM,0,2.323,2.601,2.5676298165823086,2.325268382249276,2.6236227348158767,2.6184416441868925,2.518039170256164,2.3830833333333334
2020-01-01,24,otros,LC,2,11.546456999999998,13.72075,11.677971506129694,11.612519741291912,11.579027565127742,11.645690248343705,11.40370082708111,11.453571138888892
2020-01-01,24,radomiro tomic,LC,3,20.479,22.082,23.24803967778039,25.557544632313455,23.688329467991156,22.984483346799863,21.40451490567044,25.337666666666664
2020-01-01,24,salvador,SM,0,1.607,4.176,6.017709597200352,6.166715096719159,6.238827380521987,4.622090525767932,4.070772258906353,4.761111111111111
2020-01-01,24,sierra gorda,LC,2,14.5,9.557,9.507346298252033,9.926383842465725,9.926656947019216,10.194229997924193,9.965657935878989,8.904027777777777
2020-01-01,24,zaldivar,LC,2,8.261,8.302,9.702555680805808,9.325378143693689,9.379819172181767,9.11209373795995,10.430455335404226,8.755055555555556
2020-01-01,30,andacollo,SM,0,2.221,4.2,5.538846592681389,5.615259472511285,5.921626183800188,5.293168773262761,4.936369430269639,5.419999999999999
2020-01-01,30,andina,LC,2,17.03,16.746,14.699218134727055,15.081255969208756,15.087147056829249,15.51775279614352,13.780555419231879,16.171111111111113
2020-01-01,30,antucoya,SM,1,6.861993,6.0,6.152450914419012,6.0089658635079655,5.330224237426206,6.276930872388111,6.2373117120710155,6.2411111111111115
2020-01-01,30,atacama kozan,SM,0,1.2634086232,1.0,1.1788070040079817,1.2341050336129316,1.1464468835071702,1.05473311895307,1.052527589860924,0.9715833333333332
2020-01-01,30,candelaria,SM,1,10.720994127971508,7.8,8.924430009816572,8.795345606562474,9.353751458672305,9.396133022447819,9.595565269677364,10.062222222222223
2020-01-01,30,caserones,LC,2,4.999,11.887,11.572831915642386,11.314829332004187,11.309765119109041,12.080633752279034,12.751225856052669,11.206666666666667
2020-01-01,30,centinela_oxidos,SM,1,8.488439999999999,9.1,7.4717006748378205,6.820354658287819,7.093173509513919,7.489477295869534,6.375014561987969,6.676583333333333
2020-01-01,30,centinela_sulfuros,LC,2,12.22597924234586,16.6,15.387254522473444,16.08812536456151,15.608352947691511,14.261543292415222,14.233183306929368,14.317166666666667
2020-01-01,30,cerro colorado,SM,1,3.598,3.007,6.277433888729538,6.889442644624452,5.916606849571807,6.075988059722288,5.808475760522136,5.730833333333333
2020-01-01,30,chuquicamata,LC,3,25.555,28.231,25.840209203672348,27.883255196184706,33.95631702761754,27.370258446275614,25.946869511265746,28.818083333333334
2020-01-01,30,collahuasi,LC,3,47.262,44.49,53.00970981249775,50.84867533075258,52.59791613237977,49.749185956425336,53.748142509352846,46.04936111111111
2020-01-01,30,el abra,SM,1,9.284,6.353,7.425308728449034,7.188019619160543,7.405526263674048,7.157218716847998,5.977386686175651,6.992830555555554
2020-01-01,30,el soldado,SM,0,2.57,4.322,4.391071315586784,4.267004661566465,4.36989858528137,4.516013341800544,4.428755063997628,4.102305555555556
2020-01-01,30,el teniente,LC,3,28.068,32.994,40.92131960736594,39.55690338236372,41.32134445711129,41.758568328166504,38.78432063584589,38.49530555555555
2020-01-01,30,escondida,LC,3,81.399,91.845,101.82923348334181,99.00627201527817,98.29234476772237,101.87919498386717,96.47282817674648,93.88219444444445
2020-01-01,30,franke,SM,0,0.760445,1.793,1.6651038760976178,1.5103973929303967,1.5380318274781837,1.5976616864273328,1.597235843164299,1.614611111111111
2020-01-01,30,gabriela mistral,SM,1,9.132,6.053,8.372500592215788,8.096666297183342,8.54454025368425,9.592368301861232,10.39874084522896,9.328249999999997
2020-01-01,30,lomas bayas,SM,1,6.064031,6.839,6.287252431565682,6.005047680268128,6.310365788274785,6.561921048511756,6.555851860276564,6.360805555555555
2020-01-01,30,los bronces,LC,3,16.49,30.232,27.990693319765573,27.454232283188656,27.626714083265735,22.50133120409986,20.65795707572126,28.132388888888894
2020-01-01,30,los pelambres,LC,3,23.391121186549768,30.455,32.083115304182094,30.268852494248826,31.687241879738806,31.17729895788644,31.50988515359955,30.67813888888889
2020-01-01,30,mantos blancos,SM,0,4.136,3.31,3.7870854208115854,3.763315753091886,3.7690797899417947,3.802006808496068,4.0475897982626865,3.631138888888889
2020-01-01,30,mantoverde,SM,0,4.103,3.566,3.735635604163513,3.591687502835612,3.4225961362795836,3.526825338633356,3.4091644076704584,3.5293611111111116
2020-01-01,30,ministro hales,LC,2,13.17,6.951,16.970597512794395,16.344901574530347,17.01945441803869,13.589675643396971,13.811510436336876,15.36038888888889
2020-01-01,30,ojos del salado,SM,0,1.858,2.601,2.599114135686854,2.325157866619127,2.6263026738394855,2.618441644186893,2.456425063642785,2.3830833333333334
2020-01-01,30,otros,LC,2,10.002399353990002,13.72075,11.62769952066602,11.665974439765469,11.539089872831433,11.645690248343705,11.47708164073931,11.453571138888892
2020-01-01,30,radomiro tomic,LC,3,25.265,22.082,23.376926869140387,25.694839030284506,23.62682616212572,22.984483347818095,21.449565927545123,25.337666666666664
2020-01-01,30,salvador,SM,0,1.423,4.176,6.153450577744035,6.155499626936343,6.340226332096419,4.622090525768172,4.4854264105116215,4.761111111111111
2020-01-01,30,sierra gorda,LC,2,13.05851625126102,9.557,9.785310385912556,9.952409070093896,9.98185186309402,10.194229997924193,9.96984895778515,8.904027777777777
2020-01-01,30,zaldivar,LC,2,7.44,8.302,10.067882640925568,9.33384252232252,9.406610985691781,9.112091151114177,10.430202604772543,8.755055555555556
2020-01-01,36,andacollo,SM,0,3.161,4.2,5.51322370537996,5.606796179550323,5.7934266352937085,5.293168773262761,5.026307174071644,5.419999999999999
2020-01-01,36,andina,LC,2,15.112,16.746,14.50945470223807,15.081255969208756,15.058323368644032,15.51775279614352,14.099765892377045,16.171111111111113
2020-01-01,36,antucoya,SM,1,7.046,6.0,6.211421663503572,6.016068977528909,5.421035311838869,6.276930872388111,6.237095160869564,6.2411111111111115
2020-01-01,36,atacama kozan,SM,0,0.793,1.0,1.177926527276592,1.2341050336129316,1.116390997651354,1.05473311895307,1.0518367591853153,0.9715833333333332
2020-01-01,36,candelaria,SM,1,11.93,7.8,8.508162660352294,8.795345606562474,9.13849923845502,9.396133022447819,9.590579305226207,10.062222222222223
2020-01-01,36,caserones,LC,2,11.351,11.887,11.843554685468737,11.324540673119895,11.614151631510433,12.080633752349806,12.972505908385358,11.206666666666667
2020-01-01,36,centinela_oxidos,SM,1,7.836679,9.1,7.632230586010686,6.825720210969983,7.3054332820431,7.489477295869534,6.437948230868374,6.676583333333333
2020-01-01,36,centinela_sulfuros,LC,2,9.888067271067618,16.6,15.896180353085006,16.24806141032703,15.767423174159429,14.261542748347344,15.210488731908088,14.317166666666667
2020-01-01,36,cerro colorado,SM,1,3.581,3.007,6.300087899877907,6.88399534154639,5.871972892945223,6.075987972433952,5.8127520305141305,5.730833333333333
2020-01-01,36,chuquicamata,LC,3,23.479,28.231,25.923504538859987,27.751197505626312,34.18927420847871,27.370258446275894,23.008302963142775,28.818083333333334
2020-01-01,36,collahuasi,LC,3,42.903,44.49,52.61833419901575,51.18339578572239,53.99200776603991,49.74918595642533,54.41300285514216,46.04936111111111
2020-01-01,36,el abra,SM,1,8.718,6.353,7.161320505598953,7.194523782799329,7.272866109033243,7.157218716847998,5.937037050814619,6.992830555555554
2020-01-01,36,el soldado,SM,0,4.074,4.322,4.2948453394557005,4.27091531322072,4.346458958187643,4.516013341800547,4.428746975281209,4.102305555555556
2020-01-01,36,el teniente,LC,3,32.758,32.994,41.52322292664618,39.39468564892207,41.937263185527314,41.75856832816655,38.31761268749602,38.49530555555555
2020-01-01,36,escondida,LC,3,93.319,91.845,104.36007502628881,99.96678352060061,99.80336776230901,101.87919498386717,95.90412235267848,93.88219444444445
2020-01-01,36,franke,SM,0,1.251,1.793,1.55494641952285,1.5121123323282057,1.5510157288159772,1.5976616869404345,1.597200873047659,1.614611111111111
2020-01-01,36,gabriela mistral,SM,1,7.517,6.053,8.16600159979438,8.092216928704431,8.405287341768936,9.592368301861232,9.574529143553224,9.328249999999997
2020-01-01,36,lomas bayas,SM,1,7.232,6.839,6.168572794410618,6.014747313655926,6.239920100336218,6.561921048511756,6.555748640860298,6.360805555555555
2020-01-01,36,los bronces,LC,3,16.369,30.232,27.838652360351368,27.259435745897704,27.767276244665215,22.50133120409986,20.4976532933266,28.132388888888894
2020-01-01,36,los pelambres,LC,3,17.369,30.455,32.59795297411951,30.281962651445152,31.877113204127042,31.17729895788644,31.096695068979002,30.67813888888889
2020-01-01,36,mantos blancos,SM,0,4.134,3.31,3.5153517186422047,3.7524482075827597,3.7145720187097004,3.802006808496068,4.002688898154725,3.631138888888889
2020-01-01,36,mantoverde,SM,0,3.34,3.566,3.5550632308968155,3.582106720554473,3.38456860212272,3.5268253395176643,3.4005809558707685,3.5293611111111116
2020-01-01,36,ministro hales,LC,2,10.731,6.951,17.147447446355233,16.597133343174676,17.239608261631137,13.589675643396971,13.811512196812021,15.36038888888889
2020-01-01,36,ojos del salado,SM,0,1.382,2.601,2.569917570912446,2.329326875105796,2.5371810720878476,2.618441644186893,2.4751563322845893,2.3830833333333334
2020-01-01,36,otros,LC,2,12.32280417175306,13.72075,11.648648072471481,11.591712935447683,11.607715541197221,11.645690248343705,11.46665867362828,11.453571138888892
2020-01-01,36,radomiro tomic,LC,3,26.388,22.082,23.452135014717555,25.687348570644858,23.79449705632813,22.98448334782244,21.436373223071975,25.337666666666664
2020-01-01,36,salvador,SM,0,2.516,4.176,5.763990485942506,6.137447374983037,5.517386104325895,4.622090525768172,4.371065087892292,4.761111111111111
2020-01-01,36,sierra gorda,LC,2,10.725,9.557,10.1785051495051,10.023882057013687,10.191964082279691,10.194229997924193,9.970559501121546,8.904027777777777
2020-01-01,36,zaldivar,LC,2,7.572,8.302,10.266565069803562,9.338701103515922,9.582263464947276,9.1120910415335,10.434417947968475,8.755055555555556
2020-01-01,42,andacollo,SM,0,3.937,4.2,5.482115216929044,5.596858171134319,5.766075280868907,5.293168773262761,4.965481152543294,5.419999999999999
2020-01-01,42,andina,LC,2,14.043,16.746,14.517267770317945,15.081255969208755,15.027347525377516,15.51775279614352,13.614451181403755,16.171111111111113
2020-01-01,42,antucoya,SM,1,5.775,6.0,6.289457571240342,6.048671925737462,5.557468401959929,6.276930872388111,6.237267755326127,6.2411111111111115
2020-01-01,42,atacama kozan,SM,0,1.11,1.0,1.2004008094599576,1.2341050336129316,1.1632366684509916,1.05473311895307,1.0522893943089369,0.9715833333333332
2020-01-01,42,candelaria,SM,1,10.868,7.8,8.77944360474335,8.783673874089029,9.04255025814386,9.396133022447819,9.593286113615996,10.062222222222223
2020-01-01,42,caserones,LC,2,10.542,11.887,12.056077951568977,11.324540673119895,11.769373793624288,12.080633752350574,12.92445856629962,11.206666666666667
2020-01-01,42,centinela_oxidos,SM,1,7.014,9.1,7.992548787746337,6.855035432161609,7.881667178997148,7.489477295869534,6.395463556912053,6.676583333333333
2020-01-01,42,centinela_sulfuros,LC,2,14.484,16.6,16.239532950692563,16.34044776367021,16.122706817224856,14.261542723476971,15.884883171855066,14.317166666666667
2020-01-01,42,cerro colorado,SM,1,3.617,3.007,6.347783716862557,6.858130511564,5.91694928967057,6.075987969303077,5.807972523464236,5.730833333333333
2020-01-01,42,chuquicamata,LC,3,19.611,28.231,26.330607231660796,27.889675216670554,34.386971973727576,27.370258446275894,26.598577980371402,28.818083333333334
2020-01-01,42,collahuasi,LC,3,50.014,44.49,53.35470444270013,51.31040946573258,55.21162302139017,49.74918595642533,54.21205684541455,46.04936111111111
2020-01-01,42,el abra,SM,1,8.024889,6.353,7.317677734427157,7.194523782799329,7.279188612895568,7.157218716847998,5.7786420310569095,6.992830555555554
2020-01-01,42,el soldado,SM,0,5.044,4.322,4.575392148072204,4.325283716556923,4.7254767802904265,4.516013341800547,4.428759666661084,4.102305555555556
2020-01-01,42,el teniente,LC,3,31.799,32.994,42.43259733760476,39.58210248854843,42.57156682832197,41.75856832816655,38.72275903202432,38.49530555555555
2020-01-01,42,escondida,LC,3,82.383,91.845,106.00928107446687,100.08604345277567,99.83393448773074,101.87919498386717,95.41377794340008,93.88219444444445
2020-01-01,42,franke,SM,0,0.951,1.793,1.5839026828119596,1.5195424684219303,1.6059297871861433,1.5976616869486466,1.5972658851743071,1.614611111111111
2020-01-01,42,gabriela mistral,SM,1,8.658,6.053,8.437075759176384,8.098622019893464,8.324398348189483,9.592368301861232,10.523774918547177,9.328249999999997
2020-01-01,42,lomas bayas,SM,1,4.8,6.839,6.357814008972222,6.041030575912301,6.396962373926355,6.561921048511756,6.555752699146557,6.360805555555555
2020-01-01,42,los bronces,LC,3,16.377,30.232,28.468357801773305,27.643671810366733,28.081157937355812,22.50133120409986,20.54281023589271,28.132388888888894
2020-01-01,42,los pelambres,LC,3,27.769,30.455,32.8550371948019,30.281962651445152,32.03338842809072,31.17729895788644,31.463542432811607,30.67813888888889
2020-01-01,42,mantos blancos,SM,0,3.742,3.31,3.7195778271280573,3.7524482075827597,3.762956372877994,3.802006808496068,4.060089859543938,3.631138888888889
2020-01-01,42,mantoverde,SM,0,3.03,3.566,3.7448523457522223,3.5840957526271455,3.4286545048909614,3.5268253395361246,3.4003742672309456,3.5293611111111116
2020-01-01,42,ministro hales,LC,2,10.005,6.951,16.82973940520747,16.825345477277146,17.49636088451661,13.589675643396971,13.811510927813607,15.36038888888889
2020-01-01,42,ojos del salado,SM,0,1.368,2.601,2.630811841265276,2.3271398393504046,2.5583718978441397,2.618441644186893,2.501347468041426,2.3830833333333334
2020-01-01,42,otros,LC,2,8.587133571000003,13.72075,12.20606953004968,11.860341562534549,11.885293803221892,11.645690248343705,11.473400952805578,11.453571138888892
2020-01-01,42,radomiro tomic,LC,3,31.341,22.082,24.280248847852388,26.03310094190295,24.534393291585687,22.984483347822458,21.442122824717096,25.337666666666664
2020-01-01,42,salvador,SM,0,1.012,4.176,5.827088852739659,6.137447374983037,5.471377535500849,4.622090525768172,4.491129419374347,4.761111111111111
2020-01-01,42,sierra gorda,LC,2,9.977,9.557,10.34350615624464,10.043264680213147,10.325684274105981,10.194229997924193,9.970252822038752,8.904027777777777
2020-01-01,42,zaldivar,LC,2,6.595,8.302,10.314781617228304,9.344305198194725,9.674850206364088,9.112091036891583,10.434496767496846,8.755055555555556
2020-01-01,48,andacollo,SM,0,2.121,4.2,5.3833158734223385,5.589198103000336,5.7258083067370436,5.293168773262761,4.9936700776305925,5.419999999999999
2020-01-01,48,andina,LC,2,15.595,16.746,14.563223114995884,15.063776520425563,14.918988597559778,15.51775279614352,13.849835152908831,16.171111111111113
2020-01-01,48,antucoya,SM,1,6.812,6.0,6.374891643221991,6.055806972323937,6.052046270593574,6.276930872388111,6.2372919836106675,6.2411111111111115
2020-01-01,48,atacama kozan,SM,0,1.077,1.0,1.192614850868915,1.2341050336129316,1.166016338029717,1.05473311895307,1.0521209260374544,0.9715833333333332
2020-01-01,48,candelaria,SM,1,10.264,7.8,8.592664097865857,8.783673874089029,9.001030840342072,9.396133022447819,9.592764125392442,10.062222222222223
2020-01-01,48,caserones,LC,2,12.849,11.887,12.073233820741828,11.32430715745382,11.796092538784622,12.080633752350582,13.07266889652832,11.206666666666667
2020-01-01,48,centinela_oxidos,SM,1,7.922,9.1,7.968892300020871,6.855035432161609,7.939514789514224,7.489477295869534,6.415266844545825,6.676583333333333
2020-01-01,48,centinela_sulfuros,LC,2,6.318,16.6,16.330245560035685,16.36184392162981,16.138163789103658,14.261542722340103,15.242888714903419,14.317166666666667
2020-01-01,48,cerro colorado,SM,1,0.0,3.007,6.326430819256593,6.864215073310284,5.814117445376527,6.075987969190779,5.809720739659322,5.730833333333333
2020-01-01,48,chuquicamata,LC,3,16.976,28.231,26.330607231660796,28.558489648816888,34.386971973727576,27.370258446275894,23.851817366935094,28.818083333333334
2020-01-01,48,collahuasi,LC,3,52.15,44.49,53.063089541893504,51.41089465562738,54.8505978024107,49.74918595642533,54.627414350973545,46.04936111111111
2020-01-01,48,el abra,SM,1,8.841,6.353,7.199053325187948,7.194523782799329,7.245765777008686,7.157218716847998,5.750440549066579,6.992830555555554
2020-01-01,48,el soldado,SM,0,4.915,4.322,4.509879206316709,4.361327515242379,4.84805624642036,4.516013341800547,4.428759761615103,4.102305555555556
2020-01-01,48,el teniente,LC,3,26.984,32.994,42.480479348072194,39.615717850305714,42.53965877479526,41.75856832816655,38.46393643441702,38.49530555555555
2020-01-01,48,escondida,LC,3,97.522,91.845,106.27732732058567,100.08604345277567,99.92964684790216,101.87919498386717,95.1047792076069,93.88219444444445
2020-01-01,48,franke,SM,0,1.114,1.793,1.5809353879034964,1.5245022921045268,1.6097673159505645,1.597661686948778,1.5972634599514364,1.614611111111111
2020-01-01,48,gabriela mistral,SM,1,9.013,6.053,8.305851447494712,8.084816292396907,8.095857010783996,9.592368301861232,9.75002238408714,9.328249999999997
2020-01-01,48,lomas bayas,SM,1,6.55,6.839,6.377896130947773,6.045762903679589,6.406028258485399,6.561921048511756,6.555733218814632,6.360805555555555
2020-01-01,48,los bronces,LC,3,14.981,30.232,28.468357801773305,27.715007798949046,28.081157937355812,22.50133120409986,20.59243034483464,28.132388888888894
2020-01-01,48,los pelambres,LC,3,28.087,30.455,32.89211164542656,30.281962651445152,32.03338842809072,31.17729895788644,31.194751883038723,30.67813888888889
2020-01-01,48,mantos blancos,SM,0,3.874,3.31,3.656936364595971,3.7524482075827597,3.685354220581945,3.802006808496068,4.03536629480984,3.631138888888889
2020-01-01,48,mantoverde,SM,0,3.394,3.566,3.662728958545872,3.5840957526271455,3.4129116298366218,3.52682533953651,3.404714233447794,3.5293611111111116
2020-01-01,48,ministro hales,LC,2,3.779,6.951,16.391074783258027,16.801516344162028,17.32764247497474,13.589675643396971,13.811510919797511,15.36038888888889
2020-01-01,48,ojos del salado,SM,0,1.052,2.601,2.6121089834777957,2.3271398393504046,2.5293894803761416,2.618441644186893,2.493385116124622,2.3830833333333334
2020-01-01,48,otros,LC,2,12.176000000000002,13.72075,12.223438838112672,11.909081158998449,11.89335940633284,11.645690248343705,11.472443283482836,11.453571138888892
2020-01-01,48,radomiro tomic,LC,3,26.353,22.082,24.15940065541414,26.09103170171382,24.557914982542258,22.984483347822458,21.44043911606452,25.337666666666664
2020-01-01,48,salvador,SM,0,0.0,4.176,5.690935911899777,6.137447374983038,5.052263330291307,4.622090525768172,4.458015761477761,4.761111111111111
2020-01-01,48,sierra gorda,LC,2,9.09,9.557,10.366536907332371,10.063140499086888,10.358840843196116,10.194229997924193,9.97020082785128,8.904027777777777
2020-01-01,48,zaldivar,LC,2,6.298,8.302,10.083605592755127,9.349738331186058,9.696814033784866,9.112091036694949,10.4331821213045,8.755055555555556
2020-01-01,54,andacollo,SM,0,4.202,4.2,5.40743064511034,5.589198103000336,5.861987796487112,5.293168773262761,4.974605554864759,5.419999999999999
2020-01-01,54,andina,LC,2,15.292,16.746,14.368786066014104,15.045333150990322,14.918988597559778,15.51775279614352,13.491966869411815,16.171111111111113
2020-01-01,54,antucoya,SM,1,6.718,6.0,6.389232383027621,6.052954240187373,6.064128162012795,6.276930872388111,6.2372726733155694,6.2411111111111115
2020-01-01,54,atacama kozan,SM,0,1.208,1.0,1.1994147106386108,1.234105033612932,1.179447484761079,1.05473311895307,1.052231307147589,0.9715833333333332
2020-01-01,54,candelaria,SM,1,12.249,7.8,8.724262487665996,8.783673874089029,9.089160193446812,9.396133022447819,9.593047505291501,10.062222222222223
2020-01-01,54,caserones,LC,2,9.504,11.887,12.141386851203954,11.32430715745382,11.836660169367129,12.080633752350582,13.04048744880147,11.206666666666667
2020-01-01,54,centinela_oxidos,SM,1,9.04,9.1,8.052241370051709,6.855035432161609,7.912455551048886,7.489477295869534,6.401898225913675,6.676583333333333
2020-01-01,54,centinela_sulfuros,LC,2,8.002,16.6,16.357879300391165,16.34390965586329,16.230603472157373,14.261542722288135,14.799877266130189,14.317166666666667
2020-01-01,54,cerro colorado,SM,1,0.0,3.007,6.334972657904733,6.849783878418599,5.790921186252412,6.075987969186751,5.807766801388143,5.730833333333333
2020-01-01,54,chuquicamata,LC,3,25.849,28.231,26.421134640453964,28.55848964881689,34.386971973727576,27.370258446275894,27.207748174000184,28.818083333333334
2020-01-01,54,collahuasi,LC,3,46.985,44.49,51.22874935970851,51.454916426194146,54.643023892577425,49.74918595642533,54.501877561358874,46.04936111111111
2020-01-01,54,el abra,SM,1,7.983,6.353,7.318565094187892,7.194523782799329,7.260230809579854,7.157218716847998,5.639733865918478,6.992830555555554
2020-01-01,54,el soldado,SM,0,3.715,4.322,4.590374875537808,4.361327515242379,5.003856216479284,4.516013341800547,4.428759612630217,4.102305555555556
2020-01-01,54,el teniente,LC,3,26.477,32.994,42.49512123545428,39.59384814724215,42.53965877479526,41.75856832816655,38.688618764496624,38.49530555555555
2020-01-01,54,escondida,LC,3,106.47,91.845,106.81140923311786,100.08604345277567,100.13241016913736,101.87919498386717,94.83835710296503,93.88219444444445
2020-01-01,54,franke,SM,0,0.901,1.793,1.599612633630537,1.5263899382337442,1.616237019228124,1.59766168694878,1.597267964573692,1.614611111111111
2020-01-01,54,gabriela mistral,SM,1,9.931,6.053,8.471875597745392,8.084816292396907,8.356030080590942,9.592368301861232,10.641154265294054,9.328249999999997
2020-01-01,54,lomas bayas,SM,1,5.55,6.839,6.4883078768889835,6.045762903679589,6.418816887080715,6.561921048511756,6.555733984724441,6.360805555555555
2020-01-01,54,los bronces,LC,3,12.965,30.232,28.468357801773305,27.71500779894905,27.97457602705659,22.50133120409986,20.578452556062956,28.132388888888894
2020-01-01,54,los pelambres,LC,3,26.73,30.455,33.30252611497027,30.325479151128725,32.06620551811755,31.17729895788644,31.433395326522742,30.67813888888889
2020-01-01,54,mantos blancos,SM,0,2.503,3.31,3.7247475278998197,3.7524482075827597,3.7974881124159685,3.802006808496068,4.066972707623695,3.631138888888889
2020-01-01,54,mantoverde,SM,0,5.144,3.566,3.738858460979085,3.5840957526271455,3.4103890452215606,3.526825339536518,3.4048187393895963,3.5293611111111116
2020-01-01,54,ministro hales,LC,2,3.745,6.951,16.399893915651774,16.788554002337595,17.111210838434825,13.589675643396971,13.81151092557573,15.36038888888889
2020-01-01,54,ojos del salado,SM,0,1.033,2.601,2.6624750478332384,2.3271398393504046,2.650555486597053,2.618441644186893,2.482251698309488,2.3830833333333334
2020-01-01,54,otros,LC,2,8.933000000000002,13.72075,12.223438838112672,11.909081158998449,11.912493800344375,11.645690248343705,11.47306276868937,11.453571138888892
2020-01-01,54,radomiro tomic,LC,3,22.813,22.082,24.113443217242672,26.06784554540463,24.557914982542258,22.984483347822458,21.44117290450483,25.337666666666664
2020-01-01,54,salvador,SM,0,0.0,4.176,5.797161947254937,6.137447374983037,5.1157918789113115,4.622090525768172,4.492780742393753,4.761111111111111
2020-01-01,54,sierra gorda,LC,2,11.409,9.557,9.905818118304165,10.042546394683395,10.35048009683614,10.194229997924193,9.970223269170349,8.904027777777777
2020-01-01,54,zaldivar,LC,2,6.377,8.302,10.240680421216299,9.36809437607465,9.780049159247438,9.112091036686618,10.433157539725245,8.755055555555556
2020-01-01,60,andacollo,SM,0,4.461,4.2,5.263120571006229,5.581220641369541,5.715365568380191,5.293168773262761,4.983440727551843,5.419999999999999
2020-01-01,60,andina,LC,2,14.098,16.746,14.357961907057181,15.032788027044216,14.918988597559778,15.51775279614352,13.665537659541577,16.171111111111113
2020-01-01,60,antucoya,SM,1,7.065,6.0,6.355762912286995,6.052954240187373,5.3660933152318595,6.276930872388111,6.237269962595113,6.2411111111111115
2020-01-01,60,atacama kozan,SM,0,0.975,1.0,1.1872539198072185,1.234105033612932,1.1399761985960546,1.05473311895307,1.0521902239133054,0.9715833333333332
2020-01-01,60,candelaria,SM,1,10.406,7.8,8.310574688320893,8.783673874089029,8.222125291892166,9.396133022447819,9.592992857548182,10.062222222222223
2020-01-01,60,caserones,LC,2,9.863,11.887,12.13224061570214,11.317491784311178,11.836660169367129,12.080633752350582,13.139756685928528,11.206666666666667
2020-01-01,60,centinela_oxidos,SM,1,6.839,9.1,7.92109772801452,6.855035432161609,7.714545999003763,7.489477295869534,6.40812971071478,6.676583333333333
2020-01-01,60,centinela_sulfuros,LC,2,10.271,16.6,16.34555673640196,16.34390965586329,16.047716862287395,14.261542722285762,15.221605082422156,14.317166666666667
2020-01-01,60,cerro colorado,SM,1,0.0,3.007,6.280684184363545,6.842108650994797,5.709944332452363,6.075987969186606,5.8084814999840795,5.730833333333333
2020-01-01,60,chuquicamata,LC,3,13.055,28.231,26.40123131947356,28.558489648816895,34.196158723515765,27.370258446275894,24.640273950426973,28.818083333333334
2020-01-01,60,collahuasi,LC,3,28.019,44.49,51.22874935970851,51.454916426194146,54.643023892577425,49.74918595642533,54.76136341957978,46.04936111111111
2020-01-01,60,el abra,SM,1,9.701,6.353,7.133145159616002,7.194523782799329,6.614901162723545,7.157218716847998,5.620023066072711,6.992830555555554
2020-01-01,60,el soldado,SM,0,3.638,4.322,4.442161404871701,4.361327515242379,4.801858593531797,4.516013341800547,4.428759611515547,4.102305555555556
2020-01-01,60,el teniente,LC,3,25.733,32.994,42.46310920987097,39.59384814724215,42.25343316165291,41.75856832816655,38.54508331096717,38.49530555555555
2020-01-01,60,escondida,LC,3,109.412,91.845,106.73094706556654,100.08604345277567,100.13241016913736,101.87919498386717,94.67046675494854,93.88219444444445
2020-01-01,60,franke,SM,0,0.892,1.793,1.5459942826169213,1.5263899382337442,1.5098040464661024,1.59766168694878,1.597267796525761,1.614611111111111
2020-01-01,60,gabriela mistral,SM,1,6.874,6.053,8.110361277941282,8.084816292396907,8.018711190713203,9.592368301861232,9.914771731090637,9.328249999999997
2020-01-01,60,lomas bayas,SM,1,6.242,6.839,6.385802316883432,6.045762903679589,6.272582246754715,6.561921048511756,6.5557303082520715,6.360805555555555
2020-01-01,60,los bronces,LC,3,18.115,30.232,28.446912285870063,27.698944208191516,27.691101751624068,22.50133120409986,20.5630932477882,28.132388888888894
2020-01-01,60,los pelambres,LC,3,23.954,30.455,33.27743896879943,30.325479151128725,32.06620551811755,31.17729895788644,31.258540308611167,30.67813888888889
2020-01-01,60,mantos blancos,SM,0,4.736,3.31,3.584090770465798,3.7524482075827597,3.6854120751024166,3.802006808496068,4.053359291152879,3.631138888888889
2020-01-01,60,mantoverde,SM,0,8.905,3.566,3.628637580354368,3.5840957526271455,3.2255485278435225,3.526825339536518,3.402624365004682,3.5293611111111116
2020-01-01,60,ministro hales,LC,2,11.2,6.951,16.387539701607235,16.788554002337595,16.85841766326642,13.589675643396971,13.81151092561223,15.36038888888889
2020-01-01,60,ojos del salado,SM,0,1.343,2.601,2.6366025527454426,2.3271398393504046,2.5677122305336404,2.618441644186893,2.485636362170725,2.3830833333333334
2020-01-01,60,otros,LC,2,9.494,13.72075,12.214230791978773,11.893246712870349,11.803153026148735,11.645690248343705,11.472974777379225,11.453571138888892
2020-01-01,60,radomiro tomic,LC,3,20.887,22.082,24.09527830468965,26.06784554540463,24.25160155555463,22.984483347822458,21.440958022496933,25.337666666666664
2020-01-01,60,salvador,SM,0,0.907,4.176,5.6530843211390165,6.137447374983037,4.128841586411837,4.622090525768172,4.483192585189834,4.761111111111111
2020-01-01,60,sierra gorda,LC,2,12.3,9.557,9.905818118304165,10.058550009363247,10.35048009683614,10.194229997924193,9.970227073858103,8.904027777777777
2020-01-01,60,zaldivar,LC,2,6.638,8.302,10.240680421216299,9.372742056542089,9.780049159247438,9.112091036686266,10.433567540650609,8.755055555555556
2020-07-01,6,andacollo,SM,0,4.445,5.4,5.161101353975048,4.834063824694478,5.453655414107727,4.841428575454896,5.223470412038792,5.221916666666666
2020-07-01,6,andina,LC,2,13.639,14.04,14.120976498846371,13.434595056198692,13.581612619232914,15.494296623302933,16.07635327191789,15.61261111111111
2020-07-01,6,antucoya,SM,1,6.812,6.0,5.991142007131419,5.951936093840336,5.848416487642922,6.070026954575414,6.288822929156179,6.2218333333333335
2020-07-01,6,atacama kozan,SM,0,1.013,1.0,1.234682169970796,1.292740223150873,1.2070571723997658,1.1260128619895442,1.1205048008568752,1.0486388888888887
2020-07-01,6,candelaria,LC,2,9.0,10.7,9.857740243830744,9.879238613972346,9.616735377829738,9.583739424165529,9.417360461045751,9.486444444444444
2020-07-01,6,caserones,LC,2,8.761,14.347,10.453831592878995,10.336434071194262,10.238306807605376,11.136038173199776,12.141208120918254,11.628472222222221
2020-07-01,6,centinela_oxidos,SM,1,7.833,5.7,7.250114723531238,7.33250916149845,6.64734094848318,7.9156647393184265,8.498654656231672,7.174611111111111
2020-07-01,6,centinela_sulfuros,LC,2,16.0,20.8,13.615116774119961,13.898315163725847,14.014628685095303,13.72190881005081,13.708110684190004,13.759499999999997
2020-07-01,6,cerro colorado,SM,1,4.491,6.314,5.685122005683406,5.43069547651042,6.028101187439023,5.94334668850268,5.708522247725436,5.7315555555555555
2020-07-01,6,chuquicamata,LC,3,29.088,24.19,36.54105593072274,38.1599864634064,37.71351138397066,30.885904108315373,25.510745052289987,30.87969444444444
2020-07-01,6,collahuasi,LC,3,57.029,47.341,54.87042925818334,55.32887642299783,53.63881886234899,54.12360866609476,58.42280066500611,48.38247222222222
2020-07-01,6,el abra,SM,1,6.746,6.704,5.819316717170869,6.001463497887397,6.374329014492334,5.329478706867608,5.054104737601328,6.943595944444444
2020-07-01,6,el soldado,SM,0,3.724,4.214,4.2450298104706565,4.166829867038338,3.988518001172246,3.7146100961181148,3.907176660592884,4.1355555555555545
2020-07-01,6,el teniente,LC,3,39.124,39.561,36.93803104534484,36.54942497817053,38.20219899899123,38.30590832991217,37.05683057956253,37.867361111111116
2020-07-01,6,escondida,LC,3,84.669,97.228,93.73835229348605,100.47184862533635,95.2586666225917,101.69596876131304,100.95599871859726,101.37255555555555
2020-07-01,6,franke,SM,0,1.088,1.65,1.3536752393296305,1.4363894249303966,1.2980508994834052,1.1356243774798198,1.0266779879818086,1.5192777777777777
2020-07-01,6,gabriela mistral,SM,1,6.399,9.379,7.7806593591527,7.830512218619738,7.712719685301931,7.59391466157783,6.73838145893386,8.907000000000002
2020-07-01,6,lomas bayas,SM,1,5.4,6.701,5.8678772749685555,6.208097655696805,6.223642536308177,6.209111622714216,6.214173078791257,6.2571111111111115
2020-07-01,6,los bronces,LC,3,24.529,29.657,28.309373714245112,27.09073974348077,27.506558573804593,27.19717091180963,25.854940652291354,27.96994444444444
2020-07-01,6,los pelambres,LC,3,28.8,31.541,28.782029506995496,28.26564158836913,28.85181232320011,31.164718686046218,30.32096436400638,31.07597222222222
2020-07-01,6,mantos blancos,SM,0,3.705,3.835,3.326372182721474,3.3077838767070644,3.1134827471891113,3.1324865212684645,2.9619607459015227,3.5104999999999995
2020-07-01,6,mantoverde,SM,0,3.144,3.52,3.3888999900444468,3.353463875989881,3.3436053956481815,3.230064373254611,3.060070490973152,3.442416666666667
2020-07-01,6,ministro hales,LC,2,17.82,13.609,12.575878259905812,11.72009277550321,11.563115466842568,10.954964974022861,10.894703590962763,14.086777777777778
2020-07-01,6,ojos del salado,SM,0,2.335,2.251,2.2711193232430396,2.1911465922939843,2.3061701169419098,2.349002895021341,2.3330211884753096,2.3839722222222224
2020-07-01,6,otros,LC,2,9.332877,13.251566999999998,11.494197078160015,11.742227199896828,11.989746538660171,12.260535876863345,11.090924639324907,11.793626694444443
2020-07-01,6,radomiro tomic,LC,3,22.516,24.658,20.9526175142661,21.90554825993482,20.642646970453736,21.3291946321717,20.091777357502117,24.512444444444444
2020-07-01,6,salvador,SM,0,4.462,3.961,4.9156363934392475,5.318235216709804,5.011327421022042,4.643642558566104,3.314141180144786,4.770611111111112
2020-07-01,6,sierra gorda,LC,2,11.565,8.868,10.602047340640132,10.647400074662878,11.292685218610407,12.852692660141878,13.14715713690691,9.611444444444444
2020-07-01,6,zaldivar,SM,1,7.298,9.303,8.955387548635308,8.492790108932892,8.310692005305675,8.556988480602454,8.555149706578842,8.723972222222221
2020-07-01,9,andacollo,SM,0,3.088,5.4,5.144049300998927,4.838008156022612,5.423099254446407,4.841440132194255,4.705596358994146,5.221916666666666
2020-07-01,9,andina,LC,2,11.804,14.04,14.076694534729134,13.430357544472296,13.593477777211266,15.494326014765054,13.994020031745702,15.61261111111111
2020-07-01,9,antucoya,SM,1,6.182,6.0,6.047430625956176,5.957240802753326,5.870332364599994,6.070400544839596,6.28898511507514,6.2218333333333335
2020-07-01,9,atacama kozan,SM,0,1.027,1.0,1.2251351194035769,1.292740223150873,1.1816659388962545,1.1260127926843404,1.1281084527054195,1.0486388888888887
2020-07-01,9,candelaria,LC,2,8.987,10.7,9.944991382036513,10.040491300899298,9.692665758618425,9.583739407686394,9.339792982024013,9.486444444444444
2020-07-01,9,caserones,LC,2,9.778,14.347,10.475839710360537,10.39092797672936,10.255100474998182,11.148106669709495,12.652133206336277,11.628472222222221
2020-07-01,9,centinela_oxidos,SM,1,5.004,5.7,7.253340441459823,7.33250916149845,6.7451526657629985,7.915665805524587,8.668202504763196,7.174611111111111
2020-07-01,9,centinela_sulfuros,LC,2,15.9,20.8,13.757773674398338,14.130295122193303,14.263993663453679,13.868875696990665,14.894395855872869,13.759499999999997
2020-07-01,9,cerro colorado,SM,1,4.888,6.314,5.630934206317321,5.43069547651042,5.975251273929408,5.962894959405101,5.677146419304172,5.7315555555555555
2020-07-01,9,chuquicamata,LC,3,25.605,24.19,36.64027165623422,38.16413238067831,37.762679569359385,30.88055458094767,33.7942829415234,30.87969444444444
2020-07-01,9,collahuasi,LC,3,57.022,47.341,54.08028618888056,55.351904569413676,54.29949887225012,54.119127771114094,57.302279713011366,48.38247222222222
2020-07-01,9,el abra,SM,1,6.061,6.704,5.795342417535916,6.001463497887397,6.3386144340300685,5.329478706918957,4.81189001841038,6.943595944444444
2020-07-01,9,el soldado,SM,0,3.26,4.214,4.234815014709011,4.1702452503032275,3.989406275036418,3.716719984610087,3.8712344257897646,4.1355555555555545
2020-07-01,9,el teniente,LC,3,36.139,39.561,37.2462619472769,36.78570717314362,38.476550950186706,38.305932158863584,37.36561942189356,37.867361111111116
2020-07-01,9,escondida,LC,3,85.661,97.228,93.57948909080147,100.47184862533635,96.3572740968494,101.69362223977174,100.70633768888764,101.37255555555555
2020-07-01,9,franke,SM,0,0.821,1.65,1.3390590340044526,1.4375614400327235,1.2907781041926736,1.1354546888719559,1.025711109450035,1.5192777777777777
2020-07-01,9,gabriela mistral,SM,1,7.917,9.379,7.70832733679337,7.830512218619738,7.5446354605203165,7.593914357766019,7.414735856806652,8.907000000000002
2020-07-01,9,lomas bayas,SM,1,5.2,6.701,5.874805808040666,6.208097655696805,6.188772210570993,6.2091098229603405,6.156698256297903,6.2571111111111115
2020-07-01,9,los bronces,LC,3,26.765,29.657,28.3991395456511,27.091923799953648,27.527099776361013,27.19716789649218,26.35625717561129,27.96994444444444
2020-07-01,9,los pelambres,LC,3,29.249,31.541,28.845264560849888,28.2791774700774,28.91563969800104,31.16475347186493,30.505172522640162,31.07597222222222
2020-07-01,9,mantos blancos,SM,0,4.151,3.835,3.2923902664461764,3.310482847189197,3.0693555167865254,3.1327656797986476,2.841463979203645,3.5104999999999995
2020-07-01,9,mantoverde,SM,0,3.681,3.52,3.3861307194861974,3.356200118849619,3.2962165137442243,3.231711532688516,3.0373554304459085,3.442416666666667
2020-07-01,9,ministro hales,LC,2,15.362,13.609,12.61566187272083,11.709330858746034,11.739122692033636,10.954966093906362,11.215957790409378,14.086777777777778
2020-07-01,9,ojos del salado,SM,0,2.606,2.251,2.2853321845892816,2.1911465922939843,2.2932489724992715,2.3490028797547473,2.2364605332194243,2.3839722222222224
2020-07-01,9,otros,LC,2,11.06465804,13.251566999999998,11.470236108219757,11.742227199896828,12.009413053766432,12.260535824853305,12.134118060974652,11.793626694444443
2020-07-01,9,radomiro tomic,LC,3,22.696,24.658,20.98560431427228,21.991260489010543,20.71303887913811,21.33395887303836,20.177136103903685,24.512444444444444
2020-07-01,9,salvador,SM,0,4.208,3.961,4.837287307154071,5.318235216709804,4.829792142414505,4.6436694097716105,6.199193193603796,4.770611111111112
2020-07-01,9,sierra gorda,LC,2,18.729,8.868,10.584603169897528,10.654041557958,11.311208190956195,12.852692660522708,13.190666141858213,9.611444444444444
2020-07-01,9,zaldivar,SM,1,6.108,9.303,8.960076383480859,8.497384869647423,8.312543356277416,8.583863716384593,8.620741050579701,8.723972222222221
2020-07-01,12,andacollo,SM,0,3.84,5.4,5.114715846465682,4.837167125063828,5.413091879105251,4.841440161405558,4.010049840455827,5.221916666666666
2020-07-01,12,andina,LC,2,19.517,14.04,14.079398447737734,13.430357544472296,13.600806499336215,15.49432587040131,15.037517497234408,15.61261111111111
2020-07-01,12,antucoya,SM,1,5.202,6.0,6.008131553644224,5.957240802753326,5.946794916815973,6.0704102321803335,6.237105077691193,6.2218333333333335
2020-07-01,12,atacama kozan,SM,0,1.125,1.0,1.2274302964030448,1.292740223150873,1.1794853823503462,1.1260127927102948,1.0900738410663193,1.0486388888888887
2020-07-01,12,candelaria,LC,2,9.268,10.7,9.98706377191616,10.029087166313532,9.701526519411015,9.583739407689258,9.706756857356147,9.486444444444444
2020-07-01,12,caserones,LC,2,10.492,14.347,10.538758229916079,10.394279500068315,10.281185749946772,11.149182176072808,12.523647024497217,11.628472222222221
2020-07-01,12,centinela_oxidos,SM,1,7.725,5.7,7.238820475679096,7.320815405650397,6.654298114209102,7.9156658001446285,8.683713076004803,7.174611111111111
2020-07-01,12,centinela_sulfuros,LC,2,14.8,20.8,13.920787045069497,14.212918889100413,14.339308695746084,13.900317834830881,15.92863984179078,13.759499999999997
2020-07-01,12,cerro colorado,SM,1,4.555,6.314,5.52656663229074,5.408352411561002,5.87318251908107,5.966383521755931,5.646020553425656,5.7315555555555555
2020-07-01,12,chuquicamata,LC,3,13.678,24.19,37.028756865000545,38.16413238067831,37.770622567656346,30.88040422445984,36.05853603553379,30.87969444444444
2020-07-01,12,collahuasi,LC,3,54.03,47.341,53.82101648992733,55.449646416197794,54.36120586489938,54.11897517650194,58.8909656454529,48.38247222222222
2020-07-01,12,el abra,SM,1,5.504,6.704,5.7952808791953725,5.9805981073496,6.323279912825456,5.329478706918956,4.768570927757071,6.943595944444444
2020-07-01,12,el soldado,SM,0,4.427,4.214,4.222646245097841,4.194637105097569,3.9900790315855064,3.7168271993421653,3.722139314887758,4.1355555555555545
2020-07-01,12,el teniente,LC,3,41.2,39.561,37.53630171962416,37.06761165419087,38.54525942908689,38.305932200432586,37.23307466646239,37.867361111111116
2020-07-01,12,escondida,LC,3,86.258,97.228,94.2318842644706,100.47184862533635,96.46146146469249,101.69354137672963,99.21556244932873,101.37255555555555
2020-07-01,12,franke,SM,0,0.887,1.65,1.338994641028976,1.4406058024833466,1.2852827109923852,1.1354478077708363,1.0429251245282662,1.5192777777777777
2020-07-01,12,gabriela mistral,SM,1,10.068,9.379,7.612658707929206,7.830512218619738,7.471932879986689,7.59391435798524,7.749461689075674,8.907000000000002
2020-07-01,12,lomas bayas,SM,1,5.5,6.701,5.870215459919474,6.208097655696805,6.186861571066137,6.209109818162163,6.20275243411711,6.2571111111111115
2020-07-01,12,los bronces,LC,3,26.301,29.657,28.229677427402553,27.091923799953648,27.53288979817161,27.19716790417051,27.306971343164754,27.96994444444444
2020-07-01,12,los pelambres,LC,3,27.911,31.541,29.059418691928062,28.2791774700774,28.921721729997483,31.164753574244177,29.3834322549044,31.07597222222222
2020-07-01,12,mantos blancos,SM,0,4.27,3.835,3.2744021122817477,3.31431502634254,3.0734754062224545,3.1327747931737937,2.702582085266451,3.5104999999999995
2020-07-01,12,mantoverde,SM,0,4.3,3.52,3.368456108550329,3.3528936569050627,3.2945589464491203,3.231982118573849,3.0419680940738636,3.442416666666667
2020-07-01,12,ministro hales,LC,2,16.5,13.609,12.61110399256182,11.724921315045714,11.725677146088767,10.954966092773864,11.229915459791929,14.086777777777778
2020-07-01,12,ojos del salado,SM,0,2.121,2.251,2.2893743191949603,2.1911465922939843,2.2964621019544076,2.349002879712479,2.4378646650260354,2.3839722222222224
2020-07-01,12,otros,LC,2,10.465720999999998,13.251566999999998,11.472407832575525,11.742227199896828,12.011938989467062,12.2605358248364,12.148667652500187,11.793626694444443
2020-07-01,12,radomiro tomic,LC,3,23.227,24.658,21.12550139180799,22.021314294926857,20.73878981649652,21.334200306466286,20.01499758955396,24.512444444444444
2020-07-01,12,salvador,SM,0,3.862,3.961,4.765488160256265,5.294054786310397,4.866134686685332,4.643670061796933,4.794941827061674,4.770611111111112
2020-07-01,12,sierra gorda,LC,2,17.394,8.868,10.629678327706626,10.639440580453023,11.316182187498386,12.852692660522719,13.378098721058713,9.611444444444444
2020-07-01,12,zaldivar,SM,1,6.879,9.303,8.902775311379775,8.528681862509908,8.228578194114805,8.589735644322937,8.63315526880233,8.723972222222221
2020-07-01,18,andacollo,SM,0,3.061,5.4,5.4731955875119525,4.911891212441103,5.7744414455564215,4.8414401614795795,4.810837139300788,5.221916666666666
2020-07-01,18,andina,LC,2,18.84,14.04,13.931688842508834,13.430357544472296,13.598368522780484,15.494325871106907,15.75543345351417,15.61261111111111
2020-07-01,18,antucoya,SM,1,6.486,6.0,6.003848656368613,5.9625291757115315,5.9506116448524935,6.070410489890466,6.265721259074578,6.2218333333333335
2020-07-01,18,atacama kozan,SM,0,0.886,1.0,1.1412889305934044,1.2755039278389595,1.1764502444308065,1.126012792710285,1.1204089747787624,1.0486388888888887
2020-07-01,18,candelaria,LC,2,12.325,10.7,9.725268994721752,9.94741311921785,9.851283302736972,9.583739407689258,9.616532995892161,9.486444444444444
2020-07-01,18,caserones,LC,2,12.422,14.347,10.506778783848402,10.444344081939777,10.28011140321961,11.149286563279293,12.361028440368795,11.628472222222221
2020-07-01,18,centinela_oxidos,SM,1,7.583,5.7,7.186290950581062,7.336739158565311,6.5905728433205795,7.915665800171638,8.860904201076286,7.174611111111111
2020-07-01,18,centinela_sulfuros,LC,2,12.413,20.8,14.039630646172139,14.187745744638832,14.368021207522727,13.908483695469,14.000350051909475,13.759499999999997
2020-07-01,18,cerro colorado,SM,1,3.933,6.314,5.574914311154988,5.429905983196378,5.850371847620822,5.9671171888823205,5.699597691725576,5.7315555555555555
2020-07-01,18,chuquicamata,LC,3,16.401,24.19,37.17193975492708,38.16413238067831,37.98207109942494,30.880399879687392,28.563168073981384,30.87969444444444
2020-07-01,18,collahuasi,LC,3,51.336,47.341,53.501463324019625,55.717424724933444,54.48472841316832,54.118969803004326,59.66273179312784,48.38247222222222
2020-07-01,18,el abra,SM,1,5.718,6.704,5.957590586286154,5.985674963558698,6.478545079062984,5.329478706918956,4.574713857829944,6.943595944444444
2020-07-01,18,el soldado,SM,0,2.894,4.214,4.295746499115628,4.223819973522429,4.17675050269577,3.7168329243467144,3.9520230882985743,4.1355555555555545
2020-07-01,18,el teniente,LC,3,34.199,39.561,37.98723117630503,37.593720516803955,38.824913868272745,38.30593220050523,37.42928744233885,37.867361111111116
2020-07-01,18,escondida,LC,3,81.0,97.228,94.23962553337056,100.5071721673264,96.75868655678377,101.69353849409465,98.58714692844165,101.37255555555555
2020-07-01,18,franke,SM,0,0.864,1.65,1.3475491138148965,1.4427708873687906,1.2901642114332807,1.1354475174175755,1.0047355944400922,1.5192777777777777
2020-07-01,18,gabriela mistral,SM,1,10.29,9.379,7.736572024234421,7.840047929987941,7.558330811306353,7.593914357985081,6.687650506811806,8.907000000000002
2020-07-01,18,lomas bayas,SM,1,6.004,6.701,5.792432435715014,6.212696434435845,6.1227994913723744,6.209109818149336,6.171541109958992,6.2571111111111115
2020-07-01,18,los bronces,LC,3,20.04,29.657,27.85620199711713,27.076130792870757,27.467909161518698,27.19716790415101,27.61145830707037,27.96994444444444
2020-07-01,18,los pelambres,LC,3,18.115,31.541,29.383409740445245,28.298703870435713,29.079066377865118,31.164753574546378,30.59568403308984,31.07597222222222
2020-07-01,18,mantos blancos,SM,0,3.453,3.835,3.4473144096396053,3.348669648187427,3.1915417274901037,3.1327751004005306,2.7251915350794906,3.5104999999999995
2020-07-01,18,mantoverde,SM,0,4.106,3.52,3.374005824722112,3.353146928396908,3.2698055326007083,3.232033870906854,3.056767329626734,3.442416666666667
2020-07-01,18,ministro hales,LC,2,11.635,13.609,12.535508936887059,11.74565025151211,11.717348286426391,10.954966092775008,11.143086277333905,14.086777777777778
2020-07-01,18,ojos del salado,SM,0,2.323,2.251,2.312934750461332,2.1873857321969035,2.293376258459027,2.3490028797123617,2.3663888370469484,2.3839722222222224
2020-07-01,18,otros,LC,2,11.546456999999998,13.251566999999998,11.315583766305732,11.742227199896828,11.96269595579685,12.260535824836394,11.861269504471997,11.793626694444443
2020-07-01,18,radomiro tomic,LC,3,20.479,24.658,20.892708729539677,22.384794493793976,20.795458438729668,21.334213161403774,20.12198062220205,24.512444444444444
2020-07-01,18,salvador,SM,0,1.607,3.961,5.432258993364042,5.3613703061433045,4.993231680729544,4.643670078014476,4.284153244831745,4.770611111111112
2020-07-01,18,sierra gorda,LC,2,14.5,8.868,10.449102104047155,10.639440580453023,11.29885052969818,12.852692660522719,13.44737711923475,9.611444444444444
2020-07-01,18,zaldivar,SM,1,8.261,9.303,8.959481096499449,8.557304263883115,8.162301013487232,8.591298901960725,8.627417739728605,8.723972222222221
2020-07-01,24,andacollo,SM,0,2.221,5.4,5.393521255529943,4.943321350299955,5.767691480348108,4.8414401614795795,4.38240026779266,5.221916666666666
2020-07-01,24,andina,LC,2,17.03,14.04,13.840495521803375,13.430357544472296,13.604694020744141,15.494325871106923,14.890633092777195,15.61261111111111
2020-07-01,24,antucoya,SM,1,6.861993,6.0,6.035417574780374,5.97119499024276,5.9454576581400485,6.070410490063746,6.270986974974559,6.2218333333333335
2020-07-01,24,atacama kozan,SM,0,1.2634086232,1.0,1.1418891047042212,1.266896646727456,1.1780396482525783,1.126012792710285,1.1137536991641805,1.0486388888888887
2020-07-01,24,candelaria,LC,2,10.720994127971508,10.7,9.627857777111585,9.880102704241317,9.88634248258032,9.583739407689258,9.644714786641485,9.486444444444444
2020-07-01,24,caserones,LC,2,4.999,14.347,10.625144800207327,10.369311707744133,10.207591763556202,11.149287392302917,12.604326312780854,11.628472222222221
2020-07-01,24,centinela_oxidos,SM,1,8.488439999999999,5.7,7.232323412644876,7.366180002089807,6.633239967764927,7.915665800171639,8.912258804797657,7.174611111111111
2020-07-01,24,centinela_sulfuros,LC,2,12.22597924234586,20.8,13.739335275009267,13.723564679563701,14.393158837997818,13.908857450552539,12.503198324396738,13.759499999999997
2020-07-01,24,cerro colorado,SM,1,3.598,6.314,5.520618911156179,5.465406521586858,5.853986028131632,5.967140554396427,5.6572674248090395,5.7315555555555555
2020-07-01,24,chuquicamata,LC,3,25.555,24.19,37.95949899865206,38.18973652104003,37.98207109942494,30.880399876255126,38.345980703493495,30.87969444444444
2020-07-01,24,collahuasi,LC,3,47.262,47.341,53.82151868928374,56.48515176527399,54.989554231109,54.11896979677263,59.95636411935787,48.38247222222222
2020-07-01,24,el abra,SM,1,9.284,6.704,6.0002780439548635,6.010794535903621,6.495013513728169,5.329478706918956,4.35182520820269,6.943595944444444
2020-07-01,24,el soldado,SM,0,2.57,4.214,4.247466003541237,4.224582209644591,4.182950313101171,3.716832939129823,3.9545097085995313,4.1355555555555545
2020-07-01,24,el teniente,LC,3,28.068,39.561,38.3488005451648,38.26432431787793,39.001220984753324,38.30593220050523,37.52785393831594,37.867361111111116
2020-07-01,24,escondida,LC,3,81.399,97.228,95.5793403223752,100.7094364995795,96.90216709434353,101.69353849067137,97.63763107436785,101.37255555555555
2020-07-01,24,franke,SM,0,0.760445,1.65,1.3241563789701956,1.4472962796489568,1.2863550399461747,1.1354475169401153,1.0098867007651156,1.5192777777777777
2020-07-01,24,gabriela mistral,SM,1,9.132,9.379,7.4624911073967475,7.803041008957709,7.577543887443845,7.593914357985081,7.65814507182164,8.907000000000002
2020-07-01,24,lomas bayas,SM,1,6.064031,6.701,5.7966281911949356,6.216796718124546,6.102757208877958,6.209109818149336,6.169346605472647,6.2571111111111115
2020-07-01,24,los bronces,LC,3,16.49,29.657,27.411633626499444,27.07028704739731,27.233811286233276,27.19716790415101,27.179068418067473,27.96994444444444
2020-07-01,24,los pelambres,LC,3,23.391121186549768,31.541,29.608650912812628,28.33025652539546,29.200940215473327,31.16475357454638,30.420697678156156,31.07597222222222
2020-07-01,24,mantos blancos,SM,0,4.136,3.835,3.3847791046353533,3.348980139557353,3.150885982415656,3.132775100727959,2.584022086774867,3.5104999999999995
2020-07-01,24,mantoverde,SM,0,4.103,3.52,3.330972541366632,3.349923239892986,3.228754067011478,3.232035267496873,3.0655525885120385,3.442416666666667
2020-07-01,24,ministro hales,LC,2,13.17,13.609,12.335391578591429,11.742412578792376,11.667205226556456,10.954966092775008,11.13806503526504,14.086777777777778
2020-07-01,24,ojos del salado,SM,0,1.858,2.251,2.3300301462760866,2.1873857321969035,2.27425473233501,2.3490028797123617,2.3240578508076393,2.3839722222222224
2020-07-01,24,otros,LC,2,10.002399353990002,13.251566999999998,11.408120963900506,11.742227199896828,11.823835237054544,12.260535824836394,12.01309406688556,11.793626694444443
2020-07-01,24,radomiro tomic,LC,3,25.265,24.658,20.845885171580147,22.572778786043656,20.508896147030647,21.33421319441619,20.110770425118304,24.512444444444444
2020-07-01,24,salvador,SM,0,1.423,3.961,5.47225555023711,5.336033790954955,4.990766137571485,4.643670078024039,4.83001316674111,4.770611111111112
2020-07-01,24,sierra gorda,LC,2,13.05851625126102,8.868,10.524628444089158,10.634388211156782,11.347203349934356,12.852692660522719,13.440187654190677,9.611444444444444
2020-07-01,24,zaldivar,SM,1,7.44,9.303,8.917488420263103,8.562433340109488,8.209791089043858,8.591373527490523,8.615117112566248,8.723972222222221
2020-07-01,30,andacollo,SM,0,3.161,5.4,5.549318707653882,4.947095406184167,5.881908255364621,4.8414401614795795,4.6651442192328805,5.221916666666666
2020-07-01,30,andina,LC,2,15.112,14.04,13.57050229896917,13.41539632984998,13.541272887830143,15.494325871106923,15.488276887252011,15.61261111111111
2020-07-01,30,antucoya,SM,1,7.046,6.0,6.015745120049695,5.967004682364446,6.014721501504922,6.070410490063861,6.2680833020415045,6.2218333333333335
2020-07-01,30,atacama kozan,SM,0,0.793,1.0,1.1206896846037948,1.2547392078325768,1.1914676459643636,1.126012792710285,1.1203880219737665,1.0486388888888887
2020-07-01,30,candelaria,LC,2,11.93,10.7,9.652632970598196,9.936062550860159,9.870306276290972,9.583739407689258,9.635928671746752,9.486444444444444
2020-07-01,30,caserones,LC,2,11.351,14.347,10.562730277860913,10.431566444567583,10.226178704970886,11.149287398886868,12.499542515808104,11.628472222222221
2020-07-01,30,centinela_oxidos,SM,1,7.836679,5.7,7.30956947577209,7.376181721088566,6.8174606679562375,7.915665800171639,8.961429551254874,7.174611111111111
2020-07-01,30,centinela_sulfuros,LC,2,9.888067271067618,20.8,13.593184345654874,13.722813092586655,14.403961695209286,13.908874557489417,13.80928392852347,13.759499999999997
2020-07-01,30,cerro colorado,SM,1,3.581,6.314,5.647359069438724,5.473806052011229,5.891251673913875,5.9671412985312395,5.689176927838783,5.7315555555555555
2020-07-01,30,chuquicamata,LC,3,23.479,24.19,38.23905370787039,38.144278973323004,37.98207109942494,30.88039987625241,31.40818820676039,30.87969444444444
2020-07-01,30,collahuasi,LC,3,42.903,47.341,54.88327094415909,57.21441853472546,55.875337277443364,54.11896979676541,60.44041259519795,48.38247222222222
2020-07-01,30,el abra,SM,1,8.718,6.704,5.931497565476272,6.011629428567257,6.304231086334814,5.329478706918956,4.200501425135395,6.943595944444444
2020-07-01,30,el soldado,SM,0,4.074,4.214,4.213080854854039,4.250438969221033,4.211928971209798,3.7168329391679955,3.955200584720161,4.1355555555555545
2020-07-01,30,el teniente,LC,3,32.758,39.561,38.508846784340214,38.73001732340466,39.21222494818972,38.30593220050523,37.63798497514542,37.867361111111116
2020-07-01,30,escondida,LC,3,93.319,97.228,100.48033304663065,100.87410466801195,96.90216709434353,101.69353849066731,97.29479137336367,101.37255555555555
2020-07-01,30,franke,SM,0,1.251,1.65,1.3607555862995773,1.4558015429317586,1.3124741770923087,1.1354475169393303,0.9977789374440946,1.5192777777777777
2020-07-01,30,gabriela mistral,SM,1,7.517,9.379,7.539808667147021,7.777047151168445,7.364772388257988,7.593914357985081,6.638956899531685,8.907000000000002
2020-07-01,30,lomas bayas,SM,1,7.232,6.701,5.817905850105407,6.223635140884688,6.102471033170448,6.209109818149336,6.1633479770456985,6.2571111111111115
2020-07-01,30,los bronces,LC,3,16.369,29.657,27.255827031778608,27.03055467549459,27.193323279951034,27.19716790415101,27.088425636848683,27.96994444444444
2020-07-01,30,los pelambres,LC,3,17.369,31.541,29.673789076112925,28.290030403341458,29.233365444375245,31.16475357454638,30.646960118166756,31.07597222222222
2020-07-01,30,mantos blancos,SM,0,4.134,3.835,3.468588378813648,3.3692312995274025,3.102052155295092,3.132775100728308,2.596327436621438,3.5104999999999995
2020-07-01,30,mantoverde,SM,0,3.34,3.52,3.477065665686198,3.3581977399194596,3.2655661369331144,3.2320353051852933,3.0583702175242875,3.442416666666667
2020-07-01,30,ministro hales,LC,2,10.731,13.609,12.304351122761613,11.804324980449758,11.699700761907282,10.954966092775008,11.13936567020977,14.086777777777778
2020-07-01,30,ojos del salado,SM,0,1.382,2.251,2.2657154800591233,2.1745122055882664,2.208886563429422,2.3490028797123617,2.35278929018652,2.3839722222222224
2020-07-01,30,otros,LC,2,12.32280417175306,13.251566999999998,11.376810140635236,11.69931502402373,11.837790930250746,12.260535824836394,11.971841986807576,11.793626694444443
2020-07-01,30,radomiro tomic,LC,3,26.388,24.658,20.798983256377866,22.795489041197435,20.375469292515987,21.334213194500972,20.126393720878276,24.512444444444444
2020-07-01,30,salvador,SM,0,2.516,3.961,5.454302756441503,5.3327877617985235,4.898762931125317,4.643670078024044,4.641649723629727,4.770611111111112
2020-07-01,30,sierra gorda,LC,2,10.725,8.868,10.56896812030782,10.63787875036763,11.360596473689187,12.852692660522719,13.438030475569914,9.611444444444444
2020-07-01,30,zaldivar,SM,1,7.572,9.303,8.92568973053244,8.558116586476752,8.149602837105316,8.591377089903759,8.61804569987557,8.723972222222221
2020-07-01,36,andacollo,SM,0,3.937,5.4,5.149011518670782,4.855570193491486,5.575974367490299,4.8414401614795795,4.513870673610331,5.221916666666666
2020-07-01,36,andina,LC,2,14.043,14.04,13.531399911112686,13.412691554423896,13.533098798814482,15.494325871106923,14.768356171556514,15.61261111111111
2020-07-01,36,antucoya,SM,1,5.775,6.0,6.057221785875758,5.967004682364446,6.013563909549745,6.070410490063861,6.267548991328434,6.2218333333333335
2020-07-01,36,atacama kozan,SM,0,1.11,1.0,1.1477953173996631,1.2547392078325768,1.2078724903179667,1.126012792710285,1.1189325068198714,1.0486388888888887
2020-07-01,36,candelaria,LC,2,10.868,10.7,9.686196211548472,9.935883641129745,9.889442317835435,9.583739407689258,9.638673050533528,9.486444444444444
2020-07-01,36,caserones,LC,2,10.542,14.347,10.674776246745672,10.392461294763983,10.447085935818558,11.149287398939157,12.656304518672068,11.628472222222221
2020-07-01,36,centinela_oxidos,SM,1,7.014,5.7,7.469447701345489,7.452774677111192,6.979794582089055,7.915665800171639,8.97568051439945,7.174611111111111
2020-07-01,36,centinela_sulfuros,LC,2,14.484,20.8,13.634202782409162,13.9267915370984,14.600724508628746,13.908875340481547,14.823296964490558,13.759499999999997
2020-07-01,36,cerro colorado,SM,1,3.617,6.314,5.603637798541427,5.48102136183851,5.8245116113993065,5.967141322230124,5.663881319120579,5.7315555555555555
2020-07-01,36,chuquicamata,LC,3,19.611,24.19,40.887750932159456,37.95892653393203,38.38599175241821,30.88039987625241,40.463391191436564,30.87969444444444
2020-07-01,36,collahuasi,LC,3,50.014,47.341,56.53054418515806,58.32426342227032,56.824339522430115,54.118969796765406,60.624577552933474,48.38247222222222
2020-07-01,36,el abra,SM,1,8.024889,6.704,5.710103034146338,6.030434455924818,6.067589163320999,5.329478706918956,4.026515747696749,6.943595944444444
2020-07-01,36,el soldado,SM,0,5.044,4.214,4.312581852682049,4.286317524511719,4.270607934995611,3.716832939168094,3.9552081557302845,4.1355555555555545
2020-07-01,36,el teniente,LC,3,31.799,39.561,38.93527490263819,38.84327989877417,39.51115335659834,38.30593220050523,37.693308762918875,37.867361111111116
2020-07-01,36,escondida,LC,3,82.383,97.228,102.70980011410755,101.1729405997407,97.72088855950956,101.69353849066731,96.7767714952901,101.37255555555555
2020-07-01,36,franke,SM,0,0.951,1.65,1.2790192996616974,1.455257796999743,1.2912909869697164,1.1354475169393292,0.9994120650599932,1.5192777777777777
2020-07-01,36,gabriela mistral,SM,1,8.658,9.379,7.509180419184047,7.783303957113537,7.16947656896464,7.593914357985081,7.570494067772245,8.907000000000002
2020-07-01,36,lomas bayas,SM,1,4.8,6.701,5.86032345689756,6.22766713787878,6.097548130571268,6.209109818149336,6.162926206506329,6.2571111111111115
2020-07-01,36,los bronces,LC,3,16.377,29.657,27.414950871798954,27.03055467549459,27.32652079380105,27.19716790415101,27.21714375275331,27.96994444444444
2020-07-01,36,los pelambres,LC,3,27.769,31.541,30.73289821623168,28.13651444801644,29.69717964248581,31.16475357454638,30.61429954356649,31.07597222222222
2020-07-01,36,mantos blancos,SM,0,3.742,3.835,3.311993676381354,3.370044299531188,2.9856102563505345,3.1327751007283084,2.5194949853084845,3.5104999999999995
2020-07-01,36,mantoverde,SM,0,3.03,3.52,3.321802500011167,3.315449162061248,3.1611402591292412,3.2320353062023544,3.0541065521274304,3.442416666666667
2020-07-01,36,ministro hales,LC,2,10.005,13.609,12.320154245088995,11.811983567859015,11.812399426368238,10.954966092775008,11.139440884587195,14.086777777777778
2020-07-01,36,ojos del salado,SM,0,1.368,2.251,2.299587922040754,2.1600082366317186,2.2070630945355,2.3490028797123617,2.3698055140836107,2.3839722222222224
2020-07-01,36,otros,LC,2,8.587133571000003,13.251566999999998,11.411106059845974,11.591283823746021,11.943151058725778,12.260535824836394,11.99363432976267,11.793626694444443
2020-07-01,36,radomiro tomic,LC,3,31.341,24.658,21.064014443125807,22.88240133146502,20.360701801786753,21.33421319450119,20.124756636944415,24.512444444444444
2020-07-01,36,salvador,SM,0,1.012,3.961,5.20958270237991,5.339150617893982,4.751608234418459,4.643670078024044,4.842945148324683,4.770611111111112
2020-07-01,36,sierra gorda,LC,2,9.977,8.868,10.66037005606473,10.596423865544182,11.453053494966882,12.852692660522719,13.438254339875112,9.611444444444444
2020-07-01,36,zaldivar,SM,1,6.595,9.303,9.127507193054157,8.562464139763655,8.256597913825647,8.591377259963364,8.622370348512602,8.723972222222221
2020-07-01,42,andacollo,SM,0,2.121,5.4,5.141641666318188,4.84612998773652,5.468114179008644,4.8414401614795795,4.613702604244903,5.221916666666666
2020-07-01,42,andina,LC,2,15.595,14.04,13.535149061303306,13.412691554423896,13.582362110309024,15.494325871106923,15.265876949511117,15.61261111111111
2020-07-01,42,antucoya,SM,1,6.812,6.0,6.105536602593565,5.967004682364446,5.966025795138582,6.070410490063861,6.267843626205489,6.2218333333333335
2020-07-01,42,atacama kozan,SM,0,1.077,1.0,1.1245130172031228,1.2527821286873686,1.1895161716614144,1.126012792710285,1.1203834395752372,1.0486388888888887
2020-07-01,42,candelaria,LC,2,10.264,10.7,9.814174922061476,9.933190713619606,9.88972098741482,9.583739407689258,9.637817447440387,9.486444444444444
2020-07-01,42,caserones,LC,2,12.849,14.347,10.733663251447615,10.340953159149121,10.532224034943189,11.14928739893957,12.58879008206134,11.628472222222221
2020-07-01,42,centinela_oxidos,SM,1,7.922,5.7,7.6357087855436845,7.505585511244293,7.279331404660503,7.915665800171639,8.989325454575678,7.174611111111111
2020-07-01,42,centinela_sulfuros,LC,2,6.318,20.8,14.299708452239162,14.169277975872733,14.805410383451932,13.908875376319445,13.93869257693763,13.759499999999997
2020-07-01,42,cerro colorado,SM,1,0.0,6.314,5.59017007409161,5.530071759865715,5.779430555160181,5.967141322984876,5.682948026841298,5.7315555555555555
2020-07-01,42,chuquicamata,LC,3,16.976,24.19,41.40861680245905,37.95892653393203,38.59390112839144,30.88039987625241,34.041606544808104,30.87969444444444
2020-07-01,42,collahuasi,LC,3,52.15,47.341,58.4246818678007,58.5661248236027,55.31286641522377,54.118969796765406,60.92817071734958,48.38247222222222
2020-07-01,42,el abra,SM,1,8.841,6.704,5.739805718697991,6.038454461599877,5.930084384400991,5.329478706918956,3.90839321901002,6.943595944444444
2020-07-01,42,el soldado,SM,0,4.915,4.214,4.516887815045251,4.4111095189015135,4.375105668299081,3.716832939168094,3.955210119027206,4.1355555555555545
2020-07-01,42,el teniente,LC,3,26.984,39.561,38.3027854307992,38.91466653329735,39.487865262493955,38.30593220050523,37.7551235413467,37.867361111111116
2020-07-01,42,escondida,LC,3,97.522,97.228,103.46347464794981,101.1729405997407,97.64529423869422,101.69353849066731,96.58973114272412,101.37255555555555
2020-07-01,42,franke,SM,0,1.114,1.65,1.2730504451311513,1.457085088508624,1.3279553685103334,1.1354475169393292,0.9955733707293661,1.5192777777777777
2020-07-01,42,gabriela mistral,SM,1,9.013,9.379,7.504756754104068,7.785598828587377,7.110166660110357,7.593914357985081,6.5922179411979185,8.907000000000002
2020-07-01,42,lomas bayas,SM,1,6.55,6.701,5.887241854872106,6.222049611758061,6.024477150492755,6.209109818149336,6.161773306267184,6.2571111111111115
2020-07-01,42,los bronces,LC,3,14.981,29.657,27.203996153139695,27.03055467549459,27.276835900511788,27.19716790415101,27.244127195982827,27.96994444444444
2020-07-01,42,los pelambres,LC,3,28.087,31.541,31.662241868674894,28.180497229154437,30.309173452012324,31.16475357454638,30.656530615263517,31.07597222222222
2020-07-01,42,mantos blancos,SM,0,3.874,3.835,3.2578738323553096,3.3866993116784494,2.9436108748116734,3.1327751007283084,2.5261922573055773,3.5104999999999995
2020-07-01,42,mantoverde,SM,0,3.394,3.52,3.2881253414690192,3.311259035843981,3.144010544677942,3.2320353062298013,3.0575923033212953,3.442416666666667
2020-07-01,42,ministro hales,LC,2,3.779,13.609,12.547386734832907,11.92599053652858,11.867413746817224,10.954966092775008,11.139421402067475,14.086777777777778
2020-07-01,42,ojos del salado,SM,0,1.052,2.251,2.256204627972776,2.1600082366317186,2.1954833784544334,2.3490028797123617,2.3582560398396306,2.3839722222222224
2020-07-01,42,otros,LC,2,12.176000000000002,13.251566999999998,11.392352156014896,11.591283823746021,11.95791852443375,12.260535824836394,11.987713156914353,11.793626694444443
2020-07-01,42,radomiro tomic,LC,3,26.353,24.658,21.279569316439556,22.885892107990127,20.45858280324719,21.33421319450119,20.127038188848786,24.512444444444444
2020-07-01,42,salvador,SM,0,0.0,3.961,5.196045533835306,5.339150617893982,4.716827675198932,4.643670078024044,4.773482821038184,4.770611111111112
2020-07-01,42,sierra gorda,LC,2,9.09,8.868,10.496278336943888,10.141151179347853,11.45343758028056,12.852692660522719,13.438321509725743,9.611444444444444
2020-07-01,42,zaldivar,SM,1,6.298,9.303,9.16890810124635,8.579504155773012,8.266759820304122,8.591377268081532,8.62135877484841,8.723972222222221
2020-07-01,48,andacollo,SM,0,4.202,5.4,5.131833356851172,4.846129987736521,5.453345637682379,4.8414401614795795,4.560290568243739,5.221916666666666
2020-07-01,48,andina,LC,2,15.292,14.04,13.514840993513376,13.412691554423896,13.582362110309024,15.494325871106923,14.666564252132222,15.61261111111111
2020-07-01,48,antucoya,SM,1,6.718,6.0,6.16213136536502,5.967004682364446,5.975768547407239,6.070410490063861,6.267897842563489,6.2218333333333335
2020-07-01,48,atacama kozan,SM,0,1.208,1.0,1.124484331981615,1.2515971282989495,1.1956445718800646,1.126012792710285,1.1200651170164273,1.0486388888888887
2020-07-01,48,candelaria,LC,2,12.249,10.7,9.613792455256815,9.930897727072866,9.877434036884004,9.583739407689258,9.63808469855272,9.486444444444444
2020-07-01,48,caserones,LC,2,9.504,14.347,10.709048192261069,10.216608044421298,10.528881928290982,11.149287398939572,12.689795185988283,11.628472222222221
2020-07-01,48,centinela_oxidos,SM,1,9.04,5.7,7.8146861569171024,7.505585511244293,7.336126123464095,7.915665800171639,8.993280113668163,7.174611111111111
2020-07-01,48,centinela_sulfuros,LC,2,8.002,20.8,14.410959774053405,14.124632340060806,14.860532617458192,13.908875377959761,13.251907282009732,13.759499999999997
2020-07-01,48,cerro colorado,SM,1,0.0,6.314,5.618553150660332,5.530071759865715,5.722066535849189,5.967141323008913,5.667833245488483,5.7315555555555555
2020-07-01,48,chuquicamata,LC,3,25.849,24.19,41.52500339946932,37.993311720260394,38.59390112839144,30.88039987625241,42.423316367976305,30.87969444444444
2020-07-01,48,collahuasi,LC,3,46.985,47.341,58.040988666677094,58.754395599878244,55.72404829745574,54.118969796765406,61.043678202827046,48.38247222222222
2020-07-01,48,el abra,SM,1,7.983,6.704,5.762946141547063,6.038454461599877,5.914068176163672,5.329478706918956,3.772580937835507,6.943595944444444
2020-07-01,48,el soldado,SM,0,3.715,4.214,4.732193245905805,4.604782517424619,4.5597216319617875,3.716832939168094,3.955210140558358,4.1355555555555545
2020-07-01,48,el teniente,LC,3,26.477,39.561,38.36717431808736,38.91466653329735,39.487865262493955,38.30593220050523,37.786175892994855,37.867361111111116
2020-07-01,48,escondida,LC,3,106.47,97.228,103.58776502887599,101.1729405997407,97.64529423869422,101.69353849066731,96.30711912215801,101.37255555555555
2020-07-01,48,franke,SM,0,0.901,1.65,1.2464450496517125,1.4620196158535161,1.3000795589769893,1.1354475169393292,0.9960911441243463,1.5192777777777777
2020-07-01,48,gabriela mistral,SM,1,9.931,9.379,7.524393126431777,7.787333630622243,7.075222227269783,7.593914357985081,7.4863615326201405,8.907000000000002
2020-07-01,48,lomas bayas,SM,1,5.55,6.701,5.8971733653120015,6.21381126195185,6.019934709906548,6.209109818149336,6.161692244510881,6.2571111111111115
2020-07-01,48,los bronces,LC,3,12.965,29.657,27.24972742365674,27.055040369478718,27.296491239819066,27.19716790415101,27.205809109021853,27.96994444444444
2020-07-01,48,los pelambres,LC,3,26.73,31.541,31.662241868674894,28.20602460140993,30.464716060548888,31.16475357454638,30.650434636330626,31.07597222222222
2020-07-01,48,mantos blancos,SM,0,2.503,3.835,3.2802239700722176,3.3927816276710328,2.838486656422998,3.1327751007283084,2.4843756628111437,3.5104999999999995
2020-07-01,48,mantoverde,SM,0,5.144,3.52,3.3006983257981877,3.309377029187036,3.0079211094684193,3.232035306230542,3.0596615471368382,3.442416666666667
2020-07-01,48,ministro hales,LC,2,3.745,13.609,12.547386734832907,11.91495029857703,11.867413746817224,10.954966092775008,11.139420275413453,14.086777777777778
2020-07-01,48,ojos del salado,SM,0,1.033,2.251,2.3074324698669852,2.1528351228767315,2.195633448442782,2.3490028797123617,2.3514158520928197,2.3839722222222224
2020-07-01,48,otros,LC,2,8.933000000000002,13.251566999999998,11.360696036798721,11.591283823746021,11.947010358708466,12.260535824836394,11.990841150197673,11.793626694444443
2020-07-01,48,radomiro tomic,LC,3,22.813,24.658,21.223264602456627,22.861925394978616,20.45858280324719,21.33421319450119,20.126799116887,24.512444444444444
2020-07-01,48,salvador,SM,0,0.0,3.961,5.236042297964676,5.339150617893982,4.63320526854285,4.643670078024044,4.847714043577708,4.770611111111112
2020-07-01,48,sierra gorda,LC,2,11.409,8.868,10.48533331179524,10.070360057665425,11.44528657507922,12.852692660522719,13.438314539078158,9.611444444444444
2020-07-01,48,zaldivar,SM,1,6.377,9.303,9.266222898964026,8.587268466829219,8.490924662658136,8.591377268469072,8.619859596799968,8.723972222222221
2020-07-01,54,andacollo,SM,0,4.461,5.4,5.100331467874146,4.846129987736521,5.467735793172381,4.8414401614795795,4.595539472149411,5.221916666666666
2020-07-01,54,andina,LC,2,14.098,14.04,13.452283713753937,13.412691554423896,13.477188177681624,15.494325871106923,15.080735580915231,15.61261111111111
2020-07-01,54,antucoya,SM,1,7.065,6.0,6.140092398501651,5.967004682364446,5.959762074330712,6.070410490063861,6.267867946045259,6.2218333333333335
2020-07-01,54,atacama kozan,SM,0,0.975,1.0,1.110131848316652,1.2490599466025163,1.1956445718800646,1.126012792710285,1.1203824374002882,1.0486388888888887
2020-07-01,54,candelaria,LC,2,10.406,10.7,9.613792455256815,9.943732229753355,10.07708530841098,9.583739407689258,9.638001378830436,9.486444444444444
2020-07-01,54,caserones,LC,2,9.863,14.347,10.709048192261069,10.155983496670814,10.54775943565788,11.149287398939572,12.646294193644142,11.628472222222221
2020-07-01,54,centinela_oxidos,SM,1,6.839,5.7,7.65539741691579,7.505585511244293,7.355484733399287,7.915665800171639,8.997066600671667,7.174611111111111
2020-07-01,54,centinela_sulfuros,LC,2,10.271,20.8,14.344889551815289,14.122132671714366,14.877634455977546,13.90887537803484,13.851044831236663,13.759499999999997
2020-07-01,54,cerro colorado,SM,1,0.0,6.314,5.662458418468895,5.530071759865715,5.737165999218654,5.9671413230096775,5.679226096431516,5.7315555555555555
2020-07-01,54,chuquicamata,LC,3,13.055,24.19,41.456443235739314,37.993311720260394,38.59390112839144,30.88039987625241,36.479160776331774,30.87969444444444
2020-07-01,54,collahuasi,LC,3,28.019,47.341,58.21087733743488,58.82405580482653,55.66975473029432,54.118969796765406,61.23409055630098,48.38247222222222
2020-07-01,54,el abra,SM,1,9.701,6.704,5.883777228531566,6.038454461599877,6.144628320559058,5.329478706918956,3.6803751292010376,6.943595944444444
2020-07-01,54,el soldado,SM,0,3.638,4.214,4.786509804955106,4.608689448813252,4.768692836014182,3.716832939168094,3.9552101461188127,4.1355555555555545
2020-07-01,54,el teniente,LC,3,25.733,39.561,38.4243531979022,38.91466653329735,39.445973518683736,38.30593220050523,37.820871533225656,37.867361111111116
2020-07-01,54,escondida,LC,3,109.412,97.228,103.72465739676989,101.1729405997407,97.64529423869422,101.69353849066731,96.20507699172347,101.37255555555555
2020-07-01,54,franke,SM,0,0.892,1.65,1.2476367582724017,1.462019615853516,1.3205584165904862,1.1354475169393292,0.9948741089236,1.5192777777777777
2020-07-01,54,gabriela mistral,SM,1,6.874,9.379,7.584568849588299,7.787333630622243,7.355717193790203,7.593914357985081,6.547355168687381,8.907000000000002
2020-07-01,54,lomas bayas,SM,1,6.242,6.701,5.896761317560085,6.21381126195185,6.098667498959105,6.209109818149336,6.161470664031676,6.2571111111111115
2020-07-01,54,los bronces,LC,3,18.115,29.657,27.162453836347694,27.063463003411986,27.265993744894125,27.19716790415101,27.197776409685726,27.96994444444444
2020-07-01,54,los pelambres,LC,3,23.954,31.541,31.804465321956286,28.231906204775488,30.464716060548888,31.16475357454638,30.65831691416956,31.07597222222222
2020-07-01,54,mantos blancos,SM,0,4.736,3.835,3.318056430655152,3.392781627671033,2.9491451997499682,3.1327751007283084,2.488020699544133,3.5104999999999995
2020-07-01,54,mantoverde,SM,0,8.905,3.52,3.3177736548241157,3.309377029187036,3.0353071216722487,3.2320353062305616,3.0579698409570475,3.442416666666667
2020-07-01,54,ministro hales,LC,2,11.2,13.609,12.469011288972514,11.913124277129425,12.014481085555795,10.954966092775008,11.139420567246743,14.086777777777778
2020-07-01,54,ojos del salado,SM,0,1.343,2.251,2.2778132512626597,2.1528351228767315,2.2018339553975546,2.3490028797123617,2.3560585138656953,2.3839722222222224
2020-07-01,54,otros,LC,2,9.494,13.251566999999998,11.428955879967363,11.601773113686972,11.938830805939581,12.260535824836394,11.989991246681697,11.793626694444443
2020-07-01,54,radomiro tomic,LC,3,20.887,24.658,21.125961866838193,22.82384177159308,20.416967593016558,21.33421319450119,20.12713230389007,24.512444444444444
2020-07-01,54,salvador,SM,0,0.907,3.961,5.218414416642357,5.339150617893982,4.757620503104308,4.643670078024044,4.822098590654493,4.770611111111112
2020-07-01,54,sierra gorda,LC,2,12.3,8.868,10.442146225153039,10.090131207672053,11.37860914982846,12.852692660522719,13.438312447555095,9.611444444444444
2020-07-01,54,zaldivar,SM,1,6.638,9.303,9.365574079902416,8.587268466829219,8.595193929424166,8.591377268487573,8.62021034010365,8.723972222222221
2020-07-01,60,andacollo,SM,0,4.366,5.4,5.003138541405835,4.8461299877365205,5.173530939972577,4.8414401614795795,4.576680618950401,5.221916666666666
2020-07-01,60,andina,LC,2,13.025,14.04,13.229948375439578,13.434525596248815,13.477188177681624,15.494325871106923,14.581825490666505,15.61261111111111
2020-07-01,60,antucoya,SM,1,6.202,6.0,5.979011064894361,5.967004682364446,5.914218679809718,6.070410490063861,6.26786244472664,6.2218333333333335
2020-07-01,60,atacama kozan,SM,0,1.145,1.0,1.1335145414051706,1.2490599466025163,1.2097152338237458,1.126012792710285,1.1203128199516648,1.0486388888888887
2020-07-01,60,candelaria,LC,2,10.102,10.7,9.568335423469955,9.953955182969155,10.07708530841098,9.583739407689258,9.63802740408518,9.486444444444444
2020-07-01,60,caserones,LC,2,11.837,14.347,10.667525973217083,10.164007187384785,10.54775943565788,11.149287398939572,12.71137393766954,11.628472222222221
2020-07-01,60,centinela_oxidos,SM,1,5.917,5.7,7.651814718519461,7.505585511244293,7.55051477846253,7.915665800171639,8.998164023237367,7.174611111111111
2020-07-01,60,centinela_sulfuros,LC,2,13.979,20.8,14.359579359946213,14.122132671714366,14.877634455977546,13.908875378038275,14.316200627700745,13.759499999999997
2020-07-01,60,cerro colorado,SM,1,0.0,6.314,5.463477945337571,5.530071759865715,5.3283791571053944,5.9671413230097015,5.670194623676981,5.7315555555555555
2020-07-01,60,chuquicamata,LC,3,17.088,24.19,40.79338052682199,37.993311720260394,38.59390112839144,30.88039987625241,44.23746941707469,30.87969444444444
2020-07-01,60,collahuasi,LC,3,34.232,47.341,58.21087733743488,58.82405580482653,56.169964924861716,54.118969796765406,61.30653636447957,48.38247222222222
2020-07-01,60,el abra,SM,1,6.984,6.704,5.908536189763937,6.038454461599877,5.822410368159799,5.329478706918956,3.5743607952089236,6.943595944444444
2020-07-01,60,el soldado,SM,0,4.07,4.214,4.768374179550001,4.6086894488132515,4.554933064075257,3.716832939168094,3.9552101461797964,4.1355555555555545
2020-07-01,60,el teniente,LC,3,30.507,39.561,38.00795836398652,38.86902947729433,39.445973518683736,38.30593220050523,37.83830071842223,37.867361111111116
2020-07-01,60,escondida,LC,3,114.78,97.228,102.4354107472337,101.1729405997407,97.64529423869422,101.69353849066731,96.05089457991048,101.37255555555555
2020-07-01,60,franke,SM,0,0.943,1.65,1.226251437992441,1.462019615853516,1.201701530222614,1.1354475169393292,0.9950382658981924,1.5192777777777777
2020-07-01,60,gabriela mistral,SM,1,6.26,9.379,7.401301091270489,7.787333630622243,6.867399392654381,7.593914357985081,7.405606228697656,8.907000000000002
2020-07-01,60,lomas bayas,SM,1,4.78,6.701,5.918003170357629,6.21381126195185,6.079370369766649,6.209109818149336,6.16145508445055,6.2571111111111115
2020-07-01,60,los bronces,LC,3,12.726,29.657,26.82156481960139,26.95417042259109,27.265993744894125,27.19716790415101,27.20918331832504,27.96994444444444
2020-07-01,60,los pelambres,LC,3,25.051,31.541,31.660300573855345,28.231906204775488,30.464716060548888,31.16475357454638,30.65717912159839,31.07597222222222
2020-07-01,60,mantos blancos,SM,0,4.871,3.835,3.3183152130637428,3.392781627671033,2.7052641864823532,3.1327751007283084,2.465261727973782,3.5104999999999995
2020-07-01,60,mantoverde,SM,0,7.76,3.52,3.276962929816405,3.309377029187036,2.8395696640887613,3.232035306230562,3.0569655947112424,3.442416666666667
2020-07-01,60,ministro hales,LC,2,14.81,13.609,12.265125855695189,11.875898608504663,11.957262021662574,10.954966092775008,11.13942058412316,14.086777777777778
2020-07-01,60,ojos del salado,SM,0,1.023,2.251,2.2670706908571248,2.1489211299865243,2.097925636409128,2.3490028797123617,2.3588081349740295,2.3839722222222224
2020-07-01,60,otros,LC,2,8.628,13.251566999999998,11.338045176744961,11.616568390387963,11.938830805939581,12.260535824836394,11.990440227408582,11.793626694444443
2020-07-01,60,radomiro tomic,LC,3,23.844,24.658,20.7590481392671,22.797075181052136,20.416967593016558,21.33421319450119,20.127097390956326,24.512444444444444
2020-07-01,60,salvador,SM,0,4.34,3.961,5.184449233346661,5.339150617893982,4.367032267813547,4.643670078024044,4.849472657442539,4.770611111111112
2020-07-01,60,sierra gorda,LC,2,12.183,8.868,10.346601252849096,10.090357018994652,11.37860914982846,12.852692660522719,13.438312664605897,9.611444444444444
2020-07-01,60,zaldivar,SM,1,4.277,9.303,9.343220152112966,8.587268466829219,8.657839151098205,8.591377268488454,8.620730128713909,8.723972222222221
2020-10-01,6,andacollo,SM,0,3.088,2.1,5.265763772864654,5.171078323029414,4.438700352741637,4.687296184110201,4.527006829213699,5.037833333333334
2020-10-01,6,andina,LC,2,11.804,12.111,13.962171372049903,13.923948164841287,14.212559366085808,15.198719746384747,14.832233643993488,15.47433333333333
2020-10-01,6,antucoya,SM,1,6.182,3.4,6.291713016705273,6.3951586271344505,6.493522227017206,6.444858741708808,6.274381457579859,6.185777777777778
2020-10-01,6,atacama kozan,SM,0,1.027,1.2,1.2391403203776343,1.211738755239326,1.1331028492200608,1.1196692489761133,1.1236507119805312,1.0451944444444443
2020-10-01,6,candelaria,LC,2,8.987,9.4,15.646817087526804,13.66844822658918,14.433953230558416,7.134433203640542,6.462568360702459,8.946083333333332
2020-10-01,6,caserones,LC,2,9.778,10.228,11.308924753183506,11.39626013026914,11.4761502503538,10.825513772827344,12.324902774494623,11.469388888888888
2020-10-01,6,centinela_oxidos,SM,1,5.004,7.6,7.328432098599664,7.157498031073665,6.912186281277097,7.534704981660811,7.793157544289801,7.406305555555556
2020-10-01,6,centinela_sulfuros,LC,2,15.9,10.9,13.2933130301811,14.661113750205438,13.878602324469652,14.05468841382408,14.954137290797046,13.736138888888888
2020-10-01,6,cerro colorado,SM,1,4.888,4.516,5.584889579898427,5.455008118104296,5.7125225549837255,5.898940028812485,5.698710109458174,5.797777777777778
2020-10-01,6,chuquicamata,LC,3,25.605,34.7,38.492021398919874,40.17068520507961,38.13486505675427,33.38621875877188,34.30717743438409,31.29172222222222
2020-10-01,6,collahuasi,LC,3,57.022,50.957,48.7744633294894,49.011777679072864,48.640134375605705,51.354833243386224,51.95632775577592,48.82652777777777
2020-10-01,6,el abra,SM,1,6.061,8.366,6.514946005440511,6.322904413394031,6.609573635119217,5.67703364715024,5.389167794648027,6.830734833333333
2020-10-01,6,el soldado,SM,0,3.26,4.242,4.039470499725303,4.211405396357415,3.8634926203521855,4.057566631498468,3.972368435160317,4.193666666666666
2020-10-01,6,el teniente,LC,3,36.139,41.849,38.59605398814256,41.25444477171002,39.78058016557673,38.36998062347043,37.4463820421284,37.710750000000004
2020-10-01,6,escondida,LC,3,85.661,108.036,95.89622011363655,102.178871737657,97.55952960117908,99.20265808019803,99.7037890838793,100.97919444444445
2020-10-01,6,franke,SM,0,0.821,1.468,1.286310239666829,1.237664546448562,1.2255382784771556,1.0923645800902564,1.0447350610131385,1.4699444444444445
2020-10-01,6,gabriela mistral,SM,1,7.917,10.93,8.049686375415643,8.252176993272824,7.709275649257295,9.214265063150048,8.094108984654302,8.755999999999998
2020-10-01,6,lomas bayas,SM,1,5.2,6.229,5.91017273059202,6.24442310247306,5.7814112812853296,6.108825194271957,6.062210074042206,6.233916666666667
2020-10-01,6,los bronces,LC,3,26.765,28.743,27.300148112636833,28.12433742926705,27.606742065776068,28.29259110582085,27.925391027143828,28.25313888888889
2020-10-01,6,los pelambres,LC,3,29.249,24.898,28.606142965660045,30.311730215828433,30.408836527729896,31.15913112618962,30.6533670492485,31.098361111111117
2020-10-01,6,mantos blancos,SM,0,4.151,3.965,3.5922926409546005,3.652645466067468,3.5513941320707816,3.6151319443469623,3.4528095856936396,3.5063611111111106
2020-10-01,6,mantoverde,SM,0,3.681,3.915,3.3756540639237,3.3609528889871356,3.4724665590992365,3.179057759273652,3.0220812380640036,3.383916666666667
2020-10-01,6,ministro hales,LC,2,15.362,15.143,16.72170354748691,16.408232120867844,16.00888370405103,16.238901102341995,17.60059624571199,14.24488888888889
2020-10-01,6,ojos del salado,SM,0,2.606,2.585,2.0878468882282877,2.0668527806909593,2.2282916257093177,2.316445259493687,2.2045766770024264,2.3738333333333337
2020-10-01,6,otros,LC,2,11.06465804,11.847238,11.193788575428597,11.14577921274101,11.096380712512346,11.907912827401814,11.985083809082427,11.708844543888889
2020-10-01,6,radomiro tomic,LC,3,22.696,21.219,20.00277107870307,22.63803866650725,21.514057253207223,21.715843478010004,21.27989605959893,24.119333333333334
2020-10-01,6,salvador,SM,0,4.208,7.859,5.01080219189377,5.331811956801927,5.30593770019949,4.657153266800118,6.048363619612994,4.699138888888889
2020-10-01,6,sierra gorda,LC,2,18.729,9.162,10.404113560419354,10.437378338791731,10.862975043801214,12.9452959760287,13.233342877335474,10.019805555555557
2020-10-01,6,zaldivar,SM,1,6.108,10.582,8.208337886241058,8.070020213343103,8.22290479082481,8.444151735898446,8.486223019395883,8.584666666666667
2020-10-01,9,andacollo,SM,0,3.84,2.1,5.267726755579167,5.1710783230294135,4.536339973819847,4.687297912303265,3.8837671740005675,5.037833333333334
2020-10-01,9,andina,LC,2,19.517,12.111,14.664420193375829,13.981316560634331,14.506907608822186,15.198760460387765,15.435323016263068,15.47433333333333
2020-10-01,9,antucoya,SM,1,5.202,3.4,6.293110408165583,6.3951586271344505,6.520389385182409,6.4445066898548875,6.269980008144828,6.185777777777778
2020-10-01,9,atacama kozan,SM,0,1.125,1.2,1.2429668654061388,1.211738755239326,1.1724460555336151,1.1196692793535394,1.0780604349748553,1.0451944444444443
2020-10-01,9,candelaria,LC,2,9.268,9.4,16.44996698350624,13.728429642309967,14.735067898575656,7.134433222475735,6.845494422448447,8.946083333333332
2020-10-01,9,caserones,LC,2,10.492,10.228,11.906957453439409,11.403856066446622,11.545601022580552,10.816684070877464,12.02881992425543,11.469388888888888
2020-10-01,9,centinela_oxidos,SM,1,7.725,7.6,7.341269307864812,7.157498031073665,6.902253345436714,7.534703923699382,7.803433344656532,7.406305555555556
2020-10-01,9,centinela_sulfuros,LC,2,14.8,10.9,14.07672143637443,14.679079530442374,14.12562389290969,13.988635635891866,16.04102108999567,13.736138888888888
2020-10-01,9,cerro colorado,SM,1,4.555,4.516,5.546599269819486,5.457860565743748,5.650689002273481,5.910843796129034,5.626593541376224,5.797777777777778
2020-10-01,9,chuquicamata,LC,3,13.678,34.7,41.003449876758935,40.17068520507961,38.62906697099553,33.38112462463983,36.551021780032364,31.29172222222222
2020-10-01,9,collahuasi,LC,3,54.03,50.957,51.88832406983789,49.03774939829417,49.78349046922384,51.377637759677086,52.90614379343871,48.82652777777777
2020-10-01,9,el abra,SM,1,5.504,8.366,6.509298435214413,6.3308734324812885,6.623602888008835,5.67703364714856,5.343159685273666,6.830734833333333
2020-10-01,9,el soldado,SM,0,4.427,4.242,4.028375637362158,4.211405396357415,3.9728351488041196,4.055915904608865,3.8169817370211776,4.193666666666666
2020-10-01,9,el teniente,LC,3,41.2,41.849,40.94075500119578,41.25444477171002,40.29610931573222,38.36996618313915,37.2823919925385,37.710750000000004
2020-10-01,9,escondida,LC,3,86.258,108.036,99.39035030557754,102.178871737657,98.32369668255596,99.20179417463584,98.2015575068032,100.97919444444445
2020-10-01,9,franke,SM,0,0.887,1.468,1.2864163774473534,1.237664546448562,1.2577877229731704,1.0924021894608957,1.0605418528943218,1.4699444444444445
2020-10-01,9,gabriela mistral,SM,1,10.068,10.93,8.046256318558678,8.246889279274592,7.725639321931417,9.214255140724125,8.449749191914078,8.755999999999998
2020-10-01,9,lomas bayas,SM,1,5.5,6.229,5.926764577242179,6.246064685461004,5.805332057388336,6.108829136544919,6.1184371684808445,6.233916666666667
2020-10-01,9,los bronces,LC,3,26.301,28.743,27.800789521372078,28.12433742926705,27.71147698629275,28.292567463825264,28.938431721260443,28.25313888888889
2020-10-01,9,los pelambres,LC,3,27.911,24.898,30.741969604378617,30.324079684904365,30.764771674307415,31.15913737233562,29.464929767749975,31.098361111111117
2020-10-01,9,mantos blancos,SM,0,4.27,3.965,3.599044112917875,3.652645466067468,3.622232025703314,3.6123639199633657,3.256065640382392,3.5063611111111106
2020-10-01,9,mantoverde,SM,0,4.3,3.915,3.371939546807722,3.3609528889871356,3.5554460467975106,3.181626579990301,3.0277966800487692,3.383916666666667
2020-10-01,9,ministro hales,LC,2,16.5,15.143,16.772199156334402,16.408232120867844,16.083897349261765,16.23890110170863,17.615813869279577,14.24488888888889
2020-10-01,9,ojos del salado,SM,0,2.121,2.585,2.0851845018171913,2.0672118372785238,2.295613288269477,2.3164482186109723,2.3341237432146418,2.3738333333333337
2020-10-01,9,otros,LC,2,10.465720999999998,11.847238,11.618791405105663,11.14577921274101,11.168892209215105,11.907912965704588,11.991704977386446,11.708844543888889
2020-10-01,9,radomiro tomic,LC,3,23.227,21.219,21.23784482375682,22.63803866650725,21.76587779438735,21.706845475734504,21.13420691781165,24.119333333333334
2020-10-01,9,salvador,SM,0,3.862,7.859,5.044253774311479,5.347799169247648,5.392329579018461,4.657032665129743,4.7549251546889115,4.699138888888889
2020-10-01,9,sierra gorda,LC,2,17.394,9.162,10.628306204773995,10.436191645590645,10.992351291999892,12.945295976029781,13.455336196805208,10.019805555555557
2020-10-01,9,zaldivar,SM,1,6.879,10.582,8.239582496076384,8.118305513387451,8.256927232984436,8.50346348954864,8.56693118875775,8.584666666666667
2020-10-01,12,andacollo,SM,0,3.734,2.1,5.259890382427862,5.16239837397752,4.524492502754008,4.6872979172179745,4.379811279141397,5.037833333333334
2020-10-01,12,andina,LC,2,17.434,12.111,14.810161020783395,14.007950761965668,14.622954630206642,15.198760326146557,14.586230740710814,15.47433333333333
2020-10-01,12,antucoya,SM,1,6.489,3.4,6.309075519043569,6.39515862713445,6.559090624564673,6.44449546172683,6.275201678976099,6.185777777777778
2020-10-01,12,atacama kozan,SM,0,1.178,1.2,1.2488999554646918,1.2114635772108713,1.1362486626038486,1.1196692793333416,1.1158017119401493,1.0451944444444443
2020-10-01,12,candelaria,LC,2,11.584,9.4,16.804439627274455,14.133762822580444,14.821838081909773,7.1344332224741525,5.8309444228562155,8.946083333333332
2020-10-01,12,caserones,LC,2,12.675,10.228,11.92107675540359,11.435206490527325,11.59383466825571,10.815765369758047,12.273552116866657,11.469388888888888
2020-10-01,12,centinela_oxidos,SM,1,8.114,7.6,7.33367784219439,7.156101033242869,6.883866108703924,7.534703929319207,7.701052474865316,7.406305555555556
2020-10-01,12,centinela_sulfuros,LC,2,14.5,10.9,14.356944910520792,14.679079530442374,14.153482498858894,13.974615503738999,12.787984881175234,13.736138888888888
2020-10-01,12,cerro colorado,SM,1,5.045,4.516,5.551613573813202,5.4311806576085315,5.595259912265691,5.912941331312715,5.6582733220743995,5.797777777777778
2020-10-01,12,chuquicamata,LC,3,18.941,34.7,41.46989708240848,40.17068520507961,38.734266449030095,33.38096578299208,40.83940301020644,31.29172222222222
2020-10-01,12,collahuasi,LC,3,49.525,50.957,52.02567724160399,49.03774939829417,49.972689044037914,51.378806517367124,51.322485019613325,48.82652777777777
2020-10-01,12,el abra,SM,1,7.751,8.366,6.455945349520221,6.335173093822215,6.6233832855414665,5.67703364714856,5.127176341566422,6.830734833333333
2020-10-01,12,el soldado,SM,0,3.529,4.242,4.028442638583429,4.2089638769626685,3.988796535373178,4.0558063204543435,4.149795821536245,4.193666666666666
2020-10-01,12,el teniente,LC,3,37.414,41.849,40.80812741421654,41.25444477171002,40.37558114578602,38.36996615571049,38.95776391134049,37.710750000000004
2020-10-01,12,escondida,LC,3,84.651,108.036,99.43904808885549,102.178871737657,98.77135822212077,99.20176292983984,94.50274972240534,100.97919444444445
2020-10-01,12,franke,SM,0,1.04,1.468,1.2831625789882957,1.2382745087451408,1.2546891565186356,1.0924032642814947,1.0375233333242277,1.4699444444444445
2020-10-01,12,gabriela mistral,SM,1,9.616,10.93,8.096532424217072,8.246889279274592,7.800909992063132,9.214255198720945,9.378069584049866,8.755999999999998
2020-10-01,12,lomas bayas,SM,1,5.3,6.229,5.95771643434326,6.246064685461004,5.810859577979212,6.108829160566542,6.045955468313452,6.233916666666667
2020-10-01,12,los bronces,LC,3,27.684,28.743,27.83226267596063,28.107795260959143,27.648195283753783,28.292567532739206,29.761220896821087,28.25313888888889
2020-10-01,12,los pelambres,LC,3,20.373,24.898,30.969459003584237,30.324079684904365,30.848554276432637,31.1591373862851,30.697166988328668,31.098361111111117
2020-10-01,12,mantos blancos,SM,0,3.53,3.965,3.610728202079506,3.65052788205258,3.622111932288344,3.612153172316188,3.8473544492784213,3.5063611111111106
2020-10-01,12,mantoverde,SM,0,4.92,3.915,3.3904638588109006,3.3609528889871356,3.5837788667144443,3.182036348924167,3.0210548120295226,3.383916666666667
2020-10-01,12,ministro hales,LC,2,12.222,15.143,16.932103244083475,16.408232120867844,16.12769798564772,16.23890110170864,16.29525972831872,14.24488888888889
2020-10-01,12,ojos del salado,SM,0,2.402,2.585,2.0722025072844987,2.0637855957665208,2.304291280897577,2.316448225013597,2.0818023046739778,2.3738333333333337
2020-10-01,12,otros,LC,2,12.480114,11.847238,11.627403249219801,11.14577921274101,11.215552010310248,11.907912965764233,11.618961358220265,11.708844543888889
2020-10-01,12,radomiro tomic,LC,3,34.15,21.219,21.324185207775674,22.63803866650725,21.808804536399553,21.706337456353182,21.824797212372182,24.119333333333334
2020-10-01,12,salvador,SM,0,4.293,7.859,5.090157109599815,5.361333679583459,5.483131857122025,4.657029787238214,4.278634455098153,4.699138888888889
2020-10-01,12,sierra gorda,LC,2,13.341,9.162,10.649544072862628,10.436191645590645,11.054178220763497,12.945295976029781,13.46375290451347,10.019805555555557
2020-10-01,12,zaldivar,SM,1,8.094,10.582,8.265199516878628,8.111962269759504,8.281148600047837,8.518333847996292,8.631283446819712,8.584666666666667
2020-10-01,18,andacollo,SM,0,4.293,2.1,5.262357577019696,5.196068901516631,4.594054857935271,4.687297917231991,4.391786591843121,5.037833333333334
2020-10-01,18,andina,LC,2,12.175,12.111,14.447511495364623,14.20280330883764,14.57674018087255,15.198760326587715,15.571914316233412,15.47433333333333
2020-10-01,18,antucoya,SM,1,6.143,3.4,6.298177956485242,6.3951586271344505,6.4854509194234655,6.444495092202607,6.272302533596759,6.185777777777778
2020-10-01,18,atacama kozan,SM,0,1.047,1.2,1.244628205239026,1.2145634459818815,1.1375799047143604,1.1196692793333551,1.1159938802481801,1.0451944444444443
2020-10-01,18,candelaria,LC,2,12.4,9.4,16.767956298038342,15.108646414228634,15.320614340685518,7.1344332224741525,6.220947324085032,8.946083333333332
2020-10-01,18,caserones,LC,2,8.945,10.228,11.222014570915423,11.427414791996739,11.55487354250112,10.815659836370047,12.265282546054312,11.469388888888888
2020-10-01,18,centinela_oxidos,SM,1,8.0,7.6,7.298599428951052,7.160828498523974,6.817069211305729,7.534703929289514,7.762499237206801,7.406305555555556
2020-10-01,18,centinela_sulfuros,LC,2,10.4,10.9,13.849278078848052,14.68008112398023,14.167602027491712,13.971007992833558,13.143972748368785,13.736138888888888
2020-10-01,18,cerro colorado,SM,1,4.8,4.516,5.3966714150000215,5.442514506147243,5.587695345570495,5.913376059789179,5.683074865587281,5.797777777777778
2020-10-01,18,chuquicamata,LC,3,21.753,34.7,39.846596838458154,40.17593879538984,38.91037757150272,33.38096067566803,37.013940102220225,31.29172222222222
2020-10-01,18,collahuasi,LC,3,41.9,50.957,50.49089723540476,49.16568652422712,49.83104752715776,51.37886948749598,52.36135099263866,48.82652777777777
2020-10-01,18,el abra,SM,1,5.6,8.366,6.505293805853134,6.313728038964942,6.868101158563385,5.67703364714856,4.893686022247798,6.830734833333333
2020-10-01,18,el soldado,SM,0,2.278,4.242,4.032258765763902,4.211671021364279,3.9496835021005583,4.055798562727483,4.0630336895723875,4.193666666666666
2020-10-01,18,el teniente,LC,3,31.567,41.849,38.88010162239937,41.25444477171002,40.17890989706087,38.3699661556583,37.70837011915272,37.710750000000004
2020-10-01,18,escondida,LC,3,87.9,108.036,96.1189110235449,102.31187100169828,99.21871452715632,99.20176175894245,97.30927336929606,100.97919444444445
2020-10-01,18,franke,SM,0,0.661,1.468,1.3281022718396374,1.2548249944137708,1.2854024134320914,1.0924032958761305,1.0271089028105522,1.4699444444444445
2020-10-01,18,gabriela mistral,SM,1,10.25,10.93,8.089828439012445,8.232754178616146,7.949701726494532,9.214255198383935,8.082105467724443,8.755999999999998
2020-10-01,18,lomas bayas,SM,1,5.491,6.229,5.886656556165133,6.256444891192849,5.733427789537062,6.108829160713807,6.053888855956686,6.233916666666667
2020-10-01,18,los bronces,LC,3,16.419,28.743,26.70745779632346,28.089496161038852,27.45212829534155,28.292567532538914,29.40967848779433,28.25313888888889
2020-10-01,18,los pelambres,LC,3,20.1,24.898,29.822931771760327,30.33212506199578,30.988811406085564,31.159137386316324,30.690856946295007,31.098361111111117
2020-10-01,18,mantos blancos,SM,0,4.141,3.965,3.5225651660457,3.6468546182494346,3.5646664676931796,3.6121359050766437,3.5310490792065448,3.5063611111111106
2020-10-01,18,mantoverde,SM,0,4.271,3.915,3.3991574917059957,3.3609528889871356,3.5453270954675924,3.1821121405364545,3.0628705549870934,3.383916666666667
2020-10-01,18,ministro hales,LC,2,12.149,15.143,16.38826990194703,16.3892369008382,16.19461442127448,16.23890110170864,16.503996395660867,14.24488888888889
2020-10-01,18,ojos del salado,SM,0,1.503,2.585,2.14080811365953,2.085671730816309,2.3456720985906485,2.3164482250274805,2.3025057217649127,2.3738333333333337
2020-10-01,18,otros,LC,2,11.941515,11.847238,11.100687894504917,11.143284992768073,11.11769293155028,11.907912965764258,11.818392347743902,11.708844543888889
2020-10-01,18,radomiro tomic,LC,3,25.491,21.219,20.35834157359264,22.63096085788487,21.702572881036147,21.70630715464129,21.378958993612923,24.119333333333334
2020-10-01,18,salvador,SM,0,2.85,7.859,6.3739284804704495,5.488193655731671,5.663605851357568,4.657029716924947,5.18545534402631,4.699138888888889
2020-10-01,18,sierra gorda,LC,2,13.015,9.162,10.313240339231388,10.436191645590645,10.993031651363642,12.945295976029781,13.536227837045669,10.019805555555557
2020-10-01,18,zaldivar,SM,1,7.1,10.582,8.299686361457882,8.078824201047956,8.655758874872989,8.522996795639296,8.54007812080911,8.584666666666667
2020-10-01,24,andacollo,SM,0,3.961,2.1,5.028311364733168,5.196068901516631,4.776136762240323,4.687297917231991,4.336033996723312,5.037833333333334
2020-10-01,24,andina,LC,2,11.063,12.111,14.397246223521377,14.20021571487823,14.598770646992492,15.19876032658772,15.489034768027755,15.47433333333333
2020-10-01,24,antucoya,SM,1,7.356126,3.4,6.311101125830446,6.3951586271344505,6.448455658273474,6.444495091826732,6.272212951526141,6.185777777777778
2020-10-01,24,atacama kozan,SM,0,1.176,1.2,1.2502500196377575,1.2137394832549147,1.1390002978513671,1.1196692793333551,1.1137232811536781,1.0451944444444443
2020-10-01,24,candelaria,LC,2,7.651,9.4,16.657256396966968,15.57050562720223,15.748161308654037,7.1344332224741525,6.159187372942407,8.946083333333332
2020-10-01,24,caserones,LC,2,10.426297993513188,10.228,11.49974582175025,11.477061941802422,11.600587098986967,10.815658693896154,12.232216691380799,11.469388888888888
2020-10-01,24,centinela_oxidos,SM,1,9.618,7.6,7.363232886325759,7.185715675512764,6.778182208664021,7.534703929289513,7.738448382942508,7.406305555555556
2020-10-01,24,centinela_sulfuros,LC,2,14.262,10.9,14.146194969059044,14.687462064864304,14.163651796113788,13.97084546427154,14.64140284294853,13.736138888888888
2020-10-01,24,cerro colorado,SM,1,4.357,4.516,5.287398011159454,5.420685218973522,5.554794870063327,5.913389557736834,5.657189319126664,5.797777777777778
2020-10-01,24,chuquicamata,LC,3,22.285,34.7,42.40903674288415,40.264197323087245,39.15986237094107,33.38096067070231,43.07990546488987,31.29172222222222
2020-10-01,24,collahuasi,LC,3,44.931,50.957,50.98903292599814,49.444108961725135,50.264210619080266,51.37886965289839,52.0665570987105,48.82652777777777
2020-10-01,24,el abra,SM,1,9.299,8.366,6.492042781746838,6.326936220341443,6.820623251532216,5.67703364714856,4.687523318878291,6.830734833333333
2020-10-01,24,el soldado,SM,0,5.035,4.242,4.0911465205794055,4.225499351940464,3.9568759283304047,4.055798528539022,4.068191309262759,4.193666666666666
2020-10-01,24,el teniente,LC,3,38.725,41.849,40.94313801226113,41.270937803645936,40.43922191046464,38.3699661556583,38.56472602011604,37.710750000000004
2020-10-01,24,escondida,LC,3,99.734,108.036,100.92277215705609,102.45600977667505,100.13404099040469,99.20176175741086,94.37695468210421,100.97919444444445
2020-10-01,24,franke,SM,0,1.233,1.468,1.3281850125495727,1.257286144340775,1.2746649843929816,1.0924032959019352,1.0246686400644065,1.4699444444444445
2020-10-01,24,gabriela mistral,SM,1,7.042,10.93,8.115967913879043,8.23938505953774,7.8828186790122245,9.214255198383922,9.326990611648876,8.755999999999998
2020-10-01,24,lomas bayas,SM,1,5.87,6.229,5.943624639743439,6.2696030844948005,5.709348438534929,6.108829160713812,6.050593513440382,6.233916666666667
2020-10-01,24,los bronces,LC,3,29.719,28.743,27.45943249449274,28.089496161038852,27.52392273664576,28.29256753253891,28.87071438868138,28.25313888888889
2020-10-01,24,los pelambres,LC,3,30.96,24.898,31.462749040980857,30.34370017052396,31.160829633477903,31.159137386316324,30.70022888474081,31.098361111111117
2020-10-01,24,mantos blancos,SM,0,4.532,3.965,3.5465183524291537,3.646194209952867,3.5348894729153453,3.612135804982525,3.716103727690468,3.5063611111111106
2020-10-01,24,mantoverde,SM,0,3.311,3.915,3.38292558521414,3.358154765409865,3.5243882878827995,3.1821140690896175,3.0633796828170294,3.383916666666667
2020-10-01,24,ministro hales,LC,2,14.433,15.143,16.615815568801004,16.29641544441455,16.20740826997006,16.23890110170864,16.543400050215144,14.24488888888889
2020-10-01,24,ojos del salado,SM,0,1.1384098842376669,2.585,2.1359593026604164,2.086581046043242,2.3817655118556567,2.3164482250274805,2.3474400984425374,2.3738333333333337
2020-10-01,24,otros,LC,2,9.450314989185712,11.847238,11.36439508857394,11.137528114756535,11.065498293049751,11.907912965764258,11.776293865792374,11.708844543888889
2020-10-01,24,radomiro tomic,LC,3,26.986,21.219,20.73819265018939,22.629779271363475,21.676419647015827,21.70630705805054,21.452505581156014,24.119333333333334
2020-10-01,24,salvador,SM,0,3.753,7.859,6.588794322858654,5.502572531932535,5.638335244926747,4.657029716884908,4.607310716968467,4.699138888888889
2020-10-01,24,sierra gorda,LC,2,14.885564678817758,9.162,10.589781071739809,10.436191645590645,11.024020393441475,12.945295976029781,13.529371355525539,10.019805555555557
2020-10-01,24,zaldivar,SM,1,7.461,10.582,8.309190425880688,8.068405484673033,8.58629336363897,8.523289899732807,8.516938125957047,8.584666666666667
2020-10-01,30,andacollo,SM,0,3.377,2.1,5.162082699493971,5.219864335863051,4.775767582218425,4.687297917231991,4.340569810312089,5.037833333333334
2020-10-01,30,andina,LC,2,8.61,12.111,14.334035021589383,14.324610233293384,14.475078073740708,15.19876032658772,15.821114992075794,15.47433333333333
2020-10-01,30,antucoya,SM,1,5.771,3.4,6.320333819054964,6.3951586271344505,6.4995713972071725,6.44449509182635,6.272496806467705,6.185777777777778
2020-10-01,30,atacama kozan,SM,0,1.374,1.2,1.2610187129814772,1.2142484729038194,1.1600857072705903,1.1196692793333551,1.113778872497348,1.0451944444444443
2020-10-01,30,candelaria,LC,2,10.574,9.4,16.45068982919843,15.340497880346698,15.762843214432225,7.1344332224741525,6.1973217105772,8.946083333333332
2020-10-01,30,caserones,LC,2,9.161,10.228,11.310579456774507,11.442046206973984,11.603788214188974,10.81565868152806,12.22721848831485,11.469388888888888
2020-10-01,30,centinela_oxidos,SM,1,6.065934,7.6,7.367126064838218,7.24009199656049,6.845156249143835,7.534703929289513,7.7544942494368065,7.406305555555556
2020-10-01,30,centinela_sulfuros,LC,2,12.806759283752966,10.9,14.172366995918418,14.716235561626744,14.169051714024524,13.970838141900474,14.394912986057854,13.736138888888888
2020-10-01,30,cerro colorado,SM,1,4.269,4.516,5.25395399406593,5.429016947279487,5.579159187831757,5.913389976836573,5.67153618369795,5.797777777777778
2020-10-01,30,chuquicamata,LC,3,12.386,34.7,41.65152613788442,40.31084682874519,39.19071675222483,33.380960670697476,39.52854694857797,31.29172222222222
2020-10-01,30,collahuasi,LC,3,41.541,50.957,50.41801432661899,49.59390909112407,50.489185682980604,51.37886965333285,52.540662531265234,48.82652777777777
2020-10-01,30,el abra,SM,1,8.209,8.366,6.438964047361575,6.330739025688109,6.642070959676332,5.67703364714856,4.5037839087948335,6.830734833333333
2020-10-01,30,el soldado,SM,0,3.913,4.242,4.114876154330137,4.237284502308662,3.9544160891366316,4.055798528388352,4.0652355316216,4.193666666666666
2020-10-01,30,el teniente,LC,3,26.417,41.849,39.86268688586765,41.243392984335976,40.6686526921174,38.3699661556583,37.85694021878783,37.710750000000004
2020-10-01,30,escondida,LC,3,105.142,108.036,99.68657706940934,102.64140495096775,101.33243069809197,99.20176175740889,95.95925932376525,100.97919444444445
2020-10-01,30,franke,SM,0,1.171,1.468,1.328824558437823,1.2621142061918504,1.2960603085050797,1.0924032959019563,1.021144669848623,1.4699444444444445
2020-10-01,30,gabriela mistral,SM,1,7.794,10.93,7.622604232744322,8.217537688886434,7.672731429607083,9.214255198383922,8.070469762507567,8.755999999999998
2020-10-01,30,lomas bayas,SM,1,4.378,6.229,5.9252797931229475,6.257343555533928,5.713130464586695,6.108829160713812,6.052201664821335,6.233916666666667
2020-10-01,30,los bronces,LC,3,19.842,28.743,27.09428108765964,28.044054101572677,27.538185302655528,28.29256753253891,28.973743160153795,28.25313888888889
2020-10-01,30,los pelambres,LC,3,19.068,24.898,31.069497796764455,30.325872266554203,31.326182634592943,31.159137386316324,30.69887870773648,31.098361111111117
2020-10-01,30,mantos blancos,SM,0,4.25,3.965,3.46950300963236,3.6228262430149996,3.4170465148959637,3.6121358044023033,3.567748847893246,3.5063611111111106
2020-10-01,30,mantoverde,SM,0,2.846,3.915,3.363879997337275,3.3627712279330226,3.487315619577842,3.1821141181625583,3.0426546729763584,3.383916666666667
2020-10-01,30,ministro hales,LC,2,11.182,15.143,15.898537229470572,16.217647514227668,16.18289311696361,16.23890110170864,16.537099002668715,14.24488888888889
2020-10-01,30,ojos del salado,SM,0,1.243,2.585,2.0987449314407667,2.10348071571978,2.3198033210405375,2.3164482250274805,2.2674043066682756,2.3738333333333337
2020-10-01,30,otros,LC,2,11.856488506198836,11.847238,11.284823293210694,11.141209981563911,11.080319122038087,11.907912965764258,11.799225397631488,11.708844543888889
2020-10-01,30,radomiro tomic,LC,3,24.518,21.219,19.98316401348155,22.55928298427901,21.546087260859927,21.70630705774264,21.392352392713725,24.119333333333334
2020-10-01,30,salvador,SM,0,1.586,7.859,6.476685259946697,5.516450829670252,5.5270544963657215,4.657029716884886,4.904852193295235,4.699138888888889
2020-10-01,30,sierra gorda,LC,2,12.653,9.162,10.564102131474291,10.42551048212177,11.02318839371895,12.945295976029781,13.527214007048588,10.019805555555557
2020-10-01,30,zaldivar,SM,1,6.781,10.582,8.23867616777243,8.145510252740957,8.612157448353306,8.523308323703267,8.551135697001234,8.584666666666667
2020-10-01,36,andacollo,SM,0,3.902,2.1,4.991834413751839,5.219864335863051,4.72702119518983,4.687297917231991,4.319452751800366,5.037833333333334
2020-10-01,36,andina,LC,2,16.308,12.111,14.345635208443783,14.320476263397104,14.48089482345318,15.19876032658772,15.793192584093495,15.47433333333333
2020-10-01,36,antucoya,SM,1,7.18,3.4,6.327029211919609,6.3951586271344505,6.538233931727983,6.44449509182635,6.2725055774848615,6.185777777777778
2020-10-01,36,atacama kozan,SM,0,1.207,1.2,1.2579663835831685,1.2140871449392443,1.1468935376889833,1.1196692793333551,1.1131220230100713,1.0451944444444443
2020-10-01,36,candelaria,LC,2,10.825,9.4,16.852157390830858,14.937093107060942,15.75762963719953,7.1344332224741525,6.191282845682195,8.946083333333332
2020-10-01,36,caserones,LC,2,9.659,10.228,11.439438978409363,11.421322361578213,11.737464975298845,10.815658681394169,12.207281013156146,11.469388888888888
2020-10-01,36,centinela_oxidos,SM,1,7.511,7.6,7.476400061479117,7.267950646765049,6.959550944260035,7.534703929289513,7.748213742930206,7.406305555555556
2020-10-01,36,centinela_sulfuros,LC,2,15.955,10.9,14.836400191169288,14.772008153431878,14.149710890071407,13.970837812006963,13.35816499459134,13.736138888888888
2020-10-01,36,cerro colorado,SM,1,1.256,4.516,5.286488820003812,5.410664689224068,5.545132533090952,5.913389989849263,5.656510849275207,5.797777777777778
2020-10-01,36,chuquicamata,LC,3,23.173,34.7,44.08991058258927,40.31084682874519,39.59161023975874,33.380960670697476,45.159885024841415,31.29172222222222
2020-10-01,36,collahuasi,LC,3,54.803,50.957,51.8182545728601,49.73535661184555,50.781463007560035,51.37886965333399,52.40612540216245,48.82652777777777
2020-10-01,36,el abra,SM,1,8.137,8.366,6.066566009274865,6.318968464016946,6.5221961055544195,5.67703364714856,4.341549287200022,6.830734833333333
2020-10-01,36,el soldado,SM,0,2.476,4.242,4.116027872576293,4.244698378901832,3.9639330133992567,4.055798528387688,4.0654104755734535,4.193666666666666
2020-10-01,36,el teniente,LC,3,31.479,41.849,41.841517669648674,41.243392984335976,41.12161442664211,38.3699661556583,38.342068738186356,37.710750000000004
2020-10-01,36,escondida,LC,3,88.354,108.036,103.68037179675628,103.02812878784475,101.85117920639152,99.20176175740889,94.30603203857662,100.97919444444445
2020-10-01,36,franke,SM,0,1.16,1.468,1.283995282475217,1.2603648759082386,1.2673747647607894,1.0924032959019563,1.0203189489198783,1.4699444444444445
2020-10-01,36,gabriela mistral,SM,1,10.527,10.93,7.652693904576313,8.186965843439612,7.655233484507122,9.214255198383922,9.27746625147808,8.755999999999998
2020-10-01,36,lomas bayas,SM,1,6.002,6.229,5.98603146635359,6.26324374457401,5.721938541576051,6.108829160713812,6.051533676567739,6.233916666666667
2020-10-01,36,los bronces,LC,3,20.227,28.743,27.56448095614639,27.975339996342495,27.666029291599767,28.29256753253891,29.13170182380681,28.25313888888889
2020-10-01,36,los pelambres,LC,3,28.023,24.898,31.952173158390423,30.356978953669525,31.520738598841287,31.159137386316324,30.70088404711582,31.098361111111117
2020-10-01,36,mantos blancos,SM,0,4.045,3.965,3.4488329210561366,3.6074232610266743,3.3821686174240293,3.61213580439894,3.65454396895106,3.5063611111111106
2020-10-01,36,mantoverde,SM,0,3.007,3.915,3.2122203202936777,3.3366507630626465,3.4489146557310186,3.182114119411242,3.042402335494275,3.383916666666667
2020-10-01,36,ministro hales,LC,2,14.909,15.143,15.877368041255437,16.16562274225492,16.074521844802238,16.23890110170864,16.53590954082662,14.24488888888889
2020-10-01,36,ojos del salado,SM,0,1.385,2.585,2.02560556709538,2.110571975440525,2.283311488089952,2.3164482250274805,2.251109240110769,2.3738333333333337
2020-10-01,36,otros,LC,2,12.753735280653318,11.847238,11.567414164702914,11.143770063184347,11.145193823043721,11.907912965764258,11.794384712231714,11.708844543888889
2020-10-01,36,radomiro tomic,LC,3,22.463,21.219,20.630507563185642,22.56869972339984,21.49863241536181,21.706307057741657,21.402275421403345,24.119333333333334
2020-10-01,36,salvador,SM,0,0.534,7.859,6.056370515287834,5.511714410293675,5.463144921648459,4.657029716884886,4.71516204496034,4.699138888888889
2020-10-01,36,sierra gorda,LC,2,11.191,9.162,10.732272096402632,10.385575439123652,11.048293103632854,12.945295976029781,13.52741810272353,10.019805555555557
2020-10-01,36,zaldivar,SM,1,7.572,10.582,8.383420646602715,8.180420184078347,8.650760762436374,8.523309481799297,8.559422612872758,8.584666666666667
2020-10-01,42,andacollo,SM,0,2.507,2.1,4.999027276366259,5.224524559062252,4.63454139208662,4.687297917231991,4.321170753280775,5.037833333333334
2020-10-01,42,andina,LC,2,14.54,12.111,14.522739385997216,14.399151824184168,14.711859232326841,15.19876032658772,15.905071566296833,15.47433333333333
2020-10-01,42,antucoya,SM,1,6.592,3.4,6.332491170773962,6.3951586271344505,6.22670694693404,6.44449509182635,6.2724777851306435,6.185777777777778
2020-10-01,42,atacama kozan,SM,0,0.668,1.2,1.2623179710041972,1.2151212923607575,1.1759178131005128,1.1196692793333551,1.1131381047330293,1.0451944444444443
2020-10-01,42,candelaria,LC,2,8.25,9.4,16.785854619505212,15.31749261999918,15.633030974685209,7.1344332224741525,6.195011606935668,8.946083333333332
2020-10-01,42,caserones,LC,2,7.891,10.228,11.199454957953103,11.421421896992623,11.805115278571602,10.81565868139272,12.204267293342157,11.469388888888888
2020-10-01,42,centinela_oxidos,SM,1,8.98,7.6,7.637167785242951,7.299312526026278,7.077404803836505,7.534703929289513,7.752403871389474,7.406305555555556
2020-10-01,42,centinela_sulfuros,LC,2,6.862,10.9,14.91694677061672,14.77746704906019,14.244666075207444,13.970837797144327,13.528822586208594,13.736138888888888
2020-10-01,42,cerro colorado,SM,1,0.0,4.516,5.356893786471471,5.4134265213498125,5.459527058215111,5.913389990253295,5.6648379697061335,5.797777777777778
2020-10-01,42,chuquicamata,LC,3,19.64,34.7,43.79687840398417,40.39824775458396,39.70144845230688,33.380960670697476,41.862981883883066,31.29172222222222
2020-10-01,42,collahuasi,LC,3,42.269,50.957,52.78305673089273,50.222816998512066,51.80598086862065,51.37886965333399,52.62249615539054,48.82652777777777
2020-10-01,42,el abra,SM,1,7.871,8.366,6.082835298834012,6.328298416378328,6.39459479189944,5.67703364714856,4.196960119616561,6.830734833333333
2020-10-01,42,el soldado,SM,0,4.14,4.242,4.188029083726611,4.253289695678503,3.864290112008772,4.055798528387685,4.065310140358591,4.193666666666666
2020-10-01,42,el teniente,LC,3,17.851,41.849,40.76621940566851,41.23070929583273,41.157195615997345,38.3699661556583,37.941105683617174,37.710750000000004
2020-10-01,42,escondida,LC,3,97.98,108.036,102.17415269261217,103.43008438153741,102.19287313626629,99.20176175740889,95.19812784606874,100.97919444444445
2020-10-01,42,franke,SM,0,0.971,1.468,1.274542393076989,1.261691225898819,1.293350391884879,1.0924032959019563,1.0191265297986007,1.4699444444444445
2020-10-01,42,gabriela mistral,SM,1,10.19,10.93,7.628247074301264,8.186965843439612,7.5778126032708855,9.214255198383922,8.059188195358981,8.755999999999998
2020-10-01,42,lomas bayas,SM,1,5.7,6.229,5.99404482788749,6.263243744574009,5.700581912822234,6.108829160713812,6.051859659747684,6.233916666666667
2020-10-01,42,los bronces,LC,3,18.82,28.743,27.112971781571446,27.975339996342495,27.666029291599767,28.29256753253891,29.101506330013258,28.25313888888889
2020-10-01,42,los pelambres,LC,3,27.865,24.898,31.60421160806638,30.373247642734228,31.64096112775302,31.159137386316324,30.700595146038257,31.098361111111117
2020-10-01,42,mantos blancos,SM,0,3.39,3.965,3.3742360915236516,3.6074232610266748,3.290983053345412,3.6121358043989207,3.584961930089642,3.5063611111111106
2020-10-01,42,mantoverde,SM,0,2.62,3.915,3.208524986578832,3.325913017871762,3.42431387549602,3.182114119443016,3.0526742092592545,3.383916666666667
2020-10-01,42,ministro hales,LC,2,6.202,15.143,15.581709889095336,16.166480593938626,16.074521844802238,16.23890110170864,16.536099747945894,14.24488888888889
2020-10-01,42,ojos del salado,SM,0,0.707,2.585,1.9990700957484644,2.112726437944835,2.272341642133726,2.3164482250274805,2.2801335347276157,2.3738333333333337
2020-10-01,42,otros,LC,2,9.066,11.847238,11.426498629516534,11.15353181753673,11.242804230155368,11.907912965764258,11.797021489764354,11.708844543888889
2020-10-01,42,radomiro tomic,LC,3,18.23,21.219,20.612240983397896,22.56869972339984,21.701835232914892,21.706307057741654,21.39415945261091,24.119333333333334
2020-10-01,42,salvador,SM,0,0.0,7.859,6.0604456688146096,5.5108926457009595,5.534215927989452,4.657029716884886,4.812785894643962,4.699138888888889
2020-10-01,42,sierra gorda,LC,2,9.51,9.162,10.630304004431569,9.99715860743047,11.08499715734234,12.945295976029781,13.527482320134778,10.019805555555557
2020-10-01,42,zaldivar,SM,1,6.502,10.582,8.461072078969876,8.21603307547084,8.32962012985976,8.523309554595029,8.547466421057797,8.584666666666667
2020-10-01,48,andacollo,SM,0,4.947,2.1,4.92156919768817,5.224524559062252,4.60729168323601,4.687297917231991,4.313172378331067,5.037833333333334
2020-10-01,48,andina,LC,2,12.658,12.111,14.642683894297537,14.411756465057495,14.716189319978639,15.19876032658772,15.895664409954774,15.47433333333333
2020-10-01,48,antucoya,SM,1,6.938,3.4,6.3836707911667565,6.3951586271344505,6.479951446245736,6.44449509182635,6.272476926356742,6.185777777777778
2020-10-01,48,atacama kozan,SM,0,1.234,1.2,1.2764677282185353,1.213545602706693,1.1783685602209517,1.1196692793333551,1.1129480882523652,1.0451944444444443
2020-10-01,48,candelaria,LC,2,16.627,9.4,16.314584821393343,15.447364524499637,15.446841652878327,7.1344332224741525,6.1944211289876545,8.946083333333332
2020-10-01,48,caserones,LC,2,10.004,10.228,11.402908450685343,11.372334495167548,11.8140114418513,10.815658681392705,12.192245781730634,11.469388888888888
2020-10-01,48,centinela_oxidos,SM,1,7.89,7.6,7.72003035572415,7.3060369848564966,7.59077284153057,7.534703929289513,7.750763814801612,7.406305555555556
2020-10-01,48,centinela_sulfuros,LC,2,14.916,10.9,14.911894565245086,14.767385352270619,14.265307476176426,13.970837796474726,14.246616492253446,13.736138888888888
2020-10-01,48,cerro colorado,SM,1,0.0,4.516,5.329842915191072,5.432619676143561,5.3764250252288965,5.913389990265841,5.656117035251586,5.797777777777778
2020-10-01,48,chuquicamata,LC,3,24.782,34.7,44.50088539123604,40.415289011031554,39.713132672610676,33.380960670697476,47.09083373484173,31.29172222222222
2020-10-01,48,collahuasi,LC,3,49.545,50.957,53.47933904698514,50.285050342452436,52.01541141694462,51.37886965333399,52.56109652154233,48.82652777777777
2020-10-01,48,el abra,SM,1,9.686,8.366,6.079537734361327,6.336545056767846,6.297259818168404,5.67703364714856,4.069293611495322,6.830734833333333
2020-10-01,48,el soldado,SM,0,4.194,4.242,4.3861314929592226,4.25720801967814,4.1067736761807145,4.055798528387685,4.0653160787952975,4.193666666666666
2020-10-01,48,el teniente,LC,3,35.989,41.849,41.195467642791264,41.23070929583273,41.16930826577236,38.3699661556583,38.21593263356676,37.710750000000004
2020-10-01,48,escondida,LC,3,107.976,108.036,103.81438682762452,103.43008438153741,102.43278645685862,99.20176175740889,94.2660461905412,100.97919444444445
2020-10-01,48,franke,SM,0,1.159,1.468,1.273029753092599,1.261691225898819,1.2769374160131217,1.0924032959019563,1.0188471274870081,1.4699444444444445
2020-10-01,48,gabriela mistral,SM,1,9.403,10.93,7.622895979495652,8.186965843439612,7.531439774914296,9.214255198383922,9.229449188107699,8.755999999999998
2020-10-01,48,lomas bayas,SM,1,6.359,6.229,5.9902433729543425,6.263243744574009,5.689711902260074,6.108829160713812,6.051724254003143,6.233916666666667
2020-10-01,48,los bronces,LC,3,12.035,28.743,27.290176641780896,27.975339996342495,27.71026422806516,28.29256753253891,29.055212078613845,28.25313888888889
2020-10-01,48,los pelambres,LC,3,30.123,24.898,32.15378877158256,30.386060037602697,31.736229016078173,31.159137386316324,30.701024234006514,31.098361111111117
2020-10-01,48,mantos blancos,SM,0,4.463,3.965,3.370614101679581,3.6074232610266743,3.2375353904866078,3.6121358043989207,3.6256709481866793,3.5063611111111106
2020-10-01,48,mantoverde,SM,0,6.30192595419825,3.915,3.2105536310323046,3.3216001918472946,3.373815376930723,3.182114119443824,3.0527992745201185,3.383916666666667
2020-10-01,48,ministro hales,LC,2,13.816,15.143,15.658501566718948,16.166480593938626,16.057425455448826,16.23890110170864,16.53613565373914,14.24488888888889
2020-10-01,48,ojos del salado,SM,0,1.683,2.585,2.036840989660084,2.112726437944835,2.272333786504554,2.3164482250274805,2.28604280109551,2.3738333333333337
2020-10-01,48,otros,LC,2,9.861,11.847238,11.55044139010359,11.144438249656005,11.224616506694412,11.907912965764258,11.796464884536487,11.708844543888889
2020-10-01,48,radomiro tomic,LC,3,21.542,21.219,20.50753213583445,22.55644506392832,21.708222007649628,21.706307057741654,21.39549828423827,24.119333333333334
2020-10-01,48,salvador,SM,0,1.684,7.859,6.130467038548012,5.510892645700959,5.519470397346917,4.657029716884886,4.750548243937431,4.699138888888889
2020-10-01,48,sierra gorda,LC,2,12.894,9.162,10.58327896931209,9.95837769420097,11.067064860883152,12.945295976029781,13.527476244854853,10.019805555555557
2020-10-01,48,zaldivar,SM,1,7.392,10.582,8.519580912353401,8.246381365026602,8.775247915086767,8.523309559170832,8.544566689372136,8.584666666666667
2020-10-01,54,andacollo,SM,0,4.935,2.1,4.9393724885266215,5.224524559062252,4.6022916331447155,4.687297917231991,4.313823094906807,5.037833333333334
2020-10-01,54,andina,LC,2,11.863,12.111,14.518170118786525,14.43121457862642,14.626596611821999,15.19876032658772,15.933356828088787,15.47433333333333
2020-10-01,54,antucoya,SM,1,6.258,3.4,6.250613601817585,6.3951586271344505,6.391669346559544,6.44449509182635,6.272479647517588,6.185777777777778
2020-10-01,54,atacama kozan,SM,0,0.923,1.2,1.2791950988802923,1.213545602706693,1.1852691340748946,1.1196692793333551,1.1129527404481252,1.0451944444444443
2020-10-01,54,candelaria,LC,2,12.069,9.4,16.42161382106477,15.268276168286311,15.68367048802864,7.1344332224741525,6.194785725866682,8.946083333333332
2020-10-01,54,caserones,LC,2,8.984,10.228,11.484004556083306,11.28150726580445,12.084776306744121,10.815658681392705,12.19042862748001,11.469388888888888
2020-10-01,54,centinela_oxidos,SM,1,6.133,7.6,7.643132236180115,7.3060369848564966,7.6057852149235625,7.534703929289513,7.751858001675932,7.406305555555556
2020-10-01,54,centinela_sulfuros,LC,2,13.707,10.9,14.683904136124058,14.748563405328733,14.359536333803815,13.970837796444558,14.128461472620545,13.736138888888888
2020-10-01,54,cerro colorado,SM,1,0.0,4.516,5.309606986638756,5.446372141186838,5.38408843185374,5.913389990266231,5.6609502233916595,5.797777777777778
2020-10-01,54,chuquicamata,LC,3,18.365,34.7,44.388971165325856,40.4626469755309,39.713132672610676,33.380960670697476,44.030154202825024,31.29172222222222
2020-10-01,54,collahuasi,LC,3,36.567,50.957,52.90997867176889,50.488158111294844,51.97625930987812,51.37886965333399,52.659843128611016,48.82652777777777
2020-10-01,54,el abra,SM,1,8.357,8.366,6.076492937434884,6.345925381240718,6.577270689721181,5.67703364714856,3.955512755374243,6.830734833333333
2020-10-01,54,el soldado,SM,0,3.975,4.242,4.452830214541356,4.25720801967814,4.333408085306491,4.055798528387685,4.065312672925309,4.193666666666666
2020-10-01,54,el teniente,LC,3,31.068,41.849,41.09284342407177,41.21613762380027,41.13525511332468,38.3699661556583,37.988785704612056,37.710750000000004
2020-10-01,54,escondida,LC,3,128.36,108.036,103.40986289821943,103.55128203678537,102.43278645685862,99.20176175740889,94.7690055504465,100.97919444444445
2020-10-01,54,franke,SM,0,1.002,1.468,1.2776348125827623,1.261691225898819,1.2940346860339313,1.0924032959019563,1.0184436441220182,1.4699444444444445
2020-10-01,54,gabriela mistral,SM,1,6.616,10.93,7.701328688908222,8.186965843439612,7.868766298887744,9.214255198383922,8.048249987922828,8.755999999999998
2020-10-01,54,lomas bayas,SM,1,5.221,6.229,5.924240789943523,6.26324374457401,5.675801832849962,6.108829160713812,6.051790333002214,6.233916666666667
2020-10-01,54,los bronces,LC,3,12.278,28.743,27.363594239098028,27.913231478255216,27.682911993648432,28.29256753253891,29.064061721605754,28.25313888888889
2020-10-01,54,los pelambres,LC,3,24.881,24.898,32.91628020795604,30.386060037602697,31.855888029986783,31.159137386316324,30.700962417050402,31.098361111111117
2020-10-01,54,mantos blancos,SM,0,5.369,3.965,3.3836717793829485,3.6074232610266748,3.3684251966417316,3.6121358043989207,3.5930352833622545,3.5063611111111106
2020-10-01,54,mantoverde,SM,0,7.329,3.915,3.209503673096464,3.3216001918472946,3.400509315964106,3.1821141194438445,3.047708256882258,3.383916666666667
2020-10-01,54,ministro hales,LC,2,10.381,15.143,15.399998834645196,16.156219105085594,16.057425455448826,16.23890110170864,16.536129912035406,14.24488888888889
2020-10-01,54,ojos del salado,SM,0,1.854,2.585,2.088663401174985,2.112726437944835,2.297444998793142,2.3164482250274805,2.275517389160192,2.3738333333333337
2020-10-01,54,otros,LC,2,8.842999999999998,11.847238,11.534916182981403,11.127883265237296,11.216604621813065,11.907912965764258,11.79676807386572,11.708844543888889
2020-10-01,54,radomiro tomic,LC,3,24.124,21.219,20.413943389813255,22.55644506392832,21.65291675052534,21.706307057741654,21.394403264154597,24.119333333333334
2020-10-01,54,salvador,SM,0,3.14,7.859,6.127396734848584,5.510892645700959,5.846660345435688,4.657029716884886,4.782578790123948,4.699138888888889
2020-10-01,54,sierra gorda,LC,2,12.007,9.162,10.516695154701365,9.939612469147148,11.043840694699558,12.945295976029781,13.52747433330651,10.019805555555557
2020-10-01,54,zaldivar,SM,1,5.059,10.582,8.533700013173068,8.246381365026602,8.84742026876181,8.52330955945846,8.548752278044097,8.584666666666667
2020-10-01,60,andacollo,SM,0,5.277,2.1,4.945511940384662,5.224524559062252,4.306283313064905,4.687297917231991,4.310793600917357,5.037833333333334
2020-10-01,60,andina,LC,2,12.346,12.111,14.331446149283542,14.345194573539358,14.533771008158675,15.19876032658772,15.930187524406238,15.47433333333333
2020-10-01,60,antucoya,SM,1,7.336,3.4,6.25237660367297,6.3951586271344505,6.292711567597665,6.44449509182635,6.2724797316004945,6.185777777777778
2020-10-01,60,atacama kozan,SM,0,1.019,1.2,1.2569809283368347,1.213545602706693,1.1254614162939374,1.1196692793333551,1.1128977715951032,1.0451944444444443
2020-10-01,60,candelaria,LC,2,10.193,9.4,16.06966709950572,15.091274793043434,15.635019565037798,7.1344332224741525,6.194727989154045,8.946083333333332
2020-10-01,60,caserones,LC,2,10.893,10.228,11.357907971274381,11.329070570650053,12.068434915017061,10.815658681392705,12.183180129851847,11.469388888888888
2020-10-01,60,centinela_oxidos,SM,1,4.625,7.6,7.653964178776857,7.306036984856497,7.590175336775209,7.534703929289513,7.751429726407279,7.406305555555556
2020-10-01,60,centinela_sulfuros,LC,2,17.195,10.9,14.65127282490121,14.714792077593462,14.359536333803815,13.970837796443199,13.631495868821277,13.736138888888888
2020-10-01,60,cerro colorado,SM,1,0.0,4.516,5.302318090647024,5.446372141186838,5.10773595112216,5.913389990266243,5.655888459556899,5.797777777777778
2020-10-01,60,chuquicamata,LC,3,20.314,34.7,44.68169757410973,40.36999542198681,39.659431400759274,33.380960670697476,48.883429677576714,31.29172222222222
2020-10-01,60,collahuasi,LC,3,35.015,50.957,52.98106048103375,50.53577144958022,51.86889052772927,51.37886965333399,52.63182175591015,48.82652777777777
2020-10-01,60,el abra,SM,1,6.321,8.366,6.062542100354407,6.345925381240718,6.2944605006256245,5.67703364714856,3.855048766025673,6.830734833333333
2020-10-01,60,el soldado,SM,0,2.765,4.242,4.431171218013249,4.25720801967814,4.252529664503736,4.055798528387685,4.065312874505,4.193666666666666
2020-10-01,60,el teniente,LC,3,22.708,41.849,41.05781955128221,41.21613762380027,41.07963088199025,38.3699661556583,38.144476102925964,37.710750000000004
2020-10-01,60,escondida,LC,3,120.612,108.036,103.52667608145103,103.55128203678537,102.29427381527569,99.20176175740889,94.24350236019892,100.97919444444445
2020-10-01,60,franke,SM,0,0.841,1.468,1.2693821103308935,1.261691225898819,1.2213570688622755,1.0924032959019563,1.0183491017058024,1.4699444444444445
2020-10-01,60,gabriela mistral,SM,1,7.258,10.93,7.635325977534025,8.186965843439612,7.699010633279573,9.214255198383922,9.182893546262685,8.755999999999998
2020-10-01,60,lomas bayas,SM,1,5.617,6.229,5.911822492907524,6.263243744574009,5.599895801702144,6.108829160713812,6.0517628853404375,6.233916666666667
2020-10-01,60,los bronces,LC,3,14.25,28.743,27.28593665636227,27.84092996445119,27.682911993648432,28.29256753253891,29.07762956057747,28.25313888888889
2020-10-01,60,los pelambres,LC,3,26.943,24.898,32.98659345117967,30.355922632439437,31.855888029986783,31.159137386316324,30.701054230180088,31.098361111111117
2020-10-01,60,mantos blancos,SM,0,6.011,3.965,3.3630444024682005,3.6074232610266748,3.197700339101092,3.6121358043989207,3.612128800765393,3.5063611111111106
2020-10-01,60,mantoverde,SM,0,5.935392883080209,3.915,3.197248883186982,3.3216001918472946,3.2421108567088877,3.182114119443845,3.04764627116636,3.383916666666667
2020-10-01,60,ministro hales,LC,2,13.223,15.143,15.322074779475454,16.156219105085594,16.035711891167523,16.23890110170864,16.536128828162056,14.24488888888889
2020-10-01,60,ojos del salado,SM,0,1.335,2.585,2.0384469713499453,2.112726437944835,2.259763131799722,2.3164482250274805,2.2733744443073127,2.3738333333333337
2020-10-01,60,otros,LC,2,9.988,11.847238,11.286261630930879,11.091391037868295,11.201437171419645,11.907912965764258,11.796704072726603,11.708844543888889
2020-10-01,60,radomiro tomic,LC,3,23.595,21.219,20.41634758865778,22.49043512758713,21.623636714255223,21.706307057741654,21.39458390155699,24.119333333333334
2020-10-01,60,salvador,SM,0,3.372,7.859,6.127255934588298,5.5108926457009595,5.743001577769051,4.657029716884886,4.762158514218461,4.699138888888889
2020-10-01,60,sierra gorda,LC,2,12.511,9.162,10.356646994018643,9.929733173371831,11.02890696904712,12.945295976029781,13.527474514148295,10.019805555555557
2020-10-01,60,zaldivar,SM,1,6.86,10.582,8.521799330669001,8.246381365026602,8.701847470333053,8.523309559476537,8.549767391089055,8.584666666666667
2021-04-01,6,andacollo,SM,0,3.734,4.921,4.520098373164585,4.468554219880642,4.720304703865635,4.245050652673017,4.071835123550363,4.764749999999999
2021-04-01,6,andina,LC,2,17.434,12.324,13.758544401903118,14.111949013541754,14.157823283926476,14.317014861970854,13.346949481418376,15.059805555555556
2021-04-01,6,antucoya,SM,1,6.489,6.877,6.42407147437901,6.396621781941635,6.7071451336726415,6.531588259465038,6.369560192564073,6.3774444444444445
2021-04-01,6,atacama kozan,SM,0,1.178,1.105,1.1193479444045216,1.1570685136836583,1.1034371295461813,1.0440844903668303,1.0318529816008497,1.0618888888888889
2021-04-01,6,candelaria,LC,2,11.584,7.808,8.004376585803621,8.487950856796996,8.38722533498414,8.16135121564976,7.812195733812131,8.59191666666667
2021-04-01,6,caserones,LC,2,12.675,10.122,11.298258194302543,10.278316410831332,10.786336654751617,9.970262418003454,10.6810104560703,11.266
2021-04-01,6,centinela_oxidos,SM,1,8.114,7.858,6.881586351212579,6.354489784249771,6.444263583121694,5.546951245217364,5.434117597225959,7.342666666666667
2021-04-01,6,centinela_sulfuros,LC,2,14.5,11.087,15.168328146481599,15.035441062525921,14.557618544608088,14.139585902414336,12.983817056098035,14.691833333333335
2021-04-01,6,cerro colorado,SM,1,5.045,5.278,5.044723937463479,4.968821337200455,5.060226324673668,5.6170692322453775,5.517256365079238,5.725583333333333
2021-04-01,6,chuquicamata,LC,3,18.941,30.402,34.78725811386705,33.68966424165103,34.69881612015615,30.95354990077769,35.236863038624406,31.178000000000004
2021-04-01,6,collahuasi,LC,3,49.525,54.085,58.06043659181964,55.24338357864928,56.73919603291379,52.89521175532635,52.598082260088496,49.791555555555554
2021-04-01,6,el abra,SM,1,7.751,6.075,6.781793116466031,6.544017534584337,6.880437502427962,6.152129711652123,5.871388689002402,6.672984833333334
2021-04-01,6,el soldado,SM,0,3.529,3.659,4.050669953139494,4.306015654655176,4.346622073144668,3.6389408754651167,3.9782020928717943,4.2325
2021-04-01,6,el teniente,LC,3,37.414,36.605,39.311646417386314,37.37559582983622,37.87100430942469,38.390569336521025,39.296916660567646,37.89416666666667
2021-04-01,6,escondida,LC,3,84.651,102.641,93.39804154656997,87.49466839471299,92.17993590816862,89.69310465285075,84.35572105450107,97.99500000000002
2021-04-01,6,franke,SM,0,1.04,1.125,1.2907588054294894,1.2258836961112274,1.251836475308866,0.8972570564393814,0.8165896843127349,1.3860555555555552
2021-04-01,6,gabriela mistral,SM,1,9.616,8.541,7.883907364912671,7.881649493637145,7.9894139255227,8.117187762527092,8.983877322373969,8.4515
2021-04-01,6,lomas bayas,SM,1,5.3,6.091,5.691589536529626,5.416916559000432,5.71331959132075,5.2996081015943854,5.2439563646960705,6.225166666666667
2021-04-01,6,los bronces,LC,3,27.684,24.731,27.11167885524429,26.24374968184934,26.63324900268959,27.485053678149935,28.547902124851863,28.422083333333333
2021-04-01,6,los pelambres,LC,3,20.373,31.17,31.79079208489888,30.397181756515817,31.102677813572402,30.97947242240808,30.570875894280423,31.599638888888894
2021-04-01,6,mantos blancos,SM,0,3.53,3.282,3.914942495457976,3.7243253967900105,3.897138170648912,3.786440360586015,4.341772602360786,3.57475
2021-04-01,6,mantoverde,SM,0,4.92,3.235,3.578341994612217,3.3926631376634986,3.6163909824188725,3.3261859261496567,3.5268929522737165,3.4014166666666665
2021-04-01,6,ministro hales,LC,2,12.222,10.118,14.47425719554366,15.60070334940948,15.34351907492321,16.861993405113633,15.454200606898427,14.485222222222221
2021-04-01,6,ojos del salado,SM,0,2.402,2.08,2.6775239589955793,2.506426966653969,2.6643215050997493,2.380243517236695,2.190349603653436,2.431027777777777
2021-04-01,6,otros,LC,2,12.480114,12.587,11.620758609825666,11.086855774903647,11.407870619874883,11.305924810229214,11.362531361632778,11.792434878333331
2021-04-01,6,radomiro tomic,LC,3,34.15,20.468,21.705988025056357,21.818474015848757,21.748395621354362,22.588333598885885,23.059119551793522,22.97736111111111
2021-04-01,6,salvador,SM,0,4.293,6.159,5.029249984981977,5.257415824534682,6.0322635074343465,4.6620528170848,4.289870434182986,4.64025
2021-04-01,6,sierra gorda,LC,2,13.341,10.868,12.191039590397002,15.480530651145463,12.961725820094113,16.987046610054044,17.112564247518158,11.236694444444444
2021-04-01,6,zaldivar,SM,1,8.094,8.302,7.95944397395654,7.437770973069408,8.351089681009588,8.176428065434399,6.417616953649259,8.534916666666668
2021-04-01,9,andacollo,SM,0,3.061,4.921,4.421762751526845,4.473234158453065,4.622986542540658,4.245062634441431,4.114407288028895,4.764749999999999
2021-04-01,9,andina,LC,2,18.84,12.324,13.742246538192457,14.1244062464151,14.148439162868415,14.317046188465735,14.160695849091569,15.059805555555556
2021-04-01,9,antucoya,SM,1,6.486,6.877,6.3708194001179725,6.396621781941635,6.654393465032289,6.532048377699671,6.356584534230888,6.3774444444444445
2021-04-01,9,atacama kozan,SM,0,0.886,1.105,1.0775493602433446,1.1570685136836583,1.0645888720070955,1.0440844908880222,1.039852989321943,1.0618888888888889
2021-04-01,9,candelaria,LC,2,12.325,7.808,7.831068491004745,8.547684093198255,8.362927360412671,8.16133804068291,8.340566493290813,8.59191666666667
2021-04-01,9,caserones,LC,2,12.422,10.122,11.2563496842236,10.300035979111316,10.774021807633398,9.971264271831613,10.895197576743938,11.266
2021-04-01,9,centinela_oxidos,SM,1,7.583,7.858,6.861052522842777,6.414412490163087,6.346675307872455,5.547072125296697,5.504549228343307,7.342666666666667
2021-04-01,9,centinela_sulfuros,LC,2,12.413,11.087,14.78388718648927,15.063794188939267,14.467584684078927,14.077543127527948,13.494379739567188,14.691833333333335
2021-04-01,9,cerro colorado,SM,1,3.933,5.278,4.985294965340513,4.972875420650745,5.086931271400773,5.636866171489095,5.558594540839571,5.725583333333333
2021-04-01,9,chuquicamata,LC,3,16.401,30.402,34.37546946402644,33.62669706390626,34.539521165287425,30.960075426250597,28.900317769610083,31.178000000000004
2021-04-01,9,collahuasi,LC,3,51.336,54.085,57.58122483768137,55.28395823181851,56.73420110465854,52.88800620772976,53.982778184586735,49.791555555555554
2021-04-01,9,el abra,SM,1,5.718,6.075,6.599981164775616,6.544017534584337,6.788385319672355,6.152129711652182,5.695795337600209,6.672984833333334
2021-04-01,9,el soldado,SM,0,2.894,3.659,4.011035533162895,4.306015654655176,4.2144017578801325,3.6403690743544623,3.835813547009523,4.2325
2021-04-01,9,el teniente,LC,3,34.199,36.605,38.97140811450714,37.37559582983622,37.80843212442821,38.39059271396146,37.82059040729079,37.89416666666667
2021-04-01,9,escondida,LC,3,81.0,102.641,92.5357503562157,87.49466839471299,92.09769812172992,89.69495186828556,88.6223196975455,97.99500000000002
2021-04-01,9,franke,SM,0,0.864,1.125,1.2730631381408,1.2258836961112272,1.1665588151509767,0.897327217338416,0.8056269014763381,1.3860555555555552
2021-04-01,9,gabriela mistral,SM,1,10.29,8.541,7.661538558731816,7.938472363352732,7.793585222979731,8.122247070334822,6.7251011074430345,8.4515
2021-04-01,9,lomas bayas,SM,1,6.004,6.091,5.613227910267688,5.416916559000432,5.58945946400314,5.299609936625567,5.109567012536181,6.225166666666667
2021-04-01,9,los bronces,LC,3,20.04,24.731,26.879358509700634,26.239141549344936,26.655546853513655,27.48505369598391,28.046666460495,28.422083333333333
2021-04-01,9,los pelambres,LC,3,18.115,31.17,31.498961893655963,30.397181756515817,31.070117263282036,30.979478035234916,29.99859227414331,31.599638888888894
2021-04-01,9,mantos blancos,SM,0,3.453,3.282,3.8542911504559316,3.7243253967900105,3.8603475345077234,3.785072183974796,4.106141445406293,3.57475
2021-04-01,9,mantoverde,SM,0,4.106,3.235,3.5003635756408977,3.3926631376634986,3.541832073143699,3.3188352070221567,3.5469490130659733,3.4014166666666665
2021-04-01,9,ministro hales,LC,2,11.635,10.118,14.369820450271465,15.646954372982186,15.281925673324317,16.86199340781735,15.534526849664147,14.485222222222221
2021-04-01,9,ojos del salado,SM,0,2.323,2.08,2.6428889336985737,2.506426966653969,2.6093913551925674,2.380243405495941,2.377943768892951,2.431027777777777
2021-04-01,9,otros,LC,2,11.546456999999998,12.587,11.577653852353368,11.09065213026526,11.394846268563699,11.305925553985396,11.028692401723461,11.792434878333331
2021-04-01,9,radomiro tomic,LC,3,20.479,20.468,21.530106697523728,21.843554334846864,21.712461939134656,22.58785689270691,22.65324445863934,22.97736111111111
2021-04-01,9,salvador,SM,0,1.607,6.159,4.884627692994604,5.2666414709519955,5.907896791724127,4.662297050905651,4.93798179742534,4.64025
2021-04-01,9,sierra gorda,LC,2,14.5,10.868,12.137570390620255,15.508046164443144,12.933708433945894,16.98700871406072,16.807298908668766,11.236694444444444
2021-04-01,9,zaldivar,SM,1,8.261,8.302,7.918446176924111,7.5101075645245965,8.191924730786434,8.328600982165485,6.4232532855793485,8.534916666666668
2021-04-01,12,andacollo,SM,0,4.293,4.921,4.405250204301219,4.4630682883772,4.592774208797983,4.245062673060693,3.7804114454987605,4.764749999999999
2021-04-01,12,andina,LC,2,12.175,12.324,13.809537507054342,14.1244062464151,14.170909344346338,14.317046078056983,13.423675585209763,15.059805555555556
2021-04-01,12,antucoya,SM,1,6.143,6.877,6.382045227496053,6.399926358884739,6.561573529584622,6.53206537591078,6.333054329736985,6.3774444444444445
2021-04-01,12,atacama kozan,SM,0,1.047,1.105,1.0670110016354097,1.1624985756080985,1.0532669694621601,1.0440844908879312,1.043544998319084,1.0618888888888889
2021-04-01,12,candelaria,LC,2,12.4,7.808,7.794267416022951,8.473156822597677,8.362927360412671,8.161337987948507,8.337821164807256,8.59191666666667
2021-04-01,12,caserones,LC,2,8.945,10.122,11.234316449760314,10.369245402342436,10.788838771249878,9.971339249340108,11.287512999040267,11.266
2021-04-01,12,centinela_oxidos,SM,1,8.0,7.858,7.108947059100309,6.53198486694246,6.341609645361051,5.547070335054987,4.754439799865028,7.342666666666667
2021-04-01,12,centinela_sulfuros,LC,2,10.4,11.087,14.644218470786463,15.058827152820603,14.430709365784509,14.064751221823714,13.083422557764104,14.691833333333335
2021-04-01,12,cerro colorado,SM,1,4.8,5.278,4.996213501539586,4.970522907969509,5.053686815003513,5.6404082214832005,5.537669962076481,5.725583333333333
2021-04-01,12,chuquicamata,LC,3,21.753,30.402,33.87476724095759,33.66468854095166,34.539521165287425,30.96030737371042,29.83594064266288,31.178000000000004
2021-04-01,12,collahuasi,LC,3,41.9,54.085,57.666087287815266,55.43292273768957,56.73420110465854,52.88769876276961,53.87604989890849,49.791555555555554
2021-04-01,12,el abra,SM,1,5.6,6.075,6.521403082597749,6.519402097155688,6.669432658635904,6.152129711652182,5.464752947802003,6.672984833333334
2021-04-01,12,el soldado,SM,0,2.278,3.659,3.982898366788234,4.325760733899903,4.1374036816799675,3.640459486385024,3.743795231421214,4.2325
2021-04-01,12,el teniente,LC,3,31.567,36.605,38.72627002810492,37.40422582452957,37.787405796590406,38.390592789410285,37.47631117733991,37.89416666666667
2021-04-01,12,escondida,LC,3,87.9,102.641,92.54640643591249,87.56168998557246,92.09769812172992,89.69499183129027,88.31872107258714,97.99500000000002
2021-04-01,12,franke,SM,0,0.661,1.125,1.2701243671542677,1.232422734684289,1.1929266354367802,0.8973293780114698,0.7682538615122353,1.3860555555555552
2021-04-01,12,gabriela mistral,SM,1,10.25,8.541,7.50561859737117,8.016700035537388,7.994931502845467,8.123117838338699,7.283694214159701,8.4515
2021-04-01,12,lomas bayas,SM,1,5.491,6.091,5.43459923843698,5.4353108838574,5.552930872148496,5.299609944518708,5.061804837096358,6.225166666666667
2021-04-01,12,los bronces,LC,3,16.419,24.731,26.89474200839237,26.23154214288963,26.655546853513655,27.485053695981108,28.16335749311169,28.422083333333333
2021-04-01,12,los pelambres,LC,3,20.1,31.17,31.390965619614107,30.397181756515817,31.070117263282036,30.979478045352604,30.114641265054775,31.599638888888894
2021-04-01,12,mantos blancos,SM,0,4.141,3.282,3.8035533710082556,3.7229172587244435,3.784645214867654,3.7849857609205233,4.349666000370332,3.57475
2021-04-01,12,mantoverde,SM,0,4.271,3.235,3.4465022340692184,3.391380398482892,3.515513704723719,3.317698306784971,3.5840546542108593,3.4014166666666665
2021-04-01,12,ministro hales,LC,2,12.149,10.118,14.239384326696772,15.654100277489611,15.242974644293101,16.861993407817238,15.894008639999383,14.485222222222221
2021-04-01,12,ojos del salado,SM,0,1.503,2.08,2.610318341909045,2.506426966653969,2.5900017069068615,2.3802434054173,2.4861538884926047,2.431027777777777
2021-04-01,12,otros,LC,2,11.941515,12.587,11.56648286067895,11.083887460505736,11.398417647273279,11.305925555292404,11.28225141790983,11.792434878333331
2021-04-01,12,radomiro tomic,LC,3,25.491,20.468,21.367343125397312,21.849618802422842,21.657120466170227,22.587824099607182,22.684480408406337,22.97736111111111
2021-04-01,12,salvador,SM,0,2.85,6.159,4.753040831256838,5.320292380698771,5.844116580422668,4.662302781393788,4.0641862530811785,4.64025
2021-04-01,12,sierra gorda,LC,2,13.015,10.868,12.072311762407043,15.447932727794031,12.916361517219114,16.98700853689304,18.588462084262652,11.236694444444444
2021-04-01,12,zaldivar,SM,1,7.1,8.302,8.23393484439652,7.6973150145462235,8.185386141980944,8.375851336757725,6.410334444137506,8.534916666666668
2021-04-01,18,andacollo,SM,0,3.961,4.921,4.61645413742638,4.522382469714107,4.735708487898491,4.24506267318557,3.9535296261004715,4.764749999999999
2021-04-01,18,andina,LC,2,11.063,12.324,14.03749460702532,14.17672264144131,14.19396046564506,14.317046078444742,13.859618033710177,15.059805555555556
2021-04-01,18,antucoya,SM,1,7.356126,6.877,6.464574238389609,6.399926358884739,6.604839511385135,6.532066027077106,6.33887549082106,6.3774444444444445
2021-04-01,18,atacama kozan,SM,0,1.176,1.105,1.0944414491918768,1.175613232657479,1.084762110429252,1.0440844908879312,1.0374750149432515,1.0618888888888889
2021-04-01,18,candelaria,LC,2,7.651,7.808,7.948592436732061,8.292264683575386,8.450411875643038,8.161337987736585,8.190512528052713,8.59191666666667
2021-04-01,18,caserones,LC,2,10.426297993513188,10.122,11.059015258418404,10.451064219226915,10.782611842275516,9.971345280501788,10.970869292671578,11.266
2021-04-01,18,centinela_oxidos,SM,1,9.618,7.858,7.1235457370716215,6.604930668200202,6.645565513125871,5.547070361175914,4.8647748863542954,7.342666666666667
2021-04-01,18,centinela_sulfuros,LC,2,14.262,11.087,14.543488731965947,15.093184280141282,14.430709365784509,14.061570021771534,14.567166574090074,14.691833333333335
2021-04-01,18,cerro colorado,SM,1,4.357,5.278,5.000534667322602,4.974103913804294,5.211778658692507,5.641155350006189,5.51827171248114,5.725583333333333
2021-04-01,18,chuquicamata,LC,3,22.285,30.402,35.215917781283565,34.000368420284566,34.758701069912036,30.960315911247005,34.772218380797554,31.178000000000004
2021-04-01,18,collahuasi,LC,3,44.931,54.085,58.124643272712675,55.88306724596571,56.98294552926227,52.88768508504887,53.296835026061586,49.791555555555554
2021-04-01,18,el abra,SM,1,9.299,6.075,6.584350641054772,6.5082067921050495,6.728718647361543,6.152129711652182,5.285567613265054,6.672984833333334
2021-04-01,18,el soldado,SM,0,5.035,3.659,4.060780008024967,4.39496141206901,4.285602608374523,3.640465572239772,3.879726393612501,4.2325
2021-04-01,18,el teniente,LC,3,38.725,36.605,39.614004052048635,37.42074245447085,38.123268779787416,38.390592789654576,38.80885973584706,37.89416666666667
2021-04-01,18,escondida,LC,3,99.734,102.641,95.78063809173563,87.94082315004432,93.09474424938149,89.6949927145616,86.80093680794317,97.99500000000002
2021-04-01,18,franke,SM,0,1.233,1.125,1.3916793747068377,1.272586448370087,1.2754169217291726,0.8973294466006604,0.7651770132086444,1.3860555555555552
2021-04-01,18,gabriela mistral,SM,1,7.042,8.541,7.67314414676273,8.063874560433673,8.012061084058471,8.123293502418695,8.562084342975348,8.4515
2021-04-01,18,lomas bayas,SM,1,5.87,6.091,5.412212379690382,5.424759461173084,5.530041231972599,5.299609944552804,5.071213173783633,6.225166666666667
2021-04-01,18,los bronces,LC,3,29.719,24.731,26.77079396366976,26.23154214288963,26.587873801061605,27.485053695981108,27.96083885143902,28.422083333333333
2021-04-01,18,los pelambres,LC,3,30.96,31.17,31.879607220107243,30.43605321193975,31.148281509684015,30.979478045370875,30.55976673594728,31.599638888888894
2021-04-01,18,mantos blancos,SM,0,4.532,3.282,3.806582674626921,3.7185540244995177,3.750495111631807,3.784979957041108,4.459436406707231,3.57475
2021-04-01,18,mantoverde,SM,0,3.311,3.235,3.4887558076514575,3.3895650896953784,3.489506216756702,3.317495271765255,3.5773699447550267,3.4014166666666665
2021-04-01,18,ministro hales,LC,2,14.433,10.118,14.347069561715871,15.753139847964704,15.177192627987692,16.861993407817238,15.775692082341243,14.485222222222221
2021-04-01,18,ojos del salado,SM,0,1.1384098842376669,2.08,2.6293231017168295,2.5020336964158836,2.588892513179361,2.3802434054172443,2.443788574677148,2.431027777777777
2021-04-01,18,otros,LC,2,9.450314989185712,12.587,11.478477796061684,11.081287254766846,11.335318724059949,11.305925555294705,11.461285566505365,11.792434878333331
2021-04-01,18,radomiro tomic,LC,3,26.986,20.468,21.495488604846724,21.884670046897433,21.679943358360603,22.587821688553106,22.736114652699907,22.97736111111111
2021-04-01,18,salvador,SM,0,3.753,6.159,5.40895198703393,5.547092141478359,6.26082563214615,4.6623029190036736,4.595392100200494,4.64025
2021-04-01,18,sierra gorda,LC,2,14.885564678817758,10.868,12.145989364107068,15.399327117131357,12.881047974356896,16.987008536060895,18.094174811213716,11.236694444444444
2021-04-01,18,zaldivar,SM,1,7.461,8.302,8.23532203488916,7.796744002531711,8.41191133727235,8.395078324541293,6.432494631383343,8.534916666666668
2021-04-01,24,andacollo,SM,0,3.377,4.921,4.562957129459503,4.537485855322286,4.634886781034676,4.245062673185571,3.832553572552749,4.764749999999999
2021-04-01,24,andina,LC,2,8.61,12.324,13.973380862691863,14.20097883663978,14.185668027267921,14.317046078444747,13.893440154494366,15.059805555555556
2021-04-01,24,antucoya,SM,1,5.771,6.877,6.509729030663006,6.399926358884739,6.644475030200665,6.532066027965815,6.341375695979811,6.3774444444444445
2021-04-01,24,atacama kozan,SM,0,1.374,1.105,1.1013872089935441,1.178722361743027,1.0738460064486448,1.0440844908879312,1.04159537139836,1.0618888888888889
2021-04-01,24,candelaria,LC,2,10.574,7.808,7.911962453856209,8.256129103975834,8.269886042022893,8.161337987736582,8.265071647222149,8.59191666666667
2021-04-01,24,caserones,LC,2,9.161,10.122,10.959242797458161,10.35029648434728,10.743190469742363,9.971345314281372,11.334522685458838,11.266
2021-04-01,24,centinela_oxidos,SM,1,6.065934,7.858,7.028693806186164,6.691200031168655,6.735465634569352,5.547070361181643,4.60829939377245,7.342666666666667
2021-04-01,24,centinela_sulfuros,LC,2,12.806759283752966,11.087,14.505487087444559,15.096613455885034,14.41634931942565,14.061434789901869,14.494403520028474,14.691833333333335
2021-04-01,24,cerro colorado,SM,1,4.269,5.278,4.914143225289745,4.971294776488123,5.126316150204909,5.641179267110061,5.522314197159411,5.725583333333333
2021-04-01,24,chuquicamata,LC,3,12.386,30.402,35.23335721773699,34.18182605245213,34.85318952425126,30.960315922033512,30.84811412611966,31.178000000000004
2021-04-01,24,collahuasi,LC,3,41.541,54.085,57.153056568908795,56.22811421460757,56.974806495868435,52.887685060148,53.83371401526851,49.791555555555554
2021-04-01,24,el abra,SM,1,8.209,6.075,6.384994161782599,6.457971490180262,6.492558672445628,6.152129711652182,4.948888904043454,6.672984833333334
2021-04-01,24,el soldado,SM,0,3.913,3.659,4.0385563011283905,4.398489498125201,4.158373295805386,3.640465596628921,3.853867214941041,4.2325
2021-04-01,24,el teniente,LC,3,26.417,36.605,39.57442329384022,37.4383487540745,38.15049639372651,38.390592789654576,37.759557568671966,37.89416666666667
2021-04-01,24,escondida,LC,3,105.142,102.641,96.99225834810484,88.25939399086873,93.1478226128705,89.694992714975,88.91086423211952,97.99500000000002
2021-04-01,24,franke,SM,0,1.171,1.125,1.4143181441167734,1.2801401800427885,1.2430825098436715,0.8973294466657098,0.7451131384951976,1.3860555555555552
2021-04-01,24,gabriela mistral,SM,1,7.794,8.541,7.531791426570755,8.042415634827117,7.813260343899869,8.123298706040028,6.896457924441609,8.4515
2021-04-01,24,lomas bayas,SM,1,4.378,6.091,5.316884777571296,5.432364979742605,5.460071265106951,5.299609944552805,5.025639735443864,6.225166666666667
2021-04-01,24,los bronces,LC,3,19.842,24.731,26.241246762519037,26.223283946594673,26.240322747949374,27.485053695981108,28.068210926091492,28.422083333333333
2021-04-01,24,los pelambres,LC,3,19.068,31.17,31.908818610384802,30.548275754880944,31.18699277401509,30.979478045370875,30.460251358682587,31.599638888888894
2021-04-01,24,mantos blancos,SM,0,4.25,3.282,3.7600732851688496,3.7162791426952624,3.7245730481522186,3.784979933883522,4.463859660397328,3.57475
2021-04-01,24,mantoverde,SM,0,2.846,3.235,3.3964166850907582,3.3895650896953784,3.426674830063953,3.3174904149005138,3.550030881732639,3.4014166666666665
2021-04-01,24,ministro hales,LC,2,11.182,10.118,14.041584547447469,15.819432757800202,15.052405155945845,16.861993407817238,15.763331009444448,14.485222222222221
2021-04-01,24,ojos del salado,SM,0,1.243,2.08,2.588314745685115,2.5012351605702148,2.5501908376894877,2.3802434054172443,2.3669649315600805,2.431027777777777
2021-04-01,24,otros,LC,2,11.856488506198836,12.587,11.371964390491467,11.065699278424493,11.17608181595382,11.305925555294705,11.454856762150468,11.792434878333331
2021-04-01,24,radomiro tomic,LC,3,24.518,20.468,21.37809732406253,21.912109990426902,21.667277275054314,22.587821677143506,22.673678358021103,22.97736111111111
2021-04-01,24,salvador,SM,0,1.586,6.159,5.511532251830167,5.554086427105477,6.211502395913136,4.66230291907943,4.539920924996987,4.64025
2021-04-01,24,sierra gorda,LC,2,12.653,10.868,12.231323216015438,15.409611524850792,12.881047974356896,16.987008536060877,18.13284583504774,11.236694444444444
2021-04-01,24,zaldivar,SM,1,6.781,8.302,8.103509996696083,7.859595101833494,8.11816161349874,8.39693205533598,6.434733357816811,8.534916666666668
2021-04-01,30,andacollo,SM,0,3.902,4.921,4.660511010609944,4.546554886371961,4.743190601412966,4.245062673185571,3.9044125690050713,4.764749999999999
2021-04-01,30,andina,LC,2,16.308,12.324,14.221908008611003,14.210167661177364,14.173609531740759,14.317046078444747,14.085611287490284,15.059805555555556
2021-04-01,30,antucoya,SM,1,7.18,6.877,6.47815025963652,6.399926358884739,6.626453384947306,6.532066027967028,6.340978636617669,6.3774444444444445
2021-04-01,30,atacama kozan,SM,0,1.207,1.105,1.1183645442778565,1.1882090342376608,1.0947544738764443,1.0440844908879312,1.0394562626553816,1.0618888888888889
2021-04-01,30,candelaria,LC,2,10.825,7.808,7.8566444007538,8.12193603781354,8.207857665801603,8.161337987736582,8.244176231580429,8.59191666666667
2021-04-01,30,caserones,LC,2,9.659,10.122,10.865584751246192,10.253939706234098,10.755326396047385,9.971345314470565,11.143672691342834,11.266
2021-04-01,30,centinela_oxidos,SM,1,7.511,7.858,7.009281912819554,6.707107695627331,6.850123092227564,5.547070361181645,4.649915228580056,7.342666666666667
2021-04-01,30,centinela_sulfuros,LC,2,15.955,11.087,14.741828392677387,15.145494457705565,14.413560791431108,14.061429041235241,13.478807327396263,14.691833333333335
2021-04-01,30,cerro colorado,SM,1,1.256,5.278,4.918856780172437,4.968798454931825,5.0639433539015615,5.6411800327452095,5.5098688537475935,5.725583333333333
2021-04-01,30,chuquicamata,LC,3,23.173,30.402,35.9888857941383,34.532040490399304,35.199411707112795,30.960315922047144,34.4303016033364,31.178000000000004
2021-04-01,30,collahuasi,LC,3,54.803,54.085,58.4405306635549,57.32708706516279,57.91765596426025,52.88768506010267,53.59148630547255,49.791555555555554
2021-04-01,30,el abra,SM,1,8.137,6.075,6.317616038823742,6.450251965826984,6.284837387892459,6.152129711652182,4.800530366816895,6.672984833333334
2021-04-01,30,el soldado,SM,0,2.476,3.659,4.144653380608346,4.39165214090789,4.159539880867912,3.6404655967266613,3.8695160876800077,4.2325
2021-04-01,30,el teniente,LC,3,31.479,36.605,39.80255305103563,37.46912889681386,38.43251532138334,38.390592789654576,38.52753414682623,37.89416666666667
2021-04-01,30,escondida,LC,3,88.354,102.641,98.18126302226698,88.38554808436228,94.2816801117817,89.6949927149752,88.10278575839534,97.99500000000002
2021-04-01,30,franke,SM,0,1.16,1.125,1.4164973474329474,1.2884334615211925,1.2665916706209424,0.8973294466657716,0.7438359596214387,1.3860555555555552
2021-04-01,30,gabriela mistral,SM,1,10.527,8.541,7.585040357698482,8.046861284744057,7.7213693125309995,8.123298860184661,8.154749372201382,8.4515
2021-04-01,30,lomas bayas,SM,1,6.002,6.091,5.286405903179728,5.41583275703568,5.445759890291036,5.299609944552805,5.027993649290756,6.225166666666667
2021-04-01,30,los bronces,LC,3,20.227,24.731,26.18545196320968,26.222733020022993,26.39170274683525,27.485053695981108,28.124757285297267,28.422083333333333
2021-04-01,30,los pelambres,LC,3,28.023,31.17,32.32318790958845,30.58772463258399,31.419063912174387,30.979478045370875,30.557343623927036,31.599638888888894
2021-04-01,30,mantos blancos,SM,0,4.045,3.282,3.5999351250801754,3.6823712913688826,3.6433918379764814,3.784979933791123,4.525337404230334,3.57475
2021-04-01,30,mantoverde,SM,0,3.007,3.235,3.3425570703583753,3.3682353357276176,3.342676086698824,3.3174902987179204,3.5532278052011623,3.4014166666666665
2021-04-01,30,ministro hales,LC,2,14.909,10.118,14.288210023713432,16.28285276158947,15.0337272089151,16.861993407817238,15.76665636842818,14.485222222222221
2021-04-01,30,ojos del salado,SM,0,1.385,2.08,2.571683974117673,2.4873100270561306,2.522305681594734,2.3802434054172443,2.377966343003616,2.431027777777777
2021-04-01,30,otros,LC,2,12.753735280653318,12.587,11.401813578492387,11.070888996668932,11.172095349538766,11.305925555294705,11.469197788461566,11.792434878333331
2021-04-01,30,radomiro tomic,LC,3,22.463,20.468,21.674398796760908,22.04301844420483,21.71833435329377,22.587821677089515,22.68227484601683,22.97736111111111
2021-04-01,30,salvador,SM,0,0.534,6.159,5.577186135565936,5.553696553246542,6.3280044509094395,4.6623029190794725,4.674642218368907,4.64025
2021-04-01,30,sierra gorda,LC,2,11.191,10.868,12.214072244084116,15.404844312067652,12.870187070594694,16.987008536060877,18.11989347501683,11.236694444444444
2021-04-01,30,zaldivar,SM,1,7.572,8.302,8.09160693577631,7.869707868897519,8.059982960169828,8.397110779008033,6.427921063681313,8.534916666666668
2021-04-01,36,andacollo,SM,0,2.507,4.921,4.368075551372114,4.5327623523423926,4.5899163200369255,4.245062673185571,3.854197058279947,4.764749999999999
2021-04-01,36,andina,LC,2,14.54,12.324,14.151843949493271,14.210167661177364,14.173609531740759,14.317046078444747,14.10052067585974,15.059805555555556
2021-04-01,36,antucoya,SM,1,6.592,6.877,6.416435762766163,6.399926358884739,6.412153632597429,6.532066027967029,6.340808096138645,6.3774444444444445
2021-04-01,36,atacama kozan,SM,0,0.668,1.105,1.0906096720161367,1.1901850222108863,1.0532421659252185,1.0440844908879312,1.040908307903545,1.0618888888888889
2021-04-01,36,candelaria,LC,2,8.25,7.808,7.849604633788811,8.111271289808327,8.267148181387068,8.161337987736582,8.254752283464004,8.59191666666667
2021-04-01,36,caserones,LC,2,7.891,10.122,10.886919421220483,10.167459435260248,10.867874336953603,9.971345314471625,11.362851936955977,11.266
2021-04-01,36,centinela_oxidos,SM,1,8.98,7.858,6.972475852049513,6.708456283526825,6.715431270615052,5.547070361181645,4.553178027899211,7.342666666666667
2021-04-01,36,centinela_sulfuros,LC,2,6.862,11.087,14.645884369986334,15.142089289825352,14.373737177669597,14.06142879686113,13.528609951263608,14.691833333333335
2021-04-01,36,cerro colorado,SM,1,0.0,5.278,4.8039310433348765,4.960052119647896,4.874078855867033,5.641180057254748,5.512419201156136,5.725583333333333
2021-04-01,36,chuquicamata,LC,3,19.64,30.402,36.15526518543515,34.54554652845933,35.33509843880914,30.960315922047158,31.582625572701552,31.178000000000004
2021-04-01,36,collahuasi,LC,3,42.269,54.085,58.84644281832091,58.352307250702374,58.65771122742511,52.887685060102584,53.816013434395444,49.791555555555554
2021-04-01,36,el abra,SM,1,7.871,6.075,6.016614802992988,6.395585683826647,6.024828628283334,6.152129711652182,4.5217733974225185,6.672984833333334
2021-04-01,36,el soldado,SM,0,4.14,3.659,4.005189399692857,4.393587437515336,4.083624709205099,3.640465596727053,3.8665437627963684,4.2325
2021-04-01,36,el teniente,LC,3,17.851,36.605,39.822340224678676,37.48033444786902,38.62665324775839,38.390592789654576,37.92279859135676,37.89416666666667
2021-04-01,36,escondida,LC,3,97.98,102.641,100.57680082372093,88.60915873681832,95.20636169174242,89.6949927149752,89.22612520281696,97.99500000000002
2021-04-01,36,franke,SM,0,0.971,1.125,1.3752299414975242,1.2869946904374632,1.1852605904603353,0.8973294466657716,0.7355075812350996,1.3860555555555552
2021-04-01,36,gabriela mistral,SM,1,10.19,8.541,7.393962885129273,8.101201065717307,7.54564321474374,8.123298864750822,6.515638480368075,8.4515
2021-04-01,36,lomas bayas,SM,1,5.7,6.091,5.101649692535115,5.395030566217906,5.300384335974752,5.299609944552805,5.016591426812136,6.225166666666667
2021-04-01,36,los bronces,LC,3,18.82,24.731,26.12256227749818,26.222733020022993,26.515623829450046,27.485053695981108,28.094777329618736,28.422083333333333
2021-04-01,36,los pelambres,LC,3,27.865,31.17,32.735040737141595,30.603533051697053,31.681839415803356,30.979478045370875,30.535636995038985,31.599638888888894
2021-04-01,36,mantos blancos,SM,0,3.39,3.282,3.541438718077562,3.664593174900412,3.5261340127954073,3.7849799337907535,4.527814680730631,3.57475
2021-04-01,36,mantoverde,SM,0,2.62,3.235,3.2779617707842252,3.3485892061276044,3.2737710239616424,3.31749029593868,3.566302553457062,3.4014166666666665
2021-04-01,36,ministro hales,LC,2,6.202,10.118,14.30977530615985,16.325937646305384,15.008462010002283,16.861993407817238,15.767003783917774,14.485222222222221
2021-04-01,36,ojos del salado,SM,0,0.707,2.08,2.5699980260883413,2.4776825621659704,2.5359767434611005,2.3802434054172443,2.3979158836625625,2.431027777777777
2021-04-01,36,otros,LC,2,9.066,12.587,11.432166029400603,11.065514352213563,11.181189827639294,11.305925555294705,11.46868282719305,11.792434878333331
2021-04-01,36,radomiro tomic,LC,3,18.23,20.468,22.016236646892843,22.079362229512437,21.72263086434142,22.587821677089263,22.67187944330379,22.97736111111111
2021-04-01,36,salvador,SM,0,0.0,6.159,5.3501788049003745,5.5396253036185685,6.282865009616294,4.6623029190794725,4.66057460297467,4.64025
2021-04-01,36,sierra gorda,LC,2,9.51,10.868,11.940404586442366,15.404844312067649,12.794087664019985,16.987008536060877,18.12090681493004,11.236694444444444
2021-04-01,36,zaldivar,SM,1,6.502,8.302,8.034433890573785,7.8731273822630286,7.881005613733665,8.39712801028619,6.427232853659234,8.534916666666668
2021-04-01,42,andacollo,SM,0,4.947,4.921,4.350045542417578,4.512333881597703,4.487899175512406,4.245062673185571,3.8840247481510133,4.764749999999999
2021-04-01,42,andina,LC,2,12.658,12.324,14.431394222824808,14.232290264892175,14.448523213896019,14.317046078444747,14.18523310632843,15.059805555555556
2021-04-01,42,antucoya,SM,1,6.938,6.877,6.2482169406198205,6.399926358884739,6.332033159044261,6.532066027967029,6.34083517979407,6.3774444444444445
2021-04-01,42,atacama kozan,SM,0,1.234,1.105,1.149518425840215,1.1978513823586576,1.0613562570112356,1.0440844908879312,1.0401544695598515,1.0618888888888889
2021-04-01,42,candelaria,LC,2,16.627,7.808,7.823396408546868,8.132637751190131,8.020030927731156,8.161337987736582,8.251788313363264,8.59191666666667
2021-04-01,42,caserones,LC,2,10.004,10.122,10.877634286160484,10.048519922746225,10.947381144781863,9.97134531447163,11.24782383513183,11.266
2021-04-01,42,centinela_oxidos,SM,1,7.89,7.858,6.94609614645044,6.729424033149798,6.593183366392119,5.547070361181645,4.56887465177075,7.342666666666667
2021-04-01,42,centinela_sulfuros,LC,2,14.916,11.087,14.881019991439974,15.128821102794744,14.454404830645315,14.06142878647286,14.223739221118604,14.691833333333335
2021-04-01,42,cerro colorado,SM,1,0.0,5.278,4.797601615751051,4.963550402889028,4.765746005960185,5.641180058039349,5.504555224218618,5.725583333333333
2021-04-01,42,chuquicamata,LC,3,24.782,30.402,36.78062964326148,34.62957740190228,35.766163109211504,30.960315922047158,34.182176620424464,31.178000000000004
2021-04-01,42,collahuasi,LC,3,49.545,54.085,59.70854979856341,58.952399832032064,59.673569288504055,52.887685060102584,53.71471185400571,49.791555555555554
2021-04-01,42,el abra,SM,1,9.686,6.075,6.066073440343286,6.400096436874247,5.9457340534525,6.152129711652182,4.398938257901305,6.672984833333334
2021-04-01,42,el soldado,SM,0,4.194,3.659,4.175753644382311,4.479335708710328,4.070930204077442,3.6404655967270543,3.8683427702402113,4.2325
2021-04-01,42,el teniente,LC,3,35.989,36.605,40.01808386687693,37.48033444786902,38.75435644392741,38.390592789654576,38.3654001194062,37.89416666666667
2021-04-01,42,escondida,LC,3,107.976,102.641,103.28429840805008,88.60915873681832,95.87746217727174,89.6949927149752,88.79589882947299,97.99500000000002
2021-04-01,42,franke,SM,0,1.159,1.125,1.4104055896486254,1.295828287572372,1.1710182898842834,0.8973294466657716,0.7349774329422293,1.3860555555555552
2021-04-01,42,gabriela mistral,SM,1,9.403,8.541,7.4476228184946285,8.107295433567893,7.461735466362296,8.123298864886083,7.753905237346375,8.4515
2021-04-01,42,lomas bayas,SM,1,6.359,6.091,5.125743808622849,5.391144691885044,5.234155487228655,5.299609944552805,5.017180363051216,6.225166666666667
2021-04-01,42,los bronces,LC,3,12.035,24.731,26.12321428063325,26.222733020022993,26.592551423428155,27.485053695981108,28.07898870535811,28.422083333333333
2021-04-01,42,los pelambres,LC,3,30.123,31.17,32.98504001673884,30.638250872521112,31.705346011960753,30.979478045370875,30.556815086581114,31.599638888888894
2021-04-01,42,mantos blancos,SM,0,4.463,3.282,3.394406408755014,3.658782917007017,3.447760982331643,3.784979933790752,4.562245753566907,3.57475
2021-04-01,42,mantoverde,SM,0,6.30192595419825,3.235,3.179700908531525,3.3464100323558443,3.2455278588855836,3.3174902958721977,3.5647736433583463,3.4014166666666665
2021-04-01,42,ministro hales,LC,2,13.816,10.118,14.469895152812887,16.344185059159475,15.068103844912844,16.861993407817238,15.766910322676258,14.485222222222221
2021-04-01,42,ojos del salado,SM,0,1.683,2.08,2.5379197400066595,2.475410052715824,2.5241370125014186,2.3802434054172443,2.3950590404305308,2.431027777777777
2021-04-01,42,otros,LC,2,9.861,12.587,11.428451448816698,11.061217076148115,11.25322316864419,11.305925555294705,11.469831574719548,11.792434878333331
2021-04-01,42,radomiro tomic,LC,3,21.542,20.468,22.137707823915974,22.079362229512437,21.879393604071737,22.587821677089263,22.673310725054833,22.97736111111111
2021-04-01,42,salvador,SM,0,1.684,6.159,5.447407716303092,5.554401048080339,6.281905457558922,4.6623029190794725,4.694740278582572,4.64025
2021-04-01,42,sierra gorda,LC,2,12.894,10.868,11.82059347443565,15.320375250610118,12.794087664019985,16.987008536060877,18.120567409812505,11.236694444444444
2021-04-01,42,zaldivar,SM,1,7.392,8.302,8.084812505677373,7.901622005101132,7.7825325638107845,8.397129671604713,6.429327030521266,8.534916666666668
2021-04-01,48,andacollo,SM,0,4.935,4.921,4.332685955645254,4.512333881597703,4.312620538447781,4.245062673185571,3.8631809741690044,4.764749999999999
2021-04-01,48,andina,LC,2,11.863,12.324,14.59272227284861,14.232290264892175,14.51180126343974,14.317046078444747,14.19180542812249,15.059805555555556
2021-04-01,48,antucoya,SM,1,6.258,6.877,6.182866917513364,6.399926358884739,6.258250754949467,6.532066027967029,6.34084681246165,6.3774444444444445
2021-04-01,48,atacama kozan,SM,0,0.923,1.105,1.1321986883496615,1.1975903540301576,1.061357708078909,1.0440844908879312,1.0406661814531513,1.0618888888888889
2021-04-01,48,candelaria,LC,2,12.069,7.808,7.714739075508299,8.092112377771313,7.793136257769339,8.161337987736582,8.253288503744937,8.59191666666667
2021-04-01,48,caserones,LC,2,8.984,10.122,10.853204714434632,10.003715165155809,10.916483639226588,9.97134531447163,11.379926393973774,11.266
2021-04-01,48,centinela_oxidos,SM,1,6.133,7.858,6.986993917649024,6.732830533434723,6.4499276312921605,5.547070361181645,4.532387399727993,7.342666666666667
2021-04-01,48,centinela_sulfuros,LC,2,13.707,11.087,15.310261138681495,15.144046004134008,14.46872128657751,14.061428786031257,14.189651596518381,14.691833333333335
2021-04-01,48,cerro colorado,SM,1,0.0,5.278,4.782556628749455,4.963550402889028,4.615911621461094,5.6411800580644655,5.506166721286647,5.725583333333333
2021-04-01,48,chuquicamata,LC,3,18.365,30.402,36.78062964326148,34.62957740190228,35.766163109211504,30.960315922047158,32.11565183458957,31.178000000000004
2021-04-01,48,collahuasi,LC,3,36.567,54.085,58.01987056801052,59.03386914509339,59.98946956957343,52.887685060102584,53.808610908838006,49.791555555555554
2021-04-01,48,el abra,SM,1,8.357,6.075,6.030396161998314,6.400096436874247,5.758800989159791,6.152129711652182,4.168138252265097,6.672984833333334
2021-04-01,48,el soldado,SM,0,3.975,3.659,4.201175865242473,4.533639786724244,4.142461566338689,3.6404655967270543,3.8680010712372104,4.2325
2021-04-01,48,el teniente,LC,3,31.068,36.605,40.01808386687693,37.48033444786902,38.75435644392741,38.390592789654576,38.01687792676343,37.89416666666667
2021-04-01,48,escondida,LC,3,128.36,102.641,103.28429840805008,88.60915873681832,95.69208608590989,89.6949927149752,89.39397224798694,97.99500000000002
2021-04-01,48,franke,SM,0,1.002,1.125,1.398436513745949,1.2974811202530454,1.138658435660301,0.8973294466657716,0.7315203795297318,1.3860555555555552
2021-04-01,48,gabriela mistral,SM,1,6.616,8.541,7.4417249779935855,8.05614000232661,7.295030228014502,8.12329886489009,6.140879823852046,8.4515
2021-04-01,48,lomas bayas,SM,1,5.221,6.091,5.088065249799258,5.398711275565351,5.134442208617235,5.299609944552805,5.014327589984531,6.225166666666667
2021-04-01,48,los bronces,LC,3,12.278,24.731,26.167042807526713,26.240339399887883,26.61265126232484,27.485053695981108,28.087359575953617,28.422083333333333
2021-04-01,48,los pelambres,LC,3,24.881,31.17,33.04648462917086,30.638250872521112,31.72931069889713,30.979478045370875,30.552080363660554,31.599638888888894
2021-04-01,48,mantos blancos,SM,0,5.369,3.282,3.304581639388123,3.656507681063759,3.3530434017781854,3.784979933790752,4.5636331709036435,3.57475
2021-04-01,48,mantoverde,SM,0,7.329,3.235,3.143279817621241,3.3443290473509393,3.1865958422713803,3.317490295870607,3.5585207208710186,3.4014166666666665
2021-04-01,48,ministro hales,LC,2,10.381,10.118,14.918653552555286,16.344185059159475,15.08312321439291,16.861993407817238,15.766900558352123,14.485222222222221
2021-04-01,48,ojos del salado,SM,0,1.854,2.08,2.5569516881224703,2.47237643565294,2.51463493733514,2.3802434054172443,2.3898785496811255,2.431027777777777
2021-04-01,48,otros,LC,2,8.842999999999998,12.587,11.477919302515806,11.055087159822486,11.221462507063677,11.305925555294705,11.46979032519733,11.792434878333331
2021-04-01,48,radomiro tomic,LC,3,24.124,20.468,22.274892319491766,22.094186681192987,21.879393604071737,22.587821677089263,22.67157993099021,22.97736111111111
2021-04-01,48,salvador,SM,0,3.14,6.159,5.444250351359882,5.554401048080339,6.270663136707479,4.6623029190794725,4.691172694193711,4.64025
2021-04-01,48,sierra gorda,LC,2,12.007,10.868,12.142126498153377,15.267257141430132,12.77609069665841,16.987008536060877,18.120593963487003,11.236694444444444
2021-04-01,48,zaldivar,SM,1,5.059,8.302,8.095946348718991,7.902233824302183,7.815737797887997,8.39712983177735,6.429538594126094,8.534916666666668
2021-04-01,54,andacollo,SM,0,5.277,4.921,4.330534545262449,4.512333881597703,4.2506756938588595,4.245062673185571,3.8755620416340193,4.764749999999999
2021-04-01,54,andina,LC,2,12.346,12.324,14.623710924939349,14.232290264892175,14.574647769572548,14.317046078444747,14.229148164068505,15.059805555555556
2021-04-01,54,antucoya,SM,1,7.336,6.877,6.145705209215028,6.399926358884739,6.170827428017951,6.532066027967029,6.340844965069392,6.3774444444444445
2021-04-01,54,atacama kozan,SM,0,1.019,1.105,1.1318349698201495,1.1975903540301576,1.0367704592034692,1.0440844908879312,1.0404005230333593,1.0618888888888889
2021-04-01,54,candelaria,LC,2,10.193,7.808,7.480107248137558,7.988253337658894,7.659257922599831,8.161337987736582,8.252868070913703,8.59191666666667
2021-04-01,54,caserones,LC,2,10.893,10.122,10.740937868197337,9.89591946591761,10.916483639226588,9.97134531447163,11.31059726316489,11.266
2021-04-01,54,centinela_oxidos,SM,1,4.625,7.858,6.985021617605947,6.738558645186,6.361102689471825,5.547070361181645,4.538307838477411,7.342666666666667
2021-04-01,54,centinela_sulfuros,LC,2,17.195,11.087,15.625174719479153,15.12735294598082,14.572939909294258,14.061428786012486,13.713867315713063,14.691833333333335
2021-04-01,54,cerro colorado,SM,1,0.0,5.278,4.7709633409155785,4.963550402889028,4.5636815224604685,5.641180058065269,5.501197676676585,5.725583333333333
2021-04-01,54,chuquicamata,LC,3,20.314,30.402,36.85873584677732,34.62957740190229,35.766163109211504,30.960315922047158,34.00211525752483,31.178000000000004
2021-04-01,54,collahuasi,LC,3,35.015,54.085,58.771570760214104,59.03386914509339,60.23484873498926,52.887685060102584,53.76624577150585,49.791555555555554
2021-04-01,54,el abra,SM,1,6.321,6.075,6.040785629762441,6.408841274544675,5.693638813546233,6.152129711652182,4.066435500382643,6.672984833333334
2021-04-01,54,el soldado,SM,0,2.765,3.659,4.284357596352383,4.537485575155813,4.1345624333549145,3.6404655967270543,3.868207885574143,4.2325
2021-04-01,54,el teniente,LC,3,22.708,36.605,40.05208818799707,37.48033444786902,38.75435644392741,38.390592789654576,38.27195876933615,37.89416666666667
2021-04-01,54,escondida,LC,3,120.612,102.641,103.50362973841865,88.66490441350308,95.69208608590989,89.6949927149752,89.16491685505254,97.99500000000002
2021-04-01,54,franke,SM,0,0.841,1.125,1.398436513745949,1.2974811202530454,1.122303178060422,0.8973294466657716,0.7313003185670836,1.3860555555555552
2021-04-01,54,gabriela mistral,SM,1,7.258,8.541,7.5371933826600594,8.05614000232661,7.26429885189805,8.12329886489021,7.359440306175971,8.4515
2021-04-01,54,lomas bayas,SM,1,5.617,6.091,5.180007056436013,5.398711275565351,5.015498185792031,5.299609944552805,5.014474938577666,6.225166666666667
2021-04-01,54,los bronces,LC,3,14.25,24.731,26.167042807526713,26.240339399887883,26.61265126232484,27.485053695981108,28.091768005771993,28.422083333333333
2021-04-01,54,los pelambres,LC,3,26.943,31.17,33.27547181475018,30.693849683918693,31.797736168242245,30.979478045370875,30.556699800237066,31.599638888888894
2021-04-01,54,mantos blancos,SM,0,6.011,3.282,3.3243592434354814,3.656507681063759,3.342211799446555,3.784979933790752,4.582916552217654,3.57475
2021-04-01,54,mantoverde,SM,0,5.935392883080209,3.235,2.989001757932091,3.3443290473509393,3.1127754605155027,3.3174902958705688,3.559251913254248,3.4014166666666665
2021-04-01,54,ministro hales,LC,2,13.223,10.118,15.048151168948586,16.307771508372177,15.08312321439291,16.861993407817238,15.766903185137291,14.485222222222221
2021-04-01,54,ojos del salado,SM,0,1.335,2.08,2.5876954513707298,2.47237643565294,2.4563810751082196,2.3802434054172443,2.3906204138768508,2.431027777777777
2021-04-01,54,otros,LC,2,9.988,12.587,11.438653468323864,11.049542179901175,11.368272069446535,11.305925555294705,11.469882342382922,11.792434878333331
2021-04-01,54,radomiro tomic,LC,3,23.595,20.468,22.363662633979473,22.094186681192987,21.879393604071737,22.587821677089263,22.67181823382731,22.97736111111111
2021-04-01,54,salvador,SM,0,3.372,6.159,5.453629977839769,5.554401048080339,6.375670790966495,4.6623029190794725,4.699837199692784,4.64025
2021-04-01,54,sierra gorda,LC,2,12.511,10.868,12.619538532411347,15.267257141430134,12.77609069665841,16.987008536060877,18.120585069676647,11.236694444444444
2021-04-01,54,zaldivar,SM,1,6.86,8.302,8.164601423658606,7.908956833028682,7.731943505674929,8.397129847220068,6.428894820289815,8.534916666666668
