Origin,Horizonte,Mine,Segment,Mine_Size,Actual,Naive,LGB,RF,XGB,ARIMA,SARIMAX,RollingMean,LGB_bc,RF_bc,XGB_bc,Best_Pred,H_norm,Stack_Pred
2018-01-01,6,andacollo,SM,1,5.4,8.4,6.84514667786969,6.316808670385056,6.379046683002908,6.12140128456064,6.473051154876203,6.166666666666667,6.84514667786969,6.316808670385056,6.379046683002908,6.332391069650949,0.1,3.575453532799131
2018-01-01,9,andacollo,SM,1,5.7,8.4,6.925701044622637,6.311490704485779,6.311643478127632,6.121401467111866,6.473051145521583,6.166666666666667,6.925701044622637,6.311490704485779,6.311643478127632,6.347438349821683,0.15,3.598214572063449
2018-01-01,12,andacollo,SM,1,4.2,8.4,6.906578922180429,6.31351891527314,6.311643478127632,6.121401467335858,6.570178662601123,6.166666666666667,6.906578922180429,6.31351891527314,6.311643478127632,6.344019567490714,0.2,3.6110527217036164
2018-01-01,18,andacollo,SM,1,5.4,8.4,6.859467692150289,6.3196156385070825,6.2991762750634095,6.121401467336133,6.455312952279734,6.166666666666667,6.859467692150289,6.3196156385070825,6.2991762750634095,6.3781041659976765,0.3,3.6639884910015077
2018-01-01,24,andacollo,SM,1,6.32,8.4,6.876151432132706,6.3196156385070825,6.275018092629899,6.121401467336133,6.4317285681141625,6.166666666666667,6.876151432132706,6.3196156385070825,6.275018092629899,6.425396787858603,0.4,3.7088448249456674
2018-01-01,30,andacollo,SM,1,3.028,8.4,7.1703552548422715,6.3196156385070825,6.459784817126056,6.121401467336133,6.459620121219214,6.166666666666667,7.1703552548422715,6.3196156385070825,6.459784817126056,6.513657934671473,0.5,3.742717200247775
2018-01-01,36,andacollo,SM,1,4.445,8.4,7.075870550296372,6.3196156385070825,6.507951876701631,6.121401467336133,6.465346852909321,6.166666666666667,7.075870550296372,6.3196156385070825,6.507951876701631,6.485312523307703,0.6,3.7824435840268626
2018-01-01,42,andacollo,SM,1,3.84,8.4,7.11376861270249,6.3196156385070825,6.7469285434237145,6.121401467336133,6.4585742596572935,6.166666666666667,7.11376861270249,6.3196156385070825,6.7469285434237145,6.4966819420295385,0.7,3.817065060099373
2018-01-01,48,andacollo,SM,1,3.061,8.4,7.11376861270249,6.3196156385070825,6.7469285434237145,6.121401467336133,6.457183701582076,6.166666666666667,7.11376861270249,6.3196156385070825,6.7469285434237145,6.4966819420295385,0.8,3.8591732749262246
2018-01-01,54,andacollo,SM,1,2.221,8.4,7.11376861270249,6.3196156385070825,6.7469285434237145,6.121401467336133,6.458828214499111,6.166666666666667,7.11376861270249,6.3196156385070825,6.7469285434237145,6.4966819420295385,0.9,3.9010201592483598
2018-01-01,60,andacollo,SM,1,3.161,8.4,7.11376861270249,6.3196156385070825,6.7469285434237145,6.121401467336133,6.459165868132141,6.166666666666667,7.11376861270249,6.3196156385070825,6.7469285434237145,6.4966819420295385,1.0,3.942979568844913
2018-07-01,6,andacollo,SM,1,4.2,6.4,5.571501029756701,5.488333173914995,5.581715443578769,6.0350469562658136,6.073573626714904,6.044444444444444,4.126354351887011,4.57152450352994,4.602668760575861,5.366242437750056,0.1,3.4401278330894067
2018-07-01,9,andacollo,SM,1,5.7,6.4,5.56228086579433,5.4947007398581915,5.518881830900076,6.035059408110514,5.87003735347414,6.044444444444444,4.336579821171693,4.883210035372413,4.907238352772445,5.4706246379754875,0.15,3.508090741420932
2018-07-01,12,andacollo,SM,1,5.4,6.4,5.6517483555897545,5.482052183661181,5.546031607015754,6.035059463370296,5.877855109804213,6.044444444444444,2.945169433409326,3.368533268388041,3.4343881288881226,4.8894072070261405,0.2,3.3742275996191005
2018-07-01,18,andacollo,SM,1,6.32,6.4,5.802213050426535,5.5075892390582455,5.705120781503443,6.035059463616622,6.02031618914331,6.044444444444444,4.342745358276247,4.587973600551163,4.805944506440034,5.254901961929074,0.3,3.5430981254615244
2018-07-01,24,andacollo,SM,1,3.028,6.4,5.976383019268146,5.505625110386107,5.955063164574848,6.035059463616627,5.9472974778883305,6.044444444444444,5.420231587135441,5.5060094718790245,6.00004507194495,5.695650095482117,0.4,3.6914997183207823
2018-07-01,30,andacollo,SM,1,4.445,6.4,6.48682630352081,5.516676762699759,6.4247140066023585,6.035059463616627,6.00043890314821,6.044444444444444,2.344471048678538,2.2250611241926763,2.992929189476303,3.7886374296391425,0.5,3.3881093869571983
2018-07-01,36,andacollo,SM,1,3.84,6.4,6.366161511876239,5.516676762699759,6.3330460759200555,6.035059463616627,5.973201158737175,6.044444444444444,3.7352909615798673,3.6420611241926766,4.270094199218425,4.630983403509541,0.6,3.5904523691548444
2018-07-01,42,andacollo,SM,1,3.061,6.4,6.389206183468509,5.516676762699759,6.316829615906383,6.035059463616627,5.993024194969715,6.044444444444444,3.1154375707660193,3.037061124192676,3.4099010724826684,4.263527386265387,0.7,3.5788065849016197
2018-07-01,48,andacollo,SM,1,2.221,6.4,6.368867596597934,5.516676762699759,6.073956858009745,6.035059463616627,5.982863857874649,6.044444444444444,2.3160989838954444,2.2580611241926762,2.3880283145860304,3.790025810204214,0.8,3.5503617192185097
2018-07-01,54,andacollo,SM,1,3.161,6.4,6.368867596597934,5.516676762699759,6.073956858009745,6.035059463616627,5.990258329580196,6.044444444444444,1.4760989838954446,1.4180611241926764,1.5480283145860305,3.286025810204214,0.9,3.508610789037487
2018-07-01,60,andacollo,SM,1,3.937,6.4,6.368867596597934,5.516676762699759,6.073956858009745,6.035059463616627,5.986468278233522,6.044444444444444,2.4160989838954445,2.3580611241926763,2.4880283145860305,3.850025810204214,1.0,3.656072075077054
2019-01-01,6,andacollo,SM,1,5.4,6.0,5.252391330975946,5.383345986843368,5.2824067629579075,5.978620919391847,5.381285442776166,5.955555555555556,3.8440674771627505,4.2807750646933425,4.1020256996670685,5.198301841704552,0.1,3.613729442103803
2019-01-01,9,andacollo,SM,1,2.1,6.0,5.237024871224638,5.383345986843368,5.258981229232098,5.978670489045792,5.446490925865889,5.955555555555556,4.693033916016155,5.180250264671383,5.043718574718244,5.547990169470841,0.15,3.742728379856157
2019-01-01,12,andacollo,SM,1,6.32,6.0,5.149668239986422,5.390183544950694,5.266745474677466,5.97867075142444,5.089767153302874,5.955555555555556,3.6705046011013307,4.292397995483533,4.137907932105772,5.165913852650306,0.2,3.67170609563564
2019-01-01,18,andacollo,SM,1,3.028,6.0,6.095482200344563,5.941670664663504,5.913150844355664,5.978670752820596,5.349376924171299,5.955555555555556,5.624641829056151,5.88806822588084,5.771002316072238,5.855955291512026,0.3,3.9151899587015886
2019-01-01,24,andacollo,SM,1,4.445,6.0,6.430530161692856,6.128460353695562,6.229207124651114,5.978670752820634,5.247950922150997,5.955555555555556,4.6782629359924295,4.8898399792489675,4.788166496048741,5.252653096794642,0.4,3.8523761251350876
2019-01-01,30,andacollo,SM,1,3.84,6.0,6.7916111433152055,6.304340127473909,6.562151832262056,5.978670752820634,5.338273132373809,5.955555555555556,3.6995203641336647,4.122693926870488,3.856402420397849,4.728886509523468,0.5,3.8059149143698527
2019-01-01,36,andacollo,SM,1,3.061,6.0,6.652486785830579,6.313829774367114,6.644062774868487,5.978670752820634,5.302985474865656,5.955555555555556,4.073970754744273,4.538183573763693,4.366063798557644,4.965868520774612,0.6,3.9057933475063713
2019-01-01,42,andacollo,SM,1,2.221,6.0,6.723887223608661,6.339932584455876,6.651338618003172,5.978670752820634,5.334409953364609,5.955555555555556,3.422899825523161,3.872286383852455,3.5699595383381233,4.570778085034908,0.7,3.8796893600512194
2019-01-01,48,andacollo,SM,1,3.161,6.0,6.731545981806495,6.339932584455877,6.555016527695576,5.978670752820634,5.322132837559893,5.955555555555556,2.6312278771562836,3.062786383852456,2.7855738269788466,4.090426500524844,0.8,3.835015000978639
2019-01-01,54,andacollo,SM,1,3.937,6.0,6.74208462528966,6.339932584455876,6.452421357970089,5.978670752820634,5.333065894296384,5.955555555555556,2.6917665206394483,3.1127863838524554,2.7329786572533594,4.1235880935697935,0.9,3.8947945323356032
2019-01-01,60,andacollo,SM,1,2.121,6.0,6.74208462528966,6.339932584455876,6.452421357970089,5.978670752820634,5.328794497917987,5.955555555555556,3.549766520639448,3.970786383852455,3.5909786572533595,4.638388093569793,1.0,4.049641119988312
2019-07-01,6,andacollo,SM,0,6.32,5.4,4.8668217252587525,5.255447985355633,4.932661447599466,5.469442565355197,4.7691616988434635,5.8388888888888895,3.9771420457246407,4.52595204164116,4.184938484419605,5.203952150806494,0.1,3.652709762611743
2019-07-01,9,andacollo,SM,0,4.921,5.4,4.860944041298694,5.247450759011242,4.904462684189563,5.469442900100838,5.37167479122256,5.8388888888888895,3.452608447418159,4.017604948615462,3.7079605047696282,4.997376012540058,0.15,3.658772967973724
2019-07-01,12,andacollo,SM,0,3.028,5.4,5.028778458728751,5.238125019011272,4.885660349064047,5.469442900836598,5.262111731007895,5.8388888888888895,4.432779952809883,4.816206804382934,4.484186829123763,5.353130684771897,0.2,3.713800602351956
2019-07-01,18,andacollo,SM,0,4.445,5.4,4.986073288856669,5.203428926262737,4.940886378261488,5.469442900838218,5.049432717696579,5.8388888888888895,3.649685641216207,4.196470412186461,3.884403744620649,4.880983457795112,0.3,3.7244911004878114
2019-07-01,24,andacollo,SM,0,3.84,5.4,4.973078289472246,5.164612643339688,4.926332472499676,5.469442900838218,5.204400685939622,5.8388888888888895,3.1430567517743437,3.7777122758101047,3.3709030118810563,4.411786263830891,0.4,3.7549577922813007
2019-07-01,30,andacollo,SM,0,3.061,5.4,4.966212551122781,5.143020029104498,4.884973328380915,5.469442900838218,5.137541098269711,5.8388888888888895,1.9209483172300184,2.8671425195442484,2.1737564430507588,3.771982806587836,0.5,3.770027813768414
2019-07-01,36,andacollo,SM,0,2.221,5.4,5.023516372079333,5.136426161121634,4.927083641178972,5.469442900838218,5.186258149837028,5.8388888888888895,2.1073434227449366,2.8683854359303163,2.214063398682248,3.8282742131581315,0.6,3.812658650070752
2019-07-01,42,andacollo,SM,0,3.161,5.4,5.0222253727924,5.136426161121634,4.945739023777379,5.469442900838218,5.165239599892719,5.8388888888888895,1.3206046995325136,2.118351165900729,1.4147067646662892,3.3672423151855284,0.7,3.8259587903548335
2019-07-01,48,andacollo,SM,0,3.937,5.4,5.017028579434046,5.136426161121634,4.822767964553401,5.469442900838218,5.180554707526384,5.8388888888888895,1.093301182398407,1.892017832567395,1.1784673215103894,3.2311512600452965,0.8,3.859082802733152
2019-07-01,54,andacollo,SM,0,2.121,5.4,4.958091089564571,5.136426161121634,4.758359815888582,5.469442900838218,5.1739471369870245,5.8388888888888895,1.3228508113678763,2.184017832567396,1.440257562754066,3.3876161487361376,0.9,3.912905280188525
2019-07-01,60,andacollo,SM,0,4.202,5.4,4.895567843551509,5.1364261611216335,4.578082606661026,5.469442900838218,5.178761724780922,5.8388888888888895,1.226994232021481,2.150684499234061,1.2266470201931763,3.3488591749322185,1.0,3.961798546233876
2020-01-01,6,andacollo,SM,0,3.028,4.2,5.89106617887152,5.675744282234258,6.192048224790811,5.293171168951332,4.547143956749023,5.419999999999999,5.587100987906248,5.394760328109495,5.978090640506048,5.448372263203147,0.1,3.8764145141580526
2020-01-01,9,andacollo,SM,0,4.473,4.2,5.83861665987258,5.675744282234258,6.120510905412697,5.293168776922045,5.037794174391582,5.419999999999999,4.797378954137505,4.671747234684613,5.227268599800355,5.145825237764424,0.15,3.817287322258218
2020-01-01,12,andacollo,SM,0,4.445,4.2,5.851681158690683,5.675744282234258,6.235276447984809,5.29316877326835,5.462666668259004,5.419999999999999,4.904487664569344,4.8067743665101865,5.469756220763585,5.194252406215906,0.2,3.8270072342856034
2020-01-01,18,andacollo,SM,0,3.84,4.2,5.776055909177011,5.63707804235744,6.200700014499008,5.293168773262761,4.843487470018411,5.419999999999999,4.638496851232498,4.692251925234548,5.284366444703006,5.042687194116761,0.3,3.8743961533557534
2020-01-01,24,andacollo,SM,0,3.061,4.2,5.713908274484082,5.633039704369152,5.953572897195612,5.293168773262761,5.130436962953843,5.419999999999999,4.058122548842594,4.2617112678870415,4.515417683606728,4.66395014501889,0.4,3.8685532522746002
2020-01-01,30,andacollo,SM,0,2.221,4.2,5.538846592681389,5.615259472511285,5.921626183800188,5.293168773262761,4.936369430269639,5.419999999999999,2.778595279481122,3.387846333064973,3.432220187707342,4.017932483763828,0.5,3.840753983184199
2020-01-01,36,andacollo,SM,0,3.161,4.2,5.51322370537996,5.606796179550323,5.7934266352937085,5.293168773262761,5.026307174071644,5.419999999999999,2.625464900359329,3.176909095376426,3.082140543126423,3.908712198720726,0.6,3.856965847135333
2020-01-01,42,andacollo,SM,0,3.937,4.2,5.482115216929044,5.596858171134319,5.766075280868907,5.293168773262761,4.965481152543294,5.419999999999999,2.240593368786029,2.8394453844382315,2.671616330591245,3.692011625967278,0.7,3.866650566838386
2020-01-01,48,andacollo,SM,0,2.121,4.2,5.3833158734223385,5.589198103000336,5.7258083067370436,5.293168773262761,4.9936700776305925,5.419999999999999,2.1705131807870974,2.856035316304248,2.771140833316434,3.6759645491274036,0.8,3.898216886547086
2020-01-01,54,andacollo,SM,0,4.202,4.2,5.40743064511034,5.589198103000336,5.861987796487112,5.293168773262761,4.974605554864759,5.419999999999999,1.9717276640716759,2.621035316304248,2.7140711526640793,3.545828894112777,0.9,3.910115837309963
2020-01-01,60,andacollo,SM,0,4.461,4.2,5.263120571006229,5.581220641369541,5.715365568380191,5.293168773262761,4.983440727551843,5.419999999999999,2.3382984014708303,3.108307854673453,3.1077682268640476,3.8019818768432847,1.0,3.9834727601739655
2020-07-01,6,andacollo,SM,0,4.445,5.4,5.161101353975048,4.834063824694478,5.453655414107727,4.841428575454896,5.223470412038792,5.221916666666666,4.345315965428527,4.079727804947816,4.649679701721755,4.818158754075268,0.1,3.847522412654322
2020-07-01,9,andacollo,SM,0,3.088,5.4,5.144049300998927,4.838008156022612,5.423099254446407,4.841440132194255,4.705596358994146,5.221916666666666,4.037935804436351,3.7942616615360443,4.3790032288739935,4.699589493194479,0.15,3.867686191000938
2020-07-01,12,andacollo,SM,0,3.84,5.4,5.114715846465682,4.837167125063828,5.413091879105251,4.841440161405558,4.010049840455827,5.221916666666666,4.075624819430474,3.895842336037719,4.44262040773131,4.727443431093638,0.2,3.928674501587694
2020-07-01,18,andacollo,SM,0,3.061,5.4,5.4731955875119525,4.911891212441103,5.7744414455564215,4.8414401614795795,4.810837139300788,5.221916666666666,4.17593715932094,3.7966147102713013,4.569234586819819,4.604096300731394,0.3,3.9020030084201607
2020-07-01,24,andacollo,SM,0,2.221,5.4,5.393521255529943,4.943321350299955,5.767691480348108,4.8414401614795795,4.38240026779266,5.221916666666666,3.5383110201199357,3.331850660240437,4.038652730037878,4.149815170774778,0.4,3.9120945540867957
2020-07-01,30,andacollo,SM,0,3.161,5.4,5.549318707653882,4.947095406184167,5.881908255364621,4.8414401614795795,4.6651442192328805,5.221916666666666,2.677548338557391,2.4863130001248606,3.1502582217303066,3.6379250682713415,0.5,3.8531728332038355
2020-07-01,36,andacollo,SM,0,3.937,5.4,5.149011518670782,4.855570193491486,5.575974367490299,4.8414401614795795,4.513870673610331,5.221916666666666,2.368359733578285,2.422501290242304,2.8804601666977288,3.5260249738128433,0.6,3.8779554190102834
2020-07-01,42,andacollo,SM,0,2.121,5.4,5.141641666318188,4.84612998773652,5.468114179008644,4.8414401614795795,4.613702604244903,5.221916666666666,2.2394011444179673,2.3082281241527856,2.6267319626127335,3.453055447237892,0.7,3.8890298368866296
2020-07-01,48,andacollo,SM,0,4.202,5.4,5.131833356851172,4.846129987736521,5.453345637682379,4.8414401614795795,4.560290568243739,5.221916666666666,1.909128028058511,1.9659601377795837,2.3686499975984825,3.2512931164180947,0.8,3.890131776464119
2020-07-01,54,andacollo,SM,0,4.461,5.4,5.100331467874146,4.846129987736521,5.467735793172381,4.8414401614795795,4.595539472149411,5.221916666666666,2.110682954021147,2.1941601377795843,2.6174049188165327,3.380219594206886,0.9,3.93100663372598
2020-07-01,60,andacollo,SM,0,4.366,5.4,5.003138541405835,4.8461299877365205,5.173530939972577,4.8414401614795795,4.576680618950401,5.221916666666666,2.50285669157627,2.6437556301057423,2.8365799530836235,3.6327503631712696,1.0,3.9937636060655755
2020-10-01,6,andacollo,SM,0,3.088,2.1,5.265763772864654,5.171078323029414,4.438700352741637,4.687296184110201,4.527006829213699,5.037833333333334,4.466592390080045,4.4776210024581165,3.600611356735372,4.8115426785076325,0.1,3.587160756843051
2020-10-01,9,andacollo,SM,0,3.84,2.1,5.267726755579167,5.1710783230294135,4.536339973819847,4.687297912303265,3.8837671740005675,5.037833333333334,4.003290624943866,4.009621551620172,3.277076743435101,4.625282435312808,0.15,3.5833219886912344
2020-10-01,12,andacollo,SM,0,3.734,2.1,5.259890382427862,5.16239837397752,4.524492502754008,4.6872979172179745,4.379811279141397,5.037833333333334,4.1815285521542425,4.211766528945125,3.4535842967581813,4.7013590162198735,0.2,3.5713494488593542
2020-10-01,18,andacollo,SM,0,4.293,2.1,5.262357577019696,5.196068901516631,4.594054857935271,4.687297917231991,4.391786591843121,5.037833333333334,3.779276288941859,3.9581899476349456,3.1374755680620323,4.4532832258108686,0.3,3.5586855597530787
2020-10-01,24,andacollo,SM,0,3.961,2.1,5.028311364733168,5.196068901516631,4.776136762240323,4.687297917231991,4.336033996723312,5.037833333333334,2.9535492926365046,3.3994564347503733,2.744155890257113,3.921035051549397,0.4,3.532799813132948
2020-10-01,30,andacollo,SM,0,3.377,2.1,5.162082699493971,5.219864335863051,4.775767582218425,4.687297917231991,4.340569810312089,5.037833333333334,2.370887607304582,2.871529763116268,2.0459078449623926,3.587858544459589,0.5,3.518536587754958
2020-10-01,36,andacollo,SM,0,3.902,2.1,4.991834413751839,5.219864335863051,4.72702119518983,4.687297917231991,4.319452751800366,5.037833333333334,2.4726226730629617,3.0392118842401517,2.207596966614305,3.6686837005242676,0.6,3.51340765507633
2020-10-01,42,andacollo,SM,0,2.507,2.1,4.999027276366259,5.224524559062252,4.63454139208662,4.687297917231991,4.321170753280775,5.037833333333334,2.0770532303963765,2.6554180081197205,1.7088705152552532,3.4348747048881627,0.7,3.5001451363503335
2020-10-01,48,andacollo,SM,0,4.947,2.1,4.92156919768817,5.224524559062252,4.60729168323601,4.687297917231991,4.313172378331067,5.037833333333334,2.0810091975524236,2.717028019475384,1.8281543768857005,3.454544498441676,0.8,3.490053299885484
2020-10-01,54,andacollo,SM,0,4.935,2.1,4.9393724885266215,5.224524559062252,4.6022916331447155,4.687297917231991,4.313823094906807,5.037833333333334,2.3414434823367647,2.950361352808718,2.059226605652778,3.602674783876979,0.9,3.4855640490174844
2020-10-01,60,andacollo,SM,0,5.277,2.1,4.945511940384662,5.224524559062252,4.306283313064905,4.687297917231991,4.310793600917357,5.037833333333334,2.755753975292386,3.3091909297471833,2.224235667328682,3.8346168048452043,1.0,3.4909939629496027
2021-04-01,6,andacollo,SM,0,3.734,4.921,4.520098373164585,4.468554219880642,4.720304703865635,4.245050652673017,4.071835123550363,4.764749999999999,3.5239852203685413,3.576579613243899,3.8089855140400313,4.278962966722488,0.1,3.6573239758156277
2021-04-01,9,andacollo,SM,0,3.061,4.921,4.421762751526845,4.473234158453065,4.622986542540658,4.245062634441431,4.114407288028895,4.764749999999999,3.133999388756706,3.28754573681237,3.4441409202366122,4.143159025113815,0.15,3.634024459549511
2021-04-01,12,andacollo,SM,0,4.293,4.921,4.405250204301219,4.4630682883772,4.592774208797983,4.245062673060693,3.7804114454987605,4.764749999999999,3.26295572371985,3.44418408206693,3.5619253889795592,4.200277961157355,0.2,3.627560263089311
2021-04-01,18,andacollo,SM,0,3.961,4.921,4.61645413742638,4.522382469714107,4.735708487898491,4.24506267318557,3.9535296261004715,4.764749999999999,3.2067619509282776,3.332333523313144,3.444204116873533,4.017148868560355,0.3,3.6301179913338504
2021-04-01,24,andacollo,SM,0,3.377,4.921,4.562957129459503,4.537485855322286,4.634886781034676,4.245062673185571,3.832553572552749,4.764749999999999,2.6321165869861955,2.821093897877404,2.7767407818718786,3.5418631454590797,0.4,3.5788192251102484
2021-04-01,30,andacollo,SM,0,3.902,4.921,4.660511010609944,4.546554886371961,4.743190601412966,4.245062673185571,3.9044125690050713,4.764749999999999,2.013046260234186,2.270430347465711,2.2034868863051633,3.190942982309969,0.5,3.5336847512950618
2021-04-01,36,andacollo,SM,0,2.507,4.921,4.368075551372114,4.5327623523423926,4.5899163200369255,4.245062673185571,3.854197058279947,4.764749999999999,2.0530605716742425,2.4753653458280427,2.312549667659357,3.2644277752506854,0.6,3.5486858372609857
2021-04-01,42,andacollo,SM,0,4.947,4.921,4.350045542417578,4.512333881597703,4.487899175512406,4.245062673185571,3.8840247481510133,4.764749999999999,1.489492463533928,1.92202475806664,1.6762467965017178,2.9293551664801702,0.7,3.5026873037135133
2021-04-01,48,andacollo,SM,0,4.935,4.921,4.332685955645254,4.512333881597703,4.312620538447781,4.245062673185571,3.8631809741690044,4.764749999999999,1.901553213002019,2.3234047678000658,1.9790326068280857,3.173387394240625,0.8,3.540167154133518
2021-04-01,54,andacollo,SM,0,5.277,4.921,4.330534545262449,4.512333881597703,4.2506756938588595,4.245062673185571,3.8755620416340193,4.764749999999999,2.1031136130244823,2.5216904820857806,2.1184354369879537,3.2933412285330785,0.9,3.5606040559158934
2018-01-01,6,andina,LC,2,16.1,19.5,17.64861054047824,17.370002460312868,17.8302443498522,19.06412685977685,19.03299843904762,17.741666666666664,17.64861054047824,17.370002460312868,17.8302443498522,17.625486583531107,0.1,15.680640828556633
2018-01-01,9,andina,LC,2,17.3,19.5,17.51753304131158,17.41466024698098,17.7955740291328,19.064761547099724,19.057884804679325,17.741666666666664,17.51753304131158,17.41466024698098,17.7955740291328,17.60388165540647,0.15,15.631949268140671
2018-01-01,12,andina,LC,2,16.746,19.5,17.59336694396544,17.41466024698098,17.78070831545638,19.06472328677592,19.086373358756344,17.741666666666664,17.59336694396544,17.41466024698098,17.78070831545638,17.622840131069935,0.2,15.574238791510169
2018-01-01,18,andina,LC,2,14.04,19.5,17.571908063605328,17.41466024698098,17.791919567587705,19.064725454155262,19.09270951359241,17.741666666666664,17.571908063605328,17.41466024698098,17.791919567587705,17.617475410979907,0.3,15.46925093127232
2018-01-01,24,andina,LC,2,15.886,19.5,17.568865764941453,17.419172623435824,17.823304846345984,19.064725462031387,19.095250449629223,17.741666666666664,17.568865764941453,17.419172623435824,17.823304846345984,17.61784293042765,0.4,15.360149697463363
2018-01-01,30,andina,LC,2,14.282,19.5,17.580692574362228,17.419172623435824,17.858708374125662,19.06472546206001,19.095552082446844,17.741666666666664,17.580692574362228,17.419172623435824,17.858708374125662,17.620799632782845,0.5,15.25051099721091
2018-01-01,36,andina,LC,2,13.639,19.5,18.04361850361506,17.429136794475784,17.943699225910034,19.064725462060117,19.095673043731683,17.741666666666664,18.04361850361506,17.429136794475784,17.943699225910034,17.73902215785604,0.6,15.104255709698732
2018-01-01,42,andina,LC,2,19.517,19.5,19.618339857385596,17.551465796930405,18.184511338229157,19.064725462060117,19.095687402964852,17.741666666666664,19.618339857385596,17.551465796930405,18.184511338229157,18.163284746912332,0.7,14.84948280948263
2018-01-01,48,andina,LC,2,18.84,19.5,19.618339857385596,17.551465796930405,18.184511338229157,19.064725462060117,19.095693161327976,17.741666666666664,19.618339857385596,17.551465796930405,18.184511338229157,18.163284746912332,0.8,14.7451296095922
2018-01-01,54,andina,LC,2,17.03,19.5,19.618339857385596,17.551465796930405,18.184511338229157,19.064725462060117,19.095693844899408,17.741666666666664,19.618339857385596,17.551465796930405,18.184511338229157,18.163284746912332,0.9,14.640776870970798
2018-01-01,60,andina,LC,2,15.112,19.5,19.618339857385596,17.551465796930405,18.184511338229157,19.064725462060117,19.09569411902634,17.741666666666664,19.618339857385596,17.551465796930405,18.184511338229157,18.163284746912332,1.0,14.536424169565521
2018-07-01,6,andina,LC,2,16.746,17.8,16.053899350361178,16.503421084081666,16.373227816443467,16.820090989388216,16.968920630228805,17.30833333333333,14.505288809882938,15.233418623768799,14.642983466591268,16.0888435250796,0.1,16.262814957218087
2018-07-01,9,andina,LC,2,11.828,17.8,16.098334953343862,16.512826636918117,16.424975133235897,16.822513030550574,16.52244409198117,17.30833333333333,15.880801912032283,16.39816638993714,15.929401104103096,16.72390874215902,0.15,15.850555975576249
2018-07-01,12,andina,LC,2,14.04,17.8,15.942835714126373,16.512826636918117,16.4276876900196,16.82237657641196,16.698820048118613,17.30833333333333,15.095468770160933,15.844166389937136,15.392979374563218,16.38907545669118,0.2,15.953874851277735
2018-07-01,18,andina,LC,2,15.886,17.8,15.868712534785136,16.496475300913154,16.40606849915043,16.822383830923012,16.782720376524765,17.30833333333333,12.336804471179807,13.121815053932174,12.654148931562723,15.018821547944661,0.3,16.67643843506515
2018-07-01,24,andina,LC,2,14.282,17.8,15.765085973605613,16.501408219601778,16.39508571887664,16.82238385394901,16.75876719799297,17.30833333333333,14.08222020866416,14.968235596165954,14.457780872530655,15.916780617874194,0.4,16.000545056794074
2018-07-01,30,andina,LC,2,13.639,17.8,15.483629102054651,16.46222389487264,16.372309348595333,16.8223838540221,16.766212716998435,17.30833333333333,12.184936527692424,13.325051271436816,12.795600974469671,15.031663616448975,0.5,16.391527367661908
2018-07-01,36,andina,LC,2,19.517,17.8,15.258442254419053,16.485177318073717,16.358777125411663,16.82238385402233,16.76408706469576,17.30833333333333,10.853823750803992,12.695040523597932,12.054077899501628,14.541382735267145,0.6,16.47715853081501
2018-07-01,42,andina,LC,2,18.84,17.8,15.03201239858594,16.49411890488603,16.310445435173317,16.82238385402233,16.764747794764386,17.30833333333333,14.930672541200343,18.459653107955624,17.64293409694416,17.001748078955657,0.7,14.593222982802581
2018-07-01,48,andina,LC,2,17.03,17.8,14.746417588734289,16.49411890488603,16.293617254852574,16.82238385402233,16.76455916017889,17.30833333333333,13.968077731348693,17.782653107955625,16.949105916623417,16.591849376492746,0.8,14.686850512635186
2018-07-01,54,andina,LC,2,15.112,17.8,14.746417588734289,16.49411890488603,16.293617254852574,16.82238385402233,16.764617794670738,17.30833333333333,12.158077731348694,15.972653107955626,15.139105916623418,15.686849376492745,0.9,15.130092175333886
2018-07-01,60,andina,LC,2,14.043,17.8,14.746417588734289,16.49411890488603,16.293617254852574,16.82238385402233,16.764601054864894,17.30833333333333,10.240077731348693,14.054653107955625,13.221105916623417,14.727849376492745,1.0,15.606530271743068
2019-01-01,6,andina,LC,2,14.04,18.9,16.673667332599845,16.545217779162442,16.07610955872814,16.545625257374702,16.100901143593198,16.831833333333332,16.245412387180135,16.031506006965174,15.397373475580308,16.485146265202992,0.1,16.10992955378067
2019-01-01,9,andina,LC,2,12.111,18.9,16.506498758707863,16.545217779162442,15.984877768122425,16.545623525366967,16.297853011036977,16.831833333333332,14.262564761380142,14.145474337212894,13.438603186938076,15.517926441314925,0.15,16.64673351632309
2019-01-01,12,andina,LC,2,15.886,18.9,16.448222292296148,16.527008672232057,15.951681411053398,16.54562353045166,16.219414476884417,16.831833333333332,15.07312096325024,14.956265230282508,14.240483408315407,15.923263215049854,0.2,16.334620594480374
2019-01-01,18,andina,LC,2,14.282,18.9,16.463630606803026,16.554806737265434,15.97229790005442,16.545623530436778,16.08021019250575,16.831833333333332,14.706320307607793,14.562238963318366,13.836303866685352,15.733056484398206,0.3,16.341418210213178
2019-01-01,24,andina,LC,2,13.639,18.9,16.199468057164687,16.554806737265434,15.97229790005442,16.545623530436778,16.10835449088928,16.831833333333332,14.616492187891154,14.678516315746633,13.947102617443107,15.739668792576113,0.4,16.186544439487193
2019-01-01,30,andina,LC,2,19.517,18.9,16.161238545877563,16.538160945745048,15.942235868551277,16.545623530436778,16.075296665462172,16.831833333333332,13.589577707669122,13.557962686590816,12.78722700719078,15.202801765231651,0.5,16.421756570084497
2019-01-01,36,andina,LC,2,18.84,18.9,15.971965970158593,16.538160945745048,15.86413196575344,16.545623530436778,16.08198029094758,16.831833333333332,15.898935591141534,16.1590038894703,15.290893790092591,16.430401536819623,0.6,15.498904234807847
2019-01-01,42,andina,LC,2,17.03,18.9,16.361313563974054,16.538160945745048,15.881444499792263,16.545623530436778,16.07412981546207,16.831833333333332,18.214637435988287,18.69386859483683,17.812466113091027,17.643043174372945,0.7,14.5867812873196
2019-01-01,48,andina,LC,2,15.112,18.9,16.364085198951425,16.538160945745048,15.881444499792263,16.545623530436778,16.07571702325174,16.831833333333332,17.116706475891483,17.45036859483683,16.577380203251398,17.057685434348745,0.8,14.853873161379811
2019-01-01,54,andina,LC,2,14.043,18.9,17.262325838844117,16.514294371283,15.920778657380335,16.545623530436778,16.073852715344234,16.831833333333332,16.150947115784174,15.562502020374783,14.75271436083947,16.344278950706403,0.9,15.308757545627246
2019-01-01,60,andina,LC,2,15.595,18.9,17.262325838844117,16.514294371283,15.920778657380335,16.545623530436778,16.074229640797807,16.831833333333332,14.657447115784173,14.069002020374782,13.259214360839469,15.597528950706405,1.0,15.656839022579291
2019-07-01,6,andina,LC,2,15.886,16.1,13.899719602008739,13.929399917824384,14.703711181901939,13.47443794519689,13.947765794030094,16.575888888888887,12.73632719419565,12.751852809972059,13.572517273560669,14.65998944548637,0.1,15.537442534902032
2019-07-01,9,andina,LC,2,12.324,16.1,14.293448360657994,13.963284933691195,14.765721066414466,13.474056049278262,11.818538448585914,16.575888888888887,11.332326109536892,10.88538337933735,11.776912089584092,13.842371816663004,0.15,16.04734499534822
2019-07-01,12,andina,LC,2,14.282,16.1,14.655128654571403,13.969188796690407,14.8836947315189,13.474065844964276,12.790385434254715,16.575888888888887,13.550987004442081,12.708356944646688,13.721002259342441,14.852780431716635,0.2,15.34464447958293
2019-07-01,18,andina,LC,2,13.639,16.1,14.685400677016684,14.022522806945789,14.84808468019888,13.474065600148375,13.005799788435466,16.575888888888887,12.78665027528552,11.936542045225933,12.860656024601361,14.468742524572306,0.3,15.496790781218085
2019-07-01,24,andina,LC,2,19.517,16.1,14.563713760299315,14.042418804255407,14.917747581908497,13.474065599987304,12.102651687703617,16.575888888888887,12.65490716172873,11.819622944154395,12.78985142681615,14.406576970915225,0.4,15.39793481921369
2019-07-01,30,andina,LC,2,18.84,16.1,14.682352483053867,14.061033434850046,14.847365457142777,13.474065599987197,12.270748524485635,16.575888888888887,14.086499075622386,13.067180946832208,13.935614260052018,15.076364450058092,0.5,14.855779997891808
2019-07-01,36,andina,LC,2,17.03,16.1,14.476459044587823,14.086266541646541,14.77061344843158,13.474065599987197,11.565984260285614,16.575888888888887,15.383783468523587,14.600774855548357,15.3804106760732,15.78408402546243,0.6,14.227165012499094
2019-07-01,42,andina,LC,2,15.112,16.1,16.09573387262284,14.133956391083059,15.470376789406801,13.474065599987197,11.697157257707667,16.575888888888887,17.554178599307644,15.735041175229231,17.140576365008556,16.610249388078664,0.7,13.592952434087614
2019-07-01,48,andina,LC,2,14.043,16.1,16.25041712843534,14.133956391083059,15.502720581702587,13.474065599987197,11.147200204494677,16.575888888888887,16.334802913411572,14.266707841895899,15.710196217411255,15.938322133271312,0.8,13.94343833346547
2019-07-01,54,andina,LC,2,15.595,16.1,16.25041712843534,14.125701875136564,15.125367495473016,13.474065599987197,11.2495599846195,16.575888888888887,14.436389366780674,12.667408850770085,13.720731745318995,15.063893998832134,0.9,14.42614265244626
2019-07-01,60,andina,LC,2,15.292,16.1,16.23900570217676,14.125701875136564,15.125367495473016,13.474065599987197,10.820405477584401,16.575888888888887,13.94664460718876,12.189075517436752,13.242398411985661,14.821874475600822,1.0,14.461225298848607
2020-01-01,6,andina,LC,2,14.282,16.746,15.157253975815497,15.10438586998463,15.110051707189697,15.51777845015881,14.31129283200989,16.171111111111113,14.781279769453496,14.71037555963929,14.55722848045826,15.458469387828753,0.1,15.464257701855304
2020-01-01,9,andina,LC,2,11.466,16.746,15.040683849546154,15.097322440823667,15.110051707189697,15.51775258202053,14.113633814884048,16.171111111111113,12.32748007104083,12.379075041635485,12.2580147079633,14.262194333724635,0.15,16.208240251825018
2020-01-01,12,andina,LC,2,13.639,16.746,15.006825466829898,15.097322440823667,15.110051707189697,15.51775279793071,14.898346111737581,16.171111111111113,14.085437065590057,14.229901352618278,14.087608670177627,15.16439016010764,0.2,15.513263486792928
2020-01-01,18,andina,LC,2,19.517,16.746,15.044429679429872,15.097322440823667,15.142621597371463,15.517752796143643,14.00581380029114,16.171111111111113,13.358766708877328,13.436956167797328,13.349778935623604,14.78448627472422,0.3,15.664614747007127
2020-01-01,24,andina,LC,2,18.84,16.746,14.832362281147866,15.081255969208755,15.146214762221222,15.51775279614352,14.438703625006175,16.171111111111113,14.639078892145099,14.782804373069144,14.700105750424836,15.441026371859117,0.4,15.08263536601855
2020-01-01,30,andina,LC,2,17.03,16.746,14.699218134727055,15.081255969208756,15.087147056829249,15.51775279614352,13.780555419231879,16.171111111111113,15.291739958389977,15.530608244482867,15.401492294725486,15.791142606273768,0.5,14.718034021034743
2020-01-01,36,andina,LC,2,15.112,16.746,14.50945470223807,15.081255969208756,15.058323368644032,15.51775279614352,14.099765892377045,16.171111111111113,15.828333259042937,16.203070569223485,16.08051792726735,16.09340651262216,0.6,14.369802339416026
2020-01-01,42,andina,LC,2,14.043,16.746,14.517267770317945,15.081255969208755,15.027347525377516,15.51775279614352,13.614451181403755,16.171111111111113,15.365167847175837,16.52658045954762,16.19040300972713,16.058492632236423,0.7,14.186045865807973
2020-01-01,48,andina,LC,2,15.595,16.746,14.563223114995884,15.063776520425563,14.918988597559778,15.51775279614352,13.849835152908831,16.171111111111113,14.074658171619221,15.140601010764428,14.709665178915634,15.389370351151468,0.8,14.554111788387102
2020-01-01,54,andina,LC,2,15.292,16.746,14.368786066014104,15.045333150990322,14.918988597559778,15.51775279614352,13.491966869411815,16.171111111111113,12.84441096266427,14.318937913931322,13.982919911076008,14.876392774704454,0.9,14.718939049509991
2020-01-01,60,andina,LC,2,14.098,16.746,14.357961907057181,15.032788027044216,14.918988597559778,15.51775279614352,13.665537659541577,16.171111111111113,12.40193966027199,13.871892789985216,13.548419911076007,14.654013668119859,1.0,14.75307487136949
2020-07-01,6,andina,LC,2,13.639,14.04,14.120976498846371,13.434595056198692,13.581612619232914,15.494296623302933,16.07635327191789,15.61261111111111,13.64514633859367,12.954909633925494,12.973743696409825,14.456319548685347,0.1,14.973677963238607
2020-07-01,9,andina,LC,2,11.804,14.04,14.076694534729134,13.430357544472296,13.593477777211266,15.494326014765054,13.994020031745702,15.61261111111111,11.191194742015643,10.529495136957015,10.583037836392208,13.23647802529872,0.15,15.919654691901428
2020-07-01,12,andina,LC,2,19.517,14.04,14.079398447737734,13.430357544472296,13.600806499336215,15.49432587040131,15.037517497234408,15.61261111111111,13.068722633379881,12.44475618574325,12.48864172828862,14.184675260336338,0.2,15.139062186628403
2020-07-01,18,andina,LC,2,18.84,14.04,13.931688842508834,13.430357544472296,13.598368522780484,15.494325871106907,15.75543345351417,15.61261111111111,13.477672530180824,12.986000037886491,13.038970073907905,14.422223697572385,0.3,14.812320640375773
2020-07-01,24,andina,LC,2,17.03,14.04,13.840495521803375,13.430357544472296,13.604694020744141,15.494325871106923,14.890633092777195,15.61261111111111,14.487396354371587,13.943345073718856,13.986563858862787,14.913990912578166,0.4,14.458676995105922
2020-07-01,30,andina,LC,2,15.112,14.04,13.57050229896917,13.41539632984998,13.541272887830143,15.494325871106923,15.488276887252011,15.61261111111111,14.510676130954097,14.164626956227517,14.181319666781283,14.975131327350958,0.5,14.258128245489353
2020-07-01,36,andina,LC,2,14.043,14.04,13.531399911112686,13.412691554423896,13.533098798814482,15.494325871106923,14.768356171556514,15.61261111111111,14.707011816108967,14.316292040593927,14.361589771984331,15.06213151973128,0.6,14.165857787533664
2020-07-01,42,andina,LC,2,15.595,14.04,13.535149061303306,13.412691554423896,13.582362110309024,15.494325871106923,15.265876949511117,15.61261111111111,14.118615568726032,14.361299952853237,14.315936992713214,14.926284435950372,0.7,14.061928625068983
2020-07-01,48,andina,LC,2,15.292,14.04,13.514840993513376,13.412691554423896,13.582362110309024,15.494325871106923,14.666564252132222,15.61261111111111,13.330344415812869,13.580395842609875,13.550105655881753,14.53399062016124,0.8,14.284244105525618
2020-07-01,54,andina,LC,2,14.098,14.04,13.452283713753937,13.412691554423896,13.477188177681624,15.494325871106923,15.080735580915231,15.61261111111111,12.417426417871248,12.880908734578632,12.802935508982651,14.130889343668025,0.9,14.416867865076718
2020-07-01,60,andina,LC,2,13.025,14.04,13.229948375439578,13.434525596248815,13.477188177681624,15.494325871106923,14.581825490666505,15.61261111111111,11.613138196599989,12.318851801192771,12.216535508982652,13.789303055003746,1.0,14.572136622649206
2020-10-01,6,andina,LC,2,11.804,12.111,13.962171372049903,13.923948164841287,14.212559366085808,15.198719746384747,14.832233643993488,15.47433333333333,13.485316822031592,13.558277803580506,13.71556649386108,14.498065323069689,0.1,14.570510305717303
2020-10-01,9,andina,LC,2,19.517,12.111,14.664420193375829,13.981316560634331,14.506907608822186,15.198760460387765,15.435323016263068,15.47433333333333,11.881054610326398,11.292871630292883,11.69996136193776,13.530648226821485,0.15,14.88231794442821
2020-10-01,12,andina,LC,2,17.434,12.111,14.810161020783395,14.007950761965668,14.622954630206642,15.198760326146557,14.586230740710814,15.47433333333333,14.874198100862229,14.201056705612746,14.682182904444277,15.005980368285408,0.2,14.368584526847055
2020-10-01,18,andina,LC,2,12.175,12.111,14.447511495364623,14.20280330883764,14.57674018087255,15.198760326587715,15.571914316233412,15.47433333333333,14.887216428006475,14.734112462604086,14.984180053015319,15.142498889319306,0.3,14.254411365074168
2020-10-01,24,andina,LC,2,11.063,12.111,14.397246223521377,14.20021571487823,14.598770646992492,15.19876032658772,15.489034768027755,15.47433333333333,15.467914330360992,15.227645731838313,15.487879841967342,15.411056682216492,0.4,14.10214743298484
2020-10-01,30,andina,LC,2,8.61,12.111,14.334035021589383,14.324610233293384,14.475078073740708,15.19876032658772,15.821114992075794,15.47433333333333,15.374429498415294,15.231736366966336,15.270238241561634,15.388708133012074,0.5,14.047854837364058
2020-10-01,36,andina,LC,2,16.308,12.111,14.345635208443783,14.320476263397104,14.48089482345318,15.19876032658772,15.793192584093495,15.47433333333333,15.410578477421902,15.178528076134814,15.256287501292308,15.384443305055845,0.6,13.981042412719615
2020-10-01,42,andina,LC,2,14.54,12.111,14.522739385997216,14.399151824184168,14.711859232326841,15.19876032658772,15.905071566296833,15.47433333333333,15.352269965298936,15.55337689713797,15.658611282612162,15.463578382275891,0.7,13.859615308856284
2020-10-01,48,andina,LC,2,12.658,12.111,14.642683894297537,14.411756465057495,14.716189319978639,15.19876032658772,15.895664409954774,15.47433333333333,14.785129913961551,14.864728112808496,14.974248589571076,15.149631173359177,0.8,13.893181100163229
2020-10-01,54,andina,LC,2,11.863,12.111,14.518170118786525,14.43121457862642,14.626596611821999,15.19876032658772,15.933356828088787,15.47433333333333,13.763408419925295,14.102280303018052,14.168188024959251,14.703588847402502,0.9,13.947317715383758
2020-10-01,60,andina,LC,2,12.346,12.111,14.331446149283542,14.345194573539358,14.533771008158675,15.19876032658772,15.930187524406238,15.47433333333333,12.94994627101062,13.347212144951186,13.407862421295928,14.311456270657118,1.0,13.994647410177802
2021-04-01,6,andina,LC,2,17.434,12.324,13.758544401903118,14.111949013541754,14.157823283926476,14.317014861970854,13.346949481418376,15.059805555555556,13.041501734451721,13.495667537483758,13.387749484007308,14.164195095761649,0.1,14.355719352239035
2021-04-01,9,andina,LC,2,18.84,12.324,13.742246538192457,14.1244062464151,14.148439162868415,14.317046188465735,14.160695849091569,15.059805555555556,12.04973029652497,12.610836797460381,12.458212721421452,13.695044551274115,0.15,14.351744038935378
2021-04-01,12,andina,LC,2,12.175,12.324,13.809537507054342,14.1244062464151,14.170909344346338,14.317046078056983,13.423675585209763,15.059805555555556,14.239260572724286,14.779361232117502,14.623254346520504,14.784558228988224,0.2,14.150789534685712
2021-04-01,18,andina,LC,2,11.063,12.324,14.03749460702532,14.17672264144131,14.19396046564506,14.317046078444742,13.859618033710177,15.059805555555556,14.089740049951962,14.34244430055003,14.200088901642784,14.637948865403276,0.3,14.119724145480758
2021-04-01,24,andina,LC,2,8.61,12.324,13.973380862691863,14.20097883663978,14.185668027267921,14.317046078444747,13.893440154494366,15.059805555555556,14.414775493765623,14.63345946333725,14.44265153053315,14.791961517053496,0.4,14.032416146644323
2021-04-01,30,andina,LC,2,16.308,12.324,14.221908008611003,14.210167661177364,14.173609531740759,14.317046078444747,14.085611287490284,15.059805555555556,14.29595541423473,14.171331456712267,14.017307093624309,14.646724495514526,0.5,14.026395626532556
2021-04-01,36,andina,LC,2,14.54,12.324,14.151843949493271,14.210167661177364,14.173609531740759,14.317046078444747,14.10052067585974,15.059805555555556,15.344990293125404,15.229572605895815,15.099246852252413,15.173543502533082,0.6,13.852124126178342
2021-04-01,42,andina,LC,2,12.658,12.324,14.431394222824808,14.232290264892175,14.448523213896019,14.317046078444747,14.18523310632843,15.059805555555556,15.144886235655251,15.241747209683409,15.235473652379602,15.126561139112443,0.7,13.770604311997282
2021-04-01,48,andina,LC,2,11.863,12.324,14.59272227284861,14.232290264892175,14.51180126343974,14.317046078444747,14.19180542812249,15.059805555555556,14.431292590518117,14.370015039384818,14.438967877379165,14.730229685253512,0.8,13.813105255319314
2021-04-01,54,andina,LC,2,12.346,12.324,14.623710924939349,14.232290264892175,14.574647769572548,14.317046078444747,14.229148164068505,15.059805555555556,13.597462308945934,13.58345880313837,13.786926607715623,14.325133055798855,0.9,13.830470743891967
2018-01-01,6,antucoya,SM,1,5.0,6.7,5.2862568307344295,5.344583005437291,5.682163559844401,5.046996439613925,5.046996439613925,4.541666666666667,5.2862568307344295,5.344583005437291,5.682163559844401,4.851167967234344,0.1,6.372538307178207
2018-01-01,9,antucoya,SM,1,6.7,6.7,5.20876537392409,5.279453615967747,5.40232577408369,5.051484048951111,5.051484048951111,4.541666666666667,5.20876537392409,5.279453615967747,5.40232577408369,4.822643797978367,0.15,6.44983033000265
2018-01-01,12,antucoya,SM,1,6.0,6.7,5.216136599162492,5.277555367466249,5.190591336222279,5.051956785284094,5.051956785284094,4.541666666666667,5.216136599162492,5.277555367466249,5.190591336222279,4.8237383933257485,0.2,6.489042400375895
2018-01-01,18,antucoya,SM,1,6.0,6.7,5.188305321094869,5.327783543231804,5.321072126543742,5.052011830530515,5.052011830530515,4.541666666666667,5.188305321094869,5.327783543231804,5.321072126543742,4.899855549415001,0.3,6.569729844929852
2018-01-01,24,antucoya,SM,1,6.78,6.7,5.203055257823798,5.363934315104948,5.621268342107881,5.052012441370839,5.052012441370839,4.541666666666667,5.203055257823798,5.363934315104948,5.621268342107881,4.98676353854529,0.4,6.641981248768973
2018-01-01,30,antucoya,SM,1,5.5,6.7,5.40380556718166,5.371475940481865,5.786785269783998,5.05201244814937,5.05201244814937,4.541666666666667,5.40380556718166,5.371475940481865,5.786785269783998,5.049251118965724,0.5,6.6676494043522005
2018-01-01,36,antucoya,SM,1,6.812,6.7,5.357977181412164,5.37447765822776,5.77262058796903,5.052012448224592,5.052012448224592,4.541666666666667,5.357977181412164,5.37447765822776,5.77262058796903,5.036403118558644,0.6,6.762678177965669
2018-01-01,42,antucoya,SM,1,5.202,6.7,5.3822453884393555,5.37447765822776,6.228716419883035,5.052012448225428,5.052012448225428,4.541666666666667,5.3822453884393555,5.37447765822776,6.228716419883035,5.0436835806668014,0.7,6.840308798043582
2018-01-01,48,antucoya,SM,1,6.486,6.7,5.3822453884393555,5.37447765822776,6.228716419883035,5.052012448225438,5.052012448225438,4.541666666666667,5.3822453884393555,5.37447765822776,6.228716419883035,5.0436835806668014,0.8,6.923180132997965
2018-01-01,54,antucoya,SM,1,6.861993,6.7,5.3822453884393555,5.37447765822776,6.228716419883035,5.052012448225438,5.052012448225438,4.541666666666667,5.3822453884393555,5.37447765822776,6.228716419883035,5.0436835806668014,0.9,7.006051467952344
2018-01-01,60,antucoya,SM,1,7.046,6.7,5.3822453884393555,5.37447765822776,6.228716419883035,5.052012448225438,5.052012448225438,4.541666666666667,5.3822453884393555,5.37447765822776,6.228716419883035,5.0436835806668014,1.0,7.0889228029067235
2018-07-01,6,antucoya,SM,1,6.0,7.0,5.651935829030377,5.388904575552191,5.760968212142558,5.295467572781639,5.295467572781639,5.469444444444445,5.365678998295947,5.0443215701149,5.078804652298157,5.3636667803488365,0.1,6.225519212254263
2018-07-01,9,antucoya,SM,1,6.8,7.0,5.652692448340579,5.38200806239065,5.660017936463176,5.298544617657407,5.298544617657407,5.469444444444445,7.1439270744164896,6.802554446422903,6.9576921623794865,6.070962970834545,0.15,5.534671328029381
2018-07-01,12,antucoya,SM,1,6.0,7.0,5.620656012655112,5.388859051097347,5.6816254926206495,5.298875060274437,5.298875060274437,5.469444444444445,6.40451941349262,6.111303683631098,6.491034156398371,5.784831286091411,0.2,5.870646052199281
2018-07-01,18,antucoya,SM,1,6.78,7.0,5.672542560968412,5.400750753715563,5.667946505108413,5.298914357212859,5.298914357212859,5.469444444444445,6.4842372398735435,6.0729672104837595,6.346874378564671,5.8740233348115485,0.3,5.940401885212435
2018-07-01,24,antucoya,SM,1,5.5,7.0,5.706627349519889,5.409783701900249,5.816009139966575,5.298914810405827,5.298914810405827,5.469444444444445,7.283572091696091,6.825849386795301,6.974740797858694,6.4206042213251955,0.4,5.700024836281026
2018-07-01,30,antucoya,SM,1,6.812,7.0,6.087044760226265,5.414987168334428,6.096368214741296,5.298914815632288,5.298914815632288,5.469444444444445,6.183239193044605,5.543511227852563,5.809582944957298,5.705802904046928,0.5,6.267228194999464
2018-07-01,36,antucoya,SM,1,5.202,7.0,6.018351717648193,5.414987168334428,6.051374220146572,5.298914815692562,5.298914815692562,5.469444444444445,7.472374536236029,6.852509510106668,7.090753632177543,6.485242991680588,0.6,5.811742932852844
2018-07-01,42,antucoya,SM,1,6.486,7.0,6.023691369865369,5.414987168334428,6.035879011854642,5.298914815693257,5.298914815693257,5.469444444444445,5.843445981426013,5.242509510106668,5.009162591971607,5.513564425237583,0.7,6.5668081193072565
2018-07-01,48,antucoya,SM,1,6.861993,7.0,6.023691369865369,5.414987168334428,5.803807697368119,5.298914815693265,5.298914815693265,5.469444444444445,7.127445981426013,6.526509510106668,6.061091277485083,6.283964425237583,0.8,6.118663646142616
2018-07-01,54,antucoya,SM,1,7.046,7.0,6.023691369865369,5.414987168334428,5.803807697368119,5.298914815693265,5.298914815693265,5.469444444444445,7.503438981426013,6.902502510106668,6.437084277485083,6.509560225237582,0.9,6.044077420916548
2018-07-01,60,antucoya,SM,1,5.775,7.0,6.023691369865369,5.414987168334428,5.803807697368119,5.298914815693265,5.298914815693265,5.469444444444445,7.687445981426014,7.086509510106668,6.621091277485084,6.619964425237583,1.0,6.048882653004956
2019-01-01,6,antucoya,SM,1,6.0,4.6,6.305111980114493,6.157520780819211,7.753183760818861,6.230393431903773,6.479969540259519,6.158333333333333,6.33601565023209,6.290776990324471,7.531617874825382,6.220358528111312,0.1,6.3123573526420245
2019-01-01,9,antucoya,SM,1,3.4,4.6,6.317059701696508,6.157520780819211,7.70169089633951,6.231849482121497,6.271277221868148,6.158333333333333,7.636330790564174,7.576789941640012,8.920519041066077,6.737624146440837,0.15,6.076294385044658
2019-01-01,12,antucoya,SM,1,6.78,4.6,6.342313102418236,6.160020696795275,7.669383769600563,6.231969926792633,6.383953784574628,6.158333333333333,6.923916796509435,6.826813487513477,8.2332753551791,6.445146056804582,0.2,6.260429150711661
2019-01-01,18,antucoya,SM,1,5.5,4.6,6.414124753251961,6.165703759115466,7.8148581466191045,6.231980714149346,6.319882271727419,6.158333333333333,7.373700812220321,7.191436610641783,8.710348830793027,6.720451022382193,0.3,6.2400020852450835
2019-01-01,24,antucoya,SM,1,6.812,4.6,6.371102950731886,6.176404070565219,7.776395430895729,6.231980787963138,6.323131458859158,6.158333333333333,7.056261647060042,6.929545062062621,8.197756689858501,6.659075346070132,0.4,6.359183067858583
2019-01-01,30,antucoya,SM,1,5.202,4.6,6.462623476199983,6.176404070565219,8.157063594600444,6.231980788468218,6.325425724963326,6.158333333333333,6.8731983124960205,6.939172516157073,8.371486852337798,6.607044581929262,0.5,6.446374925099914
2019-01-01,36,antucoya,SM,1,6.486,4.6,6.433031275205508,6.176404070565219,8.477084812609357,6.231980788471675,6.325309336192468,6.158333333333333,6.751866825675329,6.788671657284125,8.572087408551557,6.525494878221169,0.6,6.540209783800642
2019-01-01,42,antucoya,SM,1,6.861993,4.6,6.498567553758805,6.176404070565219,8.66001561355872,6.231980788471699,6.325227155735797,6.158333333333333,6.639599174606442,6.6256716572841245,8.37171789768988,6.442914582900503,0.7,6.629977434407984
2019-01-01,48,antucoya,SM,1,7.046,4.6,6.507049863131927,6.18251847712055,8.5164577070407,6.231980788471699,6.325231324773003,6.158333333333333,7.478077983979565,7.461782563839456,9.174192148415123,6.94529149767904,0.8,6.534033011797729
2019-01-01,54,antucoya,SM,1,5.775,4.6,6.566390583614472,6.18251847712055,8.87017548338593,6.231980788471699,6.325234268470948,6.158333333333333,7.81741870446211,7.741782563839456,9.807909924760352,7.1310937138238035,0.9,6.5419609240958865
2019-01-01,60,antucoya,SM,1,6.812,4.6,6.566390583614472,6.18251847712055,8.87017548338593,6.231980788471699,6.32523411913634,6.158333333333333,7.27392220446211,7.198286063839456,9.264413424760352,6.804995813823803,1.0,6.7108680962285945
2019-07-01,6,antucoya,SM,1,6.78,5.0,6.076825374795126,5.862679254883223,4.021858594500666,6.146131944434291,6.068822672009556,6.388888888888889,5.995723828168693,5.899009800946992,3.2897534168987264,6.212280059156471,0.1,6.522764133874716
2019-07-01,9,antucoya,SM,1,6.877,5.0,6.100585785431662,5.86923192761921,4.167604446570694,6.146795119590931,6.026680586863955,6.388888888888889,6.007746610777936,5.896237774560007,3.5462595776085686,6.214130210400922,0.15,6.539323149587271
2019-07-01,12,antucoya,SM,1,5.5,5.0,6.043419289451599,5.86923192761921,4.151627081238171,6.1468413252739165,6.071159860200104,6.388888888888889,6.5770507180396525,6.520420222499586,4.231093548423674,6.452827521441181,0.2,6.403390554447185
2019-07-01,18,antucoya,SM,1,6.812,5.0,5.920720118157928,5.84600954700933,4.18247543950888,6.146844768882209,6.067401675350114,6.388888888888889,6.255729239719514,6.307930194988385,4.007849846751794,6.33535930312142,0.3,6.555203113277543
2019-07-01,24,antucoya,SM,1,5.202,5.0,5.96194374103529,5.866804247147803,4.114107707156584,6.1468447855988115,6.067273383243673,6.388888888888889,6.565681888343432,6.580763551290998,4.073550069499856,6.499489187445885,0.4,6.560485380307512
2019-07-01,30,antucoya,SM,1,6.486,5.0,6.053596446832173,5.894555669206263,3.9414582321942415,6.14684478567996,6.067481025456305,6.388888888888889,5.90710517896287,6.078266609412426,3.099385872485662,6.151167092068144,0.5,6.832270191182883
2019-07-01,36,antucoya,SM,1,6.861993,5.0,6.090566077432853,5.92050748262445,3.904480721492063,6.146844785680353,6.067488113441491,6.388888888888889,6.320779352677564,6.431884516915314,3.3041208479170767,6.381354716433419,0.6,6.8074856019924495
2019-07-01,42,antucoya,SM,1,7.046,5.0,6.172037177963703,5.930982495608616,3.7346604359240976,6.146844785680355,6.067476641939898,6.388888888888889,6.387200073942527,6.459023863232813,2.943121087491965,6.409422736708158,0.7,6.895380501496184
2019-07-01,48,antucoya,SM,1,5.775,5.0,6.312601041393817,5.921519380591551,3.040555193549469,6.146844785680355,6.067476250353573,6.388888888888889,7.1396031675816,7.062189279363972,2.9888922521188506,6.816093289639227,0.8,6.812912722467417
2019-07-01,54,antucoya,SM,1,6.812,5.0,6.299976166583506,5.921519380591551,2.714456655258354,6.146844785680355,6.067476884113979,6.388888888888889,6.870198052610441,6.825189279363972,2.3078877883793263,6.66417175514788,0.9,6.990148047507168
2019-07-01,60,antucoya,SM,1,6.718,5.0,6.126573989813656,5.921519380591551,2.285591734574827,6.146844785680355,6.067476905747756,6.388888888888889,6.680131542507258,6.808524946030639,1.8623585343624658,6.602152502116924,1.0,7.120347035807983
2020-01-01,6,antucoya,SM,1,5.5,6.0,6.1974310297199935,6.052161182353383,5.375030556471696,6.277096859519817,6.240457038280306,6.2411111111111115,6.312398526051387,6.308739278180404,5.515487024645075,6.268894227513025,0.1,6.334739310825965
2020-01-01,9,antucoya,SM,1,6.802,6.0,6.177866439073959,6.048839524731257,5.2893601846892,6.2769338874608716,6.311135071287905,6.2411111111111115,6.302340611725749,6.321035928032052,5.500700421324932,6.269341974618227,0.15,6.379609613524082
2020-01-01,12,antucoya,SM,1,6.812,6.0,6.163187224669874,6.057985818932736,5.270889446198154,6.27693092715539,6.223130785101694,6.2411111111111115,6.427555973748014,6.454069058188216,5.667582526277739,6.320991673053912,0.2,6.363580510762034
2020-01-01,18,antucoya,SM,1,5.202,6.0,6.068066554637516,6.0187177145456925,5.1995658983393565,6.27693087240618,6.236918828872901,6.2411111111111115,6.542143366269224,6.606655813777651,5.725977843894322,6.407755350567275,0.3,6.396365122016178
2020-01-01,24,antucoya,SM,1,6.486,6.0,6.090607957559679,6.02540355091098,5.248856891079914,6.2769308723881165,6.238854352734271,6.2411111111111115,6.353425632781963,6.394671967231425,5.490411736048221,6.320873724448461,0.4,6.53633272772571
2020-01-01,30,antucoya,SM,1,6.861993,6.0,6.152450914419012,6.0089658635079655,5.330224237426206,6.276930872388111,6.2373117120710155,6.2411111111111115,6.150683351808992,6.294610151361022,5.334805409596211,6.230032495395449,0.5,6.661578289286257
2020-01-01,36,antucoya,SM,1,7.046,6.0,6.211421663503572,6.016068977528909,5.421035311838869,6.276930872388111,6.237095160869564,6.2411111111111115,6.576938350578892,6.634973132590945,5.710143476284614,6.460017889395395,0.6,6.607210073562002
2020-01-01,42,antucoya,SM,1,5.775,6.0,6.289457571240342,6.048671925737462,5.557468401959929,6.276930872388111,6.237267755326127,6.2411111111111115,6.669320448733534,6.723457327553456,5.791648781654805,6.514277777330541,0.7,6.651006330819704
2020-01-01,48,antucoya,SM,1,6.812,6.0,6.374891643221991,6.055806972323937,6.052046270593574,6.276930872388111,6.2372919836106675,6.2411111111111115,6.860742977514374,6.874679551255365,6.696910266133243,6.617071203075366,0.8,6.656704480286876
2020-01-01,54,antucoya,SM,1,6.718,6.0,6.389232383027621,6.052954240187373,6.064128162012795,6.276930872388111,6.2372726733155694,6.2411111111111115,6.944904755901946,6.953326819118801,6.783587348038936,6.665913916950668,0.9,6.703223978476079
2020-01-01,60,antucoya,SM,1,7.065,6.0,6.355762912286995,6.052954240187373,5.3660933152318595,6.276930872388111,6.237269962595113,6.2411111111111115,6.918787579353782,6.9173285691188005,6.156770481428882,6.647279288986219,1.0,6.79546270986092
2020-07-01,6,antucoya,SM,1,6.812,6.0,5.991142007131419,5.951936093840336,5.848416487642922,6.070026954575414,6.288822929156179,6.2218333333333335,5.943629798252536,6.046766334031276,5.985775550887285,6.131179226456762,0.1,6.367954301571465
2020-07-01,9,antucoya,SM,1,6.182,6.0,6.047430625956176,5.957240802753326,5.870332364599994,6.070400544839596,6.28898511507514,6.2218333333333335,6.271836676262817,6.3256300204477105,6.34193251697074,6.252593339342106,0.15,6.309548686682887
2020-07-01,12,antucoya,SM,1,5.202,6.0,6.008131553644224,5.957240802753326,5.946794916815973,6.0704102321803335,6.237105077691193,6.2218333333333335,6.349389107972762,6.424910230371163,6.57237149164001,6.287959867668786,0.2,6.314682400701932
2020-07-01,18,antucoya,SM,1,6.486,6.0,6.003848656368613,5.9625291757115315,5.9506116448524935,6.070410489890466,6.265721259074578,6.2218333333333335,6.209896794746476,6.269536112187961,6.372228021628595,6.230774893400277,0.3,6.44393956126507
2020-07-01,24,antucoya,SM,1,6.861993,6.0,6.035417574780374,5.97119499024276,5.9454576581400485,6.070410490063746,6.270986974974559,6.2218333333333335,6.324750123446266,6.35872901311692,6.386130155898712,6.293777074302289,0.4,6.49085267710468
2020-07-01,30,antucoya,SM,1,7.046,6.0,6.015745120049695,5.967004682364446,6.014721501504922,6.070410490063861,6.2680833020415045,6.2218333333333335,6.156239487077877,6.366125539945298,6.3247401917556845,6.245442841440285,0.5,6.599380878607503
2020-07-01,36,antucoya,SM,1,5.775,6.0,6.057221785875758,5.967004682364446,6.013563909549745,6.070410490063861,6.267548991328434,6.2218333333333335,6.5165508028353,6.668114210908293,6.569843378738567,6.4441328374564115,0.6,6.571846187166831
2020-07-01,42,antucoya,SM,1,6.812,6.0,6.105536602593565,5.967004682364446,5.966025795138582,6.070410490063861,6.267843626205489,6.2218333333333335,6.30653539034005,6.452098618669749,6.196876418502497,6.316323536036274,0.7,6.719208109895043
2020-07-01,48,antucoya,SM,1,6.718,6.0,6.16213136536502,5.967004682364446,5.975768547407239,6.070410490063861,6.267897842563489,6.2218333333333335,6.638234104154527,6.773341351044801,6.64365048972026,6.512205969893133,0.8,6.693628475350416
2020-07-01,54,antucoya,SM,1,7.065,6.0,6.140092398501651,5.967004682364446,5.959762074330712,6.070410490063861,6.267867946045259,6.2218333333333335,6.650383820195587,6.820311897472114,6.666103790749065,6.529942048633643,0.9,6.7641362861041605
2020-07-01,60,antucoya,SM,1,6.202,6.0,5.979011064894361,5.967004682364446,5.914218679809718,6.070410490063861,6.26786244472664,6.2218333333333335,6.571278216090391,6.860913297472114,6.886541749720964,6.518390787402085,1.0,6.851326871029773
2020-10-01,6,antucoya,SM,1,6.182,3.4,6.291713016705273,6.3951586271344505,6.493522227017206,6.444858741708808,6.274381457579859,6.185777777777778,6.3889291747843,6.6175278116535114,6.768585365113689,6.312758063954229,0.1,5.933690363834859
2020-10-01,9,antucoya,SM,1,5.202,3.4,6.293110408165583,6.3951586271344505,6.520389385182409,6.4445066898548875,6.269980008144828,6.185777777777778,6.502543679095087,6.73960950808755,6.965334118058032,6.359897304103194,0.15,5.9219166249099935
2020-10-01,12,antucoya,SM,1,6.489,3.4,6.309075519043569,6.39515862713445,6.559090624564673,6.44449546172683,6.275201678976099,6.185777777777778,6.459101555376646,6.6590096830237595,6.956271950782042,6.335088914346748,0.2,5.979448268330334
2020-10-01,18,antucoya,SM,1,6.143,3.4,6.298177956485242,6.3951586271344505,6.4854509194234655,6.444495092202607,6.272302533596759,6.185777777777778,6.550243295738692,6.738242878246219,6.926029292594801,6.415010432385117,0.3,6.019024707304757
2020-10-01,24,antucoya,SM,1,7.356126,3.4,6.311101125830446,6.3951586271344505,6.448455658273474,6.444495091826732,6.272212951526141,6.185777777777778,6.689974153921961,6.8665699811557905,6.968438630049019,6.541274351634437,0.4,6.040259093261091
2020-10-01,30,antucoya,SM,1,5.771,3.4,6.320333819054964,6.3951586271344505,6.4995713972071725,6.44449509182635,6.272496806467705,6.185777777777778,6.6091216049035,6.907591894724419,6.929800055498655,6.529325160999487,0.5,6.1171135929095355
2020-10-01,36,antucoya,SM,1,7.18,3.4,6.327029211919609,6.3951586271344505,6.538233931727983,6.44449509182635,6.2725055774848615,6.185777777777778,6.662766428406601,6.947415787193582,6.9620395044603764,6.557365775791166,0.6,6.169314329157041
2020-10-01,42,antucoya,SM,1,6.592,3.4,6.332491170773962,6.3951586271344505,6.22670694693404,6.44449509182635,6.2724777851306435,6.185777777777778,6.617734060130439,6.940236126994796,6.560078167214206,6.541702167248682,0.7,6.256308512473542
2020-10-01,48,antucoya,SM,1,6.938,3.4,6.3836707911667565,6.3951586271344505,6.479951446245736,6.44449509182635,6.272476926356742,6.185777777777778,6.87306784593051,7.192271737307339,7.16022497360538,6.693912986082466,0.8,6.223471983291587
2020-10-01,54,antucoya,SM,1,6.258,3.4,6.250613601817585,6.3951586271344505,6.391669346559544,6.44449509182635,6.272479647517588,6.185777777777778,6.8300077201455895,7.289247192663432,7.16449376451972,6.710087584953818,0.9,6.282818789579984
2020-10-01,60,antucoya,SM,1,7.336,3.4,6.25237660367297,6.3951586271344505,6.292711567597665,6.44449509182635,6.2724797316004945,6.185777777777778,6.783097385520603,7.179248359330099,7.15094434588875,6.663014834566321,1.0,6.3801978247719555
2021-04-01,6,antucoya,SM,1,6.489,6.877,6.42407147437901,6.396621781941635,6.7071451336726415,6.531588259465038,6.369560192564073,6.3774444444444445,6.491726321774566,6.556772707653051,6.898410362467168,6.43616647255219,0.1,6.106416235758641
2021-04-01,9,antucoya,SM,1,6.486,6.877,6.3708194001179725,6.396621781941635,6.654393465032289,6.532048377699671,6.356584534230888,6.3774444444444445,6.394460716891036,6.52141416173937,6.8474333238996214,6.409641642392748,0.15,6.170505709229316
2021-04-01,12,antucoya,SM,1,6.143,6.877,6.382045227496053,6.399926358884739,6.561573529584622,6.53206537591078,6.333054329736985,6.3774444444444445,6.536342470203895,6.6394903171992254,6.892001719975984,6.461633224147291,0.2,6.16474086382365
2021-04-01,18,antucoya,SM,1,7.356126,6.877,6.464574238389609,6.399926358884739,6.604839511385135,6.532066027077106,6.33887549082106,6.3774444444444445,6.658461963966103,6.65797591310419,6.933556557042928,6.517831691489795,0.3,6.225220790112374
2021-04-01,24,antucoya,SM,1,5.771,6.877,6.509729030663006,6.399926358884739,6.644475030200665,6.532066027965815,6.341375695979811,6.3774444444444445,6.98376660819424,6.94127428702668,7.219841911969207,6.728490046344054,0.4,6.199634990850307
2021-04-01,30,antucoya,SM,1,7.18,6.877,6.47815025963652,6.399926358884739,6.626453384947306,6.532066027967028,6.340978636617669,6.3774444444444445,6.647206387641698,6.749989355799791,6.891139178167552,6.570136500810224,0.5,6.379774414863818
2021-04-01,36,antucoya,SM,1,6.592,6.877,6.416435762766163,6.399926358884739,6.412153632597429,6.532066027967029,6.340808096138645,6.3774444444444445,6.8260634894807835,6.985409835059072,6.86709641897834,6.6944197751397345,0.6,6.392665752264791
2021-04-01,42,antucoya,SM,1,6.938,6.877,6.2482169406198205,6.399926358884739,6.332033159044261,6.532066027967029,6.34083517979407,6.3774444444444445,6.529783535671949,6.89525584060297,6.669964641150969,6.578489590660253,0.7,6.545496421583522
2021-04-01,48,antucoya,SM,1,6.258,6.877,6.182866917513364,6.399926358884739,6.258250754949467,6.532066027967029,6.34084681246165,6.3774444444444445,6.681539994287045,7.160714935156578,6.9067778575083425,6.703654256610864,0.8,6.552350180521363
2021-04-01,54,antucoya,SM,1,7.336,6.877,6.145705209215028,6.399926358884739,6.170827428017951,6.532066027967029,6.340844965069392,6.3774444444444445,6.643383938950805,7.1466938968903735,6.814152736761024,6.688001128530131,0.9,6.647039456632645
2018-01-01,6,atacama kozan,SM,0,1.1,1.0,0.9817609171580151,0.9735467890077745,0.9411641731635865,0.9475911044345359,0.9453984642161397,1.0333333333333332,0.9817609171580151,0.9735467890077745,0.9411641731635865,1.0110615412331578,0.1,1.1489363259012126
2018-01-01,9,atacama kozan,SM,0,1.1,1.0,0.9644340470519752,0.9539703775412893,0.9002710265853563,0.9475911067984532,0.931653562472167,1.0333333333333332,0.9644340470519752,0.9539703775412893,0.9002710265853563,1.0036808849186527,0.15,1.1481423209377257
2018-01-01,12,atacama kozan,SM,0,1.0,1.0,0.9913060193457859,0.9472700974588126,0.8817557271632362,0.9475911067981541,0.945412684410542,1.0333333333333332,0.9913060193457859,0.9472700974588126,0.8817557271632362,1.0077152233609197,0.2,1.1458577198722155
2018-01-01,18,atacama kozan,SM,0,1.0,1.0,1.0342397031317583,0.9668820019879478,0.908760712505535,0.9475911067981541,0.935410022443157,1.0333333333333332,1.0342397031317583,0.9668820019879478,0.908760712505535,1.0169470929465931,0.3,1.136074029075209
2018-01-01,24,atacama kozan,SM,0,1.177,1.0,1.05692928628935,0.9819005397188773,0.9546080706481412,0.9475911067981541,0.9354090441674043,1.0333333333333332,1.05692928628935,0.9819005397188773,0.9546080706481412,1.0249822811358014,0.4,1.124267130040048
2018-01-01,30,atacama kozan,SM,0,1.62,1.0,1.0888851512638527,0.9854911324021031,0.9760094337116108,0.9475911067981541,0.9360971756695621,1.0333333333333332,1.0888851512638527,0.9854911324021031,0.9760094337116108,1.0356462184331199,0.5,1.1153911778722403
2018-01-01,36,atacama kozan,SM,0,1.013,1.0,1.0856998487046787,0.9854911324021031,0.781256582386831,0.9475911067981541,0.9360972429698833,1.0333333333333332,1.0856998487046787,0.9854911324021031,0.781256582386831,1.0346906276653678,0.6,1.1142657747064075
2018-01-01,42,atacama kozan,SM,0,1.125,1.0,1.0856998487046787,0.9854911324021031,0.827426335124031,0.9475911067981541,0.9360499030751827,1.0333333333333332,1.0856998487046787,0.9854911324021031,0.827426335124031,1.0346906276653678,0.7,1.1029171028632878
2018-01-01,48,atacama kozan,SM,0,0.886,1.0,1.0856998487046787,0.9854911324021031,0.827426335124031,0.9475911067981541,0.9360498984452679,1.0333333333333332,1.0856998487046787,0.9854911324021031,0.827426335124031,1.0346906276653678,0.8,1.0935612150566234
2018-01-01,54,atacama kozan,SM,0,1.2634086232,1.0,1.0856998487046787,0.9854911324021031,0.827426335124031,0.9475911067981541,0.9360531551856194,1.0333333333333332,1.0856998487046787,0.9854911324021031,0.827426335124031,1.0346906276653678,0.9,1.084205140768645
2018-01-01,60,atacama kozan,SM,0,0.793,1.0,1.0856998487046787,0.9854911324021031,0.827426335124031,0.9475911067981541,0.9360531555041338,1.0333333333333332,1.0856998487046787,0.9854911324021031,0.827426335124031,1.0346906276653678,1.0,1.0748492526790354
2018-07-01,6,atacama kozan,SM,0,1.0,0.8,1.1789791733945247,1.2548583869887542,1.3830147694446768,0.9645519970526394,0.9733850102349626,1.0000000000000002,1.2972182562365098,1.3813115979809798,1.5418505962810904,1.1357059708434982,0.1,1.0972752700831756
2018-07-01,9,atacama kozan,SM,0,0.8,0.8,1.1848415006277837,1.2506437349315902,1.3870189799290247,0.9645519801253009,0.95980259698544,1.0000000000000002,1.3204074535758086,1.396673357390301,1.5867479533436684,1.1434161621932222,0.15,1.0906201888009128
2018-07-01,12,atacama kozan,SM,0,1.0,0.8,1.1894878127774293,1.2461421842213793,1.3643472733094426,0.9645519801312838,0.9578672866528917,1.0000000000000002,1.1981817934316434,1.2988720867625667,1.4825915461462063,1.099410776038842,0.2,1.0929599361966427
2018-07-01,18,atacama kozan,SM,0,1.177,0.8,1.1762482097744256,1.2469038382535511,1.392426268080416,0.9645519801312817,0.9656814909142563,1.0000000000000002,1.1420085066426673,1.2800218362656033,1.483665555574881,1.1055075857270678,0.3,1.080033897940055
2018-07-01,24,atacama kozan,SM,0,1.62,0.8,1.1620341351528514,1.248136856686361,1.356264640238544,0.9645519801312817,0.9643763648882757,1.0000000000000002,1.2821048488635014,1.443236316967484,1.578656569590403,1.2176023497492958,0.4,1.0560703790556074
2018-07-01,30,atacama kozan,SM,0,1.013,0.8,1.1868753136447703,1.2498663692831562,1.388084482987809,0.9645519801312817,0.9650335827119331,1.0000000000000002,1.7179901623809177,1.8843752368810534,2.032075049276198,1.4807096197785914,0.5,1.0033744808179932
2018-07-01,36,atacama kozan,SM,0,1.125,0.8,1.1739520139523998,1.2477192753615027,1.2699330324961093,0.9645519801312817,0.964923814390335,1.0000000000000002,1.101252165247721,1.2752281429593997,1.501676450109278,1.1129440924621363,0.6,1.0465689317799252
2018-07-01,42,atacama kozan,SM,0,0.886,0.8,1.178957200624586,1.2477192753615027,1.3526095177941995,0.9645519801312817,0.9649790900464718,1.0000000000000002,1.2182573519199074,1.3872281429593998,1.6501831826701685,1.1816456484637923,0.7,1.0248610070475654
2018-07-01,48,atacama kozan,SM,0,1.2634086232,0.8,1.178957200624586,1.2477192753615027,1.4505055705712342,0.9645519801312817,0.9649698579231468,1.0000000000000002,0.9792573519199074,1.1482281429593997,1.5090792354472033,1.0382456484637923,0.8,1.0327589160681685
2018-07-01,54,atacama kozan,SM,0,0.793,0.8,1.178957200624586,1.2477192753615027,1.4505055705712342,0.9645519801312817,0.9649745069117337,1.0000000000000002,1.3566659751199073,1.5256367661593995,1.8864878586472031,1.264690822383792,0.9,0.9872774071626788
2018-07-01,60,atacama kozan,SM,0,1.11,0.8,1.178957200624586,1.2477192753615027,1.4505055705712342,0.9645519801312817,0.9649737304390698,1.0000000000000002,0.8862573519199074,1.0552281429593997,1.4160792354472034,0.9824456484637922,1.0,1.0221269670400253
2019-01-01,6,atacama kozan,SM,0,1.0,0.8,1.17444433861249,1.1767480593073827,1.1477760220509736,1.0275176412729412,1.0284542509392678,0.9805555555555556,1.1440742933362202,1.1125454713091183,1.035686550746842,1.0396572862624012,0.1,1.139695579855427
2019-01-01,9,atacama kozan,SM,0,1.2,0.8,1.1758227552067897,1.180501705957605,1.1375479431601103,1.0275176413652103,1.0277329924929983,0.9805555555555556,1.0511849813669103,1.0281946497211654,0.94390293990292,1.0042092595509484,0.15,1.1402522678526907
2019-01-01,12,atacama kozan,SM,0,1.177,0.8,1.1659439138837848,1.1792743568907607,1.1344109569952587,1.027517641365205,1.0302797301769495,0.9805555555555556,1.0755469978221772,1.0825682160506647,1.0113594567589193,1.0199563761079018,0.2,1.1303155334064308
2019-01-01,18,atacama kozan,SM,0,1.62,0.8,1.2390097068785262,1.2078291767263758,1.1382882213129664,1.027517641365205,1.029081068714666,0.9805555555555556,1.2222657504254344,1.1894362566056262,1.0761947310199909,1.093203279535543,0.3,1.1189178475751032
2019-01-01,24,atacama kozan,SM,0,1.013,0.8,1.1949301377576207,1.228105146839098,1.1170192636279626,1.027517641365205,1.029279034952739,0.9805555555555556,1.4839484270365202,1.511586448636479,1.36008290818462,1.290882684924122,0.4,1.08717526129513
2019-01-01,30,atacama kozan,SM,0,1.125,0.8,1.327083655072426,1.2550645178585,1.1818230821250941,1.027517641365205,1.0291490447003606,0.9805555555555556,1.5057034226181147,1.4538857670158705,1.3162761237753844,1.2800989791124178,0.5,1.0877022122314726
2019-01-01,36,atacama kozan,SM,0,0.886,0.8,1.3441803481571064,1.270331487688744,1.1935449772687796,1.027517641365205,1.029170513381935,0.9805555555555556,1.283354416828567,1.222726283806941,1.2369501698273093,1.1440464324128747,0.6,1.0917344468285344
2019-01-01,42,atacama kozan,SM,0,1.2634086232,0.8,1.4383022762722861,1.2737342741249937,1.2400591068449969,1.027517641365205,1.0291564164360958,0.9805555555555556,1.3114737516076538,1.1626290702431907,1.1555411803858817,1.1344530687774754,0.7,1.0935754085973486
2019-01-01,48,atacama kozan,SM,0,0.793,0.8,1.4676877177980265,1.2762436248532463,1.2934969421523943,1.027517641365205,1.0291587446325245,0.9805555555555556,1.410063504733394,1.2343427325714433,1.2292353009047616,1.1855440934136734,0.8,1.0826711124697308
2019-01-01,54,atacama kozan,SM,0,1.11,0.8,1.4781665741823948,1.276243624853246,1.3603845372057461,1.027517641365205,1.0291572158726494,0.9805555555555556,1.3740423611177623,1.1878427325714431,1.2496228959581135,1.1607877503289838,0.9,1.0768420528525402
2019-01-01,60,atacama kozan,SM,0,1.077,0.8,1.4781665741823948,1.276243624853246,1.3603845372057461,1.027517641365205,1.0291574683566502,0.9805555555555556,1.2973380495177624,1.1111384209714432,1.1729185843581136,1.114765163368984,1.0,1.0731987395069196
2019-07-01,6,atacama kozan,SM,0,1.177,1.1,1.0212086856619453,1.12978338108319,1.0224974348713867,1.0243082027480643,1.025076231382372,0.9833333333333333,0.9428138759402688,1.0280656359818863,0.8985124466516411,0.984175902384431,0.1,1.1299637811360328
2019-07-01,9,atacama kozan,SM,0,1.105,1.1,1.0303590033113694,1.1291110354281697,1.0241193680639753,1.0243082039624656,1.032200010775761,0.9833333333333333,0.95532623568252,1.0340724292846748,0.9158400515058116,0.9878797329934389,0.15,1.1259829014384601
2019-07-01,12,atacama kozan,SM,0,1.62,1.1,1.041148172610878,1.130313434665868,1.0204594727660896,1.0243082039621942,1.023296404560174,0.9833333333333333,0.984568923941878,1.0650845551422172,0.9526214869434437,0.999930695816819,0.2,1.1215217590368833
2019-07-01,18,atacama kozan,SM,0,1.013,1.1,1.0279926329509703,1.1369279161726165,1.0454355137006477,1.0243082039621942,1.0228664665330474,0.9833333333333333,1.1438267596894003,1.2620562438499916,1.1646104464010085,1.0931374175515147,0.3,1.1061940199680553
2019-07-01,24,atacama kozan,SM,0,1.125,1.1,1.0461604716503445,1.1417933603833053,1.0442503809259225,1.0243082039621942,1.0225751833851255,0.9833333333333333,1.1781959519170706,1.2590791793018599,1.1716197227543732,1.1245158726990123,0.4,1.1015513303791904
2019-07-01,30,atacama kozan,SM,0,0.886,1.1,1.0536593014385456,1.1450165243297612,1.0855795726007762,1.0243082039621942,1.022504820547244,0.9833333333333333,1.1053779281115292,1.2342091844818415,1.1562739063259382,1.0952094671113446,0.5,1.0894478486152914
2019-07-01,36,atacama kozan,SM,0,1.2634086232,1.1,1.0427363171435176,1.1450165243297612,1.0490954339293954,1.0243082039621942,1.0224571497025603,0.9833333333333333,0.8494589135387892,0.9851692258456446,0.9755172365454887,0.9437217751486634,0.6,1.0843074554739824
2019-07-01,42,atacama kozan,SM,0,0.793,1.1,1.0470651678351894,1.1450165243297612,1.0794286566482094,1.0243082039621942,1.0224456342546528,0.9833333333333333,0.9042149337013391,1.0675045047668947,1.030866544460467,0.9848491648738035,0.7,1.0726966891877403
2019-07-01,48,atacama kozan,SM,0,1.11,1.1,1.0673866680340154,1.1461139151840047,1.0957454468918375,1.0243082039621942,1.022437832535092,0.9833333333333333,0.8040746200582516,0.9570987787117207,0.886072038675951,0.921685352964325,0.8,1.0682512925865844
2019-07-01,54,atacama kozan,SM,0,1.077,1.1,1.0660247843127602,1.144868661129185,1.099888450139429,1.0243082039621942,1.022435947938841,0.9833333333333333,0.8738864508755403,1.0305201913235678,0.9425858435724253,0.9646553259930657,0.9,1.0588500383015567
2019-07-01,60,atacama kozan,SM,0,1.208,1.1,1.0236428992960815,1.144868661129185,1.0668552608467816,1.0243082039621942,1.0224346711242909,0.9833333333333333,0.7693683581255284,0.9683839835902344,0.8474164465464445,0.9146590358480621,1.0,1.0486382076772125
2020-01-01,6,atacama kozan,SM,0,1.62,1.0,1.1850802652487542,1.229693272978757,1.1860722614053316,1.0547331354856804,1.0575097048699427,0.9715833333333332,1.1652319865420104,1.1652091188819818,1.1317091615226758,1.0490382210847984,0.1,1.1477016650247858
2020-01-01,9,atacama kozan,SM,0,1.051,1.0,1.1701206929932595,1.229693272978757,1.1454111735627075,1.0547331189469904,1.0406728605554396,0.9715833333333332,1.13250636644378,1.1523865595140936,1.0844218441280908,1.0399285851915747,0.15,1.1459213711254863
2020-01-01,12,atacama kozan,SM,0,1.013,1.0,1.1612459928816976,1.229693272978757,1.119316495909111,1.0547331189530722,1.0458931113421293,0.9715833333333332,1.2635245132272281,1.303193254669552,1.2183231383506044,1.0962935535793559,0.2,1.1306804252991614
2020-01-01,18,atacama kozan,SM,0,1.125,1.0,1.1566459916322052,1.2316777377982542,1.1097306678661216,1.05473311895307,1.0535043482300737,0.9715833333333332,1.239773428448285,1.2945420045131315,1.1910029889662304,1.1193705249070207,0.3,1.1226089041929912
2020-01-01,24,atacama kozan,SM,0,0.886,1.0,1.1152820185886962,1.2321947038039212,1.1068363631365186,1.05473311895307,1.0506714882608799,0.9715833333333332,1.2340185108761546,1.3159607278970107,1.222550774276376,1.1536271049652829,0.4,1.1116828530144736
2020-01-01,30,atacama kozan,SM,0,1.2634086232,1.0,1.1788070040079817,1.2341050336129316,1.1464468835071702,1.05473311895307,1.052527589860924,0.9715833333333332,1.175681148653083,1.2362453976445513,1.1495727406508476,1.1122112972226235,0.5,1.1099717555615034
2020-01-01,36,atacama kozan,SM,0,0.793,1.0,1.177926527276592,1.2341050336129316,1.116390997651354,1.05473311895307,1.0518367591853153,0.9715833333333332,1.0881365510871663,1.1438175844674037,1.114785646931075,1.0582195739997045,0.6,1.1068655191607866
2020-01-01,42,atacama kozan,SM,0,1.11,1.0,1.2004008094599576,1.2341050336129316,1.1632366684509916,1.05473311895307,1.0522893943089369,0.9715833333333332,1.0297468419007725,1.0879668878583413,1.0552079201481324,1.0239474522610674,0.7,1.1027316589609475
2020-01-01,48,atacama kozan,SM,0,1.077,1.0,1.192614850868915,1.2341050336129316,1.166016338029717,1.05473311895307,1.0521209260374544,0.9715833333333332,1.0057841478785883,1.0833152024627173,1.0123249201448428,1.015363138435725,0.8,1.0953567693902706
2020-01-01,54,atacama kozan,SM,0,1.208,1.0,1.1994147106386108,1.234105033612932,1.179447484761079,1.05473311895307,1.052231307147589,0.9715833333333332,1.0580547644825058,1.1313765159764229,1.0557484173009688,1.045462717471012,0.9,1.0844325025018264
2020-01-01,60,atacama kozan,SM,0,0.975,1.0,1.1872539198072185,1.234105033612932,1.1399761985960546,1.05473311895307,1.0521902239133054,0.9715833333333332,1.0426372891052833,1.1175243601764229,1.0106832726591064,1.0366818281178451,1.0,1.0783568212471295
2020-07-01,6,atacama kozan,SM,0,1.013,1.0,1.234682169970796,1.292740223150873,1.2070571723997658,1.1260128619895442,1.1205048008568752,1.0486388888888887,1.3057874939556502,1.3192142452777011,1.2503522402125749,1.1541836811800035,0.1,1.1205124550972447
2020-07-01,9,atacama kozan,SM,0,1.027,1.0,1.2251351194035769,1.292740223150873,1.1816659388962545,1.1260127926843404,1.1281084527054195,1.0486388888888887,1.1712195195653414,1.1951561977833907,1.1139922406360196,1.1024584768030796,0.15,1.11938622025972
2020-07-01,12,atacama kozan,SM,0,1.125,1.0,1.2274302964030448,1.292740223150873,1.1794853823503462,1.1260127927102948,1.0900738410663193,1.0486388888888887,1.2796039141031297,1.3082015539077574,1.2374273971217185,1.1467444269355107,0.2,1.107444448751755
2020-07-01,18,atacama kozan,SM,0,0.886,1.0,1.1412889305934044,1.2755039278389595,1.1764502444308065,1.126012792710285,1.1204089747787624,1.0486388888888887,1.2014616817198274,1.3044597936512103,1.244521967737669,1.1507998132872037,0.3,1.0899430395804395
2020-07-01,24,atacama kozan,SM,0,1.2634086232,1.0,1.1418891047042212,1.266896646727456,1.1780396482525783,1.126012792710285,1.1137536991641805,1.0486388888888887,1.1910218948164486,1.2646705252411434,1.2264439045371605,1.156163281572833,0.4,1.080884547555379
2020-07-01,30,atacama kozan,SM,0,0.793,1.0,1.1206896846037948,1.2547392078325768,1.1914676459643636,1.126012792710285,1.1203880219737665,1.0486388888888887,1.1351093241582795,1.2623122169752863,1.2173606796178715,1.1386820178956252,0.5,1.0652410116514148
2020-07-01,36,atacama kozan,SM,0,1.11,1.0,1.1477953173996631,1.2547392078325768,1.2078724903179667,1.126012792710285,1.1189325068198714,1.0486388888888887,0.9989780309928042,1.0942882417935682,1.1419100102114728,1.0474354373914672,0.6,1.0590648173442203
2020-07-01,42,atacama kozan,SM,0,1.077,1.0,1.1245130172031228,1.2527821286873686,1.1895161716614144,1.126012792710285,1.1203834395752372,1.0486388888888887,0.9699096812637832,1.1110506053611102,1.0924458393289287,1.0437436415430235,0.7,1.0453878538535524
2020-07-01,48,atacama kozan,SM,0,1.208,1.0,1.124484331981615,1.2515971282989495,1.1956445718800646,1.126012792710285,1.1200651170164273,1.0486388888888887,0.9518967994155706,1.099544256656192,1.0548881699662218,1.0348878723770842,0.8,1.0343261595789606
2020-07-01,54,atacama kozan,SM,0,0.975,1.0,1.110131848316652,1.2490599466025163,1.1956445718800646,1.126012792710285,1.1203824374002882,1.0486388888888887,0.9987609492640459,1.1616561257707225,1.1023958209597606,1.067580678065986,0.9,1.0191446966642115
2020-07-01,60,atacama kozan,SM,0,1.145,1.0,1.1335145414051706,1.2490599466025163,1.2097152338237458,1.126012792710285,1.1203128199516648,1.0486388888888887,0.9753704528821787,1.1039744011307224,1.0732856533549764,1.0432590117594258,1.0,1.01103232393103
2020-10-01,6,atacama kozan,SM,0,1.027,1.2,1.2391403203776343,1.211738755239326,1.1331028492200608,1.1196692489761133,1.1236507119805312,1.0451944444444443,1.2614477287032135,1.1871770698198707,1.1368392103307738,1.1168416263712835,0.1,1.0931184094035846
2020-10-01,9,atacama kozan,SM,0,1.125,1.2,1.2429668654061388,1.211738755239326,1.1724460555336151,1.1196692793535394,1.0780604349748553,1.0451944444444443,1.1650146789736797,1.0861286969079451,1.0902736505007105,1.0773453418429915,0.15,1.1035486890837476
2020-10-01,12,atacama kozan,SM,0,1.178,1.2,1.2488999554646918,1.2114635772108713,1.1362486626038486,1.1196692793333416,1.1158017119401493,1.0451944444444443,1.2753062541475884,1.1963913156497963,1.1754527778549346,1.1214561806261436,0.2,1.0820950177455342
2020-10-01,18,atacama kozan,SM,0,1.047,1.2,1.244628205239026,1.2145634459818815,1.1375799047143604,1.1196692793333551,1.1159938802481801,1.0451944444444443,1.2522240094121444,1.173776012852264,1.1458979667316116,1.1290972277883242,0.3,1.0765337378798219
2020-10-01,24,atacama kozan,SM,0,1.176,1.2,1.2502500196377575,1.2137394832549147,1.1390002978513671,1.1196692793333551,1.1137232811536781,1.0451944444444443,1.3114472644805768,1.2113030447617448,1.193565340579756,1.1749028705504743,0.4,1.0620414632960968
2020-10-01,30,atacama kozan,SM,0,1.374,1.2,1.2610187129814772,1.2142484729038194,1.1600857072705903,1.1196692793333551,1.113778872497348,1.0451944444444443,1.2184201318429153,1.1436027792173147,1.1152519609877865,1.1266846510958466,0.5,1.06283764537482
2020-10-01,36,atacama kozan,SM,0,1.207,1.2,1.2579663835831685,1.2140871449392443,1.1468935376889833,1.1196692793333551,1.1131220230100713,1.0451944444444443,1.127652758677509,1.0562548052679743,1.0756127225472438,1.0732500469614226,0.6,1.0647306715272582
2020-10-01,42,atacama kozan,SM,0,0.668,1.2,1.2623179710041972,1.2151212923607575,1.1759178131005128,1.1196692793333551,1.1131381047330293,1.0451944444444443,1.1255630215208936,1.0677146681409806,1.0762731742132057,1.07606108467634,0.7,1.0541983728952138
2020-10-01,48,atacama kozan,SM,0,1.234,1.2,1.2764677282185353,1.213545602706693,1.1783685602209517,1.1196692793333551,1.1129480882523652,1.0451944444444443,1.1465640624165625,1.0795686882879034,1.063130796646072,1.0859176029891175,0.8,1.0444196348820816
2020-10-01,54,atacama kozan,SM,0,0.923,1.2,1.2791950988802923,1.213545602706693,1.1852691340748946,1.1196692793333551,1.1129527404481252,1.0451944444444443,1.1638640416170118,1.095032427579779,1.070787746327964,1.095746718536815,0.9,1.033400810657652
2020-10-01,60,atacama kozan,SM,0,1.019,1.2,1.2569809283368347,1.213545602706693,1.1254614162939374,1.1196692793333551,1.1128977715951032,1.0451944444444443,1.1271084310001465,1.0752976570464456,1.0009842269326719,1.0787996041917554,1.0,1.0287517081035396
2021-04-01,6,atacama kozan,SM,0,1.178,1.105,1.1193479444045216,1.1570685136836583,1.1034371295461813,1.0440844903668303,1.0318529816008497,1.0618888888888889,1.108162820058213,1.1096243897185072,1.0914821748953554,1.0806907752886774,0.1,1.1283804657469068
2021-04-01,9,atacama kozan,SM,0,0.886,1.105,1.0775493602433446,1.1570685136836583,1.0645888720070955,1.0440844908880222,1.039852989321943,1.0618888888888889,0.9938807911003599,1.0370114986511425,0.9873773740455178,1.0433117912836338,0.15,1.1420425379287518
2021-04-01,12,atacama kozan,SM,0,1.047,1.105,1.0670110016354097,1.1624985756080985,1.0532669694621601,1.0440844908879312,1.043544998319084,1.0618888888888889,1.079516406868651,1.1447989832399097,1.0928349735911125,1.0819964113550453,0.2,1.112701514785762
2021-04-01,18,atacama kozan,SM,0,1.176,1.105,1.0944414491918768,1.175613232657479,1.084762110429252,1.0440844908879312,1.0374750149432515,1.0618888888888889,1.0727195377346888,1.1167149405489667,1.0789518914848444,1.0783030640153584,0.3,1.1072992772846229
2021-04-01,24,atacama kozan,SM,0,1.374,1.105,1.1013872089935441,1.178722361743027,1.0738460064486448,1.0440844908879312,1.04159537139836,1.0618888888888889,1.1432348446248524,1.1712426311410364,1.125901714808497,1.1190987982853222,0.4,1.0839973205109934
2021-04-01,30,atacama kozan,SM,0,1.207,1.105,1.1183645442778565,1.1882090342376608,1.0947544738764443,1.0440844908879312,1.0394562626553816,1.0618888888888889,1.0979916585903067,1.1504772292343968,1.0868847331668137,1.0992962219029665,0.5,1.0795664548147346
2021-04-01,36,atacama kozan,SM,0,0.668,1.105,1.0906096720161367,1.1901850222108863,1.0532421659252185,1.0440844908879312,1.040908307903545,1.0618888888888889,0.9716313672994044,1.0538877103584772,1.0007309618481586,1.03241127885292,0.6,1.091219658158791
2021-04-01,42,atacama kozan,SM,0,1.234,1.105,1.149518425840215,1.1978513823586576,1.0613562570112356,1.0440844908879312,1.0401544695598515,1.0618888888888889,0.9473973304253552,0.9933426626901694,0.9033868789506134,1.0069775534902128,0.7,1.0950927576749734
2021-04-01,48,atacama kozan,SM,0,0.923,1.105,1.1321986883496615,1.1975903540301576,1.061357708078909,1.0440844908879312,1.0406661814531513,1.0618888888888889,1.0147858707738941,1.0856750555702388,0.9705298306974475,1.0548938334587954,0.8,1.0651110893588265
2021-04-01,54,atacama kozan,SM,0,1.019,1.105,1.1318349698201495,1.1975903540301576,1.0367704592034692,1.0440844908879312,1.0404005230333593,1.0618888888888889,0.9820947637544388,1.0545011178204178,0.9011765362668294,1.0357343200280127,0.9,1.0633341342834137
2018-01-01,6,candelaria,LC,2,7.4,9.4,11.374352402292999,13.02470764649936,11.832950972909654,10.320614280753476,10.019451933165504,11.947222222222221,11.374352402292999,13.02470764649936,11.832950972909654,12.073376123309199,0.1,8.733703029240736
2018-01-01,9,candelaria,LC,2,8.7,9.4,11.26378752443478,13.195357114223453,11.838616583801766,10.320614280836123,10.21298745022935,11.947222222222221,11.26378752443478,13.195357114223453,11.838616583801766,12.088397270775669,0.15,8.827699382339585
2018-01-01,12,candelaria,LC,2,7.8,9.4,11.127904335832385,12.52518329220149,11.739074140836017,10.320614280836123,8.600191474697388,11.947222222222221,11.127904335832385,12.52518329220149,11.739074140836017,11.88688301811958,0.2,8.948580654536539
2018-01-01,18,candelaria,LC,2,10.7,9.4,11.27635899466187,13.035009129859379,13.115772084212642,10.320614280836123,9.574143459921705,11.947222222222221,11.27635899466187,13.035009129859379,13.115772084212642,12.051453142241423,0.3,9.047722669810977
2018-01-01,24,candelaria,LC,2,8.24,9.4,12.013043856162211,13.220156423807117,13.35504832076869,10.320614280836123,9.116347948791864,11.947222222222221,12.013043856162211,13.220156423807117,13.35504832076869,12.281911181103442,0.4,9.212324330228405
2018-01-01,30,candelaria,LC,2,10.129,9.4,12.283337310631223,13.310287475560274,13.42898625100347,10.320614280836123,9.430505117218114,11.947222222222221,12.283337310631223,13.310287475560274,13.42898625100347,12.372017307658986,0.5,9.371855453996922
2018-01-01,36,candelaria,LC,2,9.0,9.4,12.354459580498007,13.286817714786809,13.454753568166264,10.320614280836123,9.282838965624745,11.947222222222221,12.354459580498007,13.286817714786809,13.454753568166264,12.383930434932314,0.6,9.550307104586146
2018-01-01,42,candelaria,LC,2,9.268,9.4,12.309796513241148,13.292004320138838,13.552572748544787,10.320614280836123,9.384173249009228,11.947222222222221,12.309796513241148,13.292004320138838,13.552572748544787,12.374061319456107,0.7,9.72258504059695
2018-01-01,48,candelaria,LC,2,12.325,9.4,12.309796513241148,13.292004320138838,13.552572748544787,10.320614280836123,9.336542174006809,11.947222222222221,12.309796513241148,13.292004320138838,13.552572748544787,12.374061319456107,0.8,9.902518549280451
2018-01-01,54,candelaria,LC,2,10.720994127971508,9.4,12.309796513241148,13.292004320138842,13.552572748544787,10.320614280836123,9.369228478891992,11.947222222222221,12.309796513241148,13.292004320138842,13.552572748544787,12.374061319456107,0.9,10.079879761775558
2018-01-01,60,candelaria,LC,2,11.93,9.4,12.309796513241148,13.29200432013884,13.552572748544787,10.320614280836123,9.353864637677157,11.947222222222221,12.309796513241148,13.29200432013884,13.552572748544787,12.374061319456107,1.0,10.258779859227293
2018-07-01,6,candelaria,LC,2,7.8,11.4,9.674730343578686,10.633151924812008,9.560284979697533,8.28139062006384,7.372619585978075,11.133333333333333,5.700377941285687,5.008444278312648,5.12733400678788,8.24387222156625,0.1,9.858221389254844
2018-07-01,9,candelaria,LC,2,8.1,11.4,9.691137295202932,10.715821236068559,9.55435965305874,8.281390620211138,7.585118534305017,11.133333333333333,7.12734977076815,6.220464121845104,6.415743069256973,8.90362013981998,0.15,9.854974400030777
2018-07-01,12,candelaria,LC,2,10.7,11.4,10.002109773530675,10.485487422327756,9.795048025624043,8.281390620211136,7.4215959788042065,11.133333333333333,6.67420543769829,5.760304130126266,5.855973884788026,8.675294058622805,0.2,9.986799219758511
2018-07-01,18,candelaria,LC,2,8.24,11.4,10.65817247613495,11.426687472139253,10.969864432291697,8.281390620211136,7.4257082508143295,11.133333333333333,10.08181348147308,9.091678342279874,8.554092348079054,10.360039622604905,0.3,10.012372982024056
2018-07-01,24,candelaria,LC,2,10.129,11.4,11.169858306119751,11.57420441984169,11.141842943185903,8.281390620211136,7.43148609337799,11.133333333333333,7.396814449957541,6.594047996034574,6.0267946224172135,9.064382278164695,0.4,10.339189220603215
2018-07-01,30,candelaria,LC,2,9.0,11.4,11.171840470137294,11.664434711118318,11.213547050626305,8.281390620211136,7.431971226293716,11.133333333333333,9.01750315950607,8.483147235558043,7.913560799622834,9.941829265432695,0.5,10.429822602825773
2018-07-01,36,candelaria,LC,2,9.268,11.4,10.931407832148793,11.791817876963023,11.16644462735717,8.281390620211136,7.432652849883452,11.133333333333333,7.576948251650785,7.505000162176215,6.711691059190905,9.337153770123416,0.6,10.695170579802971
2018-07-01,42,candelaria,LC,2,12.325,11.4,10.822167913738625,11.78079815087668,11.014644273782915,8.281390620211136,7.4327100819793195,11.133333333333333,7.7803714004974776,7.756793830737843,6.730071525238129,9.450957974475497,0.7,10.875909825623976
2018-07-01,48,candelaria,LC,2,10.720994127971508,11.4,10.783845256872933,11.768934767343096,10.91472755305558,8.281390620211136,7.432790494471174,11.133333333333333,10.799048743631785,10.801930447204256,9.687154804510792,10.966911464375677,0.8,10.896949046924446
2018-07-01,54,candelaria,LC,2,11.93,11.4,10.783845256872933,11.768934767343096,10.91472755305558,8.281390620211136,7.432797246255461,11.133333333333333,9.195042871603293,9.197924575175762,8.0831489324823,10.16490852836143,0.9,11.16596194176779
2018-07-01,60,candelaria,LC,2,10.868,11.4,10.783845256872933,11.768934767343096,10.91472755305558,8.281390620211136,7.432806732677211,11.133333333333333,10.404048743631785,10.406930447204255,9.292154804510792,10.769411464375676,1.0,11.2818043155596
2019-01-01,6,candelaria,LC,2,10.7,7.0,10.004541202458247,9.00111855233071,9.396809458092084,8.052468651030022,7.653015113421263,10.666666666666664,7.079999829522405,4.772188766675026,6.300191481788492,8.29638048238269,0.1,9.744086698929195
2019-01-01,9,candelaria,LC,2,9.4,7.0,9.74090555734305,8.829211275002208,9.288970080505795,8.052468651044384,7.8521995603346175,10.666666666666664,7.663443147524193,5.273622099856202,6.992481962075542,8.567599645178431,0.15,9.798019826540646
2019-01-01,12,candelaria,LC,2,8.24,7.0,9.956195763972765,8.56564002403046,9.288387365569493,8.052468651044384,7.740978063433083,10.666666666666664,8.641188709291235,6.310304666765836,7.771326282339462,9.0712066773476,0.2,9.869058650266625
2019-01-01,18,candelaria,LC,2,10.129,7.0,9.674284332389629,8.53933236708113,9.51879433692089,8.052468651044384,7.716210149218531,10.666666666666664,8.177018596991218,5.7784840660818135,6.9459760786687195,8.82220899910159,0.3,10.084273776552822
2019-01-01,24,candelaria,LC,2,9.0,7.0,9.355252539067001,8.37603180988371,9.500105711351708,8.052468651044384,7.726617260168973,10.666666666666664,6.94830145792602,5.163351388059306,6.436160079374411,8.361246544829664,0.4,10.312364256908124
2019-01-01,30,candelaria,LC,2,9.268,7.0,9.550284583211601,8.348858336333786,9.621637905417051,8.052468651044384,7.723686907887611,10.666666666666664,7.387195692827342,5.425997242994489,6.864871254602163,8.53663156728879,0.5,10.474994945514336
2019-01-01,36,candelaria,LC,2,12.325,7.0,9.464169649330335,8.34994893043249,9.563367397278373,8.052468651044384,7.724918198542603,10.666666666666664,6.955235943006936,4.944631134557574,6.386768299516657,8.30830010272446,0.6,10.676557153250766
2019-01-01,42,candelaria,LC,2,10.720994127971508,7.0,9.312969416839534,8.31191463804028,9.333837817634922,8.052468651044384,7.724571501423965,10.666666666666664,8.543487203349649,6.57201340253252,7.8467293064710715,9.112208484803874,0.7,10.8086018409945
2019-01-01,48,candelaria,LC,2,11.93,7.0,9.248240623938038,8.303670315525709,9.261517760960215,8.052468651044384,7.724717178421576,10.666666666666664,9.224416802866752,7.296197835770496,8.550864674145785,9.463486992992644,0.8,10.969258438087794
2019-01-01,54,candelaria,LC,2,10.868,7.0,9.259586594538444,8.269084669065505,9.22147465570651,8.052468651044384,7.724676159840692,10.666666666666664,9.038262773467157,7.06411218931029,8.313321568892082,9.358927074027694,0.9,11.161949836981702
2019-01-01,60,candelaria,LC,2,10.264,7.0,9.259586594538444,8.269084669065505,9.22147465570651,8.052468651044384,7.7246933952412435,10.666666666666664,9.111765709481404,7.137615125324537,8.386824504906327,9.395678542034817,1.0,11.344699501357072
2019-07-01,6,candelaria,SM,1,8.24,7.4,10.092869453875286,10.134545344415285,9.538007250684382,9.304614583813274,9.462733566290774,10.427777777777777,8.374994804431974,7.881552636534593,7.9079921137846245,9.50797615485998,0.1,9.651272706184438
2019-07-01,9,candelaria,SM,1,7.808,7.4,10.046974086796453,10.14892898582579,9.450230988217323,9.304614563140198,9.498636145479725,10.427777777777777,8.548363961136198,7.968799110727717,7.9562488824285555,9.560099281039449,0.15,9.730514988001106
2019-07-01,12,candelaria,SM,1,10.129,7.4,9.905061625440394,10.139402969551593,9.415241183705565,9.304614563142714,9.94732481862971,10.427777777777777,8.456325000995118,8.527299390031692,8.054404673029048,9.653391544872028,0.2,9.816889199196295
2019-07-01,18,candelaria,SM,1,9.0,7.4,9.67599537266823,10.107260611691643,9.373394045965071,9.304614563142714,9.731408480837347,10.427777777777777,8.829390104939414,8.796584288665056,7.861583761489995,9.620382487290005,0.3,10.000024484461765
2019-07-01,24,candelaria,SM,1,9.268,7.4,9.849107394841434,10.03959656166932,9.221586271975882,9.304614563142714,9.78014437088993,10.427777777777777,8.126055827725112,8.105799010491815,7.012253946873782,9.04066756257619,0.4,10.196813125929996
2019-07-01,30,candelaria,SM,1,12.325,7.4,9.994125323569499,9.991014009055402,9.192361513961142,9.304614563142714,9.758429420687909,10.427777777777777,8.457971202242792,8.348820501384608,7.236637778278866,9.21314862219933,0.5,10.35842022486126
2019-07-01,36,candelaria,SM,1,10.720994127971508,7.4,9.93710781789555,10.008808024104981,9.28114845557751,9.304614563142714,9.763330844250218,10.427777777777777,9.218095463903172,9.06361318337754,8.083959924643574,9.655623705295325,0.6,10.500385692648205
2019-07-01,42,candelaria,SM,1,11.93,7.4,9.527981882723697,10.00880802410498,9.187738338117187,9.304614563142714,9.761146947157956,10.427777777777777,9.484335310774432,9.651900363743549,8.658718100786816,9.911981813466504,0.7,10.664981337669852
2019-07-01,48,candelaria,SM,1,10.868,7.4,9.159103398180234,10.008808024104981,9.034985198382232,9.304614563142714,9.761639888867059,10.427777777777777,10.03714064282003,10.545936265759602,9.450710553519208,10.346034183685,0.8,10.823163608162348
2019-07-01,54,candelaria,SM,1,10.264,7.4,8.976394583898536,10.00880802410498,9.039386305498388,9.304614563142714,9.761420251867424,10.427777777777777,9.36498317167153,10.071798147913002,8.982792695719931,10.002145506986471,0.9,11.016689117392588
2019-07-01,60,candelaria,SM,1,12.249,7.4,8.89829343777615,10.008808024104981,8.693259829304482,9.304614563142714,9.761469827572418,10.427777777777777,9.134550649558642,9.919466771922501,8.484334843535523,9.887316337555454,1.0,11.206753586532246
2020-01-01,6,candelaria,SM,1,10.129,7.8,9.17455642890781,8.990583547983885,9.866670664598859,9.396133022315716,9.825281685428477,10.062222222222223,7.422933078356505,6.8272026809695445,8.319657499252946,8.887360485198544,0.1,9.832899749619326
2020-01-01,9,candelaria,SM,1,4.465,7.8,9.157009248060753,8.994709476884069,9.776314091400767,9.39613302244782,9.572880285111552,10.062222222222223,7.473308132116449,6.774379824104066,8.245269765004862,8.886870924577437,0.15,9.92021020983586
2020-01-01,12,candelaria,SM,1,9.0,7.8,8.79003352433373,8.883160453069545,9.610123803308433,9.396133022447819,9.370371015782881,10.062222222222223,7.759465649639674,7.67148202604172,8.767936124374653,9.123522868469614,0.2,10.013153713904092
2020-01-01,18,candelaria,SM,1,9.268,7.8,8.98396898003529,8.87214439476614,9.762391329497262,9.396133022447819,9.617335475570648,10.062222222222223,8.180016186071619,7.612321999573289,8.535185104649688,8.97919565752234,0.3,10.16007912391035
2020-01-01,24,candelaria,SM,1,12.325,7.8,8.68428351651674,8.802861619379042,9.420205567774316,9.396133022447819,9.569710183683824,10.062222222222223,7.24671799246914,7.159614315578583,7.77480975595377,8.346788581303207,0.4,10.364391049898707
2020-01-01,30,candelaria,SM,1,10.720994127971508,7.8,8.924430009816572,8.795345606562474,9.353751458672305,9.396133022447819,9.595565269677364,10.062222222222223,8.355033087929167,8.14719697354553,8.670118278420311,8.975557907331298,0.5,10.498867350646712
2020-01-01,36,candelaria,SM,1,11.93,7.8,8.508162660352294,8.795345606562474,9.13849923845502,9.396133022447819,9.590579305226207,10.062222222222223,8.164874972377,8.264496001983526,8.600569258353069,8.953700181197046,0.6,10.676934755962659
2020-01-01,42,candelaria,SM,1,10.868,7.8,8.77944360474335,8.783673874089029,9.04255025814386,9.396133022447819,9.593286113615996,10.062222222222223,9.347213205100475,8.99629112279171,9.331350495616785,9.527940187256544,0.7,10.805032222915445
2020-01-01,48,candelaria,SM,1,10.264,7.8,8.592664097865857,8.783673874089029,9.001030840342072,9.396133022447819,9.592764125392442,10.062222222222223,9.678416181800646,9.40131804930375,9.771078557099244,9.748809158220208,0.8,10.961557619284246
2020-01-01,54,candelaria,SM,1,12.249,7.8,8.724262487665996,8.783673874089029,9.089160193446812,9.396133022447819,9.593047505291501,10.062222222222223,9.337605282521107,8.8947144609188,9.352868409738374,9.494584811920863,0.9,11.133951799993373
2020-01-01,60,candelaria,SM,1,10.406,7.8,8.310574688320893,8.783673874089029,8.222125291892166,9.396133022447819,9.592992857548182,10.062222222222223,9.325444237713723,9.276715928925924,8.954366595239327,9.605536938880784,1.0,11.319489032864853
2020-07-01,6,candelaria,LC,2,9.0,10.7,9.857740243830744,9.879238613972346,9.616735377829738,9.583739424165529,9.417360461045751,9.486444444444444,8.647330277608138,8.376217210764096,8.431590712633234,8.99910909431528,0.1,9.602164621999298
2020-07-01,9,candelaria,LC,2,8.987,10.7,9.944991382036513,10.040491300899298,9.692665758618425,9.583739407686394,9.339792982024013,9.486444444444444,7.659628639668918,7.358285683298481,7.4055674792215465,8.497700802964072,0.15,9.745680298777458
2020-07-01,12,candelaria,LC,2,9.268,10.7,9.98706377191616,10.029087166313532,9.701526519411015,9.583739407689258,9.706756857356147,9.486444444444444,9.20460276729417,9.083112334077363,8.905751615602306,9.315150997565105,0.2,9.763918062109122
2020-07-01,18,candelaria,LC,2,12.325,10.7,9.725268994721752,9.94741311921785,9.851283302736972,9.583739407689258,9.616532995892161,9.486444444444444,9.138912963543758,9.018726324110341,8.77064005695946,9.282632044135747,0.3,9.971766846211862
2020-07-01,24,candelaria,LC,2,10.720994127971508,10.7,9.627857777111585,9.880102704241317,9.88634248258032,9.583739407689258,9.644714786641485,9.486444444444444,9.205948654570157,9.269932537325142,9.15098471956902,9.362192520196047,0.4,10.159649315932896
2020-07-01,30,candelaria,LC,2,11.93,10.7,9.652632970598196,9.936062550860159,9.870306276290972,9.583739407689258,9.635928671746752,9.486444444444444,9.55642825671926,9.80267334872841,9.596848265949218,9.58299762358414,0.5,10.346073413375937
2020-07-01,36,candelaria,LC,2,10.868,10.7,9.686196211548472,9.935883641129745,9.889442317835435,9.583739407689258,9.638673050533528,9.486444444444444,10.095933529097778,10.13813483615409,10.01739848606287,9.80173931353519,0.6,10.517209027641709
2020-07-01,42,candelaria,LC,2,10.264,10.7,9.814174922061476,9.933190713619606,9.88972098741482,9.583739407689258,9.637817447440387,9.486444444444444,10.686101881398507,10.520149737763946,10.485851125764388,10.044785127012835,0.7,10.686511962452071
2020-07-01,48,candelaria,LC,2,12.249,10.7,9.613792455256815,9.930897727072866,9.877434036884004,9.583739407689258,9.63808469855272,9.486444444444444,10.816661302831475,10.721078292426837,10.74606604222133,10.127657121036801,0.8,10.875866687528411
2020-07-01,54,candelaria,LC,2,10.406,10.7,9.613792455256815,9.943732229753355,10.07708530841098,9.583739407689258,9.638001378830436,9.486444444444444,10.809414193607706,10.725629924399366,10.920019842754867,10.12698325172399,0.9,11.066893980740913
2020-07-01,60,candelaria,LC,2,10.102,10.7,9.568335423469955,9.953955182969155,10.07708530841098,9.583739407689258,9.63802740408518,9.486444444444444,10.799316125320042,10.672854052020865,11.099653292710276,10.111264766557449,1.0,11.255749487924714
2020-10-01,6,candelaria,LC,2,8.987,9.4,15.646817087526804,13.66844822658918,14.433953230558416,7.134433203640542,6.462568360702459,8.946083333333332,14.495185408369508,12.269390621586913,13.343543446589708,11.164185674155771,0.1,9.258041130115066
2020-10-01,9,candelaria,LC,2,9.268,9.4,16.44996698350624,13.728429642309967,14.735067898575656,7.134433222475735,6.845494422448447,8.946083333333332,14.385832801193827,11.31767641082607,12.711541705975186,10.89891896967164,0.15,9.352735880423207
2020-10-01,12,candelaria,LC,2,11.584,9.4,16.804439627274455,14.133762822580444,14.821838081909773,7.1344332224741525,5.8309444228562155,8.946083333333332,16.032544828103436,13.218602601331382,14.086437908834013,11.78582852402537,0.2,9.240180346272524
2020-10-01,18,candelaria,LC,2,12.4,9.4,16.767956298038342,15.108646414228634,15.320614340685518,7.1344332224741525,6.220947324085032,8.946083333333332,16.712614772936387,14.731005231769402,14.832364418748096,12.333946667843113,0.3,9.401467304932362
2020-10-01,24,candelaria,LC,2,7.651,9.4,16.657256396966968,15.57050562720223,15.748161308654037,7.1344332224741525,6.159187372942407,8.946083333333332,16.487854853325764,15.202179058727115,15.274471780376485,12.395550144679886,0.4,9.636000119450033
2020-10-01,30,candelaria,LC,2,10.574,9.4,16.45068982919843,15.340497880346698,15.762843214432225,7.1344332224741525,6.1973217105772,8.946083333333332,16.750080405866285,15.561663120093547,15.878243826432268,12.550977548156624,0.5,9.787006555187608
2020-10-01,36,candelaria,LC,2,10.825,9.4,16.852157390830858,14.937093107060942,15.75762963719953,7.1344332224741525,6.191282845682195,8.946083333333332,17.390572453530535,15.260988496059607,16.027352724416485,12.6359319040642,0.6,9.864423038932497
2020-10-01,42,candelaria,LC,2,8.25,9.4,16.785854619505212,15.31749261999918,15.633030974685209,7.1344332224741525,6.195011606935668,8.946083333333332,17.587431265275825,15.861760021182864,16.19218592540738,12.835339488281338,0.7,10.060984018381385
2020-10-01,48,candelaria,LC,2,16.627,9.4,16.314584821393343,15.447364524499637,15.446841652878327,7.1344332224741525,6.1944211289876545,8.946083333333332,17.756176785162758,16.492198707782467,16.56596265117876,13.035135539902974,0.8,10.252918913175172
2020-10-01,54,candelaria,LC,2,12.069,9.4,16.42161382106477,15.268276168286311,15.68367048802864,7.1344332224741525,6.194785725866682,8.946083333333332,17.549999860481044,15.996902208865762,16.440935048580048,12.859767184003367,0.9,10.454894102411648
2020-10-01,60,candelaria,LC,2,10.193,9.4,16.06966709950572,15.091274793043434,15.635019565037798,7.1344332224741525,6.194727989154045,8.946083333333332,17.184428447135797,15.715031320091667,16.491312000552046,12.69790660847353,1.0,10.684324290052908
2021-04-01,6,candelaria,LC,2,11.584,7.808,8.004376585803621,8.487950856796996,8.38722533498414,8.16135121564976,7.812195733812131,8.59191666666667,6.065861276879254,6.619980305853742,6.674452201502618,7.467418729016584,0.1,9.637233774124047
2021-04-01,9,candelaria,LC,2,12.325,7.808,7.831068491004745,8.547684093198255,8.362927360412671,8.16133804068291,8.340566493290813,8.59191666666667,5.035815337093213,5.8441199458820625,5.847466638387176,7.015942154077154,0.15,9.71392585680871
2021-04-01,12,candelaria,LC,2,12.4,7.808,7.794267416022951,8.473156822597677,8.362927360412671,8.161337987948507,8.337821164807256,8.59191666666667,6.386866212837155,7.3244819440155595,7.27003605750348,7.723795372546514,0.2,9.869660411469306
2021-04-01,18,candelaria,LC,2,7.651,7.808,7.948592436732061,8.292264683575386,8.450411875643038,8.161337987736585,8.190512528052713,8.59191666666667,7.277163086924909,7.5816227537205245,7.614681322455888,8.010654793494693,0.3,10.097978894805125
2021-04-01,24,candelaria,LC,2,10.574,7.808,7.911962453856209,8.256129103975834,8.269886042022893,8.161337987736582,8.265071647222149,8.59191666666667,6.480153074025612,6.809062669968274,6.707129116548701,7.618262269331806,0.4,10.281024894070727
2021-04-01,30,candelaria,LC,2,10.825,7.808,7.8566444007538,8.12193603781354,8.207857665801603,8.161337987736582,8.244176231580429,8.59191666666667,7.273737776583613,7.630577974689883,7.565509159739894,8.02203727115171,0.5,10.516114982785654
2021-04-01,36,candelaria,LC,2,8.25,7.808,7.849604633788811,8.111271289808327,8.267148181387068,8.161337987736582,8.254752283464004,8.59191666666667,7.450080774555554,7.801454036512761,7.793678022258812,8.108842036100413,0.6,10.728193166927387
2021-04-01,42,candelaria,LC,2,16.627,7.808,7.823396408546868,8.132637751190131,8.020030927731156,8.161337987736582,8.251788313363264,8.59191666666667,7.291054302135221,7.5895108636334045,7.444587889109414,8.016099624775492,0.7,10.932714553485633
2021-04-01,48,candelaria,LC,2,12.069,7.808,7.714739075508299,8.092112377771313,7.793136257769339,8.161337987736582,8.253288503744937,8.59191666666667,8.995020069968747,9.156203888513792,8.920976877329952,8.83376432295397,0.8,11.2028388903542
2021-04-01,54,candelaria,LC,2,10.193,7.808,7.480107248137558,7.988253337658894,7.659257922599831,8.161337987736582,8.252868070913703,8.59191666666667,7.82549330748511,8.155750491257521,7.7919603333540906,8.291269283018993,0.9,11.372871749053422
2018-01-01,6,caserones,LC,2,11.0,13.0,10.511651026129009,10.78568208983852,10.75348811746958,11.130831577537114,10.624389449803518,8.930555555555555,10.511651026129009,10.78568208983852,10.75348811746958,9.78961105676966,0.1,11.521458029342728
2018-01-01,9,caserones,LC,2,11.9,13.0,10.596548582139231,10.770056194112081,10.732010106591765,11.115358652095278,10.664180523388216,8.930555555555555,10.596548582139231,10.770056194112081,10.732010106591765,9.806928971840605,0.15,11.492846493639565
2018-01-01,12,caserones,LC,2,11.887,13.0,10.616248572579181,10.760642544195376,10.700580241092235,11.112820142109166,11.300837786466127,8.930555555555555,10.616248572579181,10.760642544195376,10.700580241092235,9.809500556971418,0.2,11.36684849085656
2018-01-01,18,caserones,LC,2,14.347,13.0,10.575258942770049,10.729197607673573,10.688832280690711,11.112335343670857,10.833049664384582,8.930555555555555,10.575258942770049,10.729197607673573,10.688832280690711,9.791391915388683,0.3,11.388475187848762
2018-01-01,24,caserones,LC,2,11.611,13.0,10.600250226854342,10.709529087323391,10.633310652253861,11.112322294764969,11.102215756029215,8.930555555555555,10.600250226854342,10.709529087323391,10.633310652253861,9.792722606322211,0.4,11.296957757460056
2018-01-01,30,caserones,LC,2,9.481,13.0,10.470025314374999,10.703115476073721,10.610635901585054,11.112321943538705,10.916077815089503,8.930555555555555,10.470025314374999,10.703115476073721,10.610635901585054,9.758562975389957,0.5,11.266664867826924
2018-01-01,36,caserones,LC,2,8.761,13.0,10.393271847735685,10.5541681808147,10.446868834409802,11.112321934085049,11.023181907101458,8.930555555555555,10.393271847735685,10.5541681808147,10.446868834409802,9.702137784915374,0.6,11.212390240242248
2018-01-01,42,caserones,LC,2,10.492,13.0,10.418400406313323,10.5541681808147,10.408155211161262,11.112321933830591,10.949115612080748,8.930555555555555,10.418400406313323,10.5541681808147,10.408155211161262,9.708419924559784,0.7,11.173222116733776
2018-01-01,48,caserones,LC,2,12.422,13.0,10.418400406313323,10.5541681808147,10.408155211161262,11.112321933823743,10.991733485883552,8.930555555555555,10.418400406313323,10.5541681808147,10.408155211161262,9.708419924559784,0.8,11.112077898069833
2018-01-01,54,caserones,LC,2,4.999,13.0,10.418400406313323,10.554168180814699,10.408155211161262,11.112321933823562,10.962261707962295,8.930555555555555,10.418400406313323,10.554168180814699,10.408155211161262,9.708419924559784,0.9,11.062476947605202
2018-01-01,60,caserones,LC,2,11.351,13.0,10.418400406313323,10.5541681808147,10.408155211161262,11.112321933823559,10.979219819770655,8.930555555555555,10.418400406313323,10.5541681808147,10.408155211161262,9.708419924559784,1.0,11.005441467263596
2018-07-01,6,caserones,LC,2,11.887,10.1,9.492100341897752,10.158681238560733,9.795093075200239,10.901538215489877,11.643494540021443,9.833333333333334,9.980449315768743,10.372999148722213,10.041604957730659,10.005028782789406,0.1,10.490757424463917
2018-07-01,9,caserones,LC,2,12.375,10.1,9.424992887696432,10.134359069211294,9.80892851451531,10.899705283843092,11.821474810319113,9.833333333333334,10.7284443055572,11.264302875099213,10.976918407923545,10.41485346183077,0.15,10.363336786992923
2018-07-01,12,caserones,LC,2,14.347,10.1,9.247469363102205,10.106853762190939,9.810479076193609,10.899437558166623,11.943999925678517,9.833333333333334,10.518220790523024,11.233211217995564,10.996898835101375,10.354524668796314,0.2,10.299624967179227
2018-07-01,18,caserones,LC,2,11.611,10.1,9.134796860749223,10.097857637839004,9.752811089339792,10.899392741172786,12.215940560250298,9.833333333333334,12.906537917979174,13.71566003016543,13.41097880864908,11.572216153702819,0.3,10.041299033509059
2018-07-01,24,caserones,LC,2,9.481,10.1,9.088936035381924,9.99938629020916,9.65387815952794,10.899391785013533,12.425942635608573,9.833333333333334,10.099685808527582,10.900857202885769,10.63156750727408,10.166802419520003,0.4,10.163006436292166
2018-07-01,30,caserones,LC,2,8.761,10.1,9.018222183921063,9.94994884145855,9.470172832589164,10.899391764614116,12.616419266618948,9.833333333333334,8.029196869546064,8.727833365384829,8.34053693100411,9.105924225399392,0.5,10.265193178950176
2018-07-01,36,caserones,LC,2,10.492,10.1,8.620690869607582,9.80269827371226,9.338196502531634,10.899391764178898,12.763512994556566,9.833333333333334,6.988419021871897,8.009530092897558,7.652327668121831,8.666153945359031,0.6,10.201838456123797
2018-07-01,42,caserones,LC,2,12.422,10.1,8.342413922724418,9.601562979345706,9.188717375961456,10.899391764169616,12.896930335147308,9.833333333333334,8.416013516411097,9.539394798531006,9.272562164800195,9.405518745402194,0.7,10.0104356378856
2018-07-01,48,caserones,LC,2,4.999,10.1,8.218902868244916,9.589289592509704,9.141557535906625,10.899391764169419,12.9999605803607,9.833333333333334,10.222502461931594,11.457121411695004,11.155402324745364,10.336572635073317,0.8,9.80189124773274
2018-07-01,54,caserones,LC,2,11.351,10.1,8.218902868244916,9.589289592509706,9.141557535906625,10.899391764169415,13.093411344778174,9.833333333333334,2.799502461931593,4.034121411695007,3.7324023247453626,6.625072635073317,0.9,10.254705717100588
2018-07-01,60,caserones,LC,2,10.542,10.1,8.218902868244916,9.589289592509706,9.141557535906625,10.899391764169415,13.165577789789591,9.833333333333334,9.151502461931594,10.386121411695006,10.084402324745364,9.801072635073318,1.0,9.754723936502252
2019-01-01,6,caserones,LC,2,14.347,11.8,11.153464822407331,10.801066451540713,10.887254907245598,11.77939489251468,12.177522957678612,10.563527777777779,12.595089138393952,11.772384787341085,12.05646431091069,11.37363237032265,0.1,10.541190651694821
2019-01-01,9,caserones,LC,2,10.228,11.8,10.998975486171556,10.793202368521353,10.84288592326368,11.778149866704313,12.827295761550184,10.563527777777779,13.125704751253725,12.478494736859666,12.709916612710142,11.682813760917238,0.15,10.350954313511703
2019-01-01,12,caserones,LC,2,11.611,11.8,10.855501592012684,10.789218826673443,10.707425283160614,11.77800854873744,12.713621504700983,10.563527777777779,14.04064262417199,13.472470673480284,13.568895624517692,12.160042213301958,0.2,10.24970333232736
2019-01-01,18,caserones,LC,2,9.481,11.8,10.907613596370405,10.82586692610383,10.687964670752088,11.777990687605065,12.80913048339616,10.563527777777779,14.031585694610769,13.391339303347541,13.446142985736836,12.137495138378467,0.3,10.184182493580868
2019-01-01,24,caserones,LC,2,8.761,11.8,10.740053529987875,10.822492881814107,10.624376566285267,11.777990457488947,13.208400528556517,10.563527777777779,11.441460398869744,11.014035193047832,11.026782160394367,10.895637786868283,0.4,10.26490005581497
2019-01-01,30,caserones,LC,2,10.492,11.8,10.783857532518685,10.82550999133775,10.604753213321574,11.777990454524218,13.27955364501438,10.563527777777779,10.160733783370652,9.619977832571614,9.685348846234465,10.226941792874456,0.5,10.315782433473116
2019-01-01,36,caserones,LC,2,12.422,11.8,10.044556279981544,10.79532531602661,10.47938910477894,11.777990454486023,13.57700582563901,10.563527777777779,10.164074921309911,10.24339208876313,10.213356436308223,10.38363064140715,0.6,10.132862320069474
2019-01-01,42,caserones,LC,2,4.999,11.8,10.28300567124107,10.742383961668907,10.502822285311645,11.777990454485531,13.63001418404987,10.563527777777779,12.3595985067222,12.121518381588704,12.161385991750286,11.402043110966616,0.7,9.908101117261857
2019-01-01,48,caserones,LC,2,11.351,11.8,10.201934884188567,10.74917010953985,10.390340846918118,11.777990454485526,13.851613076489276,10.563527777777779,9.593783246909448,9.387941222877648,9.325984473384175,10.027195006335663,0.8,10.05484110884765
2019-01-01,54,caserones,LC,2,10.542,11.8,10.965752258264875,10.77578427141236,10.402271471140239,11.777990454485526,13.891103772066664,10.563527777777779,9.822100620985756,8.879055384750158,8.802415097606296,9.957052890322867,0.9,10.061990287185075
2019-01-01,60,caserones,LC,2,12.849,11.8,10.965752258264875,10.77578427141236,10.402271471140239,11.777990454485526,14.056192725280091,10.563527777777779,12.593600620985756,11.650555384750158,11.573915097606296,11.342802890322869,1.0,9.732520103756126
2019-07-01,6,caserones,LC,2,11.611,11.0,10.775769976550697,11.733958194687903,10.704272186321546,12.764768407832909,12.294870425210235,11.126444444444443,12.801364579739333,13.56348160137458,12.636993486349741,12.154433767500699,0.1,10.596776564895714
2019-07-01,9,caserones,LC,2,10.122,11.0,10.938283111793094,11.78900433337566,10.800395609618679,12.743553176673938,12.435813801707933,11.126444444444443,12.099110793124021,12.724131789427418,11.840120761495093,11.76903286786008,0.15,10.588990959188758
2019-07-01,12,caserones,LC,2,9.481,11.0,11.112060051931998,11.810311069054215,10.961767122036814,12.740950218980323,12.25747506575111,11.126444444444443,13.487320209367308,13.87307269136763,13.170605588554663,12.403320447405957,0.2,10.53275969446056
2019-07-01,18,caserones,LC,2,8.761,11.0,11.434624618324333,11.79677365961276,11.141249229191956,12.74059167088722,12.678883248042673,11.126444444444443,13.041734818361109,13.058799602407293,12.57771321559776,12.088355827414322,0.3,10.464536918246038
2019-07-01,24,caserones,LC,2,10.492,11.0,11.685800194098833,11.810273171273682,11.425085797480087,12.74058627346864,12.657672372819956,11.126444444444443,11.493720263357453,11.250803751491462,11.07223067145773,11.249353225934449,0.4,10.49602232442994
2019-07-01,30,caserones,LC,2,12.422,11.0,11.72085598931676,11.823794132539645,11.754982686316783,12.740586192218377,12.945010516432633,11.126444444444443,11.208154312378511,10.908936029582971,11.104462037151519,11.092494807712592,0.5,10.391952046626312
2019-07-01,36,caserones,LC,2,4.999,11.0,11.954959637177037,11.810517258824392,12.017226174636992,12.740586190995272,12.930548363810562,11.126444444444443,12.8271199714021,11.984786668639869,12.487408027396867,11.766198882232715,0.6,10.300914822407837
2019-07-01,42,caserones,LC,2,11.351,11.0,11.97882530536103,11.799382472436573,12.124241688967983,12.74058619097686,13.126463660632304,11.126444444444443,11.601885305268093,10.80434409849347,11.395343398156529,11.164779573162612,0.7,10.255465495193391
2019-07-01,48,caserones,LC,2,10.542,11.0,12.080143530895594,11.826372936267195,12.145420043290171,12.74058619097658,13.116602954750503,11.126444444444443,12.057730811313325,11.119496975312444,11.756068845294838,11.357529168878663,0.8,10.18079355716026
2019-07-01,54,caserones,LC,2,12.849,11.0,12.669240187955221,11.90337327799015,12.246980394128522,12.740586190976577,13.250183561332037,11.126444444444443,11.765555010347517,10.560959263077894,11.226985654725814,11.144850790578573,0.9,10.140208263752136
2019-07-01,60,caserones,LC,2,9.504,11.0,12.669240187955221,11.90337327799015,12.246980394128522,12.740586190976577,13.243460252359323,11.126444444444443,14.382221677014185,13.177625929744561,13.843652321392481,12.453184123911907,1.0,9.94107164818111
2020-01-01,6,caserones,LC,2,9.481,11.887,11.345628291112131,11.301948094986916,11.0678820963711,12.07552485322472,12.105295324137229,11.206666666666667,13.073631749365934,12.643351101329948,12.74410502481186,12.032579046007303,0.1,10.556421345357862
2020-01-01,9,caserones,LC,2,11.726,11.887,11.110354043873102,11.301948094986916,11.054379123257732,12.080100894534343,13.036253191430534,11.206666666666667,11.776904026923024,11.586542603681819,11.664574084760373,11.444194990984544,0.15,10.447402407541766
2020-01-01,12,caserones,LC,2,8.761,11.887,11.036011783529707,11.303500626790141,11.06632057961498,12.080578175318168,12.599686907342795,11.206666666666667,12.40969188862319,12.268244076261649,12.352757648994162,11.772817324554543,0.2,10.42084828264444
2020-01-01,18,caserones,LC,2,10.492,11.887,11.2733019372374,11.310870349038312,11.09305408745266,12.080633147757213,12.492587044291724,11.206666666666667,11.810228432683898,11.49844639123102,11.575339769959024,11.430502039312064,0.3,10.43023298670508
2020-01-01,24,caserones,LC,2,12.422,11.887,11.321324163890312,11.314829332004187,11.18398830083143,12.080633745773529,12.822961195646627,11.206666666666667,10.878814167309567,10.565658974349102,10.686075506944642,10.964451618748,0.4,10.374067842842454
2020-01-01,30,caserones,LC,2,4.999,11.887,11.572831915642386,11.314829332004187,11.309765119109041,12.080633752279034,12.751225856052669,11.206666666666667,11.36359166060951,10.778237221651771,10.988628960655898,11.138790553898653,0.5,10.301738833947223
2020-01-01,36,caserones,LC,2,11.351,11.887,11.843554685468737,11.324540673119895,11.614151631510433,12.080633752349806,12.972505908385358,11.206666666666667,10.758685026843276,9.752363415775404,10.21223147742109,10.731095443988004,0.6,10.280665395724215
2020-01-01,42,caserones,LC,2,10.542,11.887,12.056077951568977,11.324540673119895,11.769373793624288,12.080633752350574,12.92445856629962,11.206666666666667,11.616416625159017,10.466166274553423,11.029389653273702,11.123979058261444,0.7,10.158570265937133
2020-01-01,48,caserones,LC,2,12.849,11.887,12.073233820741828,11.32430715745382,11.796092538784622,12.080633752350582,13.07266889652832,11.206666666666667,11.671888398331228,10.473056952670957,11.103224129465579,11.13956967108388,0.8,10.058387054548282
2020-01-01,54,caserones,LC,2,9.504,11.887,12.141386851203954,11.32430715745382,11.836660169367129,12.080633752350582,13.04048744880147,11.206666666666667,11.508562921009371,10.55390332677209,11.222169016282967,11.1189498952787,0.9,9.967087568557105
2020-01-01,60,caserones,LC,2,9.863,11.887,12.13224061570214,11.317491784311178,11.836660169367129,12.080633752350582,13.139756685928528,11.206666666666667,12.625666685507555,11.67333795362945,12.348419016282968,11.678084493117584,1.0,9.78797138740261
2020-07-01,6,caserones,LC,2,8.761,14.347,10.453831592878995,10.336434071194262,10.238306807605376,11.136038173199776,12.141208120918254,11.628472222222221,11.463308701259612,11.045366857271304,11.261908731083764,11.44140500074384,0.1,10.645888215834084
2020-07-01,9,caserones,LC,2,9.778,14.347,10.475839710360537,10.39092797672936,10.255100474998182,11.148106669709495,12.652133206336277,11.628472222222221,11.132208888025854,10.703413964687899,10.877580619548748,11.27314182428955,0.15,10.599119836915225
2020-07-01,12,caserones,LC,2,10.492,14.347,10.538758229916079,10.394279500068315,10.281185749946772,11.149182176072808,12.523647024497217,11.628472222222221,11.182699957284923,10.657574134287492,10.849271289527122,11.274304634004213,0.2,10.561375408652616
2020-07-01,18,caserones,LC,2,12.422,14.347,10.506778783848402,10.444344081939777,10.28011140321961,11.149286563279293,12.361028440368795,11.628472222222221,10.78005959275812,10.43063084588628,10.545729131734168,11.11690872077221,0.3,10.47431994014726
2020-07-01,24,caserones,LC,2,4.999,14.347,10.625144800207327,10.369311707744133,10.207591763556202,11.149287392302917,12.604326312780854,11.628472222222221,10.49127197016467,9.991409555219228,10.056863868280486,10.934906492457085,0.4,10.405360772400304
2020-07-01,30,caserones,LC,2,11.351,14.347,10.562730277860913,10.431566444567583,10.226178704970886,11.149287398886868,12.499542515808104,11.628472222222221,9.080571690706135,8.739126889884812,8.707116754386563,10.269160756258847,0.5,10.419106805095685
2020-07-01,36,caserones,LC,2,10.542,14.347,10.674776246745672,10.392461294763983,10.447085935818558,11.149287398939157,12.656304518672068,11.628472222222221,9.708369582751555,9.140011354264413,9.272919486244998,10.526331345365103,0.6,10.26624249702276
2020-07-01,42,caserones,LC,2,12.849,14.347,10.733663251447615,10.340953159149121,10.532224034943189,11.14928739893957,12.58879008206134,11.628472222222221,10.079118600005852,9.497745505671965,9.694761963937863,10.708452137530564,0.7,10.12127232650093
2020-07-01,48,caserones,LC,2,9.504,14.347,10.709048192261069,10.216608044421298,10.528881928290982,11.149287398939572,12.689795185988283,11.628472222222221,10.543125090184223,9.840546449104243,10.185168693078822,10.910153995933227,0.8,9.971175475357128
2020-07-01,54,caserones,LC,2,9.863,14.347,10.709048192261069,10.155983496670814,10.54775943565788,11.149287398939572,12.646294193644142,11.628472222222221,9.675311677864611,9.175599000634666,9.589634479317125,10.52696378073593,0.9,9.911787887316608
2020-07-01,60,caserones,LC,2,11.837,14.347,10.667525973217083,10.164007187384785,10.54775943565788,11.149287398939572,12.71137393766954,11.628472222222221,10.608418705920988,10.157785765977165,10.562434479317126,11.005787229085648,1.0,9.696425409545768
2020-10-01,6,caserones,LC,2,9.778,10.228,11.308924753183506,11.39626013026914,11.4761502503538,10.825513772827344,12.324902774494623,11.469388888888888,11.868017078020854,11.724465106800965,12.082934051984894,11.632814990649898,0.1,10.130840489436425
2020-10-01,9,caserones,LC,2,10.492,10.228,11.906957453439409,11.403856066446622,11.545601022580552,10.816684070877464,12.02881992425543,11.469388888888888,12.337625149767083,11.562106393623845,11.98481773053966,11.709627330292175,0.15,10.154331169037345
2020-10-01,12,caserones,LC,2,12.675,10.228,11.92107675540359,11.435206490527325,11.59383466825571,10.815765369758047,12.273552116866657,11.469388888888888,12.449901823224948,11.670905435698586,12.102374992914873,11.764896259175327,0.2,10.075592998610281
2020-10-01,18,caserones,LC,2,8.945,10.228,11.222014570915423,11.427414791996739,11.55487354250112,10.815659836370047,12.265282546054312,11.469388888888888,11.768952114365455,11.745596414962197,12.133203082393317,11.613331576776357,0.3,9.998086823584076
2020-10-01,24,caserones,LC,2,10.426297993513188,10.228,11.49974582175025,11.477061941802422,11.600587098986967,10.815658693896154,12.232216691380799,11.469388888888888,10.450494330013482,10.267091530074312,10.606881892331169,10.914090909466392,0.4,10.167704783926412
2020-10-01,30,caserones,LC,2,9.161,10.228,11.310579456774507,11.442046206973984,11.603788214188974,10.81565868152806,12.22721848831485,11.469388888888888,10.206825587835374,10.184918837310413,10.52537347120689,10.83263055073089,0.5,10.114150590864183
2020-10-01,36,caserones,LC,2,9.659,10.228,11.439438978409363,11.421322361578213,11.737464975298845,10.815658681394169,12.207281013156146,11.469388888888888,10.611970717289987,10.402537195367906,10.774811944684453,10.988321422608916,0.6,10.015746517235067
2020-10-01,42,caserones,LC,2,7.891,10.228,11.199454957953103,11.421421896992623,11.805115278571602,10.81565868139272,12.204267293342157,11.469388888888888,11.006557206510365,11.136756659236806,11.493359546909966,11.270522910881237,0.7,9.83595359190247
2020-10-01,48,caserones,LC,2,10.004,10.228,11.402908450685343,11.372334495167548,11.8140114418513,10.815658681392705,12.192245781730634,11.469388888888888,11.063797833577794,10.940181824999787,11.356770091126004,11.23568935908884,0.8,9.79933367472525
2020-10-01,54,caserones,LC,2,8.984,10.228,11.484004556083306,11.28150726580445,12.084776306744121,10.815658681392705,12.19042862748001,11.469388888888888,10.481549428709414,10.415689602995858,11.172212270517178,10.959004202370762,0.9,9.794953852647915
2020-10-01,60,caserones,LC,2,10.893,10.228,11.357907971274381,11.329070570650053,12.068434915017061,10.815658681392705,12.183180129851847,11.469388888888888,11.503564252991454,11.60271818824624,12.295537545456785,11.511265054753867,1.0,9.549165402463775
2021-04-01,6,caserones,LC,2,12.675,10.122,11.298258194302543,10.278316410831332,10.786336654751617,9.970262418003454,10.6810104560703,11.266,11.558776650851197,10.328454943534448,11.063844163242011,11.104807898596412,0.1,10.275349876879146
2021-04-01,9,caserones,LC,2,12.422,10.122,11.2563496842236,10.300035979111316,10.774021807633398,9.971264271831613,10.895197576743938,11.266,11.423356644870264,10.305413964342275,10.999978839801127,11.065192652303136,0.15,10.252282757075363
2021-04-01,12,caserones,LC,2,8.945,10.122,11.234316449760314,10.369245402342436,10.788838771249878,9.971339249340108,11.287512999040267,11.266,11.795298399978108,10.748386428128185,11.379182668349774,11.268921207026573,0.2,10.142874902240782
2021-04-01,18,caserones,LC,2,10.426297993513188,10.122,11.059015258418404,10.451064219226915,10.782611842275516,9.971345280501788,10.970869292671578,11.266,11.202531071244799,10.369160640054915,10.905483798968667,11.02592292782493,0.3,10.174430942368112
2021-04-01,24,caserones,LC,2,9.161,10.122,10.959242797458161,10.35029648434728,10.743190469742363,9.971345314281372,11.334522685458838,11.266,9.90653468622135,9.16306985311044,9.723687563255424,10.400401134832947,0.4,10.341302038758386
2021-04-01,30,caserones,LC,2,9.659,10.122,10.865584751246192,10.253939706234098,10.755326396047385,9.971345314470565,11.143672691342834,11.266,9.612427226902005,8.850538216954753,9.482001157178603,10.248741360964189,0.5,10.353481388048111
2021-04-01,36,caserones,LC,2,7.891,10.122,10.886919421220483,10.167459435260248,10.867874336953603,9.971345314471625,11.362851936955977,11.266,9.923312486202537,9.04245466971167,9.745819599955716,10.374441788978551,0.6,10.268271913586803
2021-04-01,42,caserones,LC,2,10.004,10.122,10.877634286160484,10.048519922746225,10.947381144781863,9.97134531447163,11.24782383513183,11.266,10.239656933787694,9.300175162242294,10.121002620704516,10.517958024007498,0.7,10.170631895675372
2021-04-01,48,caserones,LC,2,8.984,10.122,10.853204714434632,10.003715165155809,10.916483639226588,9.97134531447163,11.379926393973774,11.266,10.362694406815969,9.437822234273792,10.265989418340434,10.58312916027244,0.8,10.09709104003591
2021-04-01,54,caserones,LC,2,10.893,10.122,10.740937868197337,9.89591946591761,10.916483639226588,9.97134531447163,11.31059726316489,11.266,9.52454710815067,8.825574716966752,9.69131785006862,10.220530456279356,0.9,10.154885237467017
2018-01-01,6,centinela_oxidos,SM,1,7.1,5.3,6.5533411371564725,6.408457600591523,6.495349321730572,7.938836975389207,7.562538997139532,5.4444444444444455,6.5533411371564725,6.408457600591523,6.495349321730572,5.859026414216267,0.1,7.77847102710358
2018-01-01,9,centinela_oxidos,SM,1,8.1,5.3,6.445768048740467,6.403619867118391,6.826523303786455,7.938854097036417,7.973304560388857,5.4444444444444455,6.445768048740467,6.403619867118391,6.826523303786455,5.83654424983844,0.15,7.765501231363111
2018-01-01,12,centinela_oxidos,SM,1,9.1,5.3,6.009980878749101,6.205271331899369,6.349518223679197,7.938853907952615,8.760566368185632,5.4444444444444455,6.009980878749101,6.205271331899369,6.349518223679197,5.709717108796362,0.2,7.614958806328209
2018-01-01,18,centinela_oxidos,SM,1,5.7,5.3,5.692717030544948,5.888717993898322,6.151957711255834,7.938853910017712,8.679286352740533,5.4444444444444455,5.692717030544948,5.888717993898322,6.151957711255834,5.61758097833304,0.3,7.525228655005218
2018-01-01,24,centinela_oxidos,SM,1,7.457,5.3,5.678166947865465,5.8520798234446705,6.118877721351539,7.938853910017964,9.089356581334501,5.4444444444444455,5.678166947865465,5.8520798234446705,6.118877721351539,5.636851809170819,0.4,7.463207261159937
2018-01-01,30,centinela_oxidos,SM,1,7.874,5.3,5.872494749949386,5.874289473992494,6.246501038613969,7.938853910017964,9.0615354185471,5.4444444444444455,5.872494749949386,5.874289473992494,6.246501038613969,5.701813044960343,0.5,7.458069334403161
2018-01-01,36,centinela_oxidos,SM,1,7.833,5.3,5.844345698481113,5.881564756301283,6.2402048306979925,7.938853910017964,9.201897480752729,5.4444444444444455,5.844345698481113,5.881564756301283,6.2402048306979925,5.695550914212497,0.6,7.38766201252866
2018-01-01,42,centinela_oxidos,SM,1,7.725,5.3,5.871688890836741,5.881564756301284,6.469349681803592,7.938853910017964,9.192374634397392,5.4444444444444455,5.871688890836741,5.881564756301284,6.469349681803592,5.703753871919186,0.7,7.36215681501359
2018-01-01,48,centinela_oxidos,SM,1,7.583,5.3,5.871688890836741,5.881564756301284,6.469349681803592,7.938853910017964,9.24041886470928,5.4444444444444455,5.871688890836741,5.881564756301284,6.469349681803592,5.703753871919186,0.8,7.300865080141708
2018-01-01,54,centinela_oxidos,SM,1,8.488439999999999,5.3,5.871688890836741,5.881564756301284,6.469349681803592,7.938853910017964,9.237159309981095,5.4444444444444455,5.871688890836741,5.881564756301284,6.469349681803592,5.703753871919186,0.9,7.239735989294625
2018-01-01,60,centinela_oxidos,SM,1,7.836679,5.3,5.871688890836741,5.881564756301283,6.469349681803592,7.938853910017964,9.253604266901721,5.4444444444444455,5.871688890836741,5.881564756301283,6.469349681803592,5.703753871919186,1.0,7.178544430910717
2018-07-01,6,centinela_oxidos,SM,1,9.1,4.3,6.020748781324432,6.5189419228059,5.66584406388489,7.13364634879644,7.992763239551407,5.594444444444444,6.567407644167959,7.210484322214377,6.270494742154318,6.112245059943134,0.1,7.717816883636371
2018-07-01,9,centinela_oxidos,SM,1,6.4,4.3,6.052752300010831,6.533719575145476,5.763426511171513,7.133646455530008,7.876347764716497,5.594444444444444,7.706984251270364,8.230099708027083,7.036903207385057,6.544083458526156,0.15,7.813697866304538
2018-07-01,12,centinela_oxidos,SM,1,5.7,4.3,5.915379992708986,6.509831061706093,5.678150498399065,7.133646455340077,7.83137009140387,5.594444444444444,9.005399113959886,9.404559729806724,8.428632274719867,7.038658435419989,0.2,8.001369592533884
2018-07-01,18,centinela_oxidos,SM,1,7.457,4.3,5.8424978889636225,6.542550978207377,5.5815365423459,7.133646455340414,7.949316113735838,5.594444444444444,5.849780858418675,6.353832984309055,5.129578831090066,5.848125682904154,0.3,7.4511110835121235
2018-07-01,24,centinela_oxidos,SM,1,7.874,4.3,5.7222532887745245,6.545082921585216,5.5019710653465985,7.133646455340414,7.926768688859763,5.594444444444444,7.501086340909059,8.150003098140544,6.8400933439950595,6.933104609492658,0.4,7.611453763376257
2018-07-01,30,centinela_oxidos,SM,1,7.833,4.3,6.061720537719402,6.669538155294497,5.657574252937654,7.133646455340414,7.943001134356946,5.594444444444444,8.063225787770016,8.669248681302001,7.285073214323685,7.257520118499382,0.5,7.619197325764839
2018-07-01,36,centinela_oxidos,SM,1,7.725,4.3,6.057087292784192,6.677809019193093,5.760835611974448,7.133646455340414,7.939893245690784,5.594444444444444,8.04574159430308,8.62924426289181,7.353630781276456,7.240273534936245,0.6,7.571131050658452
2018-07-01,42,centinela_oxidos,SM,1,7.583,4.3,6.163763523505686,6.677809019193093,6.512914724344212,7.133646455340414,7.942129787359632,5.594444444444444,8.017074632668944,8.521244262891809,7.76856504254062,7.1992734464460035,0.7,7.583024866568324
2018-07-01,48,centinela_oxidos,SM,1,8.488439999999999,4.3,6.163763523505686,6.677809019193093,6.853988552321451,7.133646455340414,7.941701557826872,5.594444444444444,7.875074632668945,8.37924426289181,7.96763887051786,7.114073446446004,0.8,7.5513230132445175
2018-07-01,54,centinela_oxidos,SM,1,7.836679,4.3,6.163763523505686,6.677809019193093,6.853988552321451,7.133646455340414,7.94200972288784,5.594444444444444,8.780514632668943,9.284684262891808,8.873078870517858,7.657337446446003,0.9,7.6187959518384
2018-07-01,60,centinela_oxidos,SM,1,7.014,4.3,6.163763523505686,6.677809019193093,6.853988552321451,7.133646455340414,7.941950718608481,5.594444444444444,8.128753632668946,8.632923262891811,8.22131787051786,7.266280846446005,1.0,7.463980916852167
2019-01-01,6,centinela_oxidos,SM,1,5.7,7.8,7.520919482619336,8.082280150896382,6.43084393856447,9.297984253910531,9.117377516831345,6.033333333333333,9.333874523378883,9.71858038919767,8.450247245756739,7.430490982515311,0.1,7.731480140357136
2019-01-01,9,centinela_oxidos,SM,1,7.6,7.8,7.4904233449258895,8.082280150896382,6.388133505328058,9.297995723755529,9.434546409030984,6.033333333333333,8.49116317055024,8.86361042976445,7.343158597849074,7.090954720062937,0.15,7.551859635628024
2019-01-01,12,centinela_oxidos,SM,1,7.457,7.8,7.184803150751611,8.073679163866439,6.815300046499213,9.297995636785782,9.639204822287155,6.033333333333333,8.622122715022567,9.116127967063708,8.201465685460082,7.1676501364172545,0.2,7.6338056752093015
2019-01-01,18,centinela_oxidos,SM,1,7.874,7.8,6.712413676314541,8.071614818569676,6.815847251571873,9.297995637440225,9.685530077046389,6.033333333333333,7.523306216560256,8.434480332516827,7.5276001247710065,7.006113303935937,0.3,7.413335658225453
2019-01-01,24,centinela_oxidos,SM,1,7.833,7.8,6.662551077072984,8.071614818569676,6.845484103516664,9.297995637440263,9.779257244732902,6.033333333333333,8.627840958752989,9.538533446054732,8.700559710167594,7.86324565477565,0.4,7.506944158277439
2019-01-01,30,centinela_oxidos,SM,1,7.725,7.8,6.837390475494683,8.071614818569676,6.898719308927088,9.297995637440263,9.787495462400582,6.033333333333333,8.723782831660289,9.653201003926181,8.800181663151276,7.926428484009275,0.5,7.455117876219385
2019-01-01,36,centinela_oxidos,SM,1,7.583,7.8,7.099746250225664,8.090415963972257,7.738939235752058,9.297995637440263,9.803928205228413,6.033333333333333,8.928029754593013,9.589729076225069,9.517419014415838,7.968660982578758,0.6,7.562143028680126
2019-01-01,42,centinela_oxidos,SM,1,8.488439999999999,7.8,7.527220857866085,8.12271368171731,8.223558481957923,9.297995637440263,9.805372351403722,6.033333333333333,9.16349465069487,9.497026793970122,9.386426278884022,8.011489766732831,0.7,7.540229759760699
2019-01-01,48,centinela_oxidos,SM,1,7.836679,7.8,8.209110738260199,8.147701931274446,8.582087659486005,9.297995637440263,9.80825234556614,6.033333333333333,10.227104531088985,9.903735043527256,9.956138542423483,8.452585205718204,0.8,7.673650833647025
2019-01-01,54,centinela_oxidos,SM,1,7.014,7.8,8.46423519773394,8.147701931274446,9.596613323823858,9.297995637440263,9.808505445280318,6.033333333333333,10.609068490562725,10.030574543527257,11.097503706761337,8.605226243560328,0.9,7.841761662151158
2019-01-01,60,centinela_oxidos,SM,1,7.922,7.8,8.46423519773394,8.147701931274446,9.596613323823858,9.297995637440263,9.809010188614664,6.033333333333333,9.871848490562726,9.293354543527258,10.360283706761336,8.162894243560329,1.0,7.685543975317012
2019-07-01,6,centinela_oxidos,SM,1,7.457,7.1,5.977334493668289,5.995410995554638,5.437803934715752,5.567598287768668,6.142366965143395,6.427777777777778,6.578998026634876,6.2921844374567035,6.540458159989107,6.430903159484982,0.1,7.760798338265796
2019-07-01,9,centinela_oxidos,SM,1,7.858,7.1,5.903669583563108,6.016296776726192,5.322004191051725,5.567595308670325,5.048369498153928,6.427777777777778,6.6073550190040455,6.376423579006109,6.362643084289716,6.453422386268698,0.15,7.66920474546656
2019-07-01,12,centinela_oxidos,SM,1,7.874,7.1,5.975319711290153,6.067438225130215,5.343662737196601,5.567595322768095,4.775469140986877,6.427777777777778,7.024265037220253,6.556844372639581,6.481673147670776,6.572888548638634,0.2,7.667052555456122
2019-07-01,18,centinela_oxidos,SM,1,7.833,7.1,6.515087264405495,6.136579595109397,5.995729303142199,5.567595322701696,4.848819557937681,6.427777777777778,7.442877732464458,6.312618331550938,6.822948801417663,6.652762904892738,0.3,7.744290898858898
2019-07-01,24,centinela_oxidos,SM,1,7.725,7.1,6.619452796335564,6.267958878474284,5.97222127950859,5.5675953227016945,4.543932521796402,6.427777777777778,8.319795691764572,7.16636635727443,7.538110316103656,7.216959725822812,0.4,7.741978877505266
2019-07-01,30,centinela_oxidos,SM,1,7.583,7.1,7.353319039744834,6.385988823576179,6.327566947588766,5.5675953227016945,4.560196038592772,6.427777777777778,8.90678378535701,7.32484134095729,7.870635414095862,7.440598649005401,0.5,7.768959907867704
2019-07-01,36,centinela_oxidos,SM,1,8.488439999999999,7.1,7.409970550531225,6.406265488164039,6.769337069185105,5.5675953227016945,4.492418213327789,6.427777777777778,8.789910803367569,7.236668908341828,7.903010509710272,7.37908502462393,0.6,7.709673315013895
2019-07-01,42,centinela_oxidos,SM,1,7.836679,7.1,7.609655436844383,6.471836138723191,7.337190301905663,5.5675953227016945,4.496033505931525,6.427777777777778,9.020911012774878,7.509953652985962,8.200729339203754,7.530370510839362,0.7,7.672122185979974
2019-07-01,48,centinela_oxidos,SM,1,7.014,7.1,7.570088994573653,6.471836138723192,7.340835045606938,5.5675953227016945,4.480966558620146,6.427777777777778,8.791274277039443,7.538850569800251,8.008399414403256,7.4701485651630195,0.8,7.546907025451696
2019-07-01,54,centinela_oxidos,SM,1,7.922,7.1,7.578610852420278,6.471836138723192,7.34441068220914,5.5675953227016945,4.481770234515689,6.427777777777778,8.525087981728156,7.349183903133584,7.48413316289284,7.333392676569633,0.9,7.402490899710751
2019-07-01,60,centinela_oxidos,SM,1,9.04,7.1,7.4352812163973505,6.471836138723192,7.06615684758012,5.5675953227016945,4.478420866834174,6.427777777777778,8.192945012371895,7.160370569800251,7.017065994930487,7.177105785762755,1.0,7.259356704120332
2020-01-01,6,centinela_oxidos,SM,1,7.874,9.1,7.593703608431208,6.934185610348912,6.954909869300325,7.489476446729574,6.10350754602777,6.676583333333333,8.414867634739075,7.522162942886801,8.286699554576403,7.193356115525175,0.1,7.833698932790022
2020-01-01,9,centinela_oxidos,SM,1,7.572,9.1,7.54523457150062,6.934185610348912,6.844058051690338,7.4894773002114245,6.819892057517411,6.676583333333333,8.561581252190546,7.664706517877302,8.2585361738559,7.251207554013569,0.15,7.797096317348353
2020-01-01,12,centinela_oxidos,SM,1,7.833,9.1,7.313382393285212,6.899077243223788,6.736377028377996,7.4894772958473315,6.739094576155217,6.676583333333333,8.574761459910249,7.7177722975732586,8.222469151934478,7.264456751496701,0.2,7.753031163750885
2020-01-01,18,centinela_oxidos,SM,1,7.725,9.1,7.300767780690415,6.856653824872599,6.7597844731598595,7.489477295869533,6.310028873788674,6.676583333333333,8.326088815633263,7.412787978426406,7.839516771080908,7.273010865181584,0.3,7.651982876597414
2020-01-01,24,centinela_oxidos,SM,1,7.583,9.1,7.297359753438456,6.838457160275912,6.902516298405172,7.489477295869534,6.510028326000525,6.676583333333333,8.849003725926321,7.87652304975745,8.515127755974325,7.688291366038465,0.4,7.672517419456471
2020-01-01,30,centinela_oxidos,SM,1,8.488439999999999,9.1,7.4717006748378205,6.820354658287819,7.093173509513919,7.489477295869534,6.375014561987969,6.676583333333333,8.694219474110744,7.8237468404296076,8.56433312249705,7.626023227695439,0.5,7.603010093801965
2020-01-01,36,centinela_oxidos,SM,1,7.836679,9.1,7.632230586010686,6.825720210969983,7.3054332820431,7.489477295869534,6.437948230868374,6.676583333333333,8.936803138005137,7.969066404062315,8.585464095140699,7.742394195953569,0.6,7.549644895370159
2020-01-01,42,centinela_oxidos,SM,1,7.014,9.1,7.992548787746337,6.855035432161609,7.881667178997148,7.489477295869534,6.395463556912053,6.676583333333333,9.107746360483112,7.97483428317789,8.6541936314943,7.795407526431635,0.7,7.5151859700982415
2020-01-01,48,centinela_oxidos,SM,1,7.922,9.1,7.968892300020871,6.855035432161609,7.939514789514224,7.489477295869534,6.415266844545825,6.676583333333333,8.7457590132268,7.790837220788605,8.358479304709727,7.631612203537955,0.8,7.394453169287489
2020-01-01,54,centinela_oxidos,SM,1,9.04,9.1,8.052241370051709,6.855035432161609,7.912455551048886,7.489477295869534,6.401898225913675,6.676583333333333,8.847946503927547,7.875587220788605,8.161644741009376,7.68769345074818,0.9,7.303194653703869
2020-01-01,60,centinela_oxidos,SM,1,6.839,9.1,7.92109772801452,6.855035432161609,7.714545999003763,7.489477295869534,6.40812971071478,6.676583333333333,8.890525270896092,8.013477220788605,8.171188647621507,7.741834080838743,1.0,7.223856954009373
2020-07-01,6,centinela_oxidos,SM,1,7.833,5.7,7.250114723531238,7.33250916149845,6.64734094848318,7.9156647393184265,8.498654656231672,7.174611111111111,7.963105222891291,7.9908539054589784,7.896590722843978,7.495558492336721,0.1,7.605529329946217
2020-07-01,9,centinela_oxidos,SM,1,5.004,5.7,7.253340441459823,7.33250916149845,6.7451526657629985,7.915665805524587,8.668202504763196,7.174611111111111,8.07177087171164,8.04448876545138,8.022323553157381,7.5280185940992705,0.15,7.592981507305338
2020-07-01,12,centinela_oxidos,SM,1,7.725,5.7,7.238820475679096,7.320815405650397,6.654298114209102,7.9156658001446285,8.683713076004803,7.174611111111111,8.351847250322082,8.162556000485216,8.062496407378688,7.6076473168281264,0.2,7.573382904444933
2020-07-01,18,centinela_oxidos,SM,1,7.583,5.7,7.186290950581062,7.336739158565311,6.5905728433205795,7.915665800171638,8.860904201076286,7.174611111111111,8.091394222397257,7.955315716433836,7.647401787025446,7.598983040263329,0.3,7.442513162411027
2020-07-01,24,centinela_oxidos,SM,1,8.488439999999999,5.7,7.232323412644876,7.366180002089807,6.633239967764927,7.915665800171639,8.912258804797657,7.174611111111111,8.530766639947476,8.345541281619855,8.059425874139215,7.932736820914644,0.4,7.41882465799121
2020-07-01,30,centinela_oxidos,SM,1,7.836679,5.7,7.30956947577209,7.376181721088566,6.8174606679562375,7.915665800171639,8.961429551254874,7.174611111111111,8.490932380222866,8.512512535144433,8.273441656439958,7.970877919054633,0.5,7.3517270136780475
2020-07-01,36,centinela_oxidos,SM,1,7.014,5.7,7.469447701345489,7.452774677111192,6.979794582089055,7.915665800171639,8.97568051439945,7.174611111111111,8.553995425738913,8.56964338939106,8.110068376158514,8.006936088983437,0.6,7.251072059547284
2020-07-01,42,centinela_oxidos,SM,1,7.922,5.7,7.6357087855436845,7.505585511244293,7.279331404660503,7.915665800171639,8.989325454575678,7.174611111111111,8.332157086183837,8.433217505624995,7.723819130858796,7.899456821987094,0.7,7.117787937573034
2020-07-01,48,centinela_oxidos,SM,1,9.04,5.7,7.8146861569171024,7.505585511244293,7.336126123464095,7.915665800171639,8.993280113668163,7.174611111111111,8.426801067477673,8.467619855713568,7.667794777717653,7.938170721401817,0.8,7.043579412779183
2020-07-01,54,centinela_oxidos,SM,1,6.839,5.7,7.65539741691579,7.505585511244293,7.355484733399287,7.915665800171639,8.997066600671667,7.174611111111111,8.48951325000612,8.759019855713568,7.7803449751579015,8.044404376160351,0.9,6.946791534166027
2020-07-01,60,centinela_oxidos,SM,1,5.917,5.7,7.651814718519461,7.505585511244293,7.55051477846253,7.915665800171639,8.998164023237367,7.174611111111111,8.210937207221813,8.42913185571357,7.740719697555973,7.861865163325059,1.0,6.904401185240814
2020-10-01,6,centinela_oxidos,SM,1,5.004,7.6,7.328432098599664,7.157498031073665,6.912186281277097,7.534704981660811,7.793157544289801,7.406305555555556,8.0197383941445,7.7895337907910305,8.150837601830565,7.605637770320439,0.1,7.708786977652335
2020-10-01,9,centinela_oxidos,SM,1,7.725,7.6,7.341269307864812,7.157498031073665,6.902253345436714,7.534703923699382,7.803433344656532,7.406305555555556,7.648404592831356,7.362729507451364,7.6763703073048655,7.446010153389878,0.15,7.671919279031789
2020-10-01,12,centinela_oxidos,SM,1,8.114,7.6,7.33367784219439,7.156101033242869,6.883866108703924,7.534703929319207,7.701052474865316,7.406305555555556,8.34223007511703,7.924915627996819,8.23581500064373,7.697212473956103,0.2,7.66960013941787
2020-10-01,18,centinela_oxidos,SM,1,8.0,7.6,7.298599428951052,7.160828498523974,6.817069211305729,7.534703929289514,7.762499237206801,7.406305555555556,8.118970330367704,7.71735243698686,7.863164523839688,7.662233469616419,0.3,7.592854617456642
2020-10-01,24,centinela_oxidos,SM,1,9.618,7.6,7.363232886325759,7.185715675512764,6.778182208664021,7.534703929289513,7.738448382942508,7.406305555555556,8.654621673637113,8.18889340810617,8.27587046934844,8.015576746745207,0.4,7.554647778785013
2020-10-01,30,centinela_oxidos,SM,1,6.065934,7.6,7.367126064838218,7.24009199656049,6.845156249143835,7.534703929289513,7.7544942494368065,7.406305555555556,8.43944673925185,8.263783888092284,8.228343461554228,7.973491410425463,0.5,7.476086030035961
2020-10-01,36,centinela_oxidos,SM,1,7.511,7.6,7.476400061479117,7.267950646765049,6.959550944260035,7.534703929289513,7.748213742930206,7.406305555555556,8.304281881582721,8.125545460813075,7.907146675636408,7.8914704249409615,0.6,7.397732258730732
2020-10-01,42,centinela_oxidos,SM,1,8.98,7.6,7.637167785242951,7.299312526026278,7.077404803836505,7.534703929289513,7.752403871389474,7.406305555555556,8.265256571519132,8.141741602802815,7.554922674891666,7.884621674518807,0.7,7.287085889536089
2020-10-01,48,centinela_oxidos,SM,1,7.89,7.6,7.72003035572415,7.3060369848564966,7.59077284153057,7.534703929289513,7.750763814801612,7.406305555555556,8.434345088371774,8.363468020040177,8.15114236616452,8.001866154745809,0.8,7.313565106205907
2020-10-01,54,centinela_oxidos,SM,1,6.133,7.6,7.643132236180115,7.3060369848564966,7.6057852149235625,7.534703929289513,7.751858001675932,7.406305555555556,8.202162527602757,8.239468020040176,7.873754627489193,7.895011386515103,0.9,7.234651389699627
2020-10-01,60,centinela_oxidos,SM,1,4.625,7.6,7.653964178776857,7.306036984856497,7.590175336775209,7.534703929289513,7.751429726407279,7.406305555555556,7.830763799608906,7.8108946867068445,7.476426972942656,7.655019768116948,1.0,7.190418288954696
2021-04-01,6,centinela_oxidos,SM,1,8.114,7.858,6.881586351212579,6.354489784249771,6.444263583121694,5.546951245217364,5.434117597225959,7.342666666666667,7.1420728761653445,6.588592145282703,7.233366674842225,7.151733004289609,0.1,7.5667800461183035
2021-04-01,9,centinela_oxidos,SM,1,7.583,7.858,6.861052522842777,6.414412490163087,6.346675307872455,5.547072125296697,5.504549228343307,7.342666666666667,7.179130008833412,6.671396894047733,7.127739368697054,7.175705380576229,0.15,7.5605744551911735
2021-04-01,12,centinela_oxidos,SM,1,8.0,7.858,7.108947059100309,6.53198486694246,6.341609645361051,5.547070335054987,4.754439799865028,7.342666666666667,8.08489499557766,7.327811514839721,7.676156394351751,7.488141302083475,0.2,7.6309782896898675
2021-04-01,18,centinela_oxidos,SM,1,9.618,7.858,7.1235457370716215,6.604930668200202,6.645565513125871,5.547070361175914,4.8647748863542954,7.342666666666667,7.9269208770071735,7.20183282995068,7.711208750825589,7.453521760072797,0.3,7.602994057672543
2021-04-01,24,centinela_oxidos,SM,1,6.065934,7.858,7.028693806186164,6.691200031168655,6.735465634569352,5.547070361181643,4.60829939377245,7.342666666666667,8.457708068692217,7.898535848318321,8.42488668534685,7.843939841769828,0.4,7.596232990761912
2021-04-01,30,centinela_oxidos,SM,1,7.511,7.858,7.009281912819554,6.707107695627331,6.850123092227564,5.547070361181645,4.649915228580056,7.342666666666667,7.742529338768635,7.416821031717371,7.924394667273068,7.484871777812469,0.5,7.54058494739003
2021-04-01,36,centinela_oxidos,SM,1,8.98,7.858,6.972475852049513,6.708456283526825,6.715431270615052,5.547070361181645,4.553178027899211,7.342666666666667,7.687031689069872,7.478258888887268,7.6064346197576524,7.486653840053808,0.6,7.529717953609144
2021-04-01,42,centinela_oxidos,SM,1,7.89,7.858,6.94609614645044,6.729424033149798,6.593183366392119,5.547070361181645,4.56887465177075,7.342666666666667,7.676291136795316,7.691604309525933,7.274283712462755,7.547435300563041,0.7,7.510793654754467
2021-04-01,48,centinela_oxidos,SM,1,6.133,7.858,6.986993917649024,6.732830533434723,6.4499276312921605,5.547070361181645,4.532387399727993,7.342666666666667,7.623545066243538,7.722623280041235,6.972991103616892,7.540917170552099,0.8,7.499993852936203
2021-04-01,54,centinela_oxidos,SM,1,4.625,7.858,6.985021617605947,6.738558645186,6.361102689471825,5.547070361181645,4.538307838477411,7.342666666666667,7.248457262228196,7.371065677506798,6.3803928695389995,7.322923548587164,0.9,7.4823889746224035
2018-01-01,6,centinela_sulfuros,LC,2,8.6,16.4,13.806124012780787,13.797784116217036,14.15508338976856,13.408056852709509,0.0,13.413888888888888,13.806124012780787,13.797784116217036,14.15508338976856,13.6079214766939,0.1,13.049032801055986
2018-01-01,9,centinela_sulfuros,LC,2,16.7,16.4,13.873664081724417,14.09586233725827,14.17882330187095,13.604409375312505,0.0,13.413888888888888,13.873664081724417,14.09586233725827,14.17882330187095,13.699326049190116,0.15,12.677497857285934
2018-01-01,12,centinela_sulfuros,LC,2,16.6,16.4,13.768872965701465,13.301372317113815,14.185875076998647,13.644748020456761,0.0,13.413888888888888,13.768872965701465,13.301372317113815,14.185875076998647,13.474505765148264,0.2,12.527605867261519
2018-01-01,18,centinela_sulfuros,LC,2,20.8,16.4,13.814777878825167,13.522656094663926,14.406503983084676,13.654737703222281,0.0,13.413888888888888,13.814777878825167,13.522656094663926,14.406503983084676,13.541302937816717,0.3,12.12926678522455
2018-01-01,24,centinela_sulfuros,LC,2,17.118,16.4,13.871664985248326,13.532409259453205,14.449606964566998,13.65515932335583,0.0,13.413888888888888,13.871664985248326,13.532409259453205,14.449606964566998,13.557963005619827,0.4,11.775221710446397
2018-01-01,30,centinela_sulfuros,LC,2,9.824,16.4,13.887620124583002,13.442193002093143,14.444006391178892,13.655177118068755,0.0,13.413888888888888,13.887620124583002,13.442193002093143,14.444006391178892,13.53939772611348,0.5,11.438290301288033
2018-01-01,36,centinela_sulfuros,LC,2,16.0,16.4,13.869426637395202,13.423489313805588,14.311616102070454,13.655177869104538,0.0,13.413888888888888,13.869426637395202,13.423489313805588,14.311616102070454,13.530173432244641,0.6,11.118145864293853
2018-01-01,42,centinela_sulfuros,LC,2,14.8,16.4,13.869426637395202,13.40628103892649,14.287758600575247,13.655177900802421,0.0,13.413888888888888,13.869426637395202,13.40628103892649,14.287758600575247,13.525871363524868,0.7,10.78107553711912
2018-01-01,48,centinela_sulfuros,LC,2,12.413,16.4,13.869426637395202,13.40628103892649,14.287758600575247,13.655177902140249,0.0,13.413888888888888,13.869426637395202,13.40628103892649,14.287758600575247,13.525871363524868,0.8,10.439697037469681
2018-01-01,54,centinela_sulfuros,LC,2,12.22597924234586,16.4,13.869426637395202,13.40628103892649,14.287758600575247,13.655177902196714,0.0,13.413888888888888,13.869426637395202,13.40628103892649,14.287758600575247,13.525871363524868,0.9,10.098318538950435
2018-01-01,60,centinela_sulfuros,LC,2,9.888067271067618,16.4,13.869426637395202,13.40628103892649,14.287758600575247,13.655177902199098,0.0,13.413888888888888,13.869426637395202,13.40628103892649,14.287758600575247,13.525871363524868,1.0,9.756940040478892
2018-07-01,6,centinela_sulfuros,LC,2,16.6,17.7,12.110627429515715,12.426309492503183,10.826276948915517,12.953799156415668,10.792651214144593,12.963888888888889,6.9045034167349275,7.2285253762861466,5.2711935591469565,10.015201642699713,0.1,17.04029379729589
2018-07-01,9,centinela_sulfuros,LC,2,15.3,17.7,11.987958818840848,13.026658456816211,10.701232237098845,13.191446843262899,10.49503137075298,12.963888888888889,14.81429473711643,15.63079611955794,13.222408935227893,14.093217158613037,0.15,14.224308916708306
2018-07-01,12,centinela_sulfuros,LC,2,20.8,17.7,11.95075507789922,12.601776169329089,10.911472538751266,13.253832404710773,10.276626637273107,12.963888888888889,14.781882112197756,15.900403852215275,13.32559746175262,14.152515935547703,0.2,14.006186745815146
2018-07-01,18,centinela_sulfuros,LC,2,17.118,17.7,11.415400985776726,12.394824002948688,10.757266567254774,13.274508588165368,10.747074374498808,12.963888888888889,18.40062310695156,19.672167908284763,17.1507625841701,16.000142198253524,0.3,12.475367188892436
2018-07-01,24,centinela_sulfuros,LC,2,9.824,17.7,11.171304226070822,12.262311879336103,10.60036341932392,13.275933445459275,10.46927916817259,12.963888888888889,14.417639240822494,15.847902619882897,13.26875645475692,14.048329909620792,0.4,13.387247890357557
2018-07-01,30,centinela_sulfuros,LC,2,16.0,17.7,10.95091984697769,12.350348673881701,10.450072226673331,13.276031636612998,10.716669811098596,12.963888888888889,6.887299722394689,8.732155671788558,5.830065835494439,10.386808292990256,0.5,15.416151062105456
2018-07-01,36,centinela_sulfuros,LC,2,14.8,17.7,10.602354427757387,12.352348224835767,10.38712042687133,13.276038403257425,10.570552168602175,12.963888888888889,12.732927790362185,14.92885891103018,12.075504324800876,13.397391119792536,0.6,13.146951250576263
2018-07-01,42,centinela_sulfuros,LC,2,12.413,17.7,10.188590472424519,12.352348224835767,10.159239200761759,13.276038869567017,10.700676799930228,12.963888888888889,11.119163835029317,13.746067185909277,10.671480600186513,12.698252199679093,0.7,13.275132021702909
2018-07-01,48,centinela_sulfuros,LC,2,12.22597924234586,17.7,10.037537891736148,12.340674038979175,9.995552844727417,13.276038901701797,10.62382059832115,12.963888888888889,8.581111254340946,11.347393000052685,8.12079424415217,11.464070508042852,0.8,13.7459346983217
2018-07-01,54,centinela_sulfuros,LC,2,9.888067271067618,17.7,10.037537891736148,12.340674038979175,9.995552844727417,13.276038903916302,10.692264659711942,12.963888888888889,8.394090496686806,11.160372242398545,7.93377348649803,11.370560129215782,0.9,13.473961128203827
2018-07-01,60,centinela_sulfuros,LC,2,14.484,17.7,10.037537891736148,12.340674038979175,9.995552844727417,13.27603890406891,10.651839180480662,12.963888888888889,6.056178525408564,8.822460271120303,5.595861515219788,10.201604143576661,1.0,13.88631132297913
2019-01-01,6,centinela_sulfuros,LC,2,20.8,7.8,15.618818426964218,14.622325313797461,15.270787688197293,14.056581879773663,14.272394923278629,14.01388888888889,15.260442705815969,14.110278509437352,15.380107518855255,14.349624748257774,0.1,14.466424312131537
2019-01-01,9,centinela_sulfuros,LC,2,10.9,7.8,15.088924880580368,14.520282235861636,14.949396559062187,13.919090735318864,12.47955949783102,14.01388888888889,18.158113430297735,16.959021838824395,18.509368789577287,15.786228261724977,0.15,13.670739837761003
2019-01-01,12,centinela_sulfuros,LC,2,17.118,7.8,14.790695734665016,14.299396142729465,14.76818821443907,13.883192131837797,12.150864796050561,14.01388888888889,20.630881712864674,20.047821899508016,20.919514406564115,17.176620347537614,0.2,12.921489729373114
2019-01-01,18,centinela_sulfuros,LC,2,9.824,7.8,15.937908311683625,14.450268445433167,15.052387930691022,13.871371816314296,12.988431143535509,14.01388888888889,22.281818879382676,20.450528396626858,21.429502655521297,17.690031263446826,0.3,12.408770375569787
2019-01-01,24,centinela_sulfuros,LC,2,16.0,7.8,15.746280502227496,14.484727469126547,15.004781418616126,13.870566002471561,14.578021073115991,14.01388888888889,16.695795896567923,15.058366899731892,15.950796226670667,14.945485143519399,0.4,13.47650282073803
2019-01-01,30,centinela_sulfuros,LC,2,14.8,7.8,15.940184897490985,14.578587290719204,15.12217063299537,13.870511068578484,13.943042156852684,14.01388888888889,16.43291491171064,14.594316452731782,15.587131324069258,14.76375228555505,0.5,13.271631672483148
2019-01-01,36,centinela_sulfuros,LC,2,12.413,7.8,15.138542174747819,14.701409247397436,15.086313841178093,13.87050732362841,12.73858732280783,14.01388888888889,18.302651642171526,17.213490478076757,18.136945576707202,15.885979974506515,0.6,12.40567241505223
2019-01-01,42,centinela_sulfuros,LC,2,12.22597924234586,7.8,15.516950292640045,14.71765114054151,15.114161203728225,13.870507068327896,13.219717045682277,14.01388888888889,17.094441737730186,15.44483650866038,16.497162303059724,15.141764006042086,0.7,12.48433924200987
2019-01-01,48,centinela_sulfuros,LC,2,9.888067271067618,7.8,15.593966007292346,14.732638215143071,15.096183698085373,13.870507050923564,14.132344473583917,14.01388888888889,15.9599733638996,14.178650297363168,15.27401759660697,14.541600359760137,0.8,12.48302126479908
2019-01-01,54,centinela_sulfuros,LC,2,14.484,7.8,16.49281494602595,14.752769655979042,15.190632832700029,13.870507049737077,13.767787687951053,14.01388888888889,15.596355938167012,12.936315373732949,14.106000366755435,14.140112272419435,0.9,12.415796115634363
2019-01-01,60,centinela_sulfuros,LC,2,6.318,7.8,16.49281494602595,14.752769655979042,15.190632832700029,13.870507049656192,13.076280791298164,14.01388888888889,16.725366316994084,14.065325752560017,15.235010745582507,14.70461746183297,1.0,11.844702948779034
2019-07-01,6,centinela_sulfuros,LC,2,17.118,8.6,16.457801007809028,17.621361305237834,16.531462834525332,14.769969029953208,19.245166877527307,14.766666666666664,17.94594438472212,19.339221664398607,18.447413492231544,16.704624845613516,0.1,12.62648860422491
2019-07-01,9,centinela_sulfuros,LC,2,11.087,8.6,16.264022729239844,17.635014972070927,16.531462834525332,14.41510622277799,19.22698045562238,14.766666666666664,16.913840135524634,18.05408062875889,17.554978801848005,16.125313524404213,0.15,13.08549992530551
2019-07-01,12,centinela_sulfuros,LC,2,9.824,8.6,16.675208360821024,17.652351953186425,16.62420517544604,14.317947882041844,19.40761410010343,14.766666666666664,21.34443376806579,22.42417041012897,21.508359898716378,18.325484377882024,0.2,11.87611236507999
2019-07-01,18,centinela_sulfuros,LC,2,16.0,8.6,17.37687020867114,17.704233775827113,16.686200685205264,14.284063625199042,19.355559687665437,14.766666666666664,19.568174483242633,20.162317594811853,19.194814524861773,17.315956352846953,0.3,12.187568622718004
2019-07-01,24,centinela_sulfuros,LC,2,14.8,8.6,17.983108622687382,17.74231516788456,16.783560611955533,14.281523604965269,19.45223279493915,14.766666666666664,18.700692051505168,18.629832298579274,17.74597667778652,16.715964420854444,0.4,12.23988813327771
2019-07-01,30,centinela_sulfuros,LC,2,12.413,8.6,18.282735266600746,17.74902273038742,16.765711858592546,14.281333200825141,19.423169005639103,14.766666666666664,18.231160310250186,17.833313074822737,16.96829544164335,16.39945167960156,0.5,12.125292656432912
2019-07-01,36,centinela_sulfuros,LC,2,12.22597924234586,8.6,17.470382783158698,17.76569404875887,16.604107427344115,14.281318927814205,19.47722283524863,14.766666666666664,18.67127503652523,18.677611786745942,17.746757303970824,16.720555039151126,0.6,11.635378019494137
2019-07-01,42,centinela_sulfuros,LC,2,9.888067271067618,8.6,17.477926009523106,17.73968840540334,16.619061570906613,14.28131785788557,19.460972191465164,14.766666666666664,17.432596622818473,17.39392135141737,16.57833498333349,16.089962826892293,0.7,11.666264471633289
2019-07-01,48,centinela_sulfuros,LC,2,14.484,8.6,18.124906492606623,17.773704248016703,16.820791153268967,14.281317777681942,19.491195698691918,14.766666666666664,16.466945151603216,15.789521988138283,15.20330827661078,15.447450118268709,0.8,11.720482343439429
2019-07-01,54,centinela_sulfuros,LC,2,6.318,8.6,19.107042441928947,17.872824956772355,17.425935109451483,14.281317771669745,19.48210935914626,14.766666666666664,17.839798121347673,16.57226554994861,16.46730252125508,15.986349251157403,0.9,11.096757214689266
2019-07-01,60,centinela_sulfuros,LC,2,8.002,8.6,19.093625025986796,17.891801140355817,17.425935109451483,14.28131777121906,19.499008446504604,14.766666666666664,15.857054291290236,14.621915319416786,14.497976107139792,15.003075736010087,1.0,11.332462984117281
2020-01-01,6,centinela_sulfuros,LC,2,9.824,16.6,12.539280639986305,15.96927731167195,15.030885095394144,14.392116780264828,12.935043436468995,14.317166666666667,13.820437920718868,17.131832254733073,16.614482380042467,14.896650877196318,0.1,13.18762966604508
2020-01-01,9,centinela_sulfuros,LC,2,15.832,16.6,12.463188617461048,15.96927731167195,15.030885095394144,14.289459898348394,16.83683095302892,14.317166666666667,11.65629598986468,14.64657281117019,14.437406362254816,13.734300533592052,0.15,13.607484140789815
2020-01-01,12,centinela_sulfuros,LC,2,16.0,16.6,13.067687675227829,16.018204528852003,15.030885095394144,14.267511509128758,15.18485335643067,14.317166666666667,14.856804640456147,17.639980383262305,16.993949843985387,15.282779589262947,0.2,12.731509110782977
2020-01-01,18,centinela_sulfuros,LC,2,14.8,16.6,14.865229080992803,16.0459238790596,15.479007863626197,14.261815566807208,16.747560012492126,14.317166666666667,16.164489734753637,17.463428299341377,17.188918072067263,15.565562841857087,0.3,12.299321090672896
2020-01-01,24,centinela_sulfuros,LC,2,12.413,16.6,15.141573309798032,16.046119221892198,15.660410611037914,14.26155519452412,15.259811096560052,14.317166666666667,14.883983725739526,15.976178277942093,15.88633250742227,14.873623834253738,0.4,12.39468995342658
2020-01-01,30,centinela_sulfuros,LC,2,12.22597924234586,16.6,15.387254522473444,16.08812536456151,15.608352947691511,14.261543292415222,14.233183306929368,14.317166666666667,13.88113948856034,14.817337440291142,14.672112670331476,14.333202565546205,0.5,12.429519640305953
2020-01-01,36,centinela_sulfuros,LC,2,9.888067271067618,16.6,15.896180353085006,16.24806141032703,15.767423174159429,14.261542748347344,15.210488731908088,14.317166666666667,15.485748657906694,15.54707101221408,15.529878535379897,14.916788250863526,0.6,11.841308827089783
2020-01-01,42,centinela_sulfuros,LC,2,14.484,16.6,16.239532950692563,16.34044776367021,16.122706817224856,14.261542723476971,15.884883171855066,14.317166666666667,14.308071226050215,14.118217189596802,14.409413301585264,14.265155437245088,0.7,11.864465563887823
2020-01-01,48,centinela_sulfuros,LC,2,6.318,16.6,16.330245560035685,16.36184392162981,16.138163789103658,14.261542722340103,15.242888714903419,14.317166666666667,14.176547931131473,14.05128116471682,14.340853843292777,14.215540607295406,0.8,11.608645437552255
2020-01-01,54,centinela_sulfuros,LC,2,8.002,16.6,16.357879300391165,16.34390965586329,16.230603472157373,14.261542722288135,14.799877266130189,14.317166666666667,12.210185449472974,12.479783861552391,12.734645253647198,13.331075661089674,0.9,11.784960516811372
2020-01-01,60,centinela_sulfuros,LC,2,10.271,16.6,16.34555673640196,16.34390965586329,16.047716862287395,14.261542722285762,15.221605082422156,14.317166666666667,11.14522242888284,11.419045005070062,11.495763833190756,12.79965019182156,1.0,11.79765143991881
2020-07-01,6,centinela_sulfuros,LC,2,16.0,20.8,13.615116774119961,13.898315163725847,14.014628685095303,13.72190881005081,13.708110684190004,13.759499999999997,14.096986470708751,13.599303655840355,14.240129493735134,13.803822531637277,0.1,13.839364794346517
2020-07-01,9,centinela_sulfuros,LC,2,15.9,20.8,13.757773674398338,14.130295122193303,14.263993663453679,13.868875696990665,14.894395855872869,13.759499999999997,13.786021848829034,13.044676059457505,13.949433657863388,13.587424477071632,0.15,13.747752184545387
2020-07-01,12,centinela_sulfuros,LC,2,14.8,20.8,13.920787045069497,14.212918889100413,14.339308695746084,13.900317834830881,15.92863984179078,13.759499999999997,15.938543082206586,15.506698666858254,16.10358347554025,14.74106043726621,0.2,12.907275317879066
2020-07-01,18,centinela_sulfuros,LC,2,12.413,20.8,14.039630646172139,14.187745744638832,14.368021207522727,13.908483695469,14.000350051909475,13.759499999999997,15.065993352982247,15.072564505052332,15.60014780155034,14.414389464508645,0.3,12.820274496854651
2020-07-01,24,centinela_sulfuros,LC,2,12.22597924234586,20.8,13.739335275009267,13.723564679563701,14.393158837997818,13.908857450552539,12.503198324396738,13.759499999999997,12.987548945802855,12.940988080025178,13.92441423289772,13.361884256457007,0.4,13.137798650600207
2020-07-01,30,centinela_sulfuros,LC,2,9.888067271067618,20.8,13.593184345654874,13.722813092586655,14.403961695209286,13.908874557489417,13.80928392852347,13.759499999999997,11.756037262498873,11.933753528727232,12.978494732252129,12.802197697806525,0.5,13.168595966511143
2020-07-01,36,centinela_sulfuros,LC,2,14.484,20.8,13.634202782409162,13.9267915370984,14.600724508628746,13.908875340481547,14.823296964490558,13.759499999999997,12.104234809863035,12.094000390756158,13.234817616986756,12.929308800154796,0.6,12.796144313595615
2020-07-01,42,centinela_sulfuros,LC,2,6.318,20.8,14.299708452239162,14.169277975872733,14.805410383451932,13.908875376319445,13.93869257693763,13.759499999999997,12.403432482386771,12.020203963879965,13.107034207495287,12.985659111566683,0.7,12.50067626476259
2020-07-01,48,centinela_sulfuros,LC,2,8.002,20.8,14.410959774053405,14.124632340060806,14.860532617458192,13.908875377959761,13.251907282009732,13.759499999999997,10.6855525589229,10.267413350204452,11.458651902988755,12.117991477281837,0.8,12.735978615845598
2020-07-01,54,centinela_sulfuros,LC,2,10.271,20.8,14.344889551815289,14.122132671714366,14.877634455977546,13.90887537803484,13.851044831236663,13.759499999999997,9.355558611002502,9.362450105092993,10.435147186737932,11.559252179023872,0.9,12.781809156640895
2020-07-01,60,centinela_sulfuros,LC,2,13.979,20.8,14.359579359946213,14.122132671714366,14.877634455977546,13.908875378038275,14.316200627700745,13.759499999999997,8.984400566650526,8.967659019907128,10.080728660242755,11.367764896639411,1.0,12.605816946786074
2020-10-01,6,centinela_sulfuros,LC,2,15.9,10.9,13.2933130301811,14.661113750205438,13.878602324469652,14.05468841382408,14.954137290797046,13.736138888888888,14.09235164831843,14.762218299679885,14.397414884153626,14.081711931444023,0.1,14.767621231002163
2020-10-01,9,centinela_sulfuros,LC,2,14.8,10.9,14.07672143637443,14.679079530442374,14.12562389290969,13.988635635891866,16.04102108999567,13.736138888888888,14.457299302666954,14.069347791130324,14.1361582776755,13.999731217893764,0.15,14.643614343892237
2020-10-01,12,centinela_sulfuros,LC,2,14.5,10.9,14.356944910520792,14.679079530442374,14.153482498858894,13.974615503738999,12.787984881175234,13.736138888888888,16.184943767290115,15.855076197057173,15.70049336606302,14.878074435531266,0.2,14.03875376676411
2020-10-01,18,centinela_sulfuros,LC,2,10.4,10.9,13.849278078848052,14.68008112398023,14.167602027491712,13.971007992833558,13.143972748368785,13.736138888888888,14.433475226827785,15.121639133551675,14.868537321260936,14.25684803453931,0.3,13.953555089235305
2020-10-01,24,centinela_sulfuros,LC,2,14.262,10.9,14.146194969059044,14.687462064864304,14.163651796113788,13.97084546427154,14.64140284294853,13.736138888888888,13.267480355943134,13.785717325712561,13.41183469258838,13.631368864858368,0.4,13.915653605532098
2020-10-01,30,centinela_sulfuros,LC,2,12.806759283752966,10.9,14.172366995918418,14.716235561626744,14.169051714024524,13.970838141900474,14.394912986057854,13.736138888888888,12.023891580857207,12.586228288157386,12.228513507536615,13.020599411698093,0.5,13.85468293451631
2020-10-01,36,centinela_sulfuros,LC,2,15.955,10.9,14.836400191169288,14.772008153431878,14.149710890071407,13.970837812006963,13.35816499459134,13.736138888888888,13.703059750312654,13.337550275296943,12.99200106226496,13.628221950846843,0.6,13.189082658767116
2020-10-01,42,centinela_sulfuros,LC,2,6.862,10.9,14.91694677061672,14.77746704906019,14.244666075207444,13.970837797144327,13.528822586208594,13.736138888888888,12.006432053699866,11.678025709754095,11.414784198001586,12.789183885307935,0.7,13.239097930559087
2020-10-01,48,centinela_sulfuros,LC,2,14.916,10.9,14.911894565245086,14.767385352270619,14.265307476176426,13.970837796474726,14.246616492253446,13.736138888888888,10.739228590294097,10.532597470713522,10.287318111208863,12.186025959696348,0.8,13.163364697725548
2020-10-01,54,centinela_sulfuros,LC,2,13.707,10.9,14.683904136124058,14.748563405328733,14.359536333803815,13.970837796444558,14.128461472620545,13.736138888888888,9.847146760144188,10.140305821191859,9.88969120010788,11.864932589778455,0.9,12.928667524676683
2020-10-01,60,centinela_sulfuros,LC,2,17.195,10.9,14.65127282490121,14.714792077593462,14.359536333803815,13.970837796443199,13.631495868821277,13.736138888888888,10.1085272704971,10.395541922468368,10.212342428028567,11.99408674268581,1.0,12.467777454080077
2021-04-01,6,centinela_sulfuros,LC,2,14.5,11.087,15.168328146481599,15.035441062525921,14.557618544608088,14.139585902414336,12.983817056098035,14.691833333333335,16.225602243430583,15.299085854903243,15.291086120841545,15.227088691250124,0.1,13.966902436618733
2021-04-01,9,centinela_sulfuros,LC,2,12.413,11.087,14.78388718648927,15.063794188939267,14.467584684078927,14.077543127527948,13.494379739567188,14.691833333333335,15.213422295257942,14.5584413366086,14.57295360060538,14.788882574633304,0.15,13.928666378992279
2021-04-01,12,centinela_sulfuros,LC,2,10.4,11.087,14.644218470786463,15.058827152820603,14.430709365784509,14.064751221823714,13.083422557764104,14.691833333333335,16.23151107508577,16.041241505570092,15.806221180693917,15.414104811830633,0.2,13.564832017837942
2021-04-01,18,centinela_sulfuros,LC,2,14.262,11.087,14.543488731965947,15.093184280141282,14.430709365784509,14.061570021771534,14.567166574090074,14.691833333333335,14.551475133255998,14.860222413491059,14.493282185087883,14.698841053353432,0.3,13.379968798242846
2021-04-01,24,centinela_sulfuros,LC,2,12.806759283752966,11.087,14.505487087444559,15.096613455885034,14.41634931942565,14.061434789901869,14.494403520028474,14.691833333333335,13.768846709193914,14.262909098774355,13.78598440267333,14.353855618658734,0.4,13.089024499759152
2021-04-01,30,centinela_sulfuros,LC,2,15.955,11.087,14.741828392677387,15.145494457705565,14.413560791431108,14.061429041235241,13.478807327396263,14.691833333333335,12.705191220886999,13.04699161217843,12.555629124402676,13.783962374933026,0.5,12.864562550363184
2021-04-01,36,centinela_sulfuros,LC,2,6.862,11.087,14.645884369986334,15.142089289825352,14.373737177669597,14.06142879686113,13.528609951263608,14.691833333333335,13.834249679085037,14.08155280093371,13.639312912396726,14.324867286671354,0.6,12.296560758198682
2021-04-01,42,centinela_sulfuros,LC,2,14.916,11.087,14.881019991439974,15.128821102794744,14.454404830645315,14.06142878647286,14.223739221118604,14.691833333333335,11.235586409708855,11.341376090666635,10.9741252108678,12.99015729176054,0.7,12.288226873217296
2021-04-01,48,centinela_sulfuros,LC,2,13.707,11.087,15.310261138681495,15.144046004134008,14.46872128657751,14.061428786031257,14.189651596518381,14.691833333333335,11.734276793688494,11.53545848390355,11.151972191437254,13.16335048606468,0.8,11.83860653509868
2021-04-01,54,centinela_sulfuros,LC,2,17.195,11.087,15.625174719479153,15.12735294598082,14.572939909294258,14.061428786012486,13.713867315713063,14.691833333333335,11.33982494919297,11.02862310167368,10.64842460415434,12.93802867938333,0.9,11.5067565279043
2018-01-01,6,chuquicamata,LC,3,16.621,15.228,42.83192287357991,32.81170924853097,34.63900000002389,26.37874106464033,34.83373245289885,26.190527777777774,42.83192287357991,32.81170924853097,34.63900000002389,32.00617191941661,0.1,24.17166045658753
2018-01-01,9,chuquicamata,LC,3,25.448,15.228,42.58654727898701,32.72475292171481,34.50908486877944,26.399154836685973,45.33340637038842,26.190527777777774,42.58654727898701,32.72475292171481,34.50908486877944,31.923088939064343,0.15,25.17620330733113
2018-01-01,12,chuquicamata,LC,3,28.231,15.228,42.062301042912026,30.890385481569023,30.973995067105232,26.400266487668574,29.889055064973213,26.190527777777774,42.062301042912026,30.890385481569023,30.973995067105232,31.33343552000915,0.2,23.504943339826
2018-01-01,18,chuquicamata,LC,3,24.19,15.228,41.90548737316494,32.05307297579914,30.929210193466933,26.400330320202677,39.620701068832034,26.190527777777774,41.90548737316494,32.05307297579914,30.929210193466933,31.584903976129908,0.3,24.088564210035795
2018-01-01,24,chuquicamata,LC,3,15.69,15.228,41.90548737316494,31.16673736915804,31.48690688831086,26.40033050949477,36.558421193881344,26.190527777777774,41.90548737316494,31.16673736915804,31.48690688831086,31.36332007446963,0.4,23.285185178691766
2018-01-01,30,chuquicamata,LC,3,37.848,15.228,42.31740479818817,31.179175492292583,32.801885968638715,26.400330510056104,42.585310588598645,26.190527777777774,42.31740479818817,31.179175492292583,32.801885968638715,31.469408961509075,0.5,23.402937161742415
2018-01-01,36,chuquicamata,LC,3,29.088,15.228,42.48669078008301,31.123416788698623,32.77079631335097,26.40033051005777,40.68881516586356,26.190527777777774,42.48669078008301,31.123416788698623,32.77079631335097,31.497790781084294,0.6,22.698111233140278
2018-01-01,42,chuquicamata,LC,3,13.678,15.228,43.12822088346732,31.123416788698623,33.615003327998,26.400330510057774,44.42131794717646,26.190527777777774,43.12822088346732,31.123416788698623,33.615003327998,31.658173306930372,0.7,22.560457160065425
2018-01-01,48,chuquicamata,LC,3,16.401,15.228,43.12822088346732,31.123416788698613,33.615003327998,26.400330510057774,43.24680254188123,26.190527777777774,43.12822088346732,31.123416788698613,33.615003327998,31.658173306930372,0.8,21.945767794370965
2018-01-01,54,chuquicamata,LC,3,25.555,15.228,43.12822088346732,31.123416788698616,33.615003327998,26.400330510057774,45.558372590722655,26.190527777777774,43.12822088346732,31.123416788698616,33.615003327998,31.658173306930372,0.9,21.73543560674145
2018-01-01,60,chuquicamata,LC,3,23.479,15.228,43.12822088346732,31.123416788698623,33.615003327998,26.400330510057774,44.83098542134772,26.190527777777774,43.12822088346732,31.123416788698623,33.615003327998,31.658173306930372,1.0,21.172609430888002
2018-07-01,6,chuquicamata,LC,3,28.231,27.108,24.98876168356664,28.314227818888952,27.077685269119836,25.882855847701652,11.815709579290687,26.06994444444444,0.0,12.123518570357984,9.059685269095944,16.065851864811716,0.1,27.00073567209545
2018-07-01,9,chuquicamata,LC,3,28.102,27.108,24.14143922773208,29.654878115442877,26.98272159177631,25.92051032690226,15.922775756044121,26.06994444444444,7.0028919487450665,22.378125193728067,17.921636722996872,20.380226507840504,0.15,25.445280929714
2018-07-01,12,chuquicamata,LC,3,24.19,27.108,23.976688973095193,28.49987425363746,27.02292351664725,25.92298900011771,16.175486180024713,26.06994444444444,10.145387930183169,25.84048877206844,24.27992844954202,22.031441397785123,0.2,24.311467618291022
2018-07-01,18,chuquicamata,LC,3,15.69,27.108,24.317163387114896,27.889785507683808,26.981097262178782,25.923162903701325,10.965845869758972,26.06994444444444,6.601676013949959,20.02671253188467,20.24188706871185,19.69206935868088,0.3,24.03015379773253
2018-07-01,24,chuquicamata,LC,3,37.848,27.108,24.59490408752518,27.441879774442782,27.04045513817859,25.9231636572543,14.543778198804738,26.06994444444444,0.0,11.965142405284743,11.24354824986773,16.026257823543407,0.4,25.79458624139519
2018-07-01,30,chuquicamata,LC,3,29.088,27.108,24.62616821746682,28.243076722934827,26.95249052138928,25.923163660519567,10.26801405961357,26.06994444444444,20.156763419278647,34.91190123064224,31.998604552750564,26.802138384702445,0.5,19.980207930857198
2018-07-01,36,chuquicamata,LC,3,13.678,27.108,24.92288281356333,28.19112325426865,26.800721036690703,25.923163660533717,13.204568899322213,26.06994444444444,11.524192033480322,26.155706465570027,23.117924723339733,22.45494684698481,0.6,21.85004579884899
2018-07-01,42,chuquicamata,LC,3,16.401,27.108,24.620258367020416,28.191123254268657,26.72153934798279,25.923163660533778,9.695275060937687,26.06994444444444,0.0,10.745706465570034,6.784536019984795,15.721398838614729,0.7,23.984045693824942
2018-07-01,48,chuquicamata,LC,3,25.555,27.108,24.41783133091819,28.19112325426865,26.69396912688279,25.923163660533778,12.105425263239812,26.06994444444444,0.0,13.468706465570037,9.479965798884795,16.40214883861473,0.8,23.464242653105007
2018-07-01,54,chuquicamata,LC,3,23.479,27.108,24.41783133091819,28.191123254268657,26.69396912688279,25.923163660533778,9.225204829365932,26.06994444444444,6.844610447450869,22.62270646557004,18.633965798884795,20.40180145047745,0.9,20.70811592364001
2018-07-01,60,chuquicamata,LC,3,19.611,27.108,24.41783133091819,28.191123254268657,26.69396912688279,25.923163660533778,11.20331329821146,26.06994444444444,4.768610447450868,20.546706465570033,16.557965798884794,19.363801450477446,1.0,20.96871298895614
2019-01-01,6,chuquicamata,LC,3,24.19,19.12,34.78103321933054,36.55588894078814,37.5736025069053,26.704907918662997,23.82899265613932,26.807,23.296690940757262,28.418920407078176,29.14125987233344,26.332402836958856,0.1,23.909915196327077
2019-01-01,9,chuquicamata,LC,3,34.7,19.12,34.86889694547542,37.00466639177074,37.84923590453616,26.695960581136305,29.893218964384722,26.807,28.279903692115873,32.5898508731919,33.87833267425828,28.620938641326944,0.15,23.477167997502846
2019-01-01,12,chuquicamata,LC,3,15.69,19.12,33.83058561587118,36.89028739338355,37.68910475819331,26.695248756218934,25.122749944140434,26.807,27.021590607867573,33.40565752578031,34.90114546631707,28.51031203341197,0.2,22.751357240662497
2019-01-01,18,chuquicamata,LC,3,37.848,19.12,35.09921965240532,37.04853557869902,37.73566524758152,26.695187620052735,24.589308868906368,26.807,21.9278942722654,27.017106336957543,28.720511519758666,25.639750152305737,0.3,23.33124878135031
2019-01-01,24,chuquicamata,LC,3,29.088,19.12,34.612818981960245,37.0681002914891,37.79228908980132,26.695187233100878,25.686241448086818,26.807,28.131623251615185,34.53279171968869,35.2976080765566,29.06960374282597,0.4,21.815273636354412
2019-01-01,30,chuquicamata,LC,3,13.678,19.12,35.32000330279328,37.08869807727436,38.42319877938904,26.695187230651722,25.256276420774757,26.807,35.31621679496578,40.845571969660654,42.014010534375046,32.44394719115661,0.5,20.19900616842021
2019-01-01,36,chuquicamata,LC,3,16.401,19.12,35.12351964649559,36.57535854912642,38.63526359900048,26.69518723063622,26.142280851676176,26.807,22.80173284967242,28.301088527642783,30.232504923979647,26.1792053443288,0.6,22.00089581470759
2019-01-01,42,chuquicamata,LC,3,25.555,19.12,36.186969954023326,36.992805855187676,38.5185399983493,26.69518723063612,25.794999688886723,26.807,17.352230328779456,22.375035833704036,23.389768660358904,23.335316540620873,0.7,22.617119910680017
2019-01-01,48,chuquicamata,LC,3,23.479,19.12,36.299648888913794,36.992805855187676,38.5185399983493,26.69518723063612,26.51062274091173,26.807,23.50462278172104,28.313535833704044,29.342053770908905,26.35803965385627,0.8,21.22249558935594
2019-01-01,54,chuquicamata,LC,3,19.611,19.12,37.42389139317789,36.992805855187676,38.747838178281015,26.69518723063612,26.230124816397083,26.807,28.167865285985133,31.85253583370404,33.110351950840624,28.40860027992229,0.9,20.10329968193436
2019-01-01,60,chuquicamata,LC,3,16.976,19.12,37.42389139317789,36.99280585518768,38.747838178281015,26.69518723063612,26.808131349408924,26.807,25.195865285985136,28.880535833704045,30.138351950840622,26.922600279922293,1.0,20.256415533768013
2019-07-01,6,chuquicamata,LC,3,15.69,16.621,29.481663727356157,31.37157426648001,30.164762966152118,26.670595823859617,25.53585553379191,26.804444444444446,18.295091135197126,21.824965597077323,20.082000374135774,23.432236405290837,0.1,26.208535941563763
2019-07-01,9,chuquicamata,LC,3,30.402,16.621,31.29602925930461,31.44365526086973,30.588384530995533,26.681382357940198,27.328284843091613,26.804444444444446,26.847068108573108,27.732222784560253,26.891370409298233,27.04704494550556,0.15,24.867506839985236
2019-07-01,12,chuquicamata,LC,3,37.848,16.621,31.536328067828936,31.042958613383263,30.967081610145776,26.682117483348886,24.90408480973112,26.804444444444446,20.950136190536135,21.653109570519916,21.77540716283051,24.053033662486236,0.2,25.44370807623724
2019-07-01,18,chuquicamata,LC,3,29.088,16.621,31.172547618473892,31.6551875294003,30.981400342477407,26.682170998168235,26.144728344840416,26.804444444444446,23.30792414757884,25.234056175339646,25.008742774734994,25.537717302951847,0.3,24.545794862079983
2019-07-01,24,chuquicamata,LC,3,13.678,16.621,31.242889297345986,31.574570652641707,31.126751902034183,26.682171246729293,25.64814919722517,26.804444444444446,25.08048581646253,27.224331507611733,26.56220152993726,26.478426553240787,0.4,23.717981882694595
2019-07-01,30,chuquicamata,LC,3,16.401,16.621,31.434616884921272,31.66544464185185,31.126751902034183,26.68217124788379,26.62739667869498,26.804444444444446,24.218091445438514,26.366461211017928,25.272226812228507,26.048360386336334,0.5,23.562363837337315
2019-07-01,36,chuquicamata,LC,3,25.555,16.621,31.79966321916443,31.728702996606362,31.43084085798205,26.68217124788915,26.235453624737133,26.804444444444446,17.344298805783787,19.487736799241798,18.417580541634667,22.61023112347862,0.6,24.35139275725131
2019-07-01,42,chuquicamata,LC,3,23.479,16.621,34.10986720416022,31.85481435445504,32.2626574499698,26.682171247889176,27.008360671951102,26.804444444444446,18.009384135989862,18.297032388403387,17.85562989185977,22.478826353320535,0.7,24.064071090928863
2019-07-01,48,chuquicamata,LC,3,19.611,16.621,33.96794493020444,31.86577521286421,32.2626574499698,26.682171247889176,26.69900521999374,26.804444444444446,21.164377895771338,21.574993246812564,21.13181996555977,24.087065007868198,0.8,22.979855067023227
2019-07-01,54,chuquicamata,LC,3,16.976,16.621,33.96794493020444,31.865775212864218,32.2626574499698,26.682171247889176,27.309050497047547,26.804444444444446,21.85963039434997,22.644993246812568,22.125387238915867,24.528378132512856,0.9,22.420495093213717
2019-07-01,60,chuquicamata,LC,3,25.849,16.621,33.87454747865561,31.865775212864218,32.2626574499698,26.682171247889176,27.064880343498597,26.804444444444446,18.90656627613447,19.7853265801459,19.2657205722492,23.075195436292315,1.0,22.483690709277443
2020-01-01,6,chuquicamata,LC,3,37.848,28.231,27.198857716807915,28.41798724196889,32.989306419247505,27.348158096412565,24.460894185199738,28.818083333333334,15.361012340849603,17.337637173296876,21.80854373369722,22.583704045203287,0.1,23.531339151719287
2020-01-01,9,chuquicamata,LC,3,38.789,28.231,26.569803430625857,29.278563737168543,34.03962583786373,27.36929711627211,33.32639391186533,28.818083333333334,23.009575252751077,26.234575564719005,31.220269113841873,26.72007937103419,0.15,22.528784035352288
2020-01-01,12,chuquicamata,LC,3,29.088,28.231,26.036728870626366,28.057170405938557,33.5974168729355,27.370216629952544,21.140037777211077,28.818083333333334,19.675002945699532,22.71604397044523,28.423890634912606,25.006803395702857,0.2,22.04743920401402
2020-01-01,18,chuquicamata,LC,3,13.678,28.231,26.250658149267505,27.40263990157524,33.67554140166061,27.370258367154758,25.249648292779263,28.818083333333334,19.831053641477745,21.944994503679673,28.72269814023445,24.85305370295602,0.3,22.065710147024618
2020-01-01,24,chuquicamata,LC,3,16.401,28.231,25.75038433843618,27.139345268153907,33.782337859076684,27.37025844612619,22.105886019535316,28.818083333333334,16.737359403437093,19.402523246221,25.996737104495445,23.44401232908119,0.4,22.01498185384891
2020-01-01,30,chuquicamata,LC,3,25.555,28.231,25.840209203672348,27.883255196184706,33.95631702761754,27.370258446275614,25.946869511265746,28.818083333333334,16.669410902829963,20.092906462596304,25.883985234754732,23.599621008023234,0.5,21.96943314591897
2020-01-01,36,chuquicamata,LC,3,23.479,28.231,25.923504538859987,27.751197505626312,34.18927420847871,27.370258446275894,23.008302963142775,28.818083333333334,13.5208154240334,17.0270471084513,22.960368756722655,22.046007299787842,0.6,21.97930333434385
2020-01-01,42,chuquicamata,LC,3,19.611,28.231,26.330607231660796,27.889675216670554,34.386971973727576,27.370258446275894,26.598577980371402,28.818083333333334,11.597528129492975,15.627385153518055,21.385786942652604,21.215269987419425,0.7,22.215319223088574
2020-01-01,48,chuquicamata,LC,3,16.976,28.231,26.330607231660796,28.558489648816888,34.386971973727576,27.370258446275894,23.851817366935094,28.818083333333334,13.138695723284862,17.7767093710621,22.875929497927604,22.13789294025341,0.8,21.435189560804055
2020-01-01,54,chuquicamata,LC,3,25.849,28.231,26.421134640453964,28.55848964881689,34.386971973727576,27.370258446275894,27.207748174000184,28.818083333333334,13.091912506012005,17.9204593710621,22.962354952944676,22.162134635935193,0.9,21.371074838744217
2020-01-01,60,chuquicamata,LC,3,13.055,28.231,26.40123131947356,28.558489648816895,34.196158723515765,27.370258446275894,24.640273950426973,28.818083333333334,13.168858547918806,17.9939593710621,22.845041702732864,22.199746146411893,1.0,20.896241859805155
2020-07-01,6,chuquicamata,LC,3,29.088,24.19,36.54105593072274,38.1599864634064,37.71351138397066,30.885904108315373,25.510745052289987,30.87969444444444,29.20060808659451,31.181708960075007,29.740639951680933,30.535426483889598,0.1,20.270349967086243
2020-07-01,9,chuquicamata,LC,3,25.605,24.19,36.64027165623422,38.16413238067831,37.762679569359385,30.88055458094767,33.7942829415234,30.87969444444444,36.23592842780923,37.63102909528497,36.45706902256915,33.90658660299577,0.15,19.733009574533032
2020-07-01,12,chuquicamata,LC,3,13.678,24.19,37.028756865000545,38.16413238067831,37.770622567656346,30.88040422445984,36.05853603553379,30.87969444444444,32.5496303509338,34.09739715109594,32.729918202650936,32.101604097729656,0.2,20.613698620545186
2020-07-01,18,chuquicamata,LC,3,16.401,24.19,37.17193975492708,38.16413238067831,37.98207109942494,30.880399879687392,28.563168073981384,30.87969444444444,29.521724518841772,31.05308808204681,30.020288209951893,30.583550372444364,0.3,19.813578672042606
2020-07-01,24,chuquicamata,LC,3,25.555,24.19,37.95949899865206,38.18973652104003,37.98207109942494,30.880399876255126,38.345980703493495,30.87969444444444,28.879202182965553,29.852609849862926,28.277322923944617,30.12280023042934,0.4,20.978820693140978
2020-07-01,30,chuquicamata,LC,3,23.479,24.19,38.23905370787039,38.144278973323004,37.98207109942494,30.88039987625241,31.40818820676039,30.87969444444444,30.845373226462012,31.44634894721534,29.84394225961119,31.01277776564156,0.5,19.25445077989141
2020-07-01,36,chuquicamata,LC,3,19.611,24.19,40.887750932159456,37.95892653393203,38.38599175241821,30.88039987625241,40.463391191436564,30.87969444444444,30.476698732526188,28.525166715066756,27.260812549317624,30.190313584120457,0.6,20.53203044560453
2020-07-01,42,chuquicamata,LC,3,16.976,24.19,41.40861680245905,37.95892653393203,38.59390112839144,30.88039987625241,34.041606544808104,30.87969444444444,28.278232074392633,26.49335944007592,25.237758708785943,29.132745100839358,0.7,19.6887696106229
2020-07-01,48,chuquicamata,LC,3,25.849,24.19,41.52500339946932,37.993311720260394,38.59390112839144,30.88039987625241,42.423316367976305,30.87969444444444,29.100552746436414,27.051389568293185,25.902872753005944,29.47783280090462,0.8,20.255470075375214
2020-07-01,54,chuquicamata,LC,3,13.055,24.19,41.456443235739314,37.993311720260394,38.59390112839144,30.88039987625241,36.479160776331774,30.87969444444444,30.678638600094953,28.940989568293183,27.7466131170196,30.344754264319253,0.9,18.63799005650949
2020-07-01,60,chuquicamata,LC,3,17.088,24.19,40.79338052682199,37.993311720260394,38.59390112839144,30.88039987625241,44.23746941707469,30.87969444444444,27.538236045683476,26.44098956829318,25.284775767061966,28.934653625716383,1.0,19.834814463312696
2020-10-01,6,chuquicamata,LC,3,25.605,34.7,38.492021398919874,40.17068520507961,38.13486505675427,33.38621875877188,34.30717743438409,31.29172222222222,31.132805540359225,32.84345620840238,30.05322029918439,31.63992654830151,0.1,19.991665934366317
2020-10-01,9,chuquicamata,LC,3,13.678,34.7,41.003449876758935,40.17068520507961,38.62906697099553,33.38112462463983,36.551021780032364,31.29172222222222,38.82728524369907,37.63324373713877,35.51477825377711,34.76099335632057,0.15,18.98139644596483
2020-10-01,12,chuquicamata,LC,3,18.941,34.7,41.46989708240848,40.17068520507961,38.734266449030095,33.38096578299208,40.83940301020644,31.29172222222222,33.84549884318611,32.700717116981245,30.51824238358286,32.28241510115295,0.2,19.897328411427196
2020-10-01,18,chuquicamata,LC,3,21.753,34.7,39.846596838458154,40.17593879538984,38.91037757150272,33.38096067566803,37.013940102220225,31.29172222222222,30.009594182565884,30.622879816417203,28.678713313704357,30.80397961085688,0.3,19.418269301758205
2020-10-01,24,chuquicamata,LC,3,22.285,34.7,42.40903674288415,40.264197323087245,39.15986237094107,33.38096067070231,43.07990546488987,31.29172222222222,32.77470623003671,31.210802343599653,29.00139370813664,31.6422382545202,0.4,19.22864568352369
2020-10-01,30,chuquicamata,LC,3,12.386,34.7,41.65152613788442,40.31084682874519,39.19071675222483,33.380960670697476,39.52854694857797,31.29172222222222,33.03011678539904,32.28502531143497,29.991764202475878,31.974646635319612,0.5,18.231978468511173
2020-10-01,36,chuquicamata,LC,3,23.173,34.7,44.08991058258927,40.31084682874519,39.59161023975874,33.380960670697476,45.159885024841415,31.29172222222222,31.867908594201637,29.391392557368796,27.19146227843855,30.96068639900372,0.6,18.574396212394785
2020-10-01,42,chuquicamata,LC,3,19.64,34.7,43.79687840398417,40.39824775458396,39.70144845230688,33.380960670697476,41.862981883883066,31.29172222222222,28.782788330185646,27.346454087381865,24.968346247903725,29.678171715502987,0.7,18.120630003988843
2020-10-01,48,chuquicamata,LC,3,24.782,34.7,44.50088539123604,40.415289011031554,39.713132672610676,33.380960670697476,47.09083373484173,31.29172222222222,31.53450928046373,29.27296859768215,27.013125505057523,30.84773058064758,0.8,17.686633249401996
2020-10-01,54,chuquicamata,LC,3,18.365,34.7,44.388971165325856,40.4626469755309,39.713132672610676,33.380960670697476,44.030154202825024,31.29172222222222,30.673893429665668,28.762659895514822,26.417242475068903,30.50499944240623,0.9,16.96899737661892
2020-10-01,60,chuquicamata,LC,3,20.314,34.7,44.68169757410973,40.36999542198681,39.659431400759274,33.380960670697476,48.883429677576714,31.29172222222222,29.684847085357298,27.258841675304062,24.984176744919473,29.88178330127645,1.0,17.07430588568849
2021-04-01,6,chuquicamata,LC,3,18.941,30.402,34.78725811386705,33.68966424165103,34.69881612015615,30.95354990077769,35.236863038624406,31.178000000000004,26.638355749540793,25.328370072344892,25.98171131984564,28.580681455471424,0.1,24.267287556239896
2021-04-01,9,chuquicamata,LC,3,16.401,30.402,34.37546946402644,33.62669706390626,34.539521165287425,30.960075426250597,28.900317769610083,31.178000000000004,28.60654979615242,27.667077919231318,28.305692697529413,29.657406928845937,0.15,22.72791286303434
2021-04-01,12,chuquicamata,LC,3,21.753,30.402,33.87476724095759,33.66468854095166,34.539521165287425,30.96030737371042,29.83594064266288,31.178000000000004,24.121154881280056,24.229046578998833,24.669605330756923,27.676550365069723,0.2,23.357914432377093
2021-04-01,18,chuquicamata,LC,3,22.285,30.402,35.215917781283565,34.000368420284566,34.758701069912036,30.960315911247005,34.772218380797554,31.178000000000004,24.199401670739025,23.18018375325233,23.537649195870188,27.43389635599784,0.3,23.40790108315515
2021-04-01,24,chuquicamata,LC,3,12.386,30.402,35.23335721773699,34.18182605245213,34.85318952425126,30.960315922033512,30.84811412611966,31.178000000000004,24.10049724345574,23.8533164524503,23.735236045998743,27.577453423976515,0.4,22.229734651086083
2021-04-01,30,chuquicamata,LC,3,23.173,30.402,35.9888857941383,34.532040490399304,35.199411707112795,30.960315922047144,34.4303016033364,31.178000000000004,24.418316900881628,23.663501071455514,23.485349985581575,27.609454493084286,0.5,21.955756315743752
2021-04-01,36,chuquicamata,LC,3,19.64,30.402,36.15526518543515,34.54554652845933,35.33509843880914,30.960315922047158,31.582625572701552,31.178000000000004,22.691133397875852,22.737750463173107,22.360884437712016,26.946220965262242,0.6,21.248318060770014
2021-04-01,42,chuquicamata,LC,3,24.782,30.402,36.78062964326148,34.62957740190228,35.766163109211504,30.960315922047158,34.182176620424464,31.178000000000004,20.460426950865006,20.476861722217063,20.27186858367925,25.82332216827052,0.7,21.363582602115645
2021-04-01,48,chuquicamata,LC,3,18.365,30.402,36.78062964326148,34.62957740190228,35.766163109211504,30.960315922047158,32.11565183458957,31.178000000000004,22.849609349565778,22.845690046026856,22.747423726650137,27.012824848898163,0.8,19.899435556964704
2021-04-01,54,chuquicamata,LC,3,20.314,30.402,36.85873584677732,34.62957740190229,35.766163109211504,30.960315922047158,34.00211525752483,31.178000000000004,21.385244764022037,21.444210336812667,21.31995255808846,26.29636377520868,0.9,19.755635878958422
2018-01-01,6,collahuasi,LC,3,43.2,44.4,44.72976191672305,49.200494391195974,47.62259033941733,47.20303310359733,49.106388855401256,41.69166666666666,44.72976191672305,49.200494391195974,47.62259033941733,44.32839741031309,0.1,54.04698026118497
2018-01-01,9,collahuasi,LC,3,49.1,44.4,45.49987256389824,49.34678670822868,49.08794171667808,47.202762637780594,53.85395419772486,41.69166666666666,45.49987256389824,49.34678670822868,49.08794171667808,44.55749815136506,0.15,53.3603749869149
2018-01-01,12,collahuasi,LC,3,44.49,44.4,46.433906912601124,49.433960629751816,49.91284244177052,47.20276093875734,58.051077182128196,41.69166666666666,46.433906912601124,49.433960629751816,49.91284244177052,44.812800218921566,0.2,52.76323990735524
2018-01-01,18,collahuasi,LC,3,47.341,44.4,46.92074721684954,49.58467524708815,50.09815743374082,47.202760928017305,54.61520831160886,41.69166666666666,46.92074721684954,49.58467524708815,50.09815743374082,44.972188949317754,0.3,52.06358699848334
2018-01-01,24,collahuasi,LC,3,53.542,44.4,46.41129314474196,49.58792733538674,49.70608876411687,47.20276092801688,60.76962748610548,41.69166666666666,46.41129314474196,49.58792733538674,49.70608876411687,44.84563845336551,0.4,50.605165389493216
2018-01-01,30,collahuasi,LC,3,58.119,44.4,46.23429226785235,49.72977959312771,50.94668081139494,47.20276092801688,58.40556777990016,41.69166666666666,46.23429226785235,49.72977959312771,50.94668081139494,44.836851298578345,0.5,49.67029021627417
2018-01-01,36,collahuasi,LC,3,57.029,44.4,46.9965448611003,49.67239308129795,51.38325898763364,47.20276092801688,62.640134037757875,41.69166666666666,46.9965448611003,49.67239308129795,51.38325898763364,45.013067818932896,0.6,48.55294452125964
2018-01-01,42,collahuasi,LC,3,54.03,44.4,50.31012478145176,50.01514959574364,53.77784899251263,47.20276092801688,61.01353578703393,41.69166666666666,50.31012478145176,50.01514959574364,53.77784899251263,45.92715192763218,0.7,48.227053914748744
2018-01-01,48,collahuasi,LC,3,51.336,44.4,50.31012478145176,50.01514959574364,53.77784899251263,47.20276092801688,63.92714158536724,41.69166666666666,50.31012478145176,50.01514959574364,53.77784899251263,45.92715192763218,0.8,47.05289179474319
2018-01-01,54,collahuasi,LC,3,47.262,44.4,50.31012478145176,50.01514959574364,53.77784899251263,47.20276092801688,62.80795586331747,41.69166666666666,50.31012478145176,50.01514959574364,53.77784899251263,45.92715192763218,0.9,46.12337124156652
2018-01-01,60,collahuasi,LC,3,42.903,44.4,50.31012478145176,50.01514959574364,53.77784899251263,47.20276092801688,64.81267092293638,41.69166666666666,50.31012478145176,50.01514959574364,53.77784899251263,45.92715192763218,1.0,45.004345235905454
2018-07-01,6,collahuasi,LC,3,44.49,41.1,44.572792416321924,44.8808335746159,45.44371800480108,43.50966550664545,42.38271258468599,42.81111111111111,43.04303049959888,38.88033918341993,41.02112766538375,41.886397976310256,0.1,56.333143676620615
2018-07-01,9,collahuasi,LC,3,37.052,41.1,44.87528521171291,44.8808335746159,45.60320545374224,43.509716050153216,42.38634766014708,42.81111111111111,48.475412647814665,44.63404686638722,45.61526373706416,44.68292043410602,0.15,56.47676176018849
2018-07-01,12,collahuasi,LC,3,47.341,41.1,45.46153990327026,44.89669525227195,45.669149338821335,43.50971670002226,42.178850109159356,42.81111111111111,43.517632990669135,39.95273462252013,40.246306897050815,42.273147458852876,0.2,55.410268270856
2018-07-01,18,collahuasi,LC,3,53.542,41.1,46.344059586143736,44.954223073233095,45.748473430533885,43.50971670848547,42.19452556986331,42.81111111111111,46.764312369294196,42.710547826144946,42.99131599679306,43.774270604415335,0.3,54.80337042486912
2018-07-01,24,collahuasi,LC,3,58.119,41.1,48.561743994623484,44.959821475908115,45.81986869809142,43.50971670848686,42.08474731373817,42.81111111111111,55.692450849881524,48.91389414052138,49.65577993397455,47.557141803156284,0.4,55.05312133487083
2018-07-01,30,collahuasi,LC,3,57.029,41.1,48.20706779991702,44.962352983591025,45.82699446131615,43.50971670848686,42.093188419614364,42.81111111111111,60.09177553206467,53.351573390463315,52.999313649921206,49.76639278618755,0.5,54.58718147570743
2018-07-01,36,collahuasi,LC,3,54.03,41.1,48.36452780600871,45.02504438681449,46.10780016426882,43.50971670848686,42.034073737095255,42.81111111111111,58.396982944908416,52.38165130551655,51.75354117663519,49.1002141181618,0.6,53.3076524741351
2018-07-01,42,collahuasi,LC,3,51.336,41.1,49.272129980879214,45.02504438681449,46.1445670164387,43.50971670848686,42.03861920276026,42.81111111111111,52.99200519942745,49.03989479107086,46.39671802392607,46.91353055318014,0.7,51.56157447828026
2018-07-01,48,collahuasi,LC,3,47.262,41.1,48.549068466040964,45.02504438681449,46.1445670164387,43.50971670848686,42.0067864353919,42.81111111111111,49.5749436845892,46.345894791070855,43.70271802392607,45.38576517447056,0.8,50.067195342355895
2018-07-01,54,collahuasi,LC,3,42.903,41.1,48.549068466040964,45.02504438681449,46.1445670164387,43.50971670848686,42.00923413103923,42.81111111111111,45.5009436845892,42.27189479107086,39.62871802392607,43.34876517447057,0.9,48.56783214175109
2018-07-01,60,collahuasi,LC,3,50.014,41.1,48.549068466040964,45.02504438681449,46.1445670164387,43.50971670848686,41.9920924492244,42.81111111111111,41.1419436845892,37.912894791070855,35.26971802392607,41.16926517447057,1.0,47.03646342502181
2019-01-01,6,collahuasi,LC,3,47.341,54.1,49.4403595632094,48.19721606845906,47.855182789567024,46.91346846510948,48.254722527390115,44.33861111111111,48.634082396686914,45.00155208555313,45.167028617457824,45.578214176115566,0.1,50.527462748283966
2019-01-01,9,collahuasi,LC,3,50.957,54.1,49.506229922894434,48.18392710949111,47.68888278488465,46.91416996778241,48.72685933427907,44.33861111111111,47.394651035088856,44.146116968068824,43.41930919967449,45.05449755634498,0.15,49.852551574791114
2019-01-01,12,collahuasi,LC,3,53.542,54.1,49.60794525436794,48.10482576606865,47.70673547206026,46.91418200482283,48.48172301895925,44.33861111111111,49.57572184643225,46.85499782505677,45.831239581764336,46.276985473427814,0.2,49.58475069809743
2019-01-01,18,collahuasi,LC,3,58.119,54.1,49.555370314332244,48.333647318577896,48.30669838378317,46.9141822149097,48.15188138362098,44.33861111111111,53.36446691283561,51.505698158417275,50.82488295164582,48.38684682336878,0.3,48.98001891310331
2019-01-01,24,collahuasi,LC,3,57.029,54.1,49.158999775807615,48.47376845918051,48.3404692976569,46.91418221497156,48.28670708113564,44.33861111111111,57.50298120612489,57.03039405353309,56.407990566552755,50.80264937047005,0.4,48.38718540306129
2019-01-01,30,collahuasi,LC,3,54.03,54.1,50.688537299905676,48.68633543161688,49.56883987460886,46.914182214971575,48.090799442369764,44.33861111111111,61.041857266021,58.91426914325751,58.756002238253316,52.15833715787518,0.5,47.89001126626781
2019-01-01,36,collahuasi,LC,3,51.336,54.1,50.75727525927568,48.80324069550622,49.81762220159528,46.914182214971575,48.17087842942053,44.33861111111111,58.60623892572118,56.98402196145,56.601592625644045,51.066870777348356,0.6,46.55271140224845
2019-01-01,42,collahuasi,LC,3,47.262,54.1,54.44687621346091,48.80821105416511,51.43641449340266,46.914182214971575,48.05452015679839,44.33861111111111,57.33874883229542,53.971114062886045,54.15820648892699,49.996771279350924,0.7,45.476380413330176
2019-01-01,48,collahuasi,LC,3,42.903,54.1,54.570913738267706,48.80821105416511,51.48525134780451,46.914182214971575,48.10208263402111,44.33861111111111,54.44031711452134,50.587114062886045,50.82304334332884,48.4261633499074,0.8,44.135828801336345
2019-01-01,54,collahuasi,LC,3,50.014,54.1,57.270319883187604,48.80821105416511,51.66509948261575,46.914182214971575,48.03297227317506,44.33861111111111,52.923223259441244,46.37061406288605,46.78639147814009,46.99276488613738,0.9,43.085723930301924
2019-01-01,60,collahuasi,LC,3,52.15,54.1,57.270319883187604,48.80821105416511,51.66509948261575,46.914182214971575,48.06122174688691,44.33861111111111,54.29922325944124,47.74661406288605,48.16239147814009,47.68076488613738,1.0,42.23678854667937
2019-07-01,6,collahuasi,LC,3,53.542,43.2,46.08544447503739,45.38012916683862,46.55803930552777,45.07726159426315,45.9070946579185,44.48755555555555,44.848139842952605,42.96428115541498,44.59454226093263,44.19688302736967,0.1,52.38751638995847
2019-07-01,9,collahuasi,LC,3,54.085,43.2,46.14045981192804,45.39696786041687,46.55803930552777,45.07642854906032,44.03574993106066,44.48755555555555,45.21633057909285,43.629452062971644,44.80102932042612,44.4552234382939,0.15,51.955873914063254
2019-07-01,12,collahuasi,LC,3,58.119,43.2,47.71812399829799,45.44173973385477,46.96043614674123,45.07641241457009,45.650890758055674,44.48755555555555,49.00799330821822,46.420912517823965,47.65519372919053,46.101004234288325,0.2,52.241264941162775
2019-07-01,18,collahuasi,LC,3,57.029,43.2,47.55863596233613,45.4874845020192,47.06007496797097,45.076412096023496,45.82776404217492,44.48755555555555,52.952576923227625,50.86396928905282,52.00963188528501,48.19791433084789,0.3,51.983880882975704
2019-07-01,24,collahuasi,LC,3,54.03,43.2,47.924380989402195,45.66637759089652,47.31711281326141,45.076412095904004,45.689821084930315,44.48755555555555,56.11036868434451,54.22253850073807,55.59163722663968,49.827004574048416,0.4,51.58776513223682
2019-07-01,30,collahuasi,LC,3,51.336,43.2,50.76520189636513,45.755584046633324,47.47773900271652,45.07641209590396,45.785079261596664,44.48755555555555,58.78123610714012,54.355428043854786,55.0895672869432,50.5279438155265,0.5,51.2788501961636
2019-07-01,36,collahuasi,LC,3,47.262,43.2,50.92776898487127,45.89723037511493,47.782488686356906,45.07641209590396,45.71078768939658,44.48755555555555,56.353319676076374,52.19533765390871,52.81126156852433,49.38094211027405,0.6,49.86096076629876
2019-07-01,42,collahuasi,LC,3,42.903,43.2,51.75449033655493,45.91922765864881,47.87556997982067,45.07641209590396,45.76209063266257,44.48755555555555,51.28744667795763,48.845759313074396,48.298626479036,47.27707927553578,0.7,47.905049810602975
2019-07-01,48,collahuasi,LC,3,50.014,43.2,51.548458396819186,45.91922765864881,47.70855768057026,45.07641209590396,45.722079617890884,44.48755555555555,47.572089401565705,45.13675931307439,44.40633522831831,45.4209899564378,0.8,46.266905478416646
2019-07-01,54,collahuasi,LC,3,52.15,43.2,51.548458396819186,45.91922765864881,47.75343402337017,45.07641209590396,45.749709707819775,44.48755555555555,46.23162068659241,44.69609264640773,43.95059552618114,44.975706111027804,0.9,45.01196189810131
2019-07-01,60,collahuasi,LC,3,46.985,43.2,51.383841606062546,45.91922765864881,47.75343402337017,45.07641209590396,45.72816108183635,44.48755555555555,47.6963372291691,46.32542597974106,45.579928859514474,45.74921858000532,1.0,44.31317272531441
2020-01-01,6,collahuasi,LC,3,58.119,44.49,49.60618591566312,49.822091186110384,51.11829879035522,49.754048946382056,51.81690736678259,46.04936111111111,50.54234632284018,50.050672885832995,51.39166618052692,48.17293535772385,0.1,52.03002401304819
2020-01-01,9,collahuasi,LC,3,42.228,44.49,49.69679438957128,49.83208095037308,51.11829879035522,49.74936008669947,53.34939575230118,46.04936111111111,50.989832511962874,50.67845213718495,51.682281475147036,48.44175171784251,0.15,51.62246872498362
2020-01-01,12,collahuasi,LC,3,57.029,44.49,49.689643614657,49.91731787510276,51.41087604501767,49.749192191550755,53.52042579171819,46.04936111111111,53.25726459752268,53.82101252961597,54.72158519516934,49.79424983734022,0.2,51.49948926920986
2020-01-01,18,collahuasi,LC,3,54.03,44.49,50.1117448071192,50.15909940113787,51.37087342057589,49.749185964419745,53.00555752710843,46.04936111111111,56.52479153720379,57.07684186590829,57.57527236656868,51.42508890633358,0.3,51.13351199611832
2020-01-01,24,collahuasi,LC,3,51.336,44.49,51.05297096102719,50.451085279235045,51.56391254624651,49.749185956435575,54.06979561956371,46.04936111111111,58.71886648488338,58.95911156389207,59.44802765296487,52.44417506774942,0.4,50.57724992185227
2020-01-01,30,collahuasi,LC,3,47.262,44.49,53.00970981249775,50.84867533075258,52.59791613237977,49.749185956425336,53.748142509352846,46.04936111111111,59.164434996487714,58.69366231701034,59.271352594870656,52.48920488393007,0.5,49.76407330114964
2020-01-01,36,collahuasi,LC,3,42.903,44.49,52.61833419901575,51.18339578572239,53.99200776603991,49.74918595642533,54.41300285514216,46.04936111111111,55.771054971201764,56.248168651038995,57.63346525607625,51.029486461115745,0.6,48.21861240411949
2020-01-01,42,collahuasi,LC,3,50.014,44.49,53.35470444270013,51.31040946573258,55.21162302139017,49.74918595642533,54.21205684541455,46.04936111111111,50.79154911461343,52.751251291889574,54.2857729008465,48.91038065718131,0.7,46.4063389499366
2020-01-01,48,collahuasi,LC,3,52.15,44.49,53.063089541893504,51.41089465562738,54.8505978024107,49.74918595642533,54.627414350973545,46.04936111111111,49.6971981962486,51.847736481784366,52.950291543079175,48.4109142250638,0.8,45.29603004539784
2020-01-01,54,collahuasi,LC,3,46.985,44.49,51.22874935970851,51.454916426194146,54.643023892577425,49.74918595642533,54.501877561358874,46.04936111111111,47.39150647783363,52.09525825235113,52.890036513843114,47.89637173810175,0.9,43.88628874238547
2020-01-01,60,collahuasi,LC,3,28.019,44.49,51.22874935970851,51.454916426194146,54.643023892577425,49.74918595642533,54.76136341957978,46.04936111111111,47.363410675522786,52.02600825235113,52.82078651384311,47.872035287524035,1.0,42.9591325562149
2020-07-01,6,collahuasi,LC,3,57.029,47.341,54.87042925818334,55.32887642299783,53.63881886234899,54.12360866609476,58.42280066500611,48.38247222222222,57.321920400792365,57.17112354555384,55.25765301641531,52.81449709769766,0.1,49.182057243467
2020-07-01,9,collahuasi,LC,3,57.022,47.341,54.08028618888056,55.351904569413676,54.29949887225012,54.119127771114094,57.302279713011366,48.38247222222222,53.620957808879574,54.50818532878855,52.97262526201253,51.22352189552814,0.15,48.15323668958454
2020-07-01,12,collahuasi,LC,3,54.03,47.341,53.82101648992733,55.449646416197794,54.36120586489938,54.11897517650194,58.8909656454529,48.38247222222222,58.14298455328847,59.99493856478781,58.13339797601718,53.72571689063018,0.2,48.401796488766436
2020-07-01,18,collahuasi,LC,3,51.336,47.341,53.501463324019625,55.717424724933444,54.48472841316832,54.118969803004326,59.66273179312784,48.38247222222222,59.41555174666345,62.025798816522205,59.98007288584737,54.551573751907526,0.3,47.7672123612481
2020-07-01,24,collahuasi,LC,3,47.262,47.341,53.82151868928374,56.48515176527399,54.989554231109,54.11896979677263,59.95636411935787,48.38247222222222,60.010840916163254,63.468555737152606,61.25126380723437,55.061085274440074,0.4,47.02777744243643
2020-07-01,30,collahuasi,LC,3,42.903,47.341,54.88327094415909,57.21441853472546,55.875337277443364,54.11896979676541,60.44041259519795,48.38247222222222,58.6575091288515,62.77307305758116,60.14690322096012,54.54888165771928,0.5,45.9928091149819
2020-07-01,36,collahuasi,LC,3,50.014,47.341,56.53054418515806,58.32426342227032,56.824339522430115,54.118969796765406,60.624577552933474,48.38247222222222,57.10965396310372,60.720002557379125,57.5197039612512,53.64865024123182,0.6,45.00658583761806
2020-07-01,42,collahuasi,LC,3,52.15,47.341,58.4246818678007,58.5661248236027,55.31286641522377,54.118969796765406,60.92817071734958,48.38247222222222,55.70601671679131,59.459516391381776,53.53266171451081,52.98261938815438,0.7,44.05272159763371
2020-07-01,48,collahuasi,LC,3,46.985,47.341,58.040988666677094,58.754395599878244,55.72404829745574,54.118969796765406,61.043678202827046,48.38247222222222,55.16565768178247,59.25169012967836,53.66368372950838,52.79557306397632,0.8,43.155286466982574
2020-07-01,54,collahuasi,LC,3,28.019,47.341,58.21087733743488,58.82405580482653,55.66975473029432,54.118969796765406,61.23409055630098,48.38247222222222,54.29233315999328,58.44234598051329,52.735760048791384,52.37490589623775,0.9,42.230769463986654
2020-07-01,60,collahuasi,LC,3,34.232,47.341,58.21087733743488,58.82405580482653,56.169964924861716,54.118969796765406,61.30653636447957,48.38247222222222,50.4766565181446,54.59374598051329,49.38737024335878,50.458836735775584,1.0,40.83253478532878
2020-10-01,6,collahuasi,LC,3,57.022,50.957,48.7744633294894,49.011777679072864,48.640134375605705,51.354833243386224,51.95632775577592,48.82652777777777,51.1771344052997,50.83033754403657,50.55419302693614,49.91513187622295,0.1,49.123084471692735
2020-10-01,9,collahuasi,LC,3,54.03,50.957,51.88832406983789,49.03774939829417,49.78349046922384,51.377637759677086,52.90614379343871,48.82652777777777,51.99583605502365,48.61299926953762,49.131512648650826,49.565472720029206,0.15,48.87306871639332
2020-10-01,12,collahuasi,LC,3,49.525,50.957,52.02567724160399,49.03774939829417,49.972689044037914,51.378806517367124,51.322485019613325,48.82652777777777,55.66214787941705,52.588885119419544,53.06098149248618,51.47602213859803,0.2,49.197531493524295
2020-10-01,18,collahuasi,LC,3,41.9,50.957,50.49089723540476,49.16568652422712,49.83104752715776,51.37886948749598,52.36135099263866,48.82652777777777,55.058393700271345,53.69242747972884,53.885713185528914,51.600969183888935,0.3,48.12016672486536
2020-10-01,24,collahuasi,LC,3,44.931,50.957,50.98903292599814,49.444108961725135,50.264210619080266,51.37886965289839,52.0665570987105,48.82652777777777,55.05354833351711,53.726420310744984,54.19437622733325,51.608256049954406,0.4,47.2217505583608
2020-10-01,30,collahuasi,LC,3,41.541,50.957,50.41801432661899,49.59390909112407,50.489185682980604,51.37886965333285,52.540662531265234,48.82652777777777,51.56650098983615,51.84088477104957,51.886767756337335,50.265110329110314,0.5,45.56813058191093
2020-10-01,36,collahuasi,LC,3,54.803,50.957,51.8182545728601,49.73535661184555,50.781463007560035,51.37886965333399,52.40612540216245,48.82652777777777,51.21475535695514,50.34676198739117,50.22587678617259,49.80364322497546,0.6,44.620998696988764
2020-10-01,42,collahuasi,LC,3,42.269,50.957,52.78305673089273,50.222816998512066,51.80598086862065,51.37886965333399,52.62249615539054,48.82652777777777,49.47172212708479,49.897955834394175,49.79533254882255,49.25568337925863,0.7,43.3333110797458
2020-10-01,48,collahuasi,LC,3,49.545,50.957,53.47933904698514,50.285050342452436,52.01541141694462,51.37886965333399,52.56109652154233,48.82652777777777,49.24056511512677,48.737896517306154,48.8419328940792,48.907879296997116,0.8,42.40346527461963
2020-10-01,54,collahuasi,LC,3,36.567,50.957,52.90997867176889,50.488158111294844,51.97625930987812,51.37886965333399,52.659843128611016,48.82652777777777,44.612545634328406,45.03589062356272,44.922804620243284,46.825372953361665,0.9,40.536058509623466
2020-10-01,60,collahuasi,LC,3,35.015,50.957,52.98106048103375,50.53577144958022,51.86889052772927,51.37886965333399,52.63182175591015,48.82652777777777,42.539396908719375,42.91183729518143,42.56040080566654,45.77607243986409,1.0,39.213353596901676
2021-04-01,6,collahuasi,LC,3,49.525,54.085,58.06043659181964,55.24338357864928,56.73919603291379,52.89521175532635,52.598082260088496,49.791555555555554,61.298088466872834,57.946466651607764,59.577227108967634,54.70691655739793,0.1,52.969890115420476
2021-04-01,9,collahuasi,LC,3,51.336,54.085,57.58122483768137,55.28395823181851,56.73420110465854,52.88800620772976,53.982778184586735,49.791555555555554,57.97933167214946,55.63306535027087,56.78200719142112,53.298877033382865,0.15,51.464473483889094
2021-04-01,12,collahuasi,LC,3,41.9,54.085,57.666087287815266,55.43292273768957,56.73420110465854,52.88769876276961,53.87604989890849,49.791555555555554,60.425822514283034,58.54636058461216,59.317353339894495,54.63882355250158,0.2,51.646709048614326
2021-04-01,18,collahuasi,LC,3,44.931,54.085,58.124643272712675,55.88306724596571,56.98294552926227,52.88768508504887,53.296835026061586,49.791555555555554,60.812369208969066,58.725175704363316,59.32536644684358,54.78016400611087,0.3,50.78944442404265
2021-04-01,24,collahuasi,LC,3,41.541,54.085,57.153056568908795,56.22811421460757,56.974806495868435,52.887685060148,53.83371401526851,49.791555555555554,59.771493643068176,59.25393694780671,59.58163264307381,54.652135425496496,0.4,49.49376960147824
2021-04-01,30,collahuasi,LC,3,54.803,54.085,58.4405306635549,57.32708706516279,57.91765596426025,52.88768506010267,53.59148630547255,49.791555555555554,58.15680289965262,58.10265063493836,57.837271215283074,53.96064116142552,0.5,48.04684702153162
2021-04-01,36,collahuasi,LC,3,42.269,54.085,58.84644281832091,58.352307250702374,58.65771122742511,52.887685060102584,53.816013434395444,49.791555555555554,58.75554997999379,59.60031805662068,58.75599975087015,54.484744786931394,0.6,47.19829412275288
2021-04-01,42,collahuasi,LC,3,49.545,54.085,59.70854979856341,58.952399832032064,59.673569288504055,52.887685060102584,53.71471185400571,49.791555555555554,55.36825489088621,57.53768783442929,56.58773060458845,53.12226345910665,0.7,45.290000369318406
2021-04-01,48,collahuasi,LC,3,36.567,54.085,58.01987056801052,59.03386914509339,59.98946956957343,52.887685060102584,53.808610908838006,49.791555555555554,53.82458733399118,57.6020158174748,56.91642920469669,52.75242856564427,0.8,43.90964875270338
2021-04-01,54,collahuasi,LC,3,35.015,54.085,58.771570760214104,59.03386914509339,60.23484873498926,52.887685060102584,53.76624577150585,49.791555555555554,49.3247740607267,52.37176013970945,51.98770767103395,50.319911327886814,0.9,41.67727716195856
2018-01-01,6,el abra,SM,1,7.7,6.9,7.820537793665387,7.650405352326549,7.667831075432213,7.2493191996460125,7.129474725248654,8.852777777777778,7.820537793665387,7.650405352326549,7.667831075432213,8.405855295865054,0.1,5.962143155241244
2018-01-01,9,el abra,SM,1,7.6,6.9,7.718383076013506,7.646255755961334,8.24743410875494,7.249370965308443,7.286073736996582,8.852777777777778,7.718383076013506,7.646255755961334,8.24743410875494,8.384594433061634,0.15,5.89754403216145
2018-01-01,12,el abra,SM,1,6.353,6.9,7.639979498208358,7.571118362080779,8.24743410875494,7.249369315171788,7.338273411905521,8.852777777777778,7.639979498208358,7.571118362080779,8.24743410875494,8.353886238724494,0.2,5.973750328370244
2018-01-01,18,el abra,SM,1,6.704,6.9,7.465284803986227,7.576876750858274,8.299176939072183,7.249369366096497,7.301459447764345,8.852777777777778,7.465284803986227,7.576876750858274,8.299176939072183,8.186929277600015,0.3,6.147595033635206
2018-01-01,24,el abra,SM,1,7.0169,6.9,7.698420817839471,7.57366409099291,8.450067862534507,7.249369366148243,7.410451683390648,8.852777777777778,7.698420817839471,7.57366409099291,8.450067862534507,8.122736583760826,0.4,6.282295838793785
2018-01-01,30,el abra,SM,1,5.236,6.9,7.9174893767194865,7.553903021503777,8.474771694418756,7.249369366148296,7.391234913791866,8.852777777777778,7.9174893767194865,7.553903021503777,8.474771694418756,8.18252883057809,0.5,6.465116484119474
2018-01-01,36,el abra,SM,1,6.746,6.9,7.852629318655152,7.553903021503777,8.454027583497021,7.249369366148296,7.4481285064529255,8.852777777777778,7.852629318655152,7.553903021503777,8.454027583497021,8.16307081315879,0.6,6.640685687040503
2018-01-01,42,el abra,SM,1,5.504,6.9,7.862283056637062,7.553903021503777,8.638581819404127,7.249369366148296,7.438097415196451,8.852777777777778,7.862283056637062,7.553903021503777,8.638581819404127,8.165966934553364,0.7,6.784125084137522
2018-01-01,48,el abra,SM,1,5.718,6.9,7.862283056637062,7.553903021503777,8.638581819404127,7.249369366148296,7.467795685603352,8.852777777777778,7.862283056637062,7.553903021503777,8.638581819404127,8.165966934553364,0.8,6.9610124654047985
2018-01-01,54,el abra,SM,1,9.284,6.9,7.862283056637062,7.553903021503775,8.638581819404127,7.249369366148296,7.462559488578744,8.852777777777778,7.862283056637062,7.553903021503775,8.638581819404127,8.165966934553362,0.9,7.143827101258429
2018-01-01,60,el abra,SM,1,8.718,6.9,7.862283056637062,7.553903021503777,8.638581819404127,7.249369366148296,7.478061889181492,8.852777777777778,7.862283056637062,7.553903021503777,8.638581819404127,8.165966934553364,1.0,7.3231230646679375
2018-07-01,6,el abra,SM,1,6.353,6.8,8.0868671753142,8.185432067870076,7.305469485855798,7.700013577089977,7.629419241381823,8.049999999999999,7.966329381648814,8.235026715543526,7.337638410423585,8.070271219438467,0.1,6.307160473921234
2018-07-01,9,el abra,SM,1,6.704,6.8,8.124226180827012,8.237033080482473,8.051637174624611,7.700013590047414,7.545424766327876,8.049999999999999,8.005843104813506,8.190777324521138,7.404203065869671,8.069324085866928,0.15,6.396869745455837
2018-07-01,12,el abra,SM,1,6.704,6.8,8.167845301426938,8.247684609994524,8.140357784784081,7.700013589653258,7.565237293298625,8.049999999999999,6.88086580321858,7.029566247913745,6.2459236760291414,7.612086410226464,0.2,6.649954367755293
2018-07-01,18,el abra,SM,1,7.0169,6.8,8.277918101921829,8.301627813976687,8.395687200880223,7.700013589664883,7.524227122258376,8.049999999999999,7.516633297935601,7.428751063118413,6.80051026180804,7.761346090263503,0.3,6.744504593244453
2018-07-01,24,el abra,SM,1,5.236,6.8,8.1082231400463,8.32163465028456,8.78571783784968,7.700013589664895,7.49056083563215,8.049999999999999,7.426702322206829,7.76487055929165,7.352549975315172,7.777471864449543,0.4,6.850056551581696
2018-07-01,30,el abra,SM,1,6.746,6.8,8.293435516076807,8.329163950776886,9.037701667210785,7.700013589664895,7.469049352592167,8.049999999999999,5.61194613935732,6.011260929273109,5.7989299727920285,6.706962120589129,0.5,7.253197706375422
2018-07-01,36,el abra,SM,1,5.504,6.8,8.26104860450913,8.329163950776886,9.0286330812603,7.700013589664895,7.451390032117031,8.049999999999999,7.154419285853978,7.52126092927311,7.32060549776328,7.622704064538126,0.6,7.211154147282054
2018-07-01,42,el abra,SM,1,5.718,6.8,8.29940828944417,8.329163950776886,9.005514140479953,7.700013589664895,7.440106394657515,8.049999999999999,5.941125232807107,6.279260929273109,5.870932321075825,6.886115848624065,0.7,7.6082543950459955
2018-07-01,48,el abra,SM,1,9.284,6.8,8.29940828944417,8.329163950776886,8.806237536444117,7.700013589664895,7.430843371292157,8.049999999999999,6.155125232807108,6.493260929273109,5.88565571703999,7.014515848624065,0.8,7.791758762314297
2018-07-01,54,el abra,SM,1,8.718,6.8,8.29940828944417,8.329163950776886,8.806237536444117,7.700013589664895,7.424924649924544,8.049999999999999,9.721125232807108,10.059260929273112,9.45165571703999,9.154115848624066,0.9,7.450424535561008
2018-07-01,60,el abra,SM,1,8.024889,6.8,8.29940828944417,8.329163950776886,8.806237536444117,7.700013589664895,7.420065821863297,8.049999999999999,9.155125232807109,9.49326092927311,8.88565571703999,8.814515848624065,1.0,7.711451996941557
2019-01-01,6,el abra,SM,1,6.704,7.2,7.175223567876093,6.835044751280983,7.27588223232994,6.524017523169777,6.329676841436642,7.390361111111111,6.248021083386299,5.94362604118267,6.815731951685935,6.87254609158046,0.1,6.426105615371218
2019-01-01,9,el abra,SM,1,8.366,7.2,7.173503758801093,6.832115275083278,7.292360182801343,6.524035918897298,6.310188066637887,7.390361111111111,6.404199130380833,6.0424708568613745,6.294824541111568,6.923550664115108,0.15,6.6154955493878544
2019-01-01,12,el abra,SM,1,7.0169,7.2,7.3105762702357335,6.837387548025853,7.291903696959631,6.524035729094317,6.415404779716191,7.390361111111111,5.935163870418085,5.456486061988201,5.62650775019012,6.712546653147923,0.2,6.789057053877819
2019-01-01,18,el abra,SM,1,5.236,7.2,7.571584373938658,6.9074998152763145,7.696950987034653,6.524035731032455,6.308867758579613,7.390361111111111,6.5604329209846295,5.828697532858834,6.20996891705845,6.792463169016422,0.3,6.894438853093432
2019-01-01,24,el abra,SM,1,6.746,7.2,7.637066272568316,6.984335166808306,7.805558590713416,6.524035731032661,6.355284855536192,7.390361111111111,5.86019429362543,5.16313579616957,5.3141157405213235,6.263143471382945,0.4,7.2072020390965505
2019-01-01,30,el abra,SM,1,5.504,7.2,7.592659779325467,7.008264539040319,7.892159542956661,6.524035731032661,6.297600735403885,7.390361111111111,5.47819733292732,5.057731052899987,5.126922862141891,6.116922960192637,0.5,7.429658699138301
2019-01-01,36,el abra,SM,1,5.718,7.2,7.561085049474062,6.966566020518229,7.881481894266934,6.524035731032661,6.322733120076099,7.390361111111111,5.629246087891921,5.150032534377898,5.265151561888273,6.1899280311253895,0.6,7.585008971821476
2019-01-01,42,el abra,SM,1,9.284,7.2,7.592352470334169,6.95767622512533,7.850022380158492,6.524035731032661,6.291500242716289,7.390361111111111,5.122506797293553,4.627142738984999,4.638974400216452,5.8810393053280094,0.7,7.866683187440613
2019-01-01,48,el abra,SM,1,8.718,7.2,7.603880107265127,6.957676225125328,7.661020777237903,6.524035731032661,6.305108089840011,7.390361111111111,7.024034434224511,6.517142738984997,6.439611099313781,7.018497596407297,0.8,7.784330325194327
2019-01-01,54,el abra,SM,1,8.024889,7.2,7.610829141470441,6.957676225125328,7.433493301010206,6.524035731032661,6.288197150990021,7.390361111111111,8.530983468429826,8.017142738984997,7.712083623086084,7.9205823066688925,0.9,7.788837981112607
2019-01-01,60,el abra,SM,1,8.841,7.2,7.610829141470441,6.95767622512533,7.433493301010206,6.524035731032661,6.295565075114916,7.390361111111111,7.901427968429825,7.387587238984999,7.0825281230860835,7.542849006668892,1.0,8.061556719941358
2019-07-01,6,el abra,SM,1,7.0169,7.7,7.086368466478219,6.939350366212219,7.672755465200368,6.589093035827893,6.591037305190867,6.966222222222224,6.311158954192992,6.301389642386349,7.175361200661051,6.7022430526492025,0.1,6.38823777583066
2019-07-01,9,el abra,SM,1,6.075,7.7,7.128210100237277,6.93776412306897,7.647872571574358,6.589092970865147,6.342389405924304,6.966222222222224,7.0128390950234065,6.922629419226608,7.34072874951406,6.9668270361833375,0.15,6.508891482221298
2019-07-01,12,el abra,SM,1,5.236,7.7,7.056452193498352,6.9483960345182325,7.618552658440539,6.589092970913974,6.161843092945651,6.966222222222224,6.041618503541342,6.087632527817847,6.416620794940988,6.605583539605172,0.2,6.742853831927867
2019-07-01,18,el abra,SM,1,6.746,7.7,6.873686761576985,6.9285000663527665,7.775679530321521,6.589092970913938,6.177826418164138,6.966222222222224,5.421057668294746,5.652131939649008,5.964041154659168,6.251408513097051,0.3,6.97160704787519
2019-07-01,24,el abra,SM,1,5.504,7.7,7.157107051106384,7.019994919542506,7.765073847699406,6.589092970913938,5.885248002478233,6.966222222222224,5.6755036409550215,5.726416950180581,5.750925750666871,6.207065066229571,0.4,7.229439881305994
2019-07-01,30,el abra,SM,1,5.718,7.7,7.188654707542025,7.058957956080767,7.7051586583785365,6.589092970913938,5.8961437164910055,6.966222222222224,5.082793150168104,5.25718078564044,5.065614356849803,5.888481069631453,0.5,7.494399608358429
2019-07-01,36,el abra,SM,1,9.284,7.7,6.813165728624413,7.064348190598462,7.503321206231158,6.589092970913938,5.69669518497322,6.966222222222224,4.910911404411632,5.437137192998832,5.037940353223073,5.890903468112029,0.6,7.709431752925805
2019-07-01,42,el abra,SM,1,8.718,7.7,6.595455842420071,7.064348190598462,6.781814878756984,6.589092970913938,5.704122712238313,6.966222222222224,5.5127745702816044,6.286100458129798,5.11910876540946,6.3261513974123105,0.7,7.895259697835186
2019-07-01,48,el abra,SM,1,8.024889,7.7,6.653106059408167,7.064348190598462,6.554623621228986,6.589092970913938,5.56816013061265,6.966222222222224,6.637915574959381,7.357433791463132,6.092676910200271,6.985093698815644,0.8,7.9734238677560185
2019-07-01,54,el abra,SM,1,8.841,7.7,6.732089898503359,7.064348190598462,6.557816510911814,6.589092970913938,5.573223420747564,6.966222222222224,7.483546069319468,8.126396791463133,6.940675291958998,7.46947174712367,0.9,8.03953602657919
2019-07-01,60,el abra,SM,1,7.983,7.7,6.66954629687954,7.064348190598462,6.306711605966115,6.589092970913938,5.48053873933307,6.966222222222224,7.273335801028982,7.978730124796464,6.541903720346631,7.362108666636524,1.0,8.286522360517978
2020-01-01,6,el abra,SM,1,5.236,6.353,7.309030883643357,7.26322842490348,7.525763016199807,7.157218715596626,6.668586892139953,6.992830555555554,6.710256632809882,6.804145290481023,6.988753451495227,6.898578717991514,0.1,6.6197362325189495
2020-01-01,9,el abra,SM,1,5.749,6.353,7.266861842090919,7.26322842490348,7.519518368047039,7.157218716848116,6.361737515092391,6.992830555555554,6.917031063121197,7.036186366254467,6.895942358608226,6.986341819208466,0.15,6.7703927838975595
2020-01-01,12,el abra,SM,1,6.746,6.353,7.06835882016974,7.213895736445986,7.370123975419199,7.157218716847998,6.585990862290189,6.992830555555554,5.852120504327394,6.140224097791139,5.873036913184402,6.594167253757039,0.2,6.908993483953033
2020-01-01,18,el abra,SM,1,5.504,6.353,7.35471712192311,7.210317942145048,7.545088145537457,7.157218716847998,6.261743173779548,6.992830555555554,6.233323611567185,6.207416830529038,5.928939481210312,6.606600388301833,0.3,7.105651087960245
2020-01-01,24,el abra,SM,1,5.718,6.353,7.320962133543982,7.178771903903792,7.493537437194323,7.157218716847998,6.204012410753465,6.992830555555554,5.7964828131538635,5.829589696996722,5.417657902495071,6.284953975267397,0.4,7.318985299028543
2020-01-01,30,el abra,SM,1,9.284,6.353,7.425308728449034,7.188019619160543,7.405526263674048,7.157218716847998,5.977386686175651,6.992830555555554,5.478248883533087,5.501447252310106,4.929078372932864,6.091041062975179,0.5,7.558588511312597
2020-01-01,36,el abra,SM,1,8.718,6.353,7.161320505598953,7.194523782799329,7.272866109033243,7.157218716847998,5.937037050814619,6.992830555555554,6.3523383302832634,6.52902848694999,5.86900016771939,6.661542267392198,0.6,7.637203242547309
2020-01-01,42,el abra,SM,1,8.024889,6.353,7.317677734427157,7.194523782799329,7.279188612895568,7.157218716847998,5.7786420310569095,6.992830555555554,7.036302819718289,7.024250935798215,6.516205308195678,7.015298348877174,0.7,7.7462269935159505
2020-01-01,48,el abra,SM,1,8.841,6.353,7.199053325187948,7.194523782799329,7.245765777008686,7.157218716847998,5.750440549066579,6.992830555555554,7.530606196999317,7.654473185798215,7.266872088429903,7.352656037061481,0.8,7.8287609833911525
2020-01-01,54,el abra,SM,1,7.983,6.353,7.318565094187892,7.194523782799329,7.260230809579854,7.157218716847998,5.639733865918478,6.992830555555554,8.409384747674133,8.435223185798217,8.118170767637288,7.850514602263926,0.9,7.916668285698077
2020-01-01,60,el abra,SM,1,9.701,6.353,7.133145159616002,7.194523782799329,6.614901162723545,7.157218716847998,5.620023066072711,6.992830555555554,7.914350713508199,8.109973185798214,7.210367347017403,7.604429392014145,1.0,8.183820111138786
2020-07-01,6,el abra,SM,1,6.746,6.704,5.819316717170869,6.001463497887397,6.374329014492334,5.329478706867608,5.054104737601328,6.943595944444444,4.9256911397754175,5.228751305368736,5.486768759488708,6.1970460556954965,0.1,7.033989767282041
2020-07-01,9,el abra,SM,1,6.061,6.704,5.795342417535916,6.001463497887397,6.3386144340300685,5.329478706918957,4.81189001841038,6.943595944444444,5.211905425941954,5.51698416598749,5.48564995286961,6.311935485052555,0.15,7.177572936306457
2020-07-01,12,el abra,SM,1,5.504,6.704,5.7952808791953725,5.9805981073496,6.323279912825456,5.329478706918956,4.768570927757071,6.943595944444444,4.757818462487548,5.028081649136525,5.000785467953778,6.123337588991481,0.2,7.331411046775374
2020-07-01,18,el abra,SM,1,5.718,6.704,5.957590586286154,5.985674963558698,6.478545079062984,5.329478706918956,4.574713857829944,6.943595944444444,4.690332353616792,4.84209048583688,4.777408518493776,5.85490368208564,0.3,7.566089551939702
2020-07-01,24,el abra,SM,1,9.284,6.704,6.0002780439548635,6.010794535903621,6.495013513728169,5.329478706918956,4.35182520820269,6.943595944444444,4.460102160933973,4.639294389597206,4.479202398529901,5.507257342937131,0.4,7.820100911374525
2020-07-01,30,el abra,SM,1,8.718,6.704,5.931497565476272,6.011629428567257,6.304231086334814,5.329478706918956,4.200501425135395,6.943595944444444,4.7455879438537085,5.081567611254799,4.698767521007056,5.72558504431033,0.5,8.002147342688557
2020-07-01,36,el abra,SM,1,8.024889,6.704,5.710103034146338,6.030434455924818,6.067589163320999,5.329478706918956,4.026515747696749,6.943595944444444,5.374253192773996,5.802733462685482,5.233523188463268,6.130534374415621,0.6,8.146088044296208
2020-07-01,42,el abra,SM,1,8.841,6.704,5.739805718697991,6.038454461599877,5.930084384400991,5.329478706918956,3.90839321901002,6.943595944444444,5.656148040045466,6.06830922743912,5.468837818061966,6.294775558023153,0.7,8.309179530687292
2020-07-01,48,el abra,SM,1,7.983,6.704,5.762946141547063,6.038454461599877,5.914068176163672,5.329478706918956,3.772580937835507,6.943595944444444,6.356577773958569,6.735709227439121,6.250000069898909,6.705124478197084,0.8,8.399726779802386
2020-07-01,54,el abra,SM,1,9.701,6.704,5.883777228531566,6.038454461599877,6.144628320559058,5.329478706918956,3.6803751292010376,6.943595944444444,6.889319932482982,7.188709227439121,6.975534125089035,7.000847125754408,0.9,8.48144029183873
2020-07-01,60,el abra,SM,1,6.984,6.704,5.908536189763937,6.038454461599877,5.822410368159799,5.329478706918956,3.5743607952089236,6.943595944444444,7.047071600954494,7.27210922743912,6.916003083050177,7.073192626295862,1.0,8.683981725319933
2020-10-01,6,el abra,SM,1,6.061,8.366,6.514946005440511,6.322904413394031,6.609573635119217,5.67703364715024,5.389167794648027,6.830734833333333,5.92470523808249,5.803067003313914,5.93188525353414,6.44399534827928,0.1,6.340709896730825
2020-10-01,9,el abra,SM,1,5.504,8.366,6.509298435214413,6.3308734324812885,6.623602888008835,5.67703364714856,5.343159685273666,6.830734833333333,6.067377205963459,5.937063406250133,5.866530081370109,6.499329022442717,0.15,6.455572928130653
2020-10-01,12,el abra,SM,1,7.751,8.366,6.455945349520221,6.335173093822215,6.6233832855414665,5.67703364714856,5.127176341566422,6.830734833333333,5.542846522397805,5.461976360753052,5.3847579293441585,6.29940547663017,0.2,6.642584508356509
2020-10-01,18,el abra,SM,1,5.6,8.366,6.505293805853134,6.313728038964942,6.868101158563385,5.67703364714856,4.893686022247798,6.830734833333333,5.409313514247641,5.316128480270311,5.323729844911881,6.096727915296154,0.3,6.868978946378252
2020-10-01,24,el abra,SM,1,9.299,8.366,6.492042781746838,6.326936220341443,6.820623251532216,5.67703364714856,4.687523318878291,6.830734833333333,5.755849871903618,5.729553675768827,5.6056117365789655,6.1779149976350665,0.4,7.053747867127704
2020-10-01,30,el abra,SM,1,8.209,8.366,6.438964047361575,6.330739025688109,6.642070959676332,5.67703364714856,4.5037839087948335,6.830734833333333,5.915123101763393,6.006749273166518,5.706479474180732,6.308855645812306,0.5,7.260574984223842
2020-10-01,36,el abra,SM,1,8.137,8.366,6.066566009274865,6.318968464016946,6.5221961055544195,5.67703364714856,4.341549287200022,6.830734833333333,6.17248880244019,6.461626726996696,6.15335776595281,6.522528592164399,0.6,7.415400562655407
2020-10-01,42,el abra,SM,1,7.871,8.366,6.082835298834012,6.328298416378328,6.39459479189944,5.67703364714856,4.196960119616561,6.830734833333333,6.529986280173908,6.820268310977717,6.49537525588342,6.73737031067882,0.7,7.580331996368137
2020-10-01,48,el abra,SM,1,9.686,8.366,6.079537734361327,6.336545056767846,6.297259818168404,5.67703364714856,4.069293611495322,6.830734833333333,6.944239737779737,7.241681618033902,6.922025033587155,6.9880703400774244,0.8,7.7314082052236355
2020-10-01,54,el abra,SM,1,8.357,8.366,6.076492937434884,6.345925381240718,6.577270689721181,5.67703364714856,3.955512755374243,6.830734833333333,7.55064898597247,7.9148952758401085,7.862420806736319,7.371957211877106,0.9,7.80698529967402
2020-10-01,60,el abra,SM,1,6.321,8.366,6.062542100354407,6.345925381240718,6.2944605006256245,5.67703364714856,3.855048766025673,6.830734833333333,7.190565578052548,7.531561942506775,7.399386035007639,7.14893218950113,1.0,8.072030718375139
2021-04-01,6,el abra,SM,1,7.751,6.075,6.781793116466031,6.544017534584337,6.880437502427962,6.152129711652123,5.871388689002402,6.672984833333334,6.21102302938194,6.061027695459375,6.221194084623722,6.458201044968263,0.1,6.497899098361169
2021-04-01,9,el abra,SM,1,5.718,6.075,6.599981164775616,6.544017534584337,6.788385319672355,6.152129711652182,5.695795337600209,6.672984833333334,6.077577477529882,6.088341307460305,5.979522501409327,6.4369746569980375,0.15,6.667175991734231
2021-04-01,12,el abra,SM,1,5.6,6.075,6.521403082597749,6.519402097155688,6.669432658635904,6.152129711652182,5.464752947802003,6.672984833333334,5.923754752275647,5.973208741121804,5.768841883960859,6.383183598679491,0.2,6.827155781547336
2021-04-01,18,el abra,SM,1,9.299,6.075,6.584350641054772,6.5082067921050495,6.728718647361543,6.152129711652182,5.285567613265054,6.672984833333334,5.515611275985329,5.551160307657517,5.223814498722628,6.103185312577379,0.3,7.089822926544241
2021-04-01,24,el abra,SM,1,8.209,6.075,6.384994161782599,6.457971490180262,6.492558672445628,6.152129711652182,4.948888904043454,6.672984833333334,6.154965555953148,6.370509849069243,5.805174052266811,6.426836554840051,0.4,7.352417874297669
2021-04-01,30,el abra,SM,1,8.137,6.075,6.317616038823742,6.450251965826984,6.284837387892459,6.152129711652182,4.800530366816895,6.672984833333334,6.121471792973646,6.4408694599958904,5.7067488346567545,6.437896309224195,0.5,7.595580205777812
2021-04-01,36,el abra,SM,1,7.871,6.075,6.016614802992988,6.395585683826647,6.024828628283334,6.152129711652182,4.5217733974225185,6.672984833333334,6.403182052952572,6.77758298580687,5.939367750688466,6.623423444961167,0.6,7.845470643168149
2021-04-01,42,el abra,SM,1,9.686,6.075,6.066073440343286,6.400096436874247,5.9457340534525,6.152129711652182,4.398938257901305,6.672984833333334,6.704797810229767,7.04217085847682,6.243032338024563,6.79328453394531,0.7,8.046231572211466
2021-04-01,48,el abra,SM,1,8.357,6.075,6.030396161998314,6.400096436874247,5.758800989159791,6.152129711652182,4.168138252265097,6.672984833333334,7.2867782028767625,7.654421338421175,6.778419771208949,7.151553795722715,0.8,8.273053448167333
2021-04-01,54,el abra,SM,1,6.321,6.075,6.040785629762441,6.408841274544675,5.693638813546233,6.152129711652182,4.066435500382643,6.672984833333334,7.630134680303959,8.040968986881193,7.04944310102761,7.37052503348888,0.9,8.48867431340476
2018-01-01,6,el soldado,SM,0,5.218,3.6,3.544045313582082,3.6249768734694245,3.7009030690808467,3.3305002852145,3.0223149042248614,3.4608611111111114,3.544045313582082,3.6249768734694245,3.7009030690808467,3.5103211040769677,0.1,3.8040794141505154
2018-01-01,9,el soldado,SM,0,5.442,3.6,3.493331652360738,3.5722389607569838,3.5884079290831794,3.330679932913749,2.971051028623061,3.4608611111111114,3.493331652360738,3.5722389607569838,3.5884079290831794,3.489630789290211,0.15,3.8192446145347674
2018-01-01,12,el soldado,SM,0,4.322,3.6,3.71429263658878,3.5624571917183654,3.5884079290831794,3.3306831577889073,2.9331082619006956,3.4608611111111114,3.71429263658878,3.5624571917183654,3.5884079290831794,3.5318666323280956,0.2,3.8293604020450864
2018-01-01,18,el soldado,SM,0,4.214,3.6,3.885342233962537,3.5995814357033913,3.700092596161406,3.3306832167181786,2.9569318090338585,3.4608611111111114,3.885342233962537,3.5995814357033913,3.700092596161406,3.6016614729720375,0.3,3.8552308448453787
2018-01-01,24,el soldado,SM,0,3.923,3.6,4.006609820826817,3.655574069630941,3.7368950922190765,3.330683216737168,2.9487362961136085,3.4608611111111114,4.006609820826817,3.655574069630941,3.7368950922190765,3.6829996115817716,0.4,3.8781165462022695
2018-01-01,30,el soldado,SM,0,2.856,3.6,4.1482289876112075,3.6731415215327936,3.8469272062426025,3.330683216737174,2.950924991744888,3.4608611111111114,4.1482289876112075,3.6731415215327936,3.8469272062426025,3.7307555971876454,0.5,3.9026334624669174
2018-01-01,36,el soldado,SM,0,3.724,3.6,4.088190303566188,3.6731415215327936,3.7621789587534518,3.330683216737174,2.950172060906152,3.4608611111111114,4.088190303566188,3.6731415215327936,3.7621789587534518,3.712743991974139,0.6,3.9343058980101207
2018-01-01,42,el soldado,SM,0,4.427,3.6,4.099411020458516,3.6731415215327936,3.7972812842606607,3.330683216737174,2.950373138795167,3.4608611111111114,4.099411020458516,3.6731415215327936,3.7972812842606607,3.7161102070418375,0.7,3.9622560296907503
2018-01-01,48,el soldado,SM,0,2.894,3.6,4.099411020458516,3.6731415215327936,3.7972812842606607,3.330683216737174,2.9503039662060395,3.4608611111111114,4.099411020458516,3.6731415215327936,3.7972812842606607,3.7161102070418375,0.8,3.991288215446209
2018-01-01,54,el soldado,SM,0,2.57,3.6,4.099411020458516,3.6731415215327936,3.7972812842606607,3.330683216737174,2.950322439454157,3.4608611111111114,4.099411020458516,3.6731415215327936,3.7972812842606607,3.7161102070418375,0.9,4.020331628437597
2018-01-01,60,el soldado,SM,0,4.074,3.6,4.099411020458516,3.6731415215327936,3.7972812842606607,3.330683216737174,2.9503160844918677,3.4608611111111114,4.099411020458516,3.6731415215327936,3.7972812842606607,3.7161102070418375,1.0,4.0493718609907035
2018-07-01,6,el soldado,SM,0,4.322,3.734,4.058251964017159,4.351663142982482,3.061653478193613,4.053088276439466,3.4561909376572286,3.6862499999999994,5.732206650435076,5.944686269513058,4.578750409112766,4.547128583989626,0.1,3.315803200372889
2018-07-01,9,el soldado,SM,0,4.53,3.734,4.059993322755802,4.351663142982482,3.168389397827454,4.051277441546207,3.8281739766145724,3.6862499999999994,6.008661670395064,6.2214241822254985,5.021981468744275,4.657767170524112,0.15,3.2962924181681617
2018-07-01,12,el soldado,SM,0,4.214,3.734,4.202175716002639,4.356828635950549,3.832401958793225,4.0512046245654885,3.995699122263382,3.6862499999999994,4.80988307941386,5.116371444232184,4.565994029710046,4.197000904729208,0.2,3.575493660983892
2018-07-01,18,el soldado,SM,0,3.923,3.734,4.289242018697381,4.368436690824483,4.156534525522173,4.0512015787171975,3.634421662265164,3.6862499999999994,4.617899784734845,4.982855255121092,4.670441929360767,4.243313759963984,0.3,3.6081826307777036
2018-07-01,24,el soldado,SM,0,2.856,3.734,4.300899802705046,4.368129323428937,4.198572800007882,4.051201573792088,3.6773896913970074,3.6862499999999994,4.217289981878229,4.635555253797996,4.384677707788805,4.130353570702868,0.4,3.718727134888879
2018-07-01,30,el soldado,SM,0,3.724,3.734,4.344767004436463,4.360341867336817,4.3206961435549935,4.051201573784125,3.647970919960349,3.6862499999999994,3.052538016825255,3.543200345804023,3.329768937312391,3.4532215087887836,0.5,3.990752800922341
2018-07-01,36,el soldado,SM,0,4.427,3.734,4.404184537408043,4.361647920832624,4.297056886224702,4.0512015737841125,3.651469281030053,3.6862499999999994,4.039994233841855,4.412506399299831,4.25887792747125,4.010250189942505,0.6,3.8180227188384204
2018-07-01,42,el soldado,SM,0,2.894,3.734,4.406483567896632,4.361647920832624,4.720221622029749,4.0512015737841125,3.6490740575356404,3.6862499999999994,4.734072547438116,5.11550639929983,5.3499403377690875,4.4293736840213835,0.7,3.6894827199754388
2018-07-01,48,el soldado,SM,0,2.57,3.734,4.406483567896632,4.361647920832624,5.709336890648602,4.0512015737841125,3.6493588877961027,3.6862499999999994,3.201072547438116,3.5825063992998305,4.806055606387941,3.509573684021384,0.8,4.060640618057811
2018-07-01,54,el soldado,SM,0,4.074,3.734,4.406483567896632,4.361647920832624,5.709336890648602,4.0512015737841125,3.6491638730108793,3.6862499999999994,2.877072547438116,3.25850639929983,4.4820556063879415,3.3151736840213832,0.9,4.159709875121235
2018-07-01,60,el soldado,SM,0,5.044,3.734,4.406483567896632,4.361647920832624,5.709336890648602,4.0512015737841125,3.649187063377957,3.6862499999999994,4.381072547438116,4.762506399299831,5.986055606387941,4.217573684021383,1.0,3.8513333289779275
2019-01-01,6,el soldado,SM,0,4.214,2.763,4.377700220528827,4.326969151127296,5.142885460187327,4.582816921480265,4.72799283390188,3.910527777777778,5.346551581729207,5.108649142901342,6.531607186550097,4.437356811592776,0.1,3.200397527594646
2019-01-01,9,el soldado,SM,0,4.242,2.763,4.456300884851889,4.33510746847161,5.1320337654801715,4.582991566748687,4.798732622203309,3.910527777777778,5.66563839729362,5.359156416601877,6.739635102024855,4.551275629445766,0.15,3.158342662849379
2019-01-01,12,el soldado,SM,0,3.923,2.763,4.47083429322904,4.340101467230828,5.203720083101072,4.582996144859202,4.615267289071767,3.910527777777778,4.780600116933331,4.648458553396371,5.76131513916287,4.232128400732607,0.2,3.3508713936957113
2019-01-01,18,el soldado,SM,0,2.856,2.763,4.65063800616642,4.363201934538098,5.384749722067972,4.58299626801463,4.607588123726571,3.910527777777778,4.631845879836462,4.44769287127416,5.524936161226183,4.225148576666545,0.3,3.404566984079365
2019-01-01,24,el soldado,SM,0,3.724,2.763,4.613944107022203,4.363201934538098,5.430565921540863,4.582996268099257,4.6096055118251105,3.910527777777778,3.849689295256271,3.740850238008159,4.852331975427384,3.84137297109044,0.4,3.555301087458085
2019-01-01,30,el soldado,SM,0,4.427,2.763,4.910912351693795,4.3884463427719265,5.737631281244292,4.582996268099315,4.609743034888738,3.910527777777778,3.9544143556699596,3.661704648337121,4.943819606345494,3.8490468123132353,0.5,3.5507851739235767
2019-01-01,36,el soldado,SM,0,2.894,2.763,4.895262469701201,4.3884463427719265,6.070480279127719,4.582996268099315,4.6097069049436925,3.910527777777778,4.724575049214085,4.446551621589218,6.116362356638642,4.315549112352102,0.6,3.356629725418136
2019-01-01,42,el soldado,SM,0,2.57,2.763,5.130745640134992,4.3884463427719265,6.518372218959403,4.582996268099315,4.609704442007391,3.910527777777778,4.538298345957418,4.031551621589218,5.920120765814198,4.135166101375102,0.7,3.4098223071663036
2019-01-01,48,el soldado,SM,0,4.074,2.763,5.372625913075068,4.392790738763412,6.900410802988683,4.582996268099315,4.609705089067954,3.910527777777778,3.8516786188974947,3.107396017580703,4.879101715534051,3.6519335020545705,0.8,3.6078749873177656
2019-01-01,54,el soldado,SM,0,5.044,2.763,5.392252638343487,4.392790738763412,7.494353424044986,4.582996268099315,4.609705133177319,3.910527777777778,4.461305344165913,3.697396017580703,6.063044336590354,4.011821519635095,0.9,3.42303987790152
2019-01-01,60,el soldado,SM,0,4.915,2.763,5.392252638343487,4.392790738763412,7.494353424044986,4.582996268099315,4.609705121588943,3.910527777777778,5.698305344165913,4.934396017580703,7.3000443365903545,4.754021519635096,1.0,3.190399864292111
2019-07-01,6,el soldado,SM,0,3.923,5.218,4.277953118925371,4.08818675404041,4.318054021257381,4.3203308616227325,4.301731553474728,4.036833333333334,4.869287286216015,4.5716503648473426,4.934240018770119,4.310287530212672,0.1,3.7055562628826486
2019-07-01,9,el soldado,SM,0,3.659,5.218,4.334090657099905,4.096656624447687,4.322472065142379,4.320538960906084,4.288580341655391,4.036833333333334,5.068882037110429,4.748320100377328,5.097528367678778,4.385540427497552,0.15,3.699173580816995
2019-07-01,12,el soldado,SM,0,2.856,5.218,4.479059824750797,4.0973632872814365,4.313058661499655,4.320548372903757,4.208420109664196,4.036833333333334,4.502958942810644,4.163900855648189,4.257882004507163,4.155471959691767,0.2,3.7544453129068645
2019-07-01,18,el soldado,SM,0,3.724,5.218,4.508950391895481,4.0937091051080525,4.367125082104902,4.320548817846615,4.246319345234662,4.036833333333334,3.8982096389533685,3.6476357514193953,3.6176661341877185,3.904878014259858,0.3,3.8212472294410493
2019-07-01,24,el soldado,SM,0,4.427,5.218,4.513456432335447,4.111191695665094,4.386135134169849,4.3205488187567935,4.2451068824240155,4.036833333333334,3.707305188817425,3.4832232531324356,3.4317905295805753,3.7718918659182914,0.4,3.8542238814784837
2019-07-01,30,el soldado,SM,0,2.894,5.218,4.713004848174821,4.145846609689679,4.560144753849123,4.320548818758656,4.2457229966245835,4.036833333333334,3.914035400260999,3.6742033658091664,3.59405987683516,3.8912049631543835,0.5,3.857114595624021
2019-07-01,36,el soldado,SM,0,2.57,5.218,4.750966255693324,4.152531708567093,4.629566295645656,4.32054881875866,4.245703384151804,4.036833333333334,3.970087152134847,3.693119780187978,3.601327587610365,3.913695413030181,0.6,3.8736415129307704
2019-07-01,42,el soldado,SM,0,4.074,5.218,4.9285222694650574,4.161200015104281,4.790949191183377,4.32054881875866,4.245713360565148,4.036833333333334,3.679975526635011,3.3171214200584997,3.0759908161001057,3.7138624173413866,0.7,3.9234382159514514
2019-07-01,48,el soldado,SM,0,5.044,5.218,4.993294879420901,4.157430623519256,5.131266133105846,4.32054881875866,4.245713042997228,4.036833333333334,3.5464547122774954,3.1942372298096466,2.8415898071398638,3.6369409159594763,0.8,3.9536969052882234
2019-07-01,54,el soldado,SM,0,4.915,5.218,5.030687634126825,4.157430623519256,5.045988314600689,4.32054881875866,4.24571320453741,4.036833333333334,4.293971891893947,3.910903896476313,3.274997781615939,4.076196069844411,0.9,3.91537678483571
2019-07-01,60,el soldado,SM,0,3.715,5.218,4.87158337551127,4.157430623519256,4.85481367480011,4.32054881875866,4.2457131993952855,4.036833333333334,4.9165342999450585,4.692570563142979,3.865489808482027,4.497464792259745,1.0,3.8743296627694597
2020-01-01,6,el soldado,SM,0,2.856,4.322,4.409513785223126,4.256833421293259,4.184562282634342,4.515215881163712,4.363848097164072,4.102305555555556,4.764276130959766,4.578134440888356,4.54793827545455,4.329865447702958,0.1,3.6370248178143774
2020-01-01,9,el soldado,SM,0,4.457,4.322,4.41940757667059,4.250319907441558,4.1606838578213114,4.515984098145619,4.358103604670005,4.102305555555556,4.801728447403507,4.629653358276867,4.576108068438016,4.347659694469408,0.15,3.6421748590528886
2020-01-01,12,el soldado,SM,0,3.724,4.322,4.239903888238135,4.258198728555591,4.075096453402371,4.5160122694073594,4.336928527968533,4.102305555555556,3.8520632705953206,3.9977610830102965,3.669449295283088,4.031348204054457,0.2,3.71918664982192
2020-01-01,18,el soldado,SM,0,4.427,4.322,4.364283019679183,4.254299246302344,4.205847746011688,4.516013340358435,4.42914667532116,4.102305555555556,3.709989856998728,3.8273169547588384,3.482972264547575,3.9354794807171696,0.3,3.760701684591253
2020-01-01,24,el soldado,SM,0,2.894,4.322,4.289692007223591,4.252541055482079,4.23685127342072,4.516013341798608,4.429836186117498,4.102305555555556,3.663464466501213,3.860516799666312,3.531309036436303,3.89811660207248,0.4,3.7772148392912044
2020-01-01,30,el soldado,SM,0,2.57,4.322,4.391071315586784,4.267004661566465,4.36989858528137,4.516013341800544,4.428755063997628,4.102305555555556,3.337093017607713,3.6003105762336607,3.2287987390586173,3.7221433003746345,0.5,3.822904609146798
2020-01-01,36,el soldado,SM,0,4.074,4.322,4.2948453394557005,4.27091531322072,4.346458958187643,4.516013341800547,4.428746975281209,4.102305555555556,3.163944447863511,3.5307234397946106,3.0603883532497607,3.6493225885196585,0.6,3.8519078913520737
2020-01-01,42,el soldado,SM,0,5.044,4.322,4.575392148072204,4.325283716556923,4.7254767802904265,4.516013341800547,4.428759666661084,4.102305555555556,3.4253515235834047,3.6704247664965166,3.260020701182129,3.769655109246199,0.7,3.855985674523911
2020-01-01,48,el soldado,SM,0,4.915,4.322,4.509879206316709,4.361327515242379,4.84805624642036,4.516013341800547,4.428759761615103,4.102305555555556,3.43742536110393,3.860574814080357,3.1089824686694123,3.830322274777508,0.8,3.8660116467685177
2020-01-01,54,el soldado,SM,0,3.715,4.322,4.590374875537808,4.361327515242379,5.003856216479284,4.516013341800547,4.428759612630217,4.102305555555556,4.008916160331443,4.365824814080357,3.6428662380905497,4.153344514545762,0.9,3.8361417387195775
2020-01-01,60,el soldado,SM,0,3.638,4.322,4.442161404871701,4.361327515242379,4.801858593531797,4.516013341800547,4.428759611515547,4.102305555555556,4.186728754319224,4.652074814080357,3.7749122750932074,4.292563292742097,1.0,3.83236625883326
2020-07-01,6,el soldado,SM,0,3.724,4.214,4.2450298104706565,4.166829867038338,3.988518001172246,3.7146100961181148,3.907176660592884,4.1355555555555545,4.218136930015343,4.143703998455764,4.013506338901544,4.153701519027554,0.1,3.53593567236299
2020-07-01,9,el soldado,SM,0,3.26,4.214,4.234815014709011,4.1702452503032275,3.989406275036418,3.716719984610087,3.8712344257897646,4.1355555555555545,4.548190195961226,4.515048029483164,4.381008871965519,4.293980978422211,0.15,3.5012898356443443
2020-07-01,12,el soldado,SM,0,4.427,4.214,4.222646245097841,4.194637105097569,3.9900790315855064,3.7168271993421653,3.722139314887758,4.1355555555555545,3.809192973335963,3.879447242950215,3.595342014409606,4.019061376590568,0.2,3.5733653473324116
2020-07-01,18,el soldado,SM,0,2.894,4.214,4.295746499115628,4.223819973522429,4.17675050269577,3.7168329243467144,3.9520230882985743,4.1355555555555545,3.784855365035428,3.916774291027155,3.6426805683221413,3.993185191793423,0.3,3.5996090556081906
2020-07-01,24,el soldado,SM,0,2.57,4.214,4.247466003541237,4.224582209644591,4.182950313101171,3.716832939129823,3.9545097085995313,4.1355555555555545,3.467345569518616,3.6392545938955614,3.3499462688294925,3.786202271246475,0.4,3.6456787901163734
2020-07-01,30,el soldado,SM,0,4.074,4.214,4.213080854854039,4.250438969221033,4.211928971209798,3.7168329391679955,3.955200584720161,4.1355555555555545,3.0056839533534245,3.377682768641497,2.939069377175322,3.569232238820698,0.5,3.695336830167353
2020-07-01,36,el soldado,SM,0,5.044,4.214,4.312581852682049,4.286317524511719,4.270607934995611,3.716832939168094,3.9552081557302845,4.1355555555555545,3.3636920715171574,3.6547809631266874,3.1872596594077764,3.7597641326153752,0.6,3.679018869046268
2020-07-01,42,el soldado,SM,0,4.915,4.214,4.516887815045251,4.4111095189015135,4.375105668299081,3.716832939168094,3.955210119027206,4.1355555555555545,3.690576885839771,4.030965615541803,3.266445448954358,3.9706849726366937,0.7,3.659876802807101
2020-07-01,48,el soldado,SM,0,3.715,4.214,4.732193245905805,4.604782517424619,4.5597216319617875,3.716832939168094,3.955210140558358,4.1355555555555545,3.9552543284722392,4.314914853446526,3.181851360476957,4.135272976797852,0.8,3.6519885406717623
2020-07-01,54,el soldado,SM,0,3.638,4.214,4.786509804955106,4.608689448813252,4.768692836014182,3.716832939168094,3.9552101461188127,4.1355555555555545,4.146267857682452,4.4830217848351595,3.4221296100073375,4.2430091149775055,0.9,3.6461978496354503
2020-07-01,60,el soldado,SM,0,4.07,4.214,4.768374179550001,4.6086894488132515,4.554933064075257,3.716832939168094,3.9552101461797964,4.1355555555555545,4.40319577813368,4.696621784835158,3.5006042906180257,4.384167491112873,1.0,3.6397948842016654
2020-10-01,6,el soldado,SM,0,3.26,4.242,4.039470499725303,4.211405396357415,3.8634926203521855,4.057566631498468,3.972368435160317,4.193666666666666,3.9302214642674325,4.118328861365547,3.840229901597893,4.125910065126595,0.1,3.5656923359147057
2020-10-01,9,el soldado,SM,0,4.427,4.242,4.028375637362158,4.211405396357415,3.9728351488041196,4.055915904608865,3.8169817370211776,4.193666666666666,4.127052452620836,4.347033503956824,4.177602933738967,4.211017191315531,0.15,3.5382827101819267
2020-10-01,12,el soldado,SM,0,3.529,4.242,4.028442638583429,4.2089638769626685,3.988796535373178,4.0558063204543435,4.149795821536245,4.193666666666666,3.7179572045988905,3.9850328076569452,3.732669182462343,4.056798002451167,0.2,3.6301203980359507
2020-10-01,18,el soldado,SM,0,2.278,4.242,4.032258765763902,4.211671021364279,3.9496835021005583,4.055798562727483,4.0630336895723875,4.193666666666666,3.37289173751113,3.7341629570311463,3.290833473006573,3.873597006968902,0.3,3.687008336953512
2020-10-01,24,el soldado,SM,0,5.035,4.242,4.0911465205794055,4.225499351940464,3.9568759283304047,4.055798528539022,4.068191309262759,4.193666666666666,3.1614684916370153,3.461962637208841,2.993880839253811,3.664496005320424,0.4,3.7469997179693633
2020-10-01,30,el soldado,SM,0,3.913,4.242,4.114876154330137,4.237284502308662,3.9544160891366316,4.055798528388352,4.0652355316216,4.193666666666666,3.0855319272706185,3.48058117362221,2.870711598906268,3.6473005969345147,0.5,3.7838206429182453
2020-10-01,36,el soldado,SM,0,2.476,4.242,4.116027872576293,4.244698378901832,3.9639330133992567,4.055798528387688,4.0654104755734535,4.193666666666666,3.447189412825208,3.8446983236623526,3.1900414612434593,3.865032987612935,0.6,3.781048608897594
2020-10-01,42,el soldado,SM,0,4.14,4.242,4.188029083726611,4.253289695678503,3.864290112008772,4.055798528387685,4.065310140358591,4.193666666666666,3.5657886735478352,4.020484856395159,3.030388984504989,3.953348725649565,0.7,3.8093081309932764
2020-10-01,48,el soldado,SM,0,4.194,4.242,4.3861314929592226,4.25720801967814,4.1067736761807145,4.055798528387685,4.0653160787952975,4.193666666666666,3.5691501874469505,3.867354546792293,2.8177615112830576,3.9084180869384393,0.8,3.856648955037835
2020-10-01,54,el soldado,SM,0,3.975,4.242,4.452830214541356,4.25720801967814,4.333408085306491,4.055798528387685,4.065312672925309,4.193666666666666,3.7278769576549604,3.990703391560854,3.0228232576317566,3.993040771431411,0.9,3.872575866876866
2020-10-01,60,el soldado,SM,0,2.765,4.242,4.431171218013249,4.25720801967814,4.252529664503736,4.055798528387685,4.065312874505,4.193666666666666,4.010460186907982,4.240703391560854,3.2931001759435,4.152815740207317,1.0,3.8781948662938954
2021-04-01,6,el soldado,SM,0,3.529,3.659,4.050669953139494,4.306015654655176,4.346622073144668,3.6389408754651167,3.9782020928717943,4.2325,3.845674994214847,4.090320710896801,4.240469368447819,4.12669914102233,0.1,3.641254047764498
2021-04-01,9,el soldado,SM,0,2.894,3.659,4.011035533162895,4.306015654655176,4.2144017578801325,3.6403690743544623,3.835813547009523,4.2325,4.152561998047167,4.453067547403609,4.454797695137985,4.260625909090155,0.15,3.6370954311186714
2021-04-01,12,el soldado,SM,0,2.278,3.659,3.982898366788234,4.325760733899903,4.1374036816799675,3.640459486385024,3.743795231421214,4.2325,3.6454190464324254,4.036682120643188,3.852180731274512,4.075920233415123,0.2,3.6725120885357754
2021-04-01,18,el soldado,SM,0,5.035,3.659,4.060780008024967,4.39496141206901,4.285602608374523,3.640465572239772,3.879726393612501,4.2325,3.2449998744134625,3.7094300681599996,3.482062083136742,3.8548574856433655,0.3,3.710799609443865
2021-04-01,24,el soldado,SM,0,3.913,3.659,4.0385563011283905,4.398489498125201,4.158373295805386,3.640465596628921,3.853867214941041,4.2325,3.3765256305235694,3.859672406649458,3.4869666582639622,3.8638594111519082,0.4,3.728828983438941
2021-04-01,30,el soldado,SM,0,2.476,3.659,4.144653380608346,4.39165214090789,4.159539880867912,3.6404655967266613,3.8695160876800077,4.2325,3.2335188782244533,3.696722930275408,3.2247337336509387,3.7720725425499584,0.5,3.7617061019742177
2021-04-01,36,el soldado,SM,0,4.14,3.659,4.005189399692857,4.393587437515336,4.083624709205099,3.640465596727053,3.8665437627963684,4.2325,3.197609595252457,3.798059050324092,3.2077272340145213,3.7917005936729646,0.6,3.7794364430374343
2021-04-01,42,el soldado,SM,0,4.194,3.659,4.175753644382311,4.479335708710328,4.070930204077442,3.6404655967270543,3.8683427702402113,4.2325,3.635543423696702,4.263604461370533,3.3955449359300887,4.062744365520171,0.7,3.7863123910054552
2021-04-01,48,el soldado,SM,0,3.975,3.659,4.201175865242473,4.533639786724244,4.142461566338689,3.6404655967270543,3.8680010712372104,4.2325,3.4734588186663515,4.190449950010926,3.050054899829167,3.992172630603183,0.8,3.8186918731857844
2021-04-01,54,el soldado,SM,0,2.765,3.659,4.284357596352383,4.537485575155813,4.1345624333549145,3.6404655967270543,3.868207885574143,4.2325,3.5947076312295643,4.268737605386976,2.9600028545899293,4.052033570984962,0.9,3.8422268255777423
2018-01-01,6,el teniente,LC,3,42.6,36.6,37.921837366608365,39.28846825408914,39.98830221774209,38.84342902995162,37.321799121611996,39.03333333333333,37.921837366608365,39.28846825408914,39.98830221774209,38.81924307184104,0.1,36.10809986987751
2018-01-01,9,el teniente,LC,3,39.0,36.6,38.64525816252976,39.28846825408914,39.89012756319069,38.8434290967307,37.82265448112189,39.03333333333333,38.64525816252976,39.28846825408914,39.89012756319069,39.00009827082139,0.15,36.18670255564357
2018-01-01,12,el teniente,LC,3,32.994,36.6,38.46771955315553,39.28846825408914,39.863174865055896,38.843429096718914,38.5111757962145,39.03333333333333,38.46771955315553,39.28846825408914,39.863174865055896,38.95571361847783,0.2,36.384004036441226
2018-01-01,18,el teniente,LC,3,39.561,36.6,39.07148415814286,39.30279744245317,39.87406896765674,38.843429096718914,38.40136314053004,39.03333333333333,39.07148415814286,39.30279744245317,39.87406896765674,39.11023706681567,0.3,35.401536847590826
2018-01-01,24,el teniente,LC,3,33.386,36.6,38.7555325397465,39.30279744245317,39.87406896765674,38.843429096718914,38.19127692573599,39.03333333333333,38.7555325397465,39.30279744245317,39.87406896765674,39.03124916221658,0.4,34.25708028444215
2018-01-01,30,el teniente,LC,3,30.462,36.6,39.61008713398437,39.30279744245317,39.98566854962736,38.843429096718914,38.2106737516131,39.03333333333333,39.61008713398437,39.30279744245317,39.98566854962736,39.24488781077605,0.5,33.4173687158778
2018-01-01,36,el teniente,LC,3,39.124,36.6,40.069542155510625,39.31829075448716,40.16305420406238,38.843429096718914,38.247782458798724,39.03333333333333,40.069542155510625,39.31829075448716,40.16305420406238,39.36362489416611,0.6,32.56684382270855
2018-01-01,42,el teniente,LC,3,41.2,36.6,41.361137238750096,39.31829075448716,41.259392011637466,38.843429096718914,38.24435628858335,39.03333333333333,41.361137238750096,39.31829075448716,41.259392011637466,39.68652366497598,0.7,31.731993806616043
2018-01-01,48,el teniente,LC,3,34.199,36.6,41.361137238750096,39.31829075448715,41.259392011637466,38.843429096718914,38.237801569368116,39.03333333333333,41.361137238750096,39.31829075448715,41.259392011637466,39.68652366497598,0.8,30.80743575476903
2018-01-01,54,el teniente,LC,3,28.068,36.6,41.361137238750096,39.31829075448715,41.259392011637466,38.843429096718914,38.23840675304193,39.03333333333333,41.361137238750096,39.31829075448715,41.259392011637466,39.68652366497598,0.9,29.88983224863509
2018-01-01,60,el teniente,LC,3,32.758,36.6,41.361137238750096,39.31829075448716,41.259392011637466,38.843429096718914,38.23956454988394,39.03333333333333,41.361137238750096,39.31829075448716,41.259392011637466,39.68652366497598,1.0,28.97276550586225
2018-07-01,6,el teniente,LC,3,32.994,43.4,38.83406372354737,38.61587194983306,39.3871875448716,38.79114103322055,39.83738068648895,38.888888888888886,43.512226356939,41.92740369574392,41.998885327129514,40.804351957615175,0.1,41.40323410731444
2018-07-01,9,el teniente,LC,3,34.684,43.4,38.333854539768105,38.64736750844496,39.525419090330445,38.79114012620202,38.889626500275945,38.888888888888886,38.68859637723835,38.35889925435582,38.635291527139756,38.70631835234298,0.15,39.19698531411786
2018-07-01,12,el teniente,LC,3,39.561,43.4,38.84049675085421,38.656706683849734,39.60136072012569,38.79114012664453,38.26803319381071,38.888888888888886,33.366777197698674,32.362238429760595,32.732185855069794,35.87669835130926,0.2,37.15560293610851
2018-07-01,18,el teniente,LC,3,33.386,43.4,39.10151182676525,38.656706683849734,39.54924469736303,38.791140126644315,39.52606031895897,38.888888888888886,39.59102766862239,38.914909241396565,39.23617572970629,39.07092867194918,0.3,38.728280700264136
2018-07-01,24,el teniente,LC,3,30.462,43.4,39.18535750841425,38.673062589263665,38.7042491059099,38.791140126644315,38.53704422237382,38.888888888888886,33.815824968667755,32.7562651468105,32.216180138253165,36.08746697331401,0.4,35.72303290105267
2018-07-01,30,el teniente,LC,3,39.124,43.4,39.376696341433714,38.70106146006131,38.67852964996889,38.791140126644315,39.32986424403388,38.888888888888886,30.22860920744934,29.86026401760814,29.154861100341524,34.466662750708814,0.5,35.22310702998837
2018-07-01,36,el teniente,LC,3,41.2,43.4,40.73246071363382,38.731731968339226,39.07149089751949,38.791140126644315,38.70657739477444,38.888888888888886,39.7869185581232,38.53744121385207,38.032436693457115,39.025534387438256,0.6,35.08720450708976
2018-07-01,42,el teniente,LC,3,34.199,43.4,42.14362503307778,38.731731968339226,39.102646921549436,38.791140126644315,39.20621971104867,38.888888888888886,41.98248779432769,40.61344121385207,39.04325490991197,40.09342669648938,0.7,35.06882012148091
2018-07-01,48,el teniente,LC,3,28.068,43.4,41.53884138785774,38.731731968339226,39.102646921549436,38.791140126644315,38.813418726513525,38.888888888888886,34.37670414910764,33.61244121385207,32.04225490991197,36.44173078518437,0.8,32.56741942907373
2018-07-01,54,el teniente,LC,3,32.758,43.4,41.53884138785774,38.731731968339226,39.102646921549436,38.791140126644315,39.12829781305471,38.888888888888886,28.24570414910764,27.481441213852076,25.91125490991197,33.376230785184376,0.9,31.075881555442766
2018-07-01,60,el teniente,LC,3,31.799,43.4,41.53884138785774,38.731731968339226,39.102646921549436,38.791140126644315,38.88075109578463,38.888888888888886,32.93570414910764,32.17144121385207,30.601254909911972,35.721230785184375,1.0,30.650238481514087
2019-01-01,6,el teniente,LC,3,39.561,36.7,36.07586961373277,34.70967738969397,36.088140585220636,38.767085152863835,38.46200215871741,38.85816666666666,35.49491906865491,33.554507287732875,34.19739570391379,36.69143992243028,0.1,36.38264696953216
2019-01-01,9,el teniente,LC,3,41.849,36.7,36.06766038921543,34.69579830291474,36.00625499777509,38.76708529648743,39.29681661199427,38.85816666666666,34.4201040380665,32.56988042164769,33.14048167101452,36.176579448261876,0.15,36.45318607544919
2019-01-01,12,el teniente,LC,3,33.386,36.7,34.93919135771735,34.69579830291474,35.950312146800876,38.76708529646478,39.6970843710343,38.85816666666666,32.56258320571248,32.000710833945305,32.49554435421008,35.56990684324778,0.2,36.13521990358516
2019-01-01,18,el teniente,LC,3,30.462,36.7,36.62495578873603,34.70341142342166,36.13542596818234,38.767085296464785,38.57223862812252,38.85816666666666,34.011957796281976,32.19715936027021,32.89726913567246,35.98136262247138,0.3,34.549595867258105
2019-01-01,24,el teniente,LC,3,39.124,36.7,36.46169181913338,34.70341142342166,36.16068802083738,38.767085296464785,39.36421955643361,38.85816666666666,29.415246795053008,27.639481407563245,28.79552898405406,33.69276538398739,0.4,33.51480080121174
2019-01-01,30,el teniente,LC,3,41.2,36.7,37.12590235700965,34.693810428998155,36.21620135514261,38.767085296464785,38.64292046831754,38.85816666666666,32.42551061930061,30.484880977740914,31.677102255344487,35.15668123259371,0.5,32.65998045665588
2019-01-01,36,el teniente,LC,3,34.199,36.7,36.58143288337166,34.693810428998155,36.46746579562307,38.767085296464785,39.15077243378806,38.85816666666666,36.342431448799445,35.83079906758496,37.01219324483214,37.47239096242943,0.6,33.14359042179003
2019-01-01,42,el teniente,LC,3,28.068,36.7,38.074863841500914,34.693810428998155,36.520603272476386,38.767085296464785,38.6882446802814,38.85816666666666,34.02198270558698,33.368299067584964,34.03908380588294,36.27665377662632,0.7,31.4529395444948
2019-01-01,48,el teniente,LC,3,32.758,36.7,38.16160365463069,34.693810428998155,36.583941993518465,38.767085296464785,39.01390103084818,38.85816666666666,27.84511434132677,26.80229906758497,27.536422526925016,33.09093668556127,0.8,29.67076192831957
2019-01-01,54,el teniente,LC,3,31.799,36.7,39.59416072544919,34.693810428998155,36.711737737088754,38.767085296464785,38.71730849900028,38.85816666666666,28.55717141214528,26.081799067584967,26.943718270495303,33.088825953265896,0.9,28.601605366588938
2019-01-01,60,el teniente,LC,3,26.984,36.7,39.59416072544919,34.693810428998155,36.711737737088754,38.767085296464785,38.92613324690929,38.85816666666666,30.422671412145277,27.947299067584964,28.809218270495304,34.021575953265895,1.0,28.304621035746933
2019-07-01,6,el teniente,LC,3,33.386,42.6,38.61151661699619,38.19096179239882,38.17906460180661,38.412600107032354,37.542101317156884,38.26658333333333,39.38592638236669,39.0379559278601,38.07618781919517,38.73926224422336,0.1,36.500401255426716
2019-07-01,9,el teniente,LC,3,36.605,42.6,38.60810042626056,38.19096179239882,38.17906460180661,38.41260007593655,37.013494456653426,38.26658333333333,39.43684272908946,39.158083770582536,38.2161307180412,38.782023291584665,0.15,35.54937011339103
2019-07-01,12,el teniente,LC,3,30.462,42.6,38.98516768362138,38.19096179239882,38.44436681614097,38.41260007593144,38.28389845389768,38.26658333333333,36.883031796379015,35.957637378780944,35.28641757214682,37.34345896045666,0.2,35.987143718661905
2019-07-01,18,el teniente,LC,3,39.124,42.6,38.561113418349116,38.19096179239882,38.38219611932187,38.41260007593144,37.64551088694226,38.26658333333333,34.76479616046774,35.10632327582396,34.3322829082545,36.60107152573959,0.3,34.23717477208616
2019-07-01,24,el teniente,LC,3,41.2,42.6,38.56655187848021,38.19096179239882,38.53645374121645,38.41260007593144,38.09386486118927,38.26658333333333,34.75635792271551,34.955204640685984,34.61411837641511,36.561182307517036,0.4,33.81483681745176
2019-07-01,30,el teniente,LC,3,34.199,42.6,38.545256793061604,38.147004048621035,38.53086049569032,38.41260007593144,37.70803829013499,38.26658333333333,36.76969484891903,37.509780938116826,37.1660606441107,37.70316061342563,0.5,32.87196043825292
2019-07-01,36,el teniente,LC,3,28.068,42.6,38.75991435363089,38.12455505120925,38.933728676369945,38.41260007593144,37.97901298655405,38.26658333333333,37.80643576945886,38.717610667267735,38.5407250439683,38.26430327584831,0.6,32.42952290970533
2019-07-01,42,el teniente,LC,3,32.758,42.6,39.411283446572824,38.09729027110207,38.767763284459924,38.41260007593144,37.74582839588014,38.26658333333333,33.37374140879656,35.00501255382722,34.295882549238826,36.22798015732261,0.7,30.710260775310132
2019-07-01,48,el teniente,LC,3,31.799,42.6,39.450475845411646,38.09729027110207,38.632523205449694,38.41260007593144,37.90959918930891,38.26658333333333,30.771615084998807,32.19101255382722,31.325529563214573,34.873948576373174,0.8,29.611984866240032
2019-07-01,54,el teniente,LC,3,26.984,42.6,39.450475845411646,38.09729027110207,38.632523205449694,38.41260007593144,37.76866785537,38.26658333333333,29.49409606139264,31.391012553827224,30.482930982024477,34.35456882047163,0.9,28.438482974949995
2019-07-01,60,el teniente,LC,3,26.477,42.6,39.29374632423674,38.09729027110207,38.632523205449694,38.41260007593144,37.8676471074357,38.26658333333333,28.976033206884402,31.02967922049389,30.121597648691143,34.134719773511236,1.0,27.59698859954326
2020-01-01,6,el teniente,LC,3,30.462,32.994,40.43337719736763,38.94667421257288,40.51505918918696,41.74698076271539,39.095474729168146,38.49530555555555,39.70780536714646,38.38067936606913,39.23963545177672,38.76977396108167,0.1,41.0687870648692
2020-01-01,9,el teniente,LC,3,42.38,32.994,39.44543139375887,39.12261410303727,40.51505918918696,41.75899940923449,39.21641973900234,38.49530555555555,39.5662130143154,39.45146513857536,40.149342625911245,39.002072316000465,0.15,40.79469338049859
2020-01-01,12,el teniente,LC,3,39.124,32.994,39.24537437342499,39.14870114784534,40.47904993591398,41.75855229107161,37.577988118089955,38.49530555555555,35.53798053708787,35.54146738953223,36.11499629888312,37.0175147594328,0.2,38.32414265876407
2020-01-01,18,el teniente,LC,3,41.2,32.994,40.68499442552459,39.35180791646543,40.76995131342827,41.75856830597133,38.895328291600435,38.49530555555555,37.97847812752628,37.27158858093459,37.91796737529728,38.06016945489299,0.3,39.01357941077307
2020-01-01,24,el teniente,LC,3,34.199,32.994,40.07167706725972,39.324783304148596,40.878159031479825,41.75856832813583,38.053762249583436,38.49530555555555,37.87239363081614,37.65022499226427,38.60229407257471,38.128307433547874,0.4,37.38360043660944
2020-01-01,30,el teniente,LC,3,28.068,32.994,40.92131960736594,39.55690338236372,41.32134445711129,41.758568328166504,38.78432063584589,38.49530555555555,38.503083950993606,38.0919850373303,39.214779444503996,38.39642002485875,0.5,37.316003629202726
2020-01-01,36,el teniente,LC,3,32.758,32.994,41.52322292664618,39.39468564892207,41.937263185527314,41.75856832816655,38.31761268749602,38.49530555555555,38.13513540010943,37.325338598163626,38.926078292133596,38.112771277346035,0.6,35.991379460581555
2020-01-01,42,el teniente,LC,3,31.799,32.994,42.43259733760476,39.58210248854843,42.57156682832197,41.75856832816655,38.72275903202432,38.49530555555555,36.24111994762936,35.92807163281678,37.71521545579117,37.289950672889304,0.7,35.3322758865207
2020-01-01,48,el teniente,LC,3,26.984,32.994,42.480479348072194,39.615717850305714,42.53965877479526,41.75856832816655,38.46393643441702,38.49530555555555,34.05846481640965,33.61143699457406,35.35103274175649,36.165128230523706,0.8,33.975235763338425
2020-01-01,54,el teniente,LC,3,26.477,32.994,42.49512123545428,39.59384814724215,42.53965877479526,41.75856832816655,38.688618764496624,38.49530555555555,31.91121743608711,31.7858172915105,33.51533380586392,35.171911459677176,0.9,33.09994394617445
2020-01-01,60,el teniente,LC,3,25.733,32.994,42.46310920987097,39.59384814724215,42.25343316165291,41.75856832816655,38.54508331096717,38.49530555555555,31.52063779079753,31.3880672915105,32.83135819272157,34.97482904835478,1.0,32.0625531314837
2020-07-01,6,el teniente,LC,3,39.124,39.561,36.93803104534484,36.54942497817053,38.20219899899123,38.30590832991217,37.05683057956253,37.867361111111116,34.36329814169438,34.39969425845295,35.17124817122565,36.124428655592396,0.1,33.09719291737284
2020-07-01,9,el teniente,LC,3,36.139,39.561,37.2462619472769,36.78570717314362,38.476550950186706,38.305932158863584,37.36561942189356,37.867361111111116,37.929800964970354,37.70026518096663,38.55696586172875,37.841197092039806,0.15,33.7927657676824
2020-07-01,12,el teniente,LC,3,41.2,39.561,37.53630171962416,37.06761165419087,38.54525942908689,38.305932200432586,37.23307466646239,37.867361111111116,34.54611177586948,34.176884417971316,34.78300653227941,36.114429604015754,0.2,32.56733659118185
2020-07-01,18,el teniente,LC,3,34.199,39.561,37.98723117630503,37.593720516803955,38.824913868272745,38.30593220050523,37.42928744233885,37.867361111111116,35.92501925280146,36.299183465086195,36.629336455082296,36.98973123502748,0.3,32.36828163302151
2020-07-01,24,el teniente,LC,3,28.068,39.561,38.3488005451648,38.26432431787793,39.001220984753324,38.30593220050523,37.52785393831594,37.867361111111116,35.41483838255799,35.89952100754075,35.84469721133327,36.76227040308024,0.4,31.632267549796097
2020-07-01,30,el teniente,LC,3,32.758,39.561,38.508846784340214,38.73001732340466,39.21222494818972,38.30593220050523,37.63798497514542,37.867361111111116,34.00359433776916,35.26030197090518,34.87630404668163,36.249654632724145,0.5,30.79874785053751
2020-07-01,36,el teniente,LC,3,31.799,39.561,38.93527490263819,38.84327989877417,39.51115335659834,38.30593220050523,37.693308762918875,37.867361111111116,34.47176029607956,35.860465128383,35.2663528047779,36.5167369116712,0.6,30.176289153720145
2020-07-01,42,el teniente,LC,3,26.984,39.561,38.3027854307992,38.91466653329735,39.487865262493955,38.30593220050523,37.7551235413467,37.867361111111116,31.222884051297925,34.43482135100234,33.44827079880492,35.348106906130624,0.7,29.012861098617137
2020-07-01,48,el teniente,LC,3,26.477,39.561,38.36717431808736,38.91466653329735,39.487865262493955,38.30593220050523,37.786175892994855,37.867361111111116,28.530266823142888,31.58489827865089,30.625832681103894,33.962471831004,0.8,27.7597257531015
2020-07-01,54,el teniente,LC,3,25.733,39.561,38.4243531979022,38.91466653329735,39.445973518683736,38.30593220050523,37.820871533225656,37.867361111111116,26.75360591131761,30.044872219263603,29.013981788579617,33.13330008820086,0.9,26.706782533078364
2020-07-01,60,el teniente,LC,3,30.507,39.561,38.00795836398652,38.86902947729433,39.445973518683736,38.30593220050523,37.83830071842223,37.867361111111116,25.907959386753568,29.532235163260584,28.604226911208087,32.79372919305909,1.0,25.803690879000875
2020-10-01,6,el teniente,LC,3,36.139,41.849,38.59605398814256,41.25444477171002,39.78058016557673,38.36998062347043,37.4463820421284,37.710750000000004,36.8147713942097,39.892098342250286,37.40842130927354,38.032092434115,0.1,34.892151822482276
2020-10-01,9,el teniente,LC,3,41.2,41.849,40.94075500119578,41.25444477171002,40.29610931573222,38.36996618313915,37.2823919925385,37.710750000000004,41.325827191394175,41.908791916038595,39.97352991698614,39.66402977685819,0.15,34.50109932609836
2020-10-01,12,el teniente,LC,3,37.414,41.849,40.80812741421654,41.25444477171002,40.37558114578602,38.36996615571049,38.95776391134049,37.710750000000004,38.926918841150275,39.53423679916192,37.682827160265305,38.47066391007805,0.2,35.14302876945067
2020-10-01,18,el teniente,LC,3,31.567,41.849,38.88010162239937,41.25444477171002,40.17890989706087,38.3699661556583,37.70837011915272,37.710750000000004,36.530219823428894,39.60987714247789,37.57827640802337,37.8903992414767,0.3,33.366446075041914
2020-10-01,24,el teniente,LC,3,38.725,41.849,40.94313801226113,41.270937803645936,40.43922191046464,38.3699661556583,38.56472602011604,37.710750000000004,36.78470278589465,37.60088099205196,35.986581935155705,37.451770944486654,0.4,33.01730661175178
2020-10-01,30,el teniente,LC,3,26.417,41.849,39.86268688586765,41.243392984335976,40.6686526921174,38.3699661556583,37.85694021878783,37.710750000000004,35.14983538300174,37.356627303352305,35.97968111616237,36.98199067158851,0.5,31.637279520233058
2020-10-01,36,el teniente,LC,3,31.479,41.849,41.841517669648674,41.243392984335976,41.12161442664211,38.3699661556583,38.342068738186356,37.710750000000004,36.93254301374345,37.5836673592143,36.29892174069202,37.48442759323944,0.6,31.147494368449557
2020-10-01,42,el teniente,LC,3,17.851,41.849,40.76621940566851,41.23070929583273,41.157195615997345,38.3699661556583,37.941105683617174,37.710750000000004,32.979837350950916,35.50906055503734,34.040222685840824,35.97759947649706,0.7,29.84789804502069
2020-10-01,48,el teniente,LC,3,35.989,41.849,41.195467642791264,41.23070929583273,41.16930826577236,38.3699661556583,38.21593263356676,37.710750000000004,31.016349010656313,33.04962466141112,31.615803570864983,34.87186841801686,0.8,29.025242180846963
2020-10-01,54,el teniente,LC,3,31.068,41.849,41.09284342407177,41.21613762380027,41.13525511332468,38.3699661556583,37.988785704612056,37.710750000000004,29.251995152267583,31.62769793988926,30.156433085123957,34.07529827303921,0.9,27.90149793715909
2020-10-01,60,el teniente,LC,3,22.708,41.849,41.05781955128221,41.21613762380027,41.07963088199025,38.3699661556583,38.144476102925964,37.710750000000004,29.724327342923665,32.04180411588976,30.555013122646585,34.29690786470336,1.0,27.17972294488876
2021-04-01,6,el teniente,LC,3,37.414,36.605,39.311646417386314,37.37559582983622,37.87100430942469,38.390569336521025,39.296916660567646,37.89416666666667,37.43382505285207,35.47709249434074,35.317499551796715,37.17481272013154,0.1,36.74706021634412
2021-04-01,9,el teniente,LC,3,34.199,36.605,38.97140811450714,37.37559582983622,37.80843212442821,38.39059271396146,37.82059040729079,37.89416666666667,39.33850499164922,37.928686986159285,37.66106273754125,38.26388132778546,0.15,36.43086282833827
2021-04-01,12,el teniente,LC,3,31.567,36.605,38.72627002810492,37.40422582452957,37.787405796590406,38.390592789410285,37.47631117733991,37.89416666666667,36.62893019201719,35.38112688067262,35.05624793103179,36.949597601505786,0.2,35.70262899898047
2021-04-01,18,el teniente,LC,3,38.725,36.605,39.614004052048635,37.42074245447085,38.123268779787416,38.390592789654576,38.80885973584706,37.89416666666667,36.55509084973117,34.6271923763133,34.66388151817515,36.742654139844454,0.3,34.876026207081516
2021-04-01,24,el teniente,LC,3,26.417,36.605,39.57442329384022,37.4383487540745,38.15049639372651,38.390592789654576,37.759557568671966,37.89416666666667,35.69317338377451,33.928880372187386,34.08905899910962,36.35259677232381,0.4,33.878330978760346
2021-04-01,30,el teniente,LC,3,31.479,36.605,39.80255305103563,37.46912889681386,38.43251532138334,38.390592789654576,38.52753414682623,37.89416666666667,33.842153636312325,32.01955931535128,32.3774464431194,35.41251157124924,0.5,32.81169330969873
2021-04-01,36,el teniente,LC,3,17.851,36.605,39.822340224678676,37.48033444786902,38.62665324775839,38.390592789654576,37.92279859135676,37.89416666666667,34.13428799538153,32.94851348571673,33.11540031313801,35.7177837036079,0.6,31.88953207118894
2021-04-01,42,el teniente,LC,3,35.989,36.605,40.01808386687693,37.48033444786902,38.75435644392741,38.390592789654576,38.3654001194062,37.89416666666667,30.07043933345206,29.236105627782575,29.32463741579363,33.773719573642,0.7,30.567607094604654
2021-04-01,48,el teniente,LC,3,31.068,36.605,40.01808386687693,37.48033444786902,38.75435644392741,38.390592789654576,38.01687792676343,37.89416666666667,30.54934394750536,29.719160576102965,29.825594096039325,34.01420946423542,0.8,29.72643539395787
2021-04-01,54,el teniente,LC,3,22.708,36.605,40.05208818799707,37.48033444786902,38.75435644392741,38.390592789654576,38.27195876933615,37.89416666666667,28.470669180154655,27.811937915402396,27.905758260708986,33.0177351072226,0.9,28.61749146413438
2018-01-01,6,escondida,LC,3,110.9,77.1,100.2272303747547,88.15754043421055,87.40816806045618,91.56913198299279,97.3440723212067,85.00833333333331,100.2272303747547,88.15754043421055,87.40816806045618,89.60035936890796,0.1,84.15292390936742
2018-01-01,9,escondida,LC,3,95.9,77.1,101.95597485639307,86.69898433423795,90.093565405224,91.12565535639563,120.17397269322728,85.00833333333331,101.95597485639307,86.69898433423795,90.093565405224,89.6679064643244,0.15,85.84373717779198
2018-01-01,12,escondida,LC,3,91.845,77.1,101.54573811916626,88.68639772765935,89.59579649651248,91.04383159952563,118.08397089657913,85.00833333333331,101.54573811916626,88.68639772765935,89.59579649651248,90.06220062837306,0.2,87.21294271667145
2018-01-01,18,escondida,LC,3,97.228,77.1,98.62498547931419,86.67509795949543,85.2750088351891,91.02594922942393,110.28679125624109,85.00833333333331,98.62498547931419,86.67509795949543,85.2750088351891,88.82918752636905,0.3,88.56336172464212
2018-01-01,24,escondida,LC,3,100.944,77.1,96.25260809347432,81.47370452119372,81.62366318803242,91.02534047456574,127.03955660428193,85.00833333333331,96.25260809347432,81.47370452119372,81.62366318803242,86.93574482033367,0.4,89.54725882023727
2018-01-01,30,escondida,LC,3,103.74,77.1,96.05134140428798,81.19744909153027,95.26786269909354,91.0253197512234,120.7413815733792,85.00833333333331,96.05134140428798,81.19744909153027,95.26786269909354,86.81636429062121,0.5,93.25655168337593
2018-01-01,36,escondida,LC,3,84.669,77.1,100.45025667142586,81.43779920234766,96.94755506848017,91.02531904575565,134.27344265453314,85.00833333333331,100.45025667142586,81.43779920234766,96.94755506848017,87.97618063511004,0.6,96.30310558778648
2018-01-01,42,escondida,LC,3,86.258,77.1,105.85990245924016,82.18501817952547,102.99451013712074,91.02531902173999,129.18608624219937,85.00833333333331,105.85990245924016,82.18501817952547,102.99451013712074,89.51539682635806,0.7,100.0748235352418
2018-01-01,48,escondida,LC,3,81.0,77.1,105.85990245924016,82.18501817952546,102.99451013712074,91.02531902092244,140.11662047680565,85.00833333333331,105.85990245924016,82.18501817952546,102.99451013712074,89.51539682635806,0.8,102.36975344192895
2018-01-01,54,escondida,LC,3,81.399,77.1,105.85990245924016,82.18501817952546,102.99451013712074,91.02531902089461,136.00730386243808,85.00833333333331,105.85990245924016,82.18501817952546,102.99451013712074,89.51539682635806,0.9,104.73905200907024
2018-01-01,60,escondida,LC,3,93.319,77.1,105.85990245924016,82.18501817952547,102.99451013712074,91.02531902089366,144.83645249951414,85.00833333333331,105.85990245924016,82.18501817952547,102.99451013712074,89.51539682635806,1.0,107.0443727917226
2018-07-01,6,escondida,LC,3,91.845,81.4,77.97213970213407,87.35595935272272,81.36673766490078,93.87045319757381,106.43317643953822,85.23333333333332,88.64490932737938,110.09841891851218,104.85856960444461,92.30249872813955,0.1,84.7140122473993
2018-07-01,9,escondida,LC,3,92.115,81.4,78.76349794733659,87.71919103879253,80.44547776899664,93.20204767104043,106.35563723125857,85.23333333333332,72.70752309094352,96.92020670455459,86.25191236377265,85.02359911554119,0.15,82.36462240205034
2018-07-01,12,escondida,LC,3,97.228,81.4,79.85646683391124,87.76007463897159,80.3923435903311,93.05586069183617,106.56687808914171,85.23333333333332,70.15572871474498,90.91867691131223,82.64154709381862,82.88526807318097,0.2,82.23581054220436
2018-07-01,18,escondida,LC,3,100.944,81.4,74.10419543785385,86.87189234085382,75.61986696362253,93.01689541823832,105.34759533440081,85.23333333333332,72.70720995853965,97.42479438135838,87.57285812843342,85.14966775164118,0.3,85.90379121779628
2018-07-01,24,escondida,LC,3,103.74,81.4,77.60012131829585,81.86549605147549,74.44959517625814,93.01503155067775,105.4139441152624,85.23333333333332,82.29151322482153,101.33579153028177,93.76993198822572,88.52349285544248,0.4,90.17187760991743
2018-07-01,30,escondida,LC,3,84.669,81.4,79.08953723466733,86.31265400948246,81.03088807052336,93.01494239430944,104.80916849758776,85.23333333333332,86.77819583037935,108.85520491795218,89.50302537142981,91.52501685374955,0.5,95.18662421161953
2018-07-01,36,escondida,LC,3,86.258,81.4,88.50614758969816,91.76161394700969,85.54204660786327,93.01493812959761,104.84207811173404,85.23333333333332,72.7248909182723,94.99281474466203,73.2634915393831,84.54609308240023,0.6,93.517426446948
2018-07-01,42,escondida,LC,3,81.0,81.4,93.22614871505313,92.39988173439593,87.76975296750173,93.01493792559911,104.54210376459062,85.23333333333332,73.62424625581296,96.47286355487046,71.03324283038098,85.14094411933752,0.7,96.44781550989255
2018-07-01,48,escondida,LC,3,81.399,81.4,91.21658584950168,92.39988173439593,87.76975296750173,93.01493791584103,104.55842724015703,85.23333333333332,66.35668339026152,91.21486355487048,65.77524283038099,82.00955340294966,0.8,96.74138689908911
2018-07-01,54,escondida,LC,3,93.319,81.4,91.21658584950168,92.39988173439593,87.76975296750173,93.01493791537425,104.40963716609599,85.23333333333332,66.75568339026152,91.61386355487048,66.17424283038099,82.20905340294966,0.9,99.10637685789757
2018-07-01,60,escondida,LC,3,82.383,81.4,91.21658584950168,92.39988173439593,87.76975296750173,93.01493791535194,104.41773376222692,85.23333333333332,78.67568339026153,103.53386355487046,78.09424283038099,88.16905340294966,1.0,104.85158992246778
2019-01-01,6,escondida,LC,3,97.228,107.0,77.6167642308669,81.04052307642117,82.77569683266657,97.34338411639278,94.61670553714838,88.03458333333333,89.88957919242253,94.65627318295454,99.76074396998808,90.15375476051094,0.1,84.0225604121042
2019-01-01,9,escondida,LC,3,108.036,107.0,74.96653256604453,79.44905651319452,81.37429222069271,97.35116418039985,91.43533077461409,88.03458333333333,78.6142961641797,86.24746882667928,90.1122706335824,85.23273291438142,0.15,82.1843123205094
2019-01-01,12,escondida,LC,3,100.944,107.0,73.45554211705488,79.74111870198203,80.14144717245343,97.351462392302,93.39309751869759,88.03458333333333,77.29093964051611,86.05438251866656,89.68387712903163,84.85362220646233,0.2,82.90054886983691
2019-01-01,18,escondida,LC,3,103.74,107.0,78.72031750090868,80.56495534041348,82.21776710375771,97.35147426097836,92.6602930991486,88.03458333333333,91.44172704232466,92.87746019023885,100.8563292043519,90.09708847480755,0.3,89.05361311570863
2019-01-01,24,escondida,LC,3,84.669,107.0,82.11696391466758,83.58855243174138,84.54520463217848,97.35147427841592,91.97911225161505,88.03458333333333,97.5325992087825,104.26095214540678,108.8505754500332,94.46567950521398,0.4,94.45189206068248
2019-01-01,30,escondida,LC,3,86.258,107.0,86.16120564112808,83.52420031722319,89.54682749858435,97.35147427844153,91.5711610723165,88.03458333333333,92.79526632165042,93.97364876671682,95.6019521137759,90.70952043875847,0.5,94.15229394656274
2019-01-01,36,escondida,LC,3,81.0,107.0,89.13480942519236,85.76674049265657,93.92778009855759,97.35147427844157,91.1919486622195,88.03458333333333,80.12010729463034,84.63053391797789,88.14647926038586,85.20495196981872,0.6,92.91232851197249
2019-01-01,42,escondida,LC,3,81.399,107.0,94.57952362751107,86.05883185402323,98.45652200403525,97.35147427844157,90.96484282026306,88.03458333333333,78.66549804036441,82.39538189706252,86.703390451724,84.2825116510234,0.7,94.71766347566697
2019-01-01,48,escondida,LC,3,93.319,107.0,94.63337862924666,86.05883185402323,98.45652200403525,97.35147427844157,90.75373581029316,88.03458333333333,77.29463447487575,79.96588189706253,84.27389045172401,83.33242075965123,0.8,96.47118726868581
2019-01-01,54,escondida,LC,3,82.383,107.0,96.96479513294832,86.05883185402323,98.98722413543248,97.35147427844157,90.6273063107157,88.03458333333333,85.7855509785774,86.12538189706254,90.96409258312124,86.99502488557665,0.9,101.38517249950898
2019-01-01,60,escondida,LC,3,97.522,107.0,96.96479513294832,86.05883185402323,98.98722413543248,97.35147427844157,90.50978333817628,88.03458333333333,86.27755097857741,86.61738189706253,91.45609258312125,87.24102488557665,1.0,103.95914546404443
2019-07-01,6,escondida,LC,3,100.944,110.9,83.28650312679991,90.54500384831101,90.61360408635237,97.5574774908154,97.20283518102534,89.64966666666668,98.00545835754802,105.01799622719287,106.75440323367786,95.58069697951856,0.1,88.30231471941981
2019-07-01,9,escondida,LC,3,102.641,110.9,81.88726715668437,90.54500384831101,88.37578206750972,97.55790699306091,97.43094919834674,89.64966666666668,95.34226536675965,104.60625988623602,103.08833693587194,94.81196464658225,0.15,88.99985844688823
2019-07-01,12,escondida,LC,3,103.74,110.9,82.31049083452494,90.53860470729553,87.68322400213975,97.5579227828018,95.79835792771311,89.64966666666668,94.03024181114748,101.81507435109121,100.97902824904075,93.786162373893,0.2,89.75608595486241
2019-07-01,18,escondida,LC,3,84.669,110.9,87.13118250259032,91.26670831440433,87.88432947334627,97.55792338461819,94.90138514591887,89.64966666666668,103.95201636323141,107.20005976748341,107.48411517248982,97.61285236601205,0.3,94.18058378527257
2019-07-01,24,escondida,LC,3,86.258,110.9,89.6167997229976,92.57116493908,92.32893803747828,97.55792338543155,94.12873145009866,89.64966666666668,100.74456861418501,106.71291393760981,108.57378370532193,96.68920397128204,0.4,96.08917977436684
2019-07-01,30,escondida,LC,3,81.0,110.9,90.1824740705816,92.56328961185255,94.14202845297862,97.55792338543266,93.63527435086024,89.64966666666668,94.63744597722047,100.44085513910724,97.0825023635782,93.59440861241526,0.5,96.70885693462611
2019-07-01,36,escondida,LC,3,81.399,110.9,90.82351722831609,92.9928040709628,95.63756825284558,97.55792338543266,93.21020966752323,89.64966666666668,82.10211266621063,90.64641952362483,87.4741076612119,88.0119663807922,0.6,96.04238809435354
2019-07-01,42,escondida,LC,3,93.319,110.9,91.31285452320978,92.97528811130175,96.32211282003507,97.55792338543266,92.93874110824129,89.64966666666668,76.30999625594166,88.9797108553202,82.80085111714916,86.1472601111488,0.7,97.36368931901208
2019-07-01,48,escondida,LC,3,82.383,110.9,91.31285452320978,92.97528811130175,96.20703779968466,97.55792338543266,92.70489768524621,89.64966666666668,79.31556554388028,91.33337752198688,85.03944276346542,87.48706909980012,0.8,100.39507644868623
2019-07-01,54,escondida,LC,3,97.522,110.9,91.69872915531876,93.04596028121897,96.20703779968466,97.55792338543266,92.5555530334166,89.64966666666668,79.38530134142204,91.86504969190409,85.32354205299967,87.63742109166486,0.9,102.78193757435906
2019-07-01,60,escondida,LC,3,106.47,110.9,91.17596584309165,93.04596028121897,96.20703779968466,97.55792338543266,92.42690732695903,89.64966666666668,84.23687136252826,97.23938302523743,90.69787538633301,90.19389693027476,1.0,106.47389095496105
2020-01-01,6,escondida,LC,3,103.74,91.845,100.68794590812016,98.57292841137459,92.39319745490607,101.8780580307949,102.00937762157207,93.88219444444445,116.14153654948126,112.02742173345823,107.0813957938121,103.98333679295709,0.1,87.39413973116154
2020-01-01,9,escondida,LC,3,99.887,91.845,99.50341200002144,98.57292841137459,92.39319745490607,101.87915534121291,96.48347063945495,93.88219444444445,114.78309386840681,112.14286947774059,106.99391808930031,103.67258805875908,0.15,88.95502632718225
2020-01-01,12,escondida,LC,3,84.669,91.845,99.68084030645387,98.72335560830847,92.39319745490607,101.87919360162891,100.08296367150264,93.88219444444445,113.82803083028955,110.48105666433133,106.37924463954688,103.01836909587745,0.2,89.29582531639457
2020-01-01,18,escondida,LC,3,86.258,91.845,101.47802445289848,98.83136284034339,91.8840723454599,101.87919498218673,98.42198837035902,93.88219444444445,113.47810422273172,109.13194935155163,105.780079251481,102.59361061579307,0.3,91.4633338778959
2020-01-01,24,escondida,LC,3,81.0,91.845,101.15195093792309,98.5186467845833,92.24083194346662,101.87919498386513,97.3752969866592,93.88219444444445,108.65807767556424,107.54666729871064,102.90673168497977,100.99228346579095,0.4,92.88889551192729
2020-01-01,30,escondida,LC,3,81.399,91.845,101.82923348334181,99.00627201527817,98.29234476772237,101.87919498386717,96.47282817674648,93.88219444444445,102.87484389567555,102.02362375775604,97.2121930874274,98.16571413558012,0.5,93.58519082052096
2020-01-01,36,escondida,LC,3,93.319,91.845,104.36007502628881,99.96678352060061,99.80336776230901,101.87919498386717,95.90412235267848,93.88219444444445,95.46289229763069,95.30854409235643,90.12113025537235,94.633956319719,0.6,93.83861873081267
2020-01-01,42,escondida,LC,3,82.383,91.845,106.00928107446687,100.08604345277567,99.83393448773074,101.87919498386717,95.41377794340008,93.88219444444445,95.25867374321334,97.17528848296408,88.94221000555754,95.04958777876658,0.7,96.32665857353034
2020-01-01,48,escondida,LC,3,97.522,91.845,106.27732732058567,100.08604345277567,99.92964684790216,101.87919498386717,95.1047792076069,93.88219444444445,95.0468969552861,96.20653848296408,88.09794112081657,94.75445608178477,0.8,98.40966241145927
2020-01-01,54,escondida,LC,3,106.47,91.845,106.81140923311786,100.08604345277567,100.13241016913736,101.87919498386717,94.83835710296503,93.88219444444445,99.03215608386563,100.31937044048478,92.29852890920246,96.77897885330982,0.9,101.82998789406919
2020-01-01,60,escondida,LC,3,109.412,91.845,106.73094706556654,100.08604345277567,100.13241016913736,101.87919498386717,94.67046675494854,93.88219444444445,105.35013474437109,106.58712044048477,98.56627890920245,99.9254110184362,1.0,105.88229799092552
2020-07-01,6,escondida,LC,3,84.669,97.228,93.73835229348605,100.47184862533635,95.2586666225917,101.69596876131304,100.95599871859726,101.37255555555555,106.7116356249509,112.26885760072834,109.27858580273531,105.43140108419759,0.1,90.94265407607857
2020-07-01,9,escondida,LC,3,85.661,97.228,93.57948909080147,100.47184862533635,96.3572740968494,101.69362223977174,100.70633768888764,101.37255555555555,105.87995218550547,111.59061579615422,109.53661111338357,105.0539197731927,0.15,91.80146558278432
2020-07-01,12,escondida,LC,3,86.258,97.228,94.2318842644706,100.47184862533635,96.46146146469249,101.69354137672963,99.21556244932873,101.37255555555555,102.54726862224835,107.06713834849295,106.10545972142393,103.0898795204631,0.2,91.69316542897432
2020-07-01,18,escondida,LC,3,81.0,97.228,94.23962553337056,100.5071721673264,96.75868655678377,101.69353849409465,98.58714692844165,101.37255555555555,100.79568445865745,106.23296880822431,106.75027761250867,102.44344109449821,0.3,93.4972090612282
2020-07-01,24,escondida,LC,3,81.399,97.228,95.5793403223752,100.7094364995795,96.90216709434353,101.69353849067137,97.63763107436785,101.37255555555555,97.55385152490351,104.42812355396471,103.18672049886074,101.18177154749483,0.4,94.73232376973036
2020-07-01,30,escondida,LC,3,93.319,97.228,100.48033304663065,100.87410466801195,96.90216709434353,101.69353849066731,97.29479137336367,101.37255555555555,97.23077467982928,99.76653165893862,92.65937679656308,99.93560436246975,0.5,95.21941122176659
2020-07-01,36,escondida,LC,3,82.383,97.228,102.70980011410755,101.1729405997407,97.72088855950956,101.69353849066731,96.7767714952901,101.37255555555555,93.3838389259233,96.11679235302523,88.67822500149843,98.0614355975149,0.6,96.06517231788452
2020-07-01,42,escondida,LC,3,97.522,97.228,103.46347464794981,101.1729405997407,97.64529423869422,101.69353849066731,96.58973114272412,101.37255555555555,90.13773256805361,95.30372793333629,85.44172775540952,97.04664290312525,0.7,97.4102200365415
2020-07-01,48,escondida,LC,3,106.47,97.228,103.58776502887599,101.1729405997407,97.64529423869422,101.69353849066731,96.30711912215801,101.37255555555555,92.8523552725192,97.5565279333363,87.69840028744531,98.28849857924165,0.8,100.15077753134362
2020-07-01,54,escondida,LC,3,109.412,97.228,103.72465739676989,101.1729405997407,97.64529423869422,101.69353849066731,96.20507699172347,101.37255555555555,97.43297303074453,102.63639349935285,92.64570719691882,100.70361941030212,0.9,103.66001578935891
2020-07-01,60,escondida,LC,3,114.78,97.228,102.4354107472337,101.1729405997407,97.64529423869422,101.69353849066731,96.05089457991048,101.37255555555555,101.86697147716403,108.23899349935284,98.24830719691883,103.212769021907,1.0,107.2876158706948
2020-10-01,6,escondida,LC,3,85.661,108.036,95.89622011363655,102.178871737657,97.55952960117908,99.20265808019803,99.7037890838793,100.97919444444445,105.19573084094291,109.37590444626093,107.47785114753347,104.13250604402319,0.1,89.52978197904258
2020-10-01,9,escondida,LC,3,86.258,108.036,99.39035030557754,102.178871737657,98.32369668255596,99.20179417463584,98.2015575068032,100.97919444444445,108.32098803603063,108.97603627578252,107.52376518019287,104.81385330017551,0.15,90.97966690509253
2020-10-01,12,escondida,LC,3,84.651,108.036,99.43904808885549,102.178871737657,98.77135822212077,99.20176292983984,94.50274972240534,100.97919444444445,105.03955434292519,105.30597173606478,105.10744652528155,103.07597874196972,0.2,91.51965401037599
2020-10-01,18,escondida,LC,3,87.9,108.036,96.1189110235449,102.31187100169828,99.21871452715632,99.20176175894245,97.30927336929606,100.97919444444445,99.37568920572221,103.83217284122547,104.9185926474631,101.29156273395915,0.3,91.8562593532466
2020-10-01,24,escondida,LC,3,99.734,108.036,100.92277215705609,102.45600977667505,100.13404099040469,99.20176175741086,94.37695468210421,100.97919444444445,100.20480810543381,102.33650957206615,102.78730764511177,101.12492664159721,0.4,93.91470715042945
2020-10-01,30,escondida,LC,3,105.142,108.036,99.68657706940934,102.64140495096775,101.33243069809197,99.20176175740889,95.95925932376525,100.97919444444445,95.78505625596976,100.45924333207132,97.19957760088434,99.5506721192325,0.5,94.74989223637768
2020-10-01,36,escondida,LC,3,88.354,108.036,103.68037179675628,103.02812878784475,101.85117920639152,99.20176175740889,94.30603203857662,100.97919444444445,92.52093745425147,95.6830151489584,91.75931148146398,97.5405853730247,0.6,95.92797377753709
2020-10-01,42,escondida,LC,3,97.98,108.036,102.17415269261217,103.43008438153741,102.19287313626629,99.20176175740889,95.19812784606874,100.97919444444445,90.0791218513737,97.93058372624363,92.00268536041332,97.49202361662655,0.7,97.20432119976111
2020-10-01,48,escondida,LC,3,107.976,108.036,103.81438682762452,103.43008438153741,102.43278645685862,99.20176175740889,94.2660461905412,100.97919444444445,95.34858452584785,101.2992503929103,95.61449245770217,99.65155595191176,0.8,99.86075689752364
2020-10-01,54,escondida,LC,3,128.36,108.036,103.40986289821943,103.55128203678537,102.43278645685862,99.20176175740889,94.7690055504465,100.97919444444445,99.11468302706999,106.14400268650537,100.22758154893009,101.80426865061605,0.9,102.1800491305504
2020-10-01,60,escondida,LC,3,120.612,108.036,103.52667608145103,103.55128203678537,102.29427381527569,99.20176175740889,94.24350236019892,100.97919444444445,105.11040823185402,111.70750268650538,105.65256890734716,104.69407495181207,1.0,104.98259120904237
2021-04-01,6,escondida,LC,3,84.651,102.641,93.39804154656997,87.49466839471299,92.17993590816862,89.69310465285075,84.35572105450107,97.99500000000002,99.90687643945593,91.30385761099393,98.98156443344679,96.80018351261248,0.1,92.8447629978841
2021-04-01,9,escondida,LC,3,81.0,102.641,92.5357503562157,87.49466839471299,92.09769812172992,89.69495186828556,88.6223196975455,97.99500000000002,98.31453265295012,91.04639917915529,98.25980016505356,96.33773295802635,0.15,93.06138625210482
2021-04-01,12,escondida,LC,3,87.9,102.641,92.54640643591249,87.56168998557246,92.09769812172992,89.69499183129027,88.31872107258714,97.99500000000002,95.23426206956431,87.73807973597098,95.51143692127904,94.74058545138382,0.2,92.99299248388917
2021-04-01,18,escondida,LC,3,99.734,102.641,95.78063809173563,87.94082315004432,93.09474424938149,89.6949927145616,86.80093680794317,97.99500000000002,97.39803210166691,87.18510029796788,96.36339484862212,95.1432830999087,0.3,94.80434649385127
2021-04-01,24,escondida,LC,3,105.142,102.641,96.99225834810484,88.25939399086873,93.1478226128705,89.694992714975,88.91086423211952,97.99500000000002,96.2070359957063,87.7681067045361,95.36490246113304,94.99128567506061,0.4,96.21574504504326
2021-04-01,30,escondida,LC,3,88.354,102.641,98.18126302226698,88.38554808436228,94.2816801117817,89.6949927149752,88.10278575839534,97.99500000000002,95.61644845797457,86.87235170374137,91.2834587858763,94.619700040429,0.5,97.59632817367512
2021-04-01,36,escondida,LC,3,97.98,102.641,100.57680082372093,88.60915873681832,95.20636169174242,89.6949927149752,89.22612520281696,97.99500000000002,88.82208970203735,80.21704293379506,84.62802089803431,91.2572831589581,0.6,97.21547670247979
2021-04-01,42,escondida,LC,3,107.976,102.641,103.28429840805008,88.60915873681832,95.87746217727174,89.6949927149752,88.79589882947299,97.99500000000002,92.31796444518679,83.11671754920401,86.54117649278831,92.85617049859772,0.7,99.69519327360591
2021-04-01,48,escondida,LC,3,128.36,102.641,103.28429840805008,88.60915873681832,95.69208608590989,89.6949927149752,89.39397224798694,97.99500000000002,96.62241260258087,87.43214612063258,90.63972173565313,95.01113968080338,0.8,102.45006436371682
2021-04-01,54,escondida,LC,3,120.612,102.641,103.50362973841865,88.66490441350308,95.69208608590989,89.6949927149752,89.16491685505254,97.99500000000002,103.3863522919735,94.4313389651509,97.50579809956278,98.45192281428112,0.9,106.02600945772367
2018-01-01,6,franke,SM,0,1.8,1.7,1.2720417024297195,1.343068244772513,1.2454239178385913,1.580054167385001,1.3838564342310635,1.5888888888888888,1.2720417024297195,1.343068244772513,1.2454239178385913,1.4763553227737798,0.1,1.0344140265708568
2018-01-01,9,franke,SM,0,1.9,1.7,1.2572466217944764,1.3166362851374627,1.2174583721199346,1.5832065394501964,1.4124086494099595,1.5888888888888888,1.2572466217944764,1.3166362851374627,1.2174583721199346,1.468109914719721,0.15,1.0326344718869347
2018-01-01,12,franke,SM,0,1.793,1.7,1.2859819060043907,1.3087085581838254,1.1776581377076363,1.5834725524364406,1.2125500683715371,1.5888888888888888,1.2859819060043907,1.3087085581838254,1.1776581377076363,1.4722714261709764,0.2,1.0334856473222038
2018-01-01,18,franke,SM,0,1.65,1.7,1.3214349467371258,1.3255457178588046,1.1146599326461957,1.5834968941819225,1.2935945607872728,1.5888888888888888,1.3214349467371258,1.3255457178588046,1.1146599326461957,1.456189610593427,0.3,1.0371509100760212
2018-01-01,24,franke,SM,0,1.101,1.7,1.3827591543838809,1.3495258153509189,1.0952072282106569,1.5834970675154016,1.2446844929014174,1.5888888888888888,1.3827591543838809,1.3495258153509189,1.0952072282106569,1.4552410464759955,0.4,1.0446781645358
2018-01-01,30,franke,SM,0,1.243,1.7,1.4264797787707706,1.3543837350491152,1.1124371221866203,1.58349706874968,1.267823689194209,1.5888888888888888,1.4264797787707706,1.3543837350491152,1.1124371221866203,1.4698146097015212,0.5,1.0521040620786097
2018-01-01,36,franke,SM,0,1.088,1.7,1.42183671088082,1.3543837350491152,1.0574352443205615,1.583497068758469,1.2538592651134326,1.5888888888888888,1.42183671088082,1.3543837350491152,1.0574352443205615,1.468421689334536,0.6,1.0521282202323574
2018-01-01,42,franke,SM,0,0.887,1.7,1.4242804102201052,1.3543837350491152,1.1219714639635316,1.5834970687585317,1.260465789370871,1.5888888888888888,1.4242804102201052,1.3543837350491152,1.1219714639635316,1.4691547991363216,0.7,1.0584016656448172
2018-01-01,48,franke,SM,0,0.864,1.7,1.4242804102201052,1.3543837350491152,1.1219714639635316,1.583497068758532,1.256478775074288,1.5888888888888888,1.4242804102201052,1.3543837350491152,1.1219714639635316,1.4691547991363216,0.8,1.0614082136335423
2018-01-01,54,franke,SM,0,0.760445,1.7,1.4242804102201052,1.3543837350491152,1.1219714639635316,1.583497068758532,1.2583650187541395,1.5888888888888888,1.4242804102201052,1.3543837350491152,1.1219714639635316,1.4691547991363216,0.9,1.0644344727314023
2018-01-01,60,franke,SM,0,1.251,1.7,1.4242804102201052,1.3543837350491152,1.1219714639635316,1.583497068758532,1.2572266772866214,1.5888888888888888,1.4242804102201052,1.3543837350491152,1.1219714639635316,1.4691547991363216,1.0,1.0674505810870054
2018-07-01,6,franke,SM,0,1.793,1.7,1.6212421723415564,1.635552448933319,1.6268183586081115,1.5955658420275272,1.5520430808944872,1.594444444444444,2.149200469911837,2.0924842041608063,2.1813944407695205,1.8050036014811952,0.1,1.106094464478455
2018-07-01,9,franke,SM,0,1.604,1.7,1.6266511015557275,1.635552448933319,1.6116952803771283,1.5938240938429693,1.5673391869020077,1.594444444444444,2.269404479761251,2.218916163795856,2.2942369082571936,1.8543307953780879,0.15,1.1108807952018929
2018-07-01,12,franke,SM,0,1.65,1.7,1.6868316916248578,1.6367836679752144,1.621085385890998,1.5936557343696391,1.6273257251147353,1.594444444444444,2.193849785620467,2.1210751097913887,2.236427248183362,1.8196516457490377,0.2,1.104941509751377
2018-07-01,18,franke,SM,0,1.101,1.7,1.6614604830088504,1.6347660424430552,1.6577937015670263,1.5936378874926744,1.5918132204367699,1.594444444444444,1.9900255362717245,1.9592203245842505,2.1931337689208306,1.7845336874362159,0.3,1.094176999991487
2018-07-01,24,franke,SM,0,1.243,1.7,1.6192315266069708,1.6301683052165457,1.6458710188604349,1.5936377207423784,1.6078615722722862,1.594444444444444,1.33747237222309,1.3816424898656268,1.651663790649778,1.4535122364043926,0.4,1.05753489870629
2018-07-01,30,franke,SM,0,1.088,1.7,1.587354406457083,1.6323899985860817,1.6459034294815813,1.5936377191843658,1.6005992296859155,1.594444444444444,1.4038746276863125,1.5210062635369666,1.7764663072949611,1.5152420451447615,0.5,1.059615356596288
2018-07-01,36,franke,SM,0,0.887,1.7,1.6051886159087367,1.6318112929070132,1.6686508144773788,1.5936377191698088,1.6038927535065102,1.594444444444444,1.2713519050279167,1.365427557857898,1.6992155701568175,1.428811616643522,0.6,1.0505278672362879
2018-07-01,42,franke,SM,0,0.864,1.7,1.6003817924901864,1.631811292907013,1.741887549815489,1.5936377191696727,1.602402795491281,1.594444444444444,1.0631013822700812,1.1644275578578978,1.5069160858519575,1.3060364598161713,0.7,1.0367752174603668
2018-07-01,48,franke,SM,0,0.760445,1.7,1.5955034854052133,1.6318112929070132,1.8679581556872098,1.5936377191696716,1.6030785199641433,1.594444444444444,1.0352230751851081,1.1414275578578978,1.609986691723678,1.2907729676906794,0.8,1.0346732741295404
2018-07-01,54,franke,SM,0,1.251,1.7,1.5955034854052133,1.631811292907013,1.8679581556872098,1.5936377191696716,1.6027728295141543,1.594444444444444,0.9316680751851081,1.0378725578578978,1.5064316917236782,1.2286399676906794,0.9,1.0263641167308426
2018-07-01,60,franke,SM,0,0.951,1.7,1.5955034854052133,1.6318112929070132,1.8679581556872098,1.5936377191696716,1.6029114660108035,1.594444444444444,1.422223075185108,1.5284275578578979,1.996986691723678,1.5229729676906794,1.0,1.0505094327692164
2019-01-01,6,franke,SM,0,1.65,1.1,1.6242356327938068,1.6810325796201557,1.7926924886955053,1.6274585095290521,1.6843374544293956,1.5970277777777777,1.9740936954081687,1.9882222327672396,2.153071350472154,1.7506798523017482,0.1,1.2003428955917725
2019-01-01,9,franke,SM,0,1.468,1.1,1.6083690977934417,1.6810325796201557,1.7637477342224976,1.6237673876960166,1.6858351272638292,1.5970277777777777,1.9184202361183398,1.956938212584765,2.101170907973966,1.7332883564072876,0.15,1.1938870270365574
2019-01-01,12,franke,SM,0,1.101,1.1,1.6630202570313324,1.6810325796201557,1.7684007273971671,1.6231735345011113,1.6665045369471922,1.5970277777777777,1.898113458216708,1.929786466540636,2.09052896559785,1.7237966516181356,0.2,1.1916201715660482
2019-01-01,18,franke,SM,0,1.243,1.1,1.7263738269823141,1.682273149324812,1.7735373912490089,1.6230626196426194,1.6569840024940996,1.5970277777777777,1.610426112109326,1.577617269173882,1.7628105741423978,1.595524734209691,0.3,1.1553379035185494
2019-01-01,24,franke,SM,0,1.088,1.1,1.684002736731906,1.6836039958771285,1.7878601092643136,1.6230597486560314,1.6546157299658775,1.5970277777777777,1.3550073962364801,1.3657569355933963,1.5893209857287678,1.455040410660074,0.4,1.1284612777301102
2019-01-01,30,franke,SM,0,0.887,1.1,1.7075442654409543,1.6851342031564336,1.6773911109789663,1.623059674341696,1.653066315500709,1.5970277777777777,1.3661271728270274,1.357247336338835,1.4637208351448656,1.4558234638608698,0.5,1.1249988153487114
2019-01-01,36,franke,SM,0,0.864,1.1,1.7081983428544087,1.6867198769657459,1.751214118678601,1.6230596724180992,1.652673111861798,1.5970277777777777,1.1821856794596304,1.1811223629876817,1.3756710892796309,1.3478035238453048,0.6,1.1059260053066935
2019-01-01,42,franke,SM,0,0.760445,1.1,1.7799177582102346,1.6867198769657459,1.8502863125468287,1.6230596723683075,1.6524140472533315,1.5970277777777777,1.1430866568550888,1.0691223629876818,1.2938568056573183,1.3024738170639423,0.7,1.09798793786046
2019-01-01,48,franke,SM,0,1.251,1.1,1.8634494833703898,1.6867198769657459,1.9253509292242847,1.6230596723670188,1.652348262526248,1.5970277777777777,1.1657800355577306,1.0058448629876817,1.242608619398914,1.290298580674735,0.8,1.0960451042339663
2019-01-01,54,franke,SM,0,0.951,1.1,1.9480130591114249,1.6867198769657459,2.1044669120528186,1.6230596723669857,1.652304910607404,1.5970277777777777,1.4438436112987656,1.1993448629876817,1.615224602227448,1.4317676533970451,0.9,1.1282734039945752
2019-01-01,60,franke,SM,0,1.114,1.1,1.9480130591114249,1.6867198769657459,2.1044669120528186,1.6230596723669848,1.6522939019745626,1.5970277777777777,1.5391211112987655,1.2946223629876816,1.7105021022274478,1.4889341533970453,1.0,1.1386978990857821
2019-07-01,6,franke,SM,0,1.101,1.8,1.6828286067072638,1.6069918861423003,1.6365401236873454,1.6191913211371969,1.6443891190051816,1.6220277777777778,1.924655437518903,1.8014407950336375,1.8292285353066093,1.7184359131771747,0.1,1.1657983616737626
2019-07-01,9,franke,SM,0,1.125,1.8,1.6955213078469962,1.6069918861423003,1.6355690914384076,1.6185729423454374,1.6305586373320493,1.6220277777777778,1.8554323674657809,1.7199181149119878,1.7619352958652208,1.6882867631422203,0.15,1.154657286987823
2019-07-01,12,franke,SM,0,1.243,1.8,1.7139762669857666,1.6069918861423003,1.642171008839008,1.6184789085789468,1.635780974645684,1.6220277777777778,1.6833649820989063,1.579483617549235,1.634456258507074,1.625786386596295,0.2,1.131069733327174
2019-07-01,18,franke,SM,0,1.088,1.8,1.663458047660543,1.6021551913534462,1.6492213361814032,1.618462434920488,1.6352260540932835,1.6220277777777778,1.4250349620844462,1.385960221477889,1.465224327693993,1.5137626847794727,0.3,1.0969371662828105
2019-07-01,24,franke,SM,0,0.887,1.8,1.6692963507352852,1.6021551913534462,1.6450573911130155,1.6184620539875298,1.634186895822125,1.6220277777777778,1.2512985448276994,1.1917224858719153,1.2794112723345472,1.3817174203209956,0.4,1.0686550182426058
2019-07-01,30,franke,SM,0,0.864,1.8,1.6721530726812126,1.6012501397637453,1.6589290650545734,1.6184620451789267,1.6341198760766116,1.6220277777777778,1.1710269224582768,1.1166141608332019,1.2530185108388507,1.3351034360985548,0.5,1.057475199427851
2019-07-01,36,franke,SM,0,0.760445,1.8,1.6757998472223647,1.5997697657794903,1.6641145044026031,1.6184620449752385,1.633993528933855,1.6220277777777778,1.0437252906743764,0.9884647974721988,1.1180144452437561,1.258468137555084,0.6,1.037011295610584
2019-07-01,42,franke,SM,0,1.251,1.8,1.678169218170945,1.5997697657794903,1.5728317151212552,1.6184620449705283,1.6339853801546267,1.6220277777777778,0.9137908978641031,0.879279797472199,0.8385982730126387,1.1867323197120019,0.7,1.0122942667076793
2019-07-01,48,franke,SM,0,0.951,1.8,1.6904990981822867,1.5963561791943797,1.5852216030233235,1.6184620449704192,1.6339700147833849,1.6220277777777778,1.0212363051837174,0.9971995442204216,0.9052764200649813,1.254341865932353,0.8,1.0261103994573642
2019-07-01,54,franke,SM,0,1.114,1.8,1.6801366281054309,1.5963561791943797,1.587407721221294,1.6184620449704168,1.633969023790888,1.6220277777777778,1.0116859765265165,1.0261995442204217,0.8767572106534406,1.2601767673351927,0.9,1.0243545207601141
2019-07-01,60,franke,SM,0,0.901,1.8,1.6440277665668965,1.5963561791943797,1.5397327709886115,1.6184620449704168,1.633967155160042,1.6220277777777778,1.0934287816546489,1.1440512108870882,0.9469339270874247,1.3200551088736323,1.0,1.0363334318420734
2020-01-01,6,franke,SM,0,1.243,1.793,1.5731566079502821,1.4519439468674822,1.4378595175009958,1.5897130888173647,1.578578755442277,1.614611111111111,1.6090695793821954,1.47128265700041,1.4484907952936075,1.5848371139431876,0.1,1.1203146606878538
2020-01-01,9,franke,SM,0,1.045,1.793,1.539150853031529,1.4500808080396654,1.4212477585974468,1.5966561327569357,1.5898988162085388,1.614611111111111,1.5164538207838685,1.4142775080813559,1.3883801390579547,1.5549129324397115,0.15,1.1098562796527818
2020-01-01,12,franke,SM,0,1.088,1.793,1.5085266087685625,1.4508630993544618,1.401659327930673,1.5975344771922897,1.5827746610364692,1.614611111111111,1.3678240783569757,1.3392339263740878,1.2960805129719706,1.5101782676128792,0.2,1.0935083915940589
2020-01-01,18,franke,SM,0,0.887,1.793,1.5704855123108423,1.4884646176866945,1.5079375210394363,1.5976596510775636,1.596782940275528,1.614611111111111,1.2478036862136341,1.197779592441665,1.2296344306285278,1.4187013752193802,0.3,1.0764816511011202
2020-01-01,24,franke,SM,0,0.864,1.793,1.5596506212425456,1.4902674456486427,1.5121994892561046,1.5976616543665962,1.596296829447825,1.614611111111111,1.0505781791280349,1.0036541186991328,1.0484505523939993,1.2621141337925947,0.4,1.0495723576861842
2020-01-01,30,franke,SM,0,0.760445,1.793,1.6651038760976178,1.5103973929303967,1.5380318274781837,1.5976616864273328,1.597235843164299,1.614611111111111,1.0872209952601128,0.9626078737915528,1.0348666455527484,1.260793105159944,0.5,1.0488972620545105
2020-01-01,36,franke,SM,0,1.251,1.793,1.55494641952285,1.5121123323282057,1.5510157288159772,1.5976616869404345,1.597200873047659,1.614611111111111,0.8520517903062674,0.8438024146528647,0.9155233083461911,1.1546007059321841,0.6,1.022994260232923
2020-01-01,42,franke,SM,0,0.951,1.793,1.5839026828119596,1.5195424684219303,1.6059297871861433,1.5976616869486466,1.5972658851743071,1.614611111111111,0.9038266380390918,0.8919825507465893,0.974796776824367,1.1845872010801486,0.7,1.0280168413321453
2020-01-01,48,franke,SM,0,1.114,1.793,1.5809353879034964,1.5245022921045268,1.6097673159505645,1.597661686948778,1.5972634599514364,1.614611111111111,0.8941135186089977,0.9137957710754633,0.9412530279759771,1.1882172313497827,0.8,1.0255554707834065
2020-01-01,54,franke,SM,0,0.901,1.793,1.599612633630537,1.5263899382337442,1.616237019228124,1.59766168694878,1.597267964573692,1.614611111111111,0.9567404879199934,0.9781834172046808,0.9648972059969103,1.2263216159818469,0.9,1.0311681887897723
2020-01-01,60,franke,SM,0,0.892,1.793,1.5459942826169213,1.5263899382337442,1.5098040464661024,1.59766168694878,1.597267796525761,1.614611111111111,0.9472881022910113,1.0133221672046808,0.9055217207930595,1.234027525293152,1.0,1.0286171997981373
2020-07-01,6,franke,SM,0,1.088,1.65,1.3536752393296305,1.4363894249303966,1.2980508994834052,1.1356243774798198,1.0266779879818086,1.5192777777777777,1.3163742948851047,1.4100716036632426,1.2675840182172953,1.4568558463763361,0.1,1.0991878609589267
2020-07-01,9,franke,SM,0,0.821,1.65,1.3390590340044526,1.4375614400327235,1.2907781041926736,1.1354546888719559,1.025711109450035,1.5192777777777777,1.2220712376000185,1.3279026384581427,1.1892344568415907,1.421561441878299,0.15,1.0829863747125454
2020-07-01,12,franke,SM,0,0.887,1.65,1.338994641028976,1.4406058024833466,1.2852827109923852,1.1354478077708363,1.0429251245282662,1.5192777777777777,1.142327294945994,1.2787298442281552,1.1380877934392888,1.3957780945014964,0.2,1.0699076214286332
2020-07-01,18,franke,SM,0,0.864,1.65,1.3475491138148965,1.4427708873687906,1.2901642114332807,1.1354475174175755,1.0047355944400922,1.5192777777777777,0.9527065504749614,1.0899299436354282,0.9433342348966667,1.2702980124164864,0.3,1.0367379605175604
2020-07-01,24,franke,SM,0,0.760445,1.65,1.3241563789701956,1.4472962796489568,1.2863550399461747,1.1354475169401153,1.0098867007651156,1.5192777777777777,0.777768301030078,0.9327521289596205,0.7857159926052697,1.1208672401080206,0.4,1.0054317738356526
2020-07-01,30,franke,SM,0,1.251,1.65,1.3607555862995773,1.4558015429317586,1.3124741770923087,1.1354475169393303,0.9977789374440946,1.5192777777777777,0.7175175064100497,0.8675794490346042,0.7544246660563239,1.0832401977445072,0.5,0.9934098080639154
2020-07-01,36,franke,SM,0,0.951,1.65,1.2790192996616974,1.455257796999743,1.2912909869697164,1.1354475169393292,0.9994120650599932,1.5192777777777777,0.6559143123838613,0.8683873963938289,0.7228939048306922,1.0650016237444182,0.6,0.9852111574659036
2020-07-01,42,franke,SM,0,1.114,1.65,1.2730504451311513,1.457085088508624,1.3279553685103334,1.1354475169393292,0.9955733707293661,1.5192777777777777,0.6024090727504652,0.8413286606839651,0.6920630027836836,1.04083243114144,0.7,0.9759420907673988
2020-07-01,48,franke,SM,0,0.901,1.65,1.2464450496517125,1.4620196158535161,1.3000795589769893,1.1354475169393292,0.9960911441243463,1.5192777777777777,0.6036004766354143,0.8913539406093599,0.6661146654072064,1.0561974362845432,0.8,0.9760330697370385
2020-07-01,54,franke,SM,0,0.892,1.65,1.2476367582724017,1.462019615853516,1.3205584165904862,1.1354475169393292,0.9948741089236,1.5192777777777777,0.5936165149778595,0.8983764113835163,0.6564391621598905,1.0553089890195237,0.9,0.9727802035137328
2020-07-01,60,franke,SM,0,0.943,1.65,1.226251437992441,1.462019615853516,1.201701530222614,1.1354475169393292,0.9950382658981924,1.5192777777777777,0.6164876372083288,0.9246874113835163,0.5947148603909591,1.0700636256886646,1.0,0.9718108149686956
2020-10-01,6,franke,SM,0,0.821,1.468,1.286310239666829,1.237664546448562,1.2255382784771556,1.0923645800902564,1.0447350610131385,1.4699444444444445,1.2109469127414525,1.1576681245708675,1.165140727508163,1.3556896741291307,0.1,1.061236961796143
2020-10-01,9,franke,SM,0,0.887,1.468,1.2864163774473534,1.237664546448562,1.2577877229731704,1.0924021894608957,1.0605418528943218,1.4699444444444445,1.1025833747762495,1.0435219717976243,1.094871666148489,1.3111877359814414,0.15,1.0373283530502724
2020-10-01,12,franke,SM,0,1.04,1.468,1.2831625789882957,1.2382745087451408,1.2546891565186356,1.0924032642814947,1.0375233333242277,1.4699444444444445,1.043940683747648,1.01111024311859,1.0656462733923242,1.2929768520399143,0.2,1.0272810075090804
2020-10-01,18,franke,SM,0,0.661,1.468,1.3281022718396374,1.2548249944137708,1.2854024134320914,1.0924032958761305,1.0271089028105522,1.4699444444444445,0.9184752834205421,0.8643290600745037,0.9253500644126995,1.1806733080959837,0.3,0.9963573693911499
2020-10-01,24,franke,SM,0,1.233,1.468,1.3281850125495727,1.257286144340775,1.2746649843929816,1.0924032959019352,1.0246686400644065,1.4699444444444445,0.7789097177711087,0.7140241388248353,0.7698141049511983,1.035857934756561,0.4,0.9630355384137448
2020-10-01,30,franke,SM,0,1.171,1.468,1.328824558437823,1.2621142061918504,1.2960603085050797,1.0924032959019563,1.021144669848623,1.4699444444444445,0.7745002274799538,0.7377955374555952,0.8207733531263741,1.0416665072584426,0.5,0.9621243143295598
2020-10-01,36,franke,SM,0,1.16,1.468,1.283995282475217,1.2603648759082386,1.2673747647607894,1.0924032959019563,1.0203189489198783,1.4699444444444445,0.7100712431334041,0.6872632425700198,0.736995365149983,1.007178123488805,0.6,0.9457594486511273
2020-10-01,42,franke,SM,0,0.971,1.468,1.274542393076989,1.261691225898819,1.293350391884879,1.0924032959019563,1.0191265297986007,1.4699444444444445,0.689166175237892,0.6913800212934994,0.7277808590276154,1.0021416367371954,0.7,0.9399493599351407
2020-10-01,48,franke,SM,0,1.159,1.468,1.273029753092599,1.261691225898819,1.2769374160131217,1.0924032959019563,1.0188471274870081,1.4699444444444445,0.6797517673037315,0.6926332272197696,0.6821200782088044,0.9996932761348282,0.8,0.9339881650653689
2020-10-01,54,franke,SM,0,1.002,1.468,1.2776348125827623,1.261691225898819,1.2940346860339313,1.0924032959019563,1.0184436441220182,1.4699444444444445,0.6733451501252435,0.6969852861982334,0.6691755712433539,0.9990769086748209,0.9,0.9294779064952897
2020-10-01,60,franke,SM,0,0.841,1.468,1.2693821103308935,1.261691225898819,1.2213570688622755,1.0924032959019563,1.0183491017058024,1.4699444444444445,0.7140370366787265,0.7274111195315668,0.672417922298794,1.0204122246408658,1.0,0.9320176322553533
2021-04-01,6,franke,SM,0,1.04,1.125,1.2907588054294894,1.2258836961112274,1.251836475308866,0.8972570564393814,0.8165896843127349,1.3860555555555552,1.1596887766839055,1.0977918278662662,1.1422759632672788,1.2831294542433676,0.1,1.0598999199567207
2021-04-01,9,franke,SM,0,0.864,1.125,1.2730631381408,1.2258836961112272,1.1665588151509767,0.897327217338416,0.8056269014763381,1.3860555555555552,1.0584325105016603,1.0093808397749144,0.9739468060193683,1.245196003388648,0.15,1.0408101250428938
2021-04-01,12,franke,SM,0,0.661,1.125,1.2701243671542677,1.232422734684289,1.1929266354367802,0.8973293780114698,0.7682538615122353,1.3860555555555552,1.0303395170925276,1.0093855771836542,1.0002199989687084,1.2395783521885695,0.2,1.0396671470170697
2021-04-01,18,franke,SM,0,1.233,1.125,1.3916793747068377,1.272586448370087,1.2754169217291726,0.8973294466006604,0.7651770132086444,1.3860555555555552,0.9452702029419506,0.853043505448748,0.8776002777936809,1.1426062048754522,0.3,1.0154665109377585
2021-04-01,24,franke,SM,0,1.171,1.125,1.4143181441167734,1.2801401800427885,1.2430825098436715,0.8973294466657098,0.7451131384951976,1.3860555555555552,0.9299128896567225,0.811017583266158,0.8044010439802884,1.0767013640990861,0.4,1.0063456903734869
2021-04-01,30,franke,SM,0,1.16,1.125,1.4164973474329474,1.2884334615211925,1.2665916706209424,0.8973294466657716,0.7438359596214387,1.3860555555555552,0.9188158411207992,0.8260011445769952,0.8413370933670405,1.0778673179315603,0.5,1.0044097502840095
2021-04-01,36,franke,SM,0,0.971,1.125,1.3752299414975242,1.2869946904374632,1.1852605904603353,0.8973294466657716,0.7355075812350996,1.3860555555555552,0.8655814388509392,0.7814268795892415,0.7153104243995313,1.0485247177542762,0.6,0.9908509517914762
2021-04-01,42,franke,SM,0,1.159,1.125,1.4104055896486254,1.295828287572372,1.1710182898842834,0.8973294466657716,0.7349774329422293,1.3860555555555552,0.8652913467755439,0.765462794210838,0.6401943485945033,1.0436484645181365,0.7,0.9837837029771851
2021-04-01,48,franke,SM,0,1.002,1.125,1.398436513745949,1.2974811202530454,1.138658435660301,0.8973294466657716,0.7315203795297318,1.3860555555555552,0.8736225611994056,0.7950469462568859,0.6119668009690115,1.0550230744591094,0.8,0.9822646541303691
2021-04-01,54,franke,SM,0,0.841,1.125,1.398436513745949,1.2974811202530454,1.122303178060422,0.8973294466657716,0.7313003185670836,1.3860555555555552,0.841097544127681,0.7763487110955692,0.5449904102350798,1.0396560987891972,0.9,0.9733426823395569
2018-01-01,6,gabriela mistral,LC,2,9.3,7.2,10.518737170135672,9.989853656862934,10.336821664452852,9.296745120459551,10.695460349275235,10.191666666666668,10.518737170135672,9.989853656862934,10.336821664452852,10.222981040082985,0.1,9.089555948204051
2018-01-01,9,gabriela mistral,LC,2,10.2,7.2,10.45920535133177,10.003378498213202,10.34269559710411,9.29674514075327,10.27700170920967,10.191666666666668,10.45920535133177,10.003378498213202,10.34269559710411,10.211479295719577,0.15,8.998029769459169
2018-01-01,12,gabriela mistral,LC,2,6.053,7.2,10.274744315283762,9.913876414491433,10.287544945215293,9.296745140749529,9.393589857643743,10.191666666666668,10.274744315283762,9.913876414491433,10.287544945215293,10.142988515777134,0.2,8.85014033897445
2018-01-01,18,gabriela mistral,LC,2,9.379,7.2,10.280442673932003,9.992701381996701,10.285873997250814,9.296745140749529,10.321386346954045,10.191666666666668,10.280442673932003,9.992701381996701,10.285873997250814,10.16411934731551,0.3,8.877304242675677
2018-01-01,24,gabriela mistral,LC,2,8.929,7.2,10.40730769288411,10.143922882890479,10.269285788807181,9.296745140749529,9.716076964503861,10.191666666666668,10.40730769288411,10.143922882890479,10.269285788807181,10.23364097727698,0.4,8.730815383040865
2018-01-01,30,gabriela mistral,LC,2,8.177,7.2,10.358679166161409,10.161990869998474,10.257010789842864,9.296745140749529,10.147459289853341,10.191666666666668,10.358679166161409,10.161990869998474,10.257010789842864,10.226000842373306,0.5,8.697761204377935
2018-01-01,36,gabriela mistral,LC,2,6.399,7.2,10.347108403511694,10.186594310241277,10.196581631085909,9.296745140749529,9.866018508425801,10.191666666666668,10.347108403511694,10.186594310241277,10.196581631085909,10.229259011771578,0.6,8.584969332866054
2018-01-01,42,gabriela mistral,LC,2,10.068,7.2,10.420269191926316,10.174495362946697,10.147694611322756,9.296745140749529,10.066591277096503,10.191666666666668,10.420269191926316,10.174495362946697,10.147694611322756,10.244524472051587,0.7,8.52785358677655
2018-01-01,48,gabriela mistral,LC,2,10.29,7.2,10.420269191926316,10.174495362946697,10.147694611322756,9.296745140749529,9.935734370286434,10.191666666666668,10.420269191926316,10.174495362946697,10.147694611322756,10.244524472051587,0.8,8.428720847228831
2018-01-01,54,gabriela mistral,LC,2,9.132,7.2,10.420269191926316,10.174495362946697,10.147694611322756,9.296745140749529,10.028991402779917,10.191666666666668,10.420269191926316,10.174495362946697,10.147694611322756,10.244524472051587,0.9,8.355724090032712
2018-01-01,60,gabriela mistral,LC,2,7.517,7.2,10.420269191926316,10.174495362946697,10.147694611322756,9.296745140749529,9.968149011805005,10.191666666666668,10.420269191926316,10.174495362946697,10.147694611322756,10.244524472051587,1.0,8.264756385448504
2018-07-01,6,gabriela mistral,LC,2,6.053,11.5,10.36865026352229,9.714917577078007,9.584405408318757,9.001093313570298,9.656135276407547,9.930555555555555,9.149913093386619,9.025063920215073,8.547583743865905,9.509022031178201,0.1,9.224640791996656
2018-07-01,9,gabriela mistral,LC,2,8.152,11.5,10.433638321558782,9.746673465367472,9.620481584834488,9.00098479748478,9.65812036703135,9.930555555555555,10.174432970227011,9.94329496715427,9.477785987730378,9.994709762123097,0.15,9.201467545032175
2018-07-01,12,gabriela mistral,LC,2,9.379,11.5,10.477370353283094,9.791921845708345,9.710367088264801,9.00098684551315,9.27808563714216,9.930555555555555,6.255626037999332,5.931045431216911,5.475822143049508,8.011945645081838,0.2,9.022885710137626
2018-07-01,18,gabriela mistral,LC,2,8.929,11.5,10.380241324326876,9.75295972487846,9.616337902119298,9.00098680759012,9.764999697759057,9.930555555555555,9.478798650394873,9.139258342881758,8.709463904868484,9.619792026096935,0.3,9.063901211346414
2018-07-01,24,gabriela mistral,LC,2,8.177,11.5,10.200620275076764,9.727786189824892,9.566246034766042,9.000986807576615,9.540370353604567,9.930555555555555,8.722312582192654,8.512863306934413,8.225960245958861,9.274071750059544,0.4,8.92429572503273
2018-07-01,30,gabriela mistral,LC,2,6.399,11.5,9.779166216406658,9.684697659130313,9.48841543984497,9.000986807576611,9.829951012813922,9.930555555555555,7.597487050245249,7.699706789131838,7.408404650002105,8.78957623762205,0.5,8.847555186131874
2018-07-01,36,gabriela mistral,LC,2,10.068,11.5,9.563934442503472,9.71751940430943,9.428456759250349,9.000986807576611,9.696358077436527,9.930555555555555,5.615826038991778,5.929925094068152,5.63087512816444,7.85171556104276,0.6,8.698076220251647
2018-07-01,42,gabriela mistral,LC,2,10.29,11.5,9.246169235935115,9.581043555359386,9.298793450950832,9.000986807576611,9.868579255714439,9.930555555555555,8.893900044008799,9.474548192412689,9.219098839628076,9.55738983688315,0.7,8.69951127725879
2018-07-01,48,gabriela mistral,LC,2,9.132,11.5,9.111641714675338,9.293294308936131,9.215224681722617,9.000986807576611,9.789128049259192,9.930555555555555,8.981372522749021,9.408798945989433,9.35753007039986,9.562820644962391,0.8,8.594566803127899
2018-07-01,54,gabriela mistral,LC,2,7.517,11.5,9.111641714675338,9.293294308936131,9.215224681722617,9.000986807576611,9.891552480256758,9.930555555555555,7.823372522749022,8.250798945989434,8.199530070399861,8.983820644962393,0.9,8.492716485962204
2018-07-01,60,gabriela mistral,LC,2,8.658,11.5,9.111641714675338,9.293294308936131,9.215224681722617,9.000986807576611,9.84430077350025,9.930555555555555,6.2083725227490225,6.635798945989435,6.584530070399862,8.176320644962392,1.0,8.361813298411594
2019-01-01,6,gabriela mistral,LC,2,9.379,8.7,9.74345495394168,9.604045263661572,8.725721339055589,7.715024212188584,8.08839550137373,9.670916666666665,6.976261237112698,7.4281596466911015,6.441607802669784,8.436563554284282,0.1,8.854244490214692
2019-01-01,9,gabriela mistral,LC,2,10.93,8.7,9.65925428784231,9.781786300994137,8.67836525243312,7.737894026560219,8.294056010038625,9.670916666666665,8.388832451397034,9.0827603192038,7.87277666146382,9.20335652598354,0.15,8.819587724314609
2019-01-01,12,gabriela mistral,LC,2,8.929,8.7,9.708896913795058,9.914226071521604,8.747970392143877,7.735364043354609,7.248527829082699,9.670916666666665,7.048839579511631,7.777326941421714,6.465014375403829,8.541999963566669,0.2,8.675701370145257
2019-01-01,18,gabriela mistral,LC,2,8.177,8.7,12.207899163709662,10.959740970815442,9.703456986413894,7.735612961949674,7.8168532316543144,9.670916666666665,11.031557164580223,10.240910417377862,8.906351036728838,10.153575228822852,0.3,8.594792535507414
2019-01-01,24,gabriela mistral,LC,2,6.399,8.7,11.901580215629998,11.083081705567686,9.545233122822788,7.735616008212276,7.263573849543282,9.670916666666665,10.150616231649561,9.70022716921,8.180467211036177,9.798169183548222,0.4,8.462572254917182
2019-01-01,30,gabriela mistral,LC,2,10.068,8.7,12.290930777024197,11.196116204899033,9.75168244610902,7.735616045492399,7.63491652598174,9.670916666666665,9.510008085740164,8.56077194033464,7.166969331265104,9.353153339852033,0.5,8.428331325528024
2019-01-01,36,gabriela mistral,LC,2,10.29,8.7,12.105668108978435,11.142318031907942,9.731880361137595,7.735616045948632,7.273379166009432,9.670916666666665,10.383646685970852,9.423761174632588,8.152861165969465,9.787310298484194,0.6,8.290315406056715
2019-01-01,42,gabriela mistral,LC,2,9.132,8.7,12.428977641446751,11.210754009365877,9.779575258220591,7.735616045954215,7.516030884930906,9.670916666666665,12.774758427516035,11.511984550212834,10.235331227083798,10.907144077765551,0.7,8.200534471811189
2019-01-01,48,gabriela mistral,LC,2,7.517,8.7,12.274799720173348,11.172233723245478,9.795595897242727,7.735616045954283,7.27978639231724,9.670916666666665,12.21984426687252,11.149338887304063,9.825136250720039,10.677754121877477,0.8,8.099139227951778
2019-01-01,54,gabriela mistral,LC,2,8.658,8.7,12.470198463128705,11.172233723245478,9.746850586673913,7.735616045954283,7.4383457517746585,9.670916666666665,11.028743009827878,9.762838887304063,8.389890940151227,10.033353807616319,0.9,8.050443222022317
2019-01-01,60,gabriela mistral,LC,2,9.013,8.7,12.470198463128705,11.172233723245478,9.746850586673913,7.735616045954283,7.283973157215394,9.670916666666665,10.791743009827877,9.525838887304063,8.152890940151227,9.914853807616318,1.0,7.952800729637829
2019-07-01,6,gabriela mistral,SM,1,8.929,9.3,7.613970942109125,8.506421759908013,7.866872884912469,8.516481666311762,7.290536139056607,9.276749999999998,5.647690146242578,6.980816260707176,6.56189008097007,8.09175128138995,0.1,8.827385064843433
2019-07-01,9,gabriela mistral,SM,1,8.541,9.3,7.605754970019323,8.49116347264895,7.794475602251571,8.51042667401119,7.940115107250147,9.276749999999998,7.1823889831083685,8.407884051124013,8.007961457460997,8.684104606846475,0.15,8.97268865108247
2019-07-01,12,gabriela mistral,SM,1,8.177,9.3,7.814471623404958,8.468838501376275,7.7471894722652515,8.509897650643948,8.439894595011248,9.276749999999998,5.78113442928432,6.7158303908024815,6.285561997057261,8.06544296401736,0.2,8.85487122972325
2019-07-01,18,gabriela mistral,SM,1,6.399,9.3,7.565017770173571,8.415556958700892,7.601895487230472,8.509847391697996,7.462673238637575,9.276749999999998,5.437156716184058,7.008756266137357,6.56167252530247,7.749853245580352,0.3,8.651541802993938
2019-07-01,24,gabriela mistral,SM,1,10.068,9.3,7.520237625035904,8.401850790249783,7.580953741392832,8.509847008047382,8.12174609474068,9.276749999999998,4.51873489717228,5.9185871974887645,5.622365425927494,6.841896628398313,0.4,8.552468996106105
2019-07-01,30,gabriela mistral,SM,1,10.29,9.3,7.672400243955448,8.315731777603052,7.404898985153887,8.509847005118793,7.561823949215916,9.276749999999998,5.0774748574246935,6.1827968662604444,5.787196093221602,7.088781517105541,0.5,8.414798845126764
2019-07-01,36,gabriela mistral,SM,1,9.132,9.3,7.693628263411544,8.316805884463255,7.4767249329473,8.509847005096441,7.9394561999873465,9.276749999999998,5.940391278413676,6.886995302310371,6.610085349122682,7.558915974217213,0.6,8.424186502983488
2019-07-01,42,gabriela mistral,SM,1,7.517,9.3,7.802224373327788,8.316805884463257,7.338261794545314,8.509847005096269,7.618634827235217,9.276749999999998,6.93375235022506,7.824708241905936,7.42624068771392,8.138238177639298,0.7,8.363151952247353
2019-07-01,48,gabriela mistral,SM,1,8.658,9.3,7.789711847114177,8.303536094724786,7.160232868780455,8.509847005096269,7.835008653594646,9.276749999999998,6.167141638189175,7.069861629682016,6.4203944720177555,7.6818009803613565,0.8,8.227963597524997
2019-07-01,54,gabriela mistral,SM,1,9.013,9.3,7.787611853863788,8.303536094724786,7.16372053613258,8.509847005096269,7.651186038183883,9.276749999999998,5.5559087306203345,6.525861629682017,5.896130576226151,7.335231108090705,0.9,8.064996091281685
2019-07-01,60,gabriela mistral,SM,1,9.931,9.3,7.700285973535851,8.303536094724786,6.889416169224973,8.509847005096269,7.775162824164894,9.276749999999998,5.428916183625731,6.48619496301535,5.582159542651878,7.285233343992323,1.0,7.973745265095216
2020-01-01,6,gabriela mistral,SM,1,8.177,6.053,8.733009078156986,8.323780926584023,8.848720131628047,9.592252787432109,10.123678749412809,9.328249999999997,7.587055745729794,7.285221362206392,8.13551480744313,8.571405421587235,0.1,9.528356576507097
2020-01-01,9,gabriela mistral,SM,1,9.503,6.053,8.763116569314727,8.318301505218813,8.686183516984114,9.59236982618421,10.949135051275107,9.328249999999997,8.679403336626681,8.268301070912873,9.032929007828292,8.986490881507908,0.15,9.553902476257463
2020-01-01,12,gabriela mistral,SM,1,6.399,6.053,8.37013360499772,8.257986974344954,8.590922340832025,9.592368281746337,9.18846269942077,9.328249999999997,6.935762803556003,6.87027126607054,7.602154366359719,8.358156813925307,0.2,9.35072827553333
2020-01-01,18,gabriela mistral,SM,1,10.068,6.053,8.456460036825852,8.223810557644358,8.504122108782477,9.592368301857729,10.265552853271078,9.328249999999997,6.569059803790324,6.6645707985464835,7.423231015528858,7.972532650584201,0.3,9.382061500062896
2020-01-01,24,gabriela mistral,SM,1,10.29,6.053,8.270939942545029,8.174671680068007,8.581551625202309,9.592368301861232,9.387591361806265,9.328249999999997,6.6567534903883345,6.728761287934797,7.734371953255097,7.7469544334969385,0.4,9.185165572680825
2020-01-01,30,gabriela mistral,SM,1,9.132,6.053,8.372500592215788,8.096666297183342,8.54454025368425,9.592368301861232,10.39874084522896,9.328249999999997,7.0807064913288595,6.990532169275624,8.052538338446565,7.952671598181344,0.5,9.199781015018242
2020-01-01,36,gabriela mistral,SM,1,7.517,6.053,8.16600159979438,8.092216928704431,8.405287341768936,9.592368301861232,9.574529143553224,9.328249999999997,7.2106667951930925,7.223657520973955,8.169126420663648,8.061597294850113,0.6,9.018989295420344
2020-01-01,42,gabriela mistral,SM,1,8.658,6.053,8.437075759176384,8.098622019893464,8.324398348189483,9.592368301861232,10.523774918547177,9.328249999999997,7.714415648517392,7.529597316859659,8.435067069429609,8.304503889613114,0.7,9.030414107091795
2020-01-01,48,gabriela mistral,SM,1,9.013,6.053,8.305851447494712,8.084816292396907,8.095857010783996,9.592368301861232,9.75002238408714,9.328249999999997,7.305995829022417,7.248176419933634,7.915419996016857,8.097551674686814,0.8,8.873624709448444
2020-01-01,54,gabriela mistral,SM,1,9.931,6.053,8.471875597745392,8.084816292396907,8.356030080590942,9.592368301861232,10.641154265294054,9.328249999999997,7.104445291846854,6.928926419933633,7.867657476627976,7.941311513534146,0.9,8.880105918172495
2020-01-01,60,gabriela mistral,SM,1,6.874,6.053,8.110361277941282,8.084816292396907,8.018711190713203,9.592368301861232,9.914771731090637,9.328249999999997,6.964512442124729,7.128676419933633,7.798664678477138,7.959256658617508,1.0,8.714752102435593
2020-07-01,6,gabriela mistral,SM,1,6.399,9.379,7.7806593591527,7.830512218619738,7.712719685301931,7.59391466157783,6.73838145893386,8.907000000000002,6.752694877579549,6.9703083818008285,7.0078113996283875,8.088800651876076,0.1,9.19248989603335
2020-07-01,9,gabriela mistral,SM,1,7.917,9.379,7.70832733679337,7.830512218619738,7.5446354605203165,7.593914357766019,7.414735856806652,8.907000000000002,7.789333436779987,8.027451570131223,7.985395149798836,8.507557001382242,0.15,9.184150688271957
2020-07-01,12,gabriela mistral,SM,1,10.068,9.379,7.612658707929206,7.830512218619738,7.471932879986689,7.59391435798524,7.749461689075674,8.907000000000002,6.070935345776287,6.348542257131216,6.242534032242439,7.828095520581501,0.2,9.2361156664124
2020-07-01,18,gabriela mistral,SM,1,10.29,9.379,7.736572024234421,7.840047929987941,7.558330811306353,7.593914357985081,6.687650506811806,8.907000000000002,6.548959830440828,6.96149401118077,7.0063935149469625,7.8311134604054,0.3,9.029837489770454
2020-07-01,24,gabriela mistral,SM,1,9.132,9.379,7.4624911073967475,7.803041008957709,7.577543887443845,7.593914357985081,7.65814507182164,8.907000000000002,6.5749539571623865,7.069378359237539,7.2414898248456145,7.656099694919979,0.4,9.037557533676042
2020-07-01,30,gabriela mistral,SM,1,7.517,9.379,7.539808667147021,7.777047151168445,7.364772388257988,7.593914357985081,6.638956899531685,8.907000000000002,6.65827326799432,7.099206589405602,7.08866280533099,7.690043957219977,0.5,8.865106851402896
2020-07-01,36,gabriela mistral,SM,1,8.658,9.379,7.509180419184047,7.783303957113537,7.16947656896464,7.593914357985081,7.570494067772245,8.907000000000002,6.615112255544142,6.97341304518827,6.802890363726623,7.639357590219724,0.6,8.885487202174149
2020-07-01,42,gabriela mistral,SM,1,9.013,9.379,7.504756754104068,7.785598828587377,7.110166660110357,7.593914357985081,6.5922179411979185,8.907000000000002,6.9708135137415965,7.44225466218164,7.265421967464562,7.886720452776972,0.7,8.696319400711667
2020-07-01,48,gabriela mistral,SM,1,9.931,9.379,7.524393126431777,7.787333630622243,7.075222227269783,7.593914357985081,7.4863615326201405,8.907000000000002,6.865938342154998,7.303658474172242,7.114301213299272,7.813679044898173,0.8,8.709467471951799
2020-07-01,54,gabriela mistral,SM,1,6.874,9.379,7.584568849588299,7.787333630622243,7.355717193790203,7.593914357985081,6.547355168687381,8.907000000000002,6.782449485320392,7.231858474172243,7.280013094501641,7.767092387847791,0.9,8.537139391963413
2020-07-01,60,gabriela mistral,SM,1,6.26,9.379,7.401301091270489,7.787333630622243,6.867399392654381,7.593914357985081,7.405606228697656,8.907000000000002,6.237349767028991,6.780258474172243,6.462419944722888,7.468082472360371,1.0,8.56561227196443
2020-10-01,6,gabriela mistral,SM,1,7.917,10.93,8.049686375415643,8.252176993272824,7.709275649257295,9.214265063150048,8.094108984654302,8.755999999999998,6.962772747579234,7.296755092820443,6.902898796979021,8.105505568079934,0.1,8.925425249048969
2020-10-01,9,gabriela mistral,SM,1,10.068,10.93,8.046256318558678,8.246889279274592,7.725639321931417,9.214255140724125,8.449749191914078,8.755999999999998,8.148540179081964,8.425420035764207,8.154999819576798,8.568392042969233,0.15,8.856936598031732
2020-10-01,12,gabriela mistral,SM,1,9.616,10.93,8.096532424217072,8.246889279274592,7.800909992063132,9.214255198720945,9.378069584049866,8.755999999999998,7.220986504434772,7.384828941597534,7.209088805611809,8.17476308920646,0.2,8.996743600745072
2020-10-01,18,gabriela mistral,SM,1,10.25,10.93,8.089828439012445,8.232754178616146,7.949701726494532,9.214255198383935,8.082105467724443,8.755999999999998,7.52572294014538,7.908951257945513,7.945032177643981,8.236668549522722,0.3,8.720946904479923
2020-10-01,24,gabriela mistral,SM,1,7.042,10.93,8.115967913879043,8.23938505953774,7.8828186790122245,9.214255198383922,9.326990611648876,8.755999999999998,7.654605104117618,7.8494926832779806,7.861849645606392,8.153629336218678,0.4,8.811379161857255
2020-10-01,30,gabriela mistral,SM,1,7.794,10.93,7.622604232744322,8.217537688886434,7.672731429607083,9.214255198383922,8.070469762507567,8.755999999999998,6.884189955592569,7.609329362222658,7.46801137912492,7.850455795344568,0.5,8.607340717235427
2020-10-01,36,gabriela mistral,SM,1,10.527,10.93,7.652693904576313,8.186965843439612,7.655233484507122,9.214255198383922,9.27746625147808,8.755999999999998,7.0991070316790506,7.657839423982966,7.5978322186480005,7.929483936698605,0.6,8.679862450199716
2020-10-01,42,gabriela mistral,SM,1,10.19,10.93,7.628247074301264,8.186965843439612,7.5778126032708855,9.214255198383922,8.059188195358981,8.755999999999998,7.434668248315193,8.10541256667027,8.024330916047663,8.164424244495638,0.7,8.433348029439308
2020-10-01,48,gabriela mistral,SM,1,9.403,10.93,7.622895979495652,8.186965843439612,7.531439774914296,9.214255198383922,9.229449188107699,8.755999999999998,7.475284804859707,8.141180941294238,8.03996855872724,8.187339723846183,0.8,8.506764764369342
2020-10-01,54,gabriela mistral,SM,1,6.616,10.93,7.701328688908222,8.186965843439612,7.868766298887744,9.214255198383922,8.048249987922828,8.755999999999998,6.914467743753582,7.571847607960905,7.725393350515575,7.848294605514346,0.9,8.313004748055475
2020-10-01,60,gabriela mistral,SM,1,7.258,10.93,7.635325977534025,8.186965843439612,7.699010633279573,9.214255198383922,9.182893546262685,8.755999999999998,6.475149692121028,7.093180941294238,7.260294527894265,7.57289919002458,1.0,8.412543179259943
2021-04-01,6,gabriela mistral,SM,1,9.616,8.541,7.883907364912671,7.881649493637145,7.9894139255227,8.117187762527092,8.983877322373969,8.4515,6.933311915993515,7.014834008496129,7.327908673675994,7.860529184897928,0.1,8.998611280809175
2021-04-01,9,gabriela mistral,SM,1,10.29,8.541,7.661538558731816,7.938472363352732,7.793585222979731,8.122247070334822,6.7251011074430345,8.4515,8.038030965100535,8.35165740044746,8.496231460685568,8.3488376731096,0.15,8.569650412676289
2021-04-01,12,gabriela mistral,SM,1,10.25,8.541,7.50561859737117,8.016700035537388,7.994931502845467,8.123117838338699,7.283694214159701,8.4515,6.972217462669617,7.4733784204892535,7.746954772735314,7.960019176631773,0.2,8.658140295289696
2021-04-01,18,gabriela mistral,SM,1,7.042,8.541,7.67314414676273,8.063874560433673,8.012061084058471,8.123293502418695,8.562084342975348,8.4515,7.498221085017754,8.074507174342253,8.336672652687351,8.118932064840001,0.3,8.79143455674767
2021-04-01,24,gabriela mistral,SM,1,7.794,8.541,7.531791426570755,8.042415634827117,7.813260343899869,8.123298706040028,6.896457924441609,8.4515,6.982913601935384,7.537167160956217,7.675169932550266,7.7366242288674805,0.4,8.510362727558356
2021-04-01,30,gabriela mistral,SM,1,10.527,8.541,7.585040357698482,8.046861284744057,7.7213693125309995,8.123298860184661,8.154749372201382,8.4515,6.976598944033504,7.465034477762758,7.5632190650309905,7.713090026538879,0.5,8.672360470520323
2021-04-01,36,gabriela mistral,SM,1,10.19,8.541,7.393962885129273,8.101201065717307,7.54564321474374,8.123298864750822,6.515638480368075,8.4515,7.330075007706433,7.981954728548809,7.906694489077761,7.974208920876572,0.6,8.354507850646602
2021-04-01,42,gabriela mistral,SM,1,9.403,8.541,7.4476228184946285,8.107295433567893,7.461735466362296,8.123298864886083,7.753905237346375,8.4515,7.647662814177816,8.32354036155994,8.21763507684655,8.171960952721326,0.7,8.494396548174812
2021-04-01,48,gabriela mistral,SM,1,6.616,8.541,7.4417249779935855,8.05614000232661,7.295030228014502,8.12329886489009,6.140879823852046,8.4515,7.569501688377683,8.19061496571063,7.998277789152126,8.108634996226494,0.8,8.201949971233784
2021-04-01,54,gabriela mistral,SM,1,7.258,8.541,7.5371933826600594,8.05614000232661,7.26429885189805,8.12329886489021,7.359440306175971,8.4515,6.707694188397765,7.304472108567773,6.962441139166513,7.584249889089662,0.9,8.40082775996144
2018-01-01,6,lomas bayas,SM,1,6.3,7.2,6.094371575285158,5.801512360537976,6.332624221884536,5.60076628583302,5.4887288120766415,6.35,6.094371575285158,5.801512360537976,6.332624221884536,6.189176787164627,0.1,5.831196866711664
2018-01-01,9,lomas bayas,SM,1,6.5,7.2,6.042168910882545,5.801512360537976,6.166454771216828,5.600775837027507,5.410714916393726,6.35,6.042168910882545,5.801512360537976,6.166454771216828,6.178736254284104,0.15,5.829677551372505
2018-01-01,12,lomas bayas,SM,1,6.839,7.2,5.944013750120457,5.776358220718899,6.166454771216828,5.600775930469696,5.228265693578308,6.35,5.944013750120457,5.776358220718899,6.166454771216828,6.154074394167871,0.2,5.818319209186926
2018-01-01,18,lomas bayas,SM,1,6.701,7.2,6.04254482278913,5.779281357907999,6.198752877590939,5.600775931392813,5.225328059678896,6.35,6.04254482278913,5.779281357907999,6.198752877590939,6.130456545174282,0.3,5.811172299525148
2018-01-01,24,lomas bayas,SM,1,6.551,7.2,5.971775983810683,5.777340668320649,6.271193532158451,5.600775931392902,5.157438268212517,6.35,5.971775983810683,5.777340668320649,6.271193532158451,6.0647349956394,0.4,5.8030821657984815
2018-01-01,30,lomas bayas,SM,1,6.463,7.2,6.257607114119648,5.777340668320649,6.604580030388196,5.600775931392902,5.156672573036251,6.35,6.257607114119648,5.777340668320649,6.604580030388196,6.15048433473209,0.5,5.7816187247444155
2018-01-01,36,lomas bayas,SM,1,5.4,7.2,6.182927513790173,5.777340668320649,6.465707256858289,5.600775931392902,5.138977078076668,6.35,6.182927513790173,5.777340668320649,6.465707256858289,6.128080454633247,0.6,5.78405057255737
2018-01-01,42,lomas bayas,SM,1,5.5,7.2,6.2070213111718155,5.777340668320649,6.475126783756786,5.600775931392902,5.138777499394226,6.35,6.2070213111718155,5.777340668320649,6.475126783756786,6.135308593847739,0.7,5.780505146166495
2018-01-01,48,lomas bayas,SM,1,6.004,7.2,6.2070213111718155,5.777340668320649,6.475126783756786,5.600775931392902,5.13416516320787,6.35,6.2070213111718155,5.777340668320649,6.475126783756786,6.135308593847739,0.8,5.777618342353904
2018-01-01,54,lomas bayas,SM,1,6.064031,7.2,6.2070213111718155,5.777340668320649,6.475126783756786,5.600775931392902,5.134113142963104,6.35,6.2070213111718155,5.777340668320649,6.475126783756786,6.135308593847739,0.9,5.7751307116048975
2018-01-01,60,lomas bayas,SM,1,7.232,7.2,6.2070213111718155,5.777340668320649,6.475126783756786,5.600775931392902,5.132910936122065,6.35,6.2070213111718155,5.777340668320649,6.475126783756786,6.135308593847739,1.0,5.772542402851733
2018-07-01,6,lomas bayas,SM,1,6.839,6.5,6.395157157372099,6.289956391777115,6.691993218796882,6.009478736198579,6.079083117182328,6.35,6.6007855820869406,6.7884440312391385,6.659368996912346,6.487845922665215,0.1,5.666710207097872
2018-07-01,9,lomas bayas,SM,1,6.66,6.5,6.427789284647576,6.289956391777115,6.550263120007733,6.009424733478528,6.095948966927455,6.35,6.885620373765032,6.988444031239139,6.883808348790905,6.5848128810008335,0.15,5.605539253753611
2018-07-01,12,lomas bayas,SM,1,6.701,6.5,6.548673228581737,6.289956391777115,6.58234968283991,6.0094239921767825,6.03266462700081,6.35,7.44365947846128,7.352598171058216,7.254894911623082,6.769251529903899,0.2,5.489468767852107
2018-07-01,18,lomas bayas,SM,1,6.551,6.5,6.571347927359772,6.289956391777115,6.570115075560377,6.009423981861159,6.06625607880512,6.35,7.229803104570642,7.211675033869115,7.072362197969437,6.78536953460994,0.3,5.533551525357203
2018-07-01,24,lomas bayas,SM,1,6.463,6.5,6.57269032107032,6.289956391777115,6.556000722509584,6.009423981859215,6.056319781435268,6.35,7.151914337259638,7.063615723456466,6.835807190351133,6.8046590182148305,0.4,5.571537676359937
2018-07-01,30,lomas bayas,SM,1,5.4,6.5,6.633061164377397,6.289956391777115,6.564381822843822,6.009423981859215,6.063616622982817,6.35,6.838454050257749,6.975615723456466,6.422801792455626,6.684220932114264,0.5,5.613531476047947
2018-07-01,36,lomas bayas,SM,1,5.5,6.5,6.527790572710099,6.289956391777115,6.40196656930184,6.009423981859215,6.061458307304068,6.35,5.744863058919926,5.912615723456466,5.336259312443551,6.037243634712917,0.6,5.912940000550969
2018-07-01,42,lomas bayas,SM,1,6.004,6.5,6.484843255019158,6.289956391777115,6.385573773524263,6.009423981859215,6.06304329317837,6.35,5.777821943847343,6.012615723456466,5.410446989767477,6.077131300191143,0.7,5.887126320671074
2018-07-01,48,lomas bayas,SM,1,6.064031,6.5,6.445243630516136,6.289956391777115,6.140057092411585,6.009423981859215,6.062574473917466,6.35,6.24222231934432,6.516615723456465,5.668930308654798,6.367651412840235,0.8,5.751072207977999
2018-07-01,54,lomas bayas,SM,1,7.232,6.5,6.445243630516136,6.289956391777115,6.140057092411585,6.009423981859215,6.062918757153441,6.35,6.30225331934432,6.576646723456466,5.728961308654799,6.4036700128402355,0.9,5.7325079278514846
2018-07-01,60,lomas bayas,SM,1,4.8,6.5,6.445243630516136,6.289956391777115,6.140057092411585,6.009423981859215,6.062816922421127,6.35,7.4702223193443205,7.744615723456466,6.896930308654799,7.104451412840236,1.0,5.402146295249939
2019-01-01,6,lomas bayas,SM,1,6.701,5.5,6.708209187725282,6.397758192878501,6.212633586679145,6.784624996066149,6.669593234687227,6.428861111111111,7.0329448213966534,6.921523816720956,6.2698248663384355,6.648210394290189,0.1,5.638516974775339
2019-01-01,9,lomas bayas,SM,1,6.229,5.5,6.75727983521751,6.397758192878501,6.197468132191249,6.7846234056437345,6.6249585065629875,6.428861111111111,7.102300737452449,6.932023816720956,6.419109186578968,6.664181577501347,0.15,5.631429528296284
2019-01-01,12,lomas bayas,SM,1,6.551,5.5,6.7287617015825605,6.397758192878501,6.197080091860091,6.784623397019045,6.6156866600478175,6.428861111111111,7.252418212231463,7.134600886630494,6.592677864831722,6.734720486439057,0.2,5.599509347198405
2019-01-01,18,lomas bayas,SM,1,6.463,5.5,6.702487236230289,6.397758192878501,6.091883978927625,6.78462339697202,6.610028786966301,6.428861111111111,7.021540861155838,6.989139318035944,6.333450002351967,6.7171006003535005,0.3,5.628955030988983
2019-01-01,24,lomas bayas,SM,1,5.4,5.5,6.645754722061564,6.397758192878501,6.296070086259376,6.7846233969720195,6.597879159798531,6.428861111111111,6.880521569621062,6.871109662829619,6.389472958925358,6.697033814179649,0.4,5.647091485315766
2019-01-01,30,lomas bayas,SM,1,5.5,5.5,6.667954818679804,6.395161545930357,6.154420115309901,6.7846233969720195,6.5966001716206835,6.428861111111111,6.154120679431282,6.293013015881475,5.501439188693892,6.305684553038272,0.5,5.7552189777864635
2019-01-01,36,lomas bayas,SM,1,6.004,5.5,6.6032326518415,6.400996883502433,6.311576327627108,6.7846233969720195,6.5938536045860605,6.428861111111111,5.6978736085913635,5.817348353453552,5.327739414547043,6.026111033057919,0.6,5.830477471587612
2019-01-01,42,lomas bayas,SM,1,6.064031,5.5,6.635522157969392,6.400996883502433,6.5337803917180395,6.7846233969720195,6.593564474164474,6.428861111111111,6.041589874873905,6.119348353453551,5.855430113077515,6.219825912942682,0.7,5.7741463952651575
2019-01-01,48,lomas bayas,SM,1,7.232,5.5,6.6482206431825706,6.4073336284527285,6.496581514617923,6.7846233969720195,6.5929435801651906,6.428861111111111,6.356103672338595,6.407700598403846,6.223005076533738,6.400685725667177,0.8,5.722744914920112
2019-01-01,54,lomas bayas,SM,1,4.8,5.5,6.967399080896453,6.416450804045224,6.842881670087655,6.7846233969720195,6.5928782188099015,6.428861111111111,7.289282110052477,7.0308177739963424,7.18330523200347,6.86757440965909,0.9,5.598717416183635
2019-01-01,60,lomas bayas,SM,1,6.55,5.5,6.967399080896453,6.416450804045224,6.842881670087655,6.7846233969720195,6.592737858369582,6.428861111111111,6.657266610052478,6.398802273996342,6.55128973200347,6.488365109659091,1.0,5.705335459089406
2019-07-01,6,lomas bayas,SM,1,6.551,6.3,6.492183852587138,6.383185143658069,6.755365100397606,6.666143961477752,6.639145039915139,6.443888888888889,6.706271212459625,6.833442828593538,6.956281424610752,6.574276141543966,0.1,6.128200888204868
2019-07-01,9,lomas bayas,SM,1,6.091,6.3,6.44898563118632,6.383185143658069,6.740835281420345,6.666143738395,6.649687317940862,6.443888888888889,6.502906287603776,6.683109495260204,6.899106606948409,6.503536489906129,0.15,6.148391954571742
2019-07-01,12,lomas bayas,SM,1,6.463,6.3,6.517808293864816,6.3799964654604,6.730964779267237,6.666143737829921,6.638725130770623,6.443888888888889,6.807658733769897,6.922305530335562,7.112669930628294,6.612326186154425,0.2,6.119069177632026
2019-07-01,18,lomas bayas,SM,1,5.4,6.3,6.438811368642568,6.384614929406159,6.648732884464996,6.666143737828486,6.6376385478683595,6.443888888888889,6.571684706516171,6.800616281884954,6.933482240438682,6.565019691544726,0.3,6.138350082115591
2019-07-01,24,lomas bayas,SM,1,5.5,6.3,6.453961841064689,6.398472565984219,6.697907280298689,6.666143737828486,6.637560643504624,6.443888888888889,6.1952214987505,6.3814541483254645,6.461485833322886,6.350558249678345,0.4,6.190630380550814
2019-07-01,30,lomas bayas,SM,1,6.004,6.3,6.509839864901559,6.435143094659511,6.733231198436232,6.666143737828486,6.637357743720874,6.443888888888889,5.777965499175942,6.068656892650138,6.079770542255592,6.1315422731033795,0.5,6.232955087699007
2019-07-01,36,lomas bayas,SM,1,6.064031,6.3,6.565205312584155,6.477477232792459,6.754277753024093,6.666143737828486,6.637343196482529,6.443888888888889,5.7618883998035635,5.9560459182590595,5.995861035095014,6.092935850974342,0.6,6.246730965306859
2019-07-01,42,lomas bayas,SM,1,7.232,6.3,6.622133363985223,6.481632422745504,6.653399980094845,6.666143737828486,6.637305308598294,6.443888888888889,6.035681455931767,6.1815447748787715,6.044583330428481,6.242723424798717,0.7,6.22100471247318
2019-07-01,48,lomas bayas,SM,1,4.8,6.3,6.728550138855694,6.476935544244191,6.597155317707696,6.666143737828486,6.637302592163253,6.443888888888889,6.72839861056552,6.752068981394027,6.659910520778931,6.62169583314342,0.8,6.151309343601195
2019-07-01,54,lomas bayas,SM,1,6.55,6.3,6.599602577425468,6.469037196746999,6.600368888557321,6.666143737828486,6.6372955172825145,6.443888888888889,6.091724903230666,6.3397982420326695,6.146357373138645,6.307012499134556,0.9,6.208174236931116
2019-07-01,60,lomas bayas,SM,1,5.55,6.3,6.505910560979282,6.469037196746999,6.419003935670476,6.666143737828486,6.637295010037143,6.443888888888889,6.160022553451147,6.501787908699336,6.126982086918468,6.376098694200701,1.0,6.192978292014628
2020-01-01,6,lomas bayas,SM,1,6.463,6.839,6.111805934351825,6.070308271983065,6.505275157534098,6.56192090927763,6.559160856341912,6.360805555555555,6.287075491109405,6.4499552497701504,6.604871125594556,6.363889481509244,0.1,5.9992616552023055
2020-01-01,9,lomas bayas,SM,1,6.002,6.839,6.092224772811707,6.070308271983065,6.401589960222523,6.561921048014607,6.544185160454549,6.360805555555555,6.04316885732822,6.22220524977015,6.357834634013485,6.269558154753008,0.15,6.0193582875577505
2020-01-01,12,lomas bayas,SM,1,5.4,6.839,6.057801048016186,6.073898992457421,6.291063048823651,6.561921048509981,6.556263341050025,6.360805555555555,6.2614868044787935,6.501381674748692,6.5103507175276345,6.369057029178831,0.2,5.99302462943458
2020-01-01,18,lomas bayas,SM,1,5.5,6.839,6.1122903075989585,6.021019636063138,6.169391585151281,6.561921048511756,6.556377280171633,6.360805555555555,5.952242468843519,6.086866918070695,6.070770381015297,6.19018012450633,0.3,6.0317677010360615
2020-01-01,24,lomas bayas,SM,1,6.004,6.839,6.125027922266117,6.016388748232028,6.207081334417488,6.561921048511756,6.555830356847343,6.360805555555555,5.692482205264303,5.779006793491908,5.7302884291109635,5.985768921849085,0.4,6.0601266166192245
2020-01-01,30,lomas bayas,SM,1,6.064031,6.839,6.287252431565682,6.005047680268128,6.310365788274785,6.561921048511756,6.555851860276564,6.360805555555555,5.611886691046081,5.62239725509622,5.637962496530247,5.9146074060649125,0.5,6.075872769770044
2020-01-01,36,lomas bayas,SM,1,7.232,6.839,6.168572794410618,6.014747313655926,6.239920100336218,6.561921048511756,6.555748640860298,6.360805555555555,5.440791531679136,5.5203122695577616,5.498545873633385,5.832653362593291,0.6,6.084181003998901
2020-01-01,42,lomas bayas,SM,1,4.8,6.839,6.357814008972222,6.041030575912301,6.396962373926355,6.561921048511756,6.555752699146557,6.360805555555555,6.070441736935825,6.003556734325876,6.084999891652871,6.166521763600732,0.7,6.043713631234516
2020-01-01,48,lomas bayas,SM,1,6.55,6.839,6.377896130947773,6.045762903679589,6.406028258485399,6.561921048511756,6.555733218814632,6.360805555555555,5.895644950016219,5.8328790954809175,6.003805831361902,6.062879435871363,0.8,6.059794705884641
2020-01-01,54,lomas bayas,SM,1,5.55,6.839,6.4883078768889835,6.045762903679589,6.418816887080715,6.561921048511756,6.555733984724441,6.360805555555555,6.094998976886515,5.969074388457091,6.065716028377379,6.163544231825304,0.9,6.048288091968033
2020-01-01,60,lomas bayas,SM,1,6.242,6.839,6.385802316883432,6.045762903679589,6.272582246754715,6.561921048511756,6.5557303082520715,6.360805555555555,5.88740867099251,5.840566638457092,5.836314876273089,6.062714815057102,1.0,6.058456468558401
2020-07-01,6,lomas bayas,SM,1,5.4,6.701,5.8678772749685555,6.208097655696805,6.223642536308177,6.209111622714216,6.214173078791257,6.2571111111111115,6.078331733504255,6.5903535835298594,6.294864279249724,6.2880037300734895,0.1,5.674490942836286
2020-07-01,9,lomas bayas,SM,1,5.2,6.701,5.874805808040666,6.208097655696805,6.188772210570993,6.2091098229603405,6.156698256297903,6.2571111111111115,5.8175161210915345,6.3159535835298595,6.073849957559257,6.180960607590945,0.15,5.6926895913947115
2020-07-01,12,lomas bayas,SM,1,5.5,6.701,5.870215459919474,6.208097655696805,6.186861571066137,6.209109818162163,6.20275243411711,6.2571111111111115,5.901603855486323,6.4153040030383375,6.184079096264594,6.2176482383715985,0.2,5.687561470900968
2020-07-01,18,lomas bayas,SM,1,6.004,6.701,5.792432435715014,6.212696434435845,6.1227994913723744,6.209109818149336,6.171541109958992,6.2571111111111115,5.541936103190871,6.161170332829262,5.91002421103333,6.054332164560589,0.3,5.700125432640743
2020-07-01,24,lomas bayas,SM,1,6.064031,6.701,5.7966281911949356,6.216796718124546,6.102757208877958,6.209109818149336,6.169346605472647,6.2571111111111115,5.426386033140261,6.024413404686044,5.680706617749241,5.938084275792336,0.4,5.70898058405801
2020-07-01,30,lomas bayas,SM,1,7.232,6.701,5.817905850105407,6.223635140884688,6.102471033170448,6.209109818149336,6.1633479770456985,6.2571111111111115,5.2329689713765895,5.929311464693535,5.515281442119861,5.851528575265482,0.5,5.711825742849451
2020-07-01,36,lomas bayas,SM,1,4.8,6.701,5.86032345689756,6.22766713787878,6.097548130571268,6.209109818149336,6.162926206506329,6.2571111111111115,5.490783887830251,6.075569639869063,5.7028647291417585,5.972750502754239,0.6,5.710291928360994
2020-07-01,42,lomas bayas,SM,1,6.55,6.701,5.887241854872106,6.222049611758061,6.024477150492755,6.209109818149336,6.161773306267184,6.2571111111111115,5.345781235448544,5.943864423306461,5.455514689888697,5.8897381420709465,0.7,5.717263623206154
2020-07-01,48,lomas bayas,SM,1,5.55,6.701,5.8971733653120015,6.21381126195185,6.019934709906548,6.209109818149336,6.161692244510881,6.2571111111111115,5.545793194377204,6.144351634656996,5.72695111651067,6.009887893154705,0.8,5.70937812299237
2020-07-01,54,lomas bayas,SM,1,6.242,6.701,5.896761317560085,6.21381126195185,6.098667498959105,6.209109818149336,6.161470664031676,6.2571111111111115,5.394452622180313,6.053307869037935,5.642423434580293,5.937172591809919,0.9,5.714633593852837
2020-07-01,60,lomas bayas,SM,1,4.78,6.701,5.918003170357629,6.21381126195185,6.079370369766649,6.209109818149336,6.16145508445055,6.2571111111111115,5.490527790268205,6.088901669037935,5.724240024030406,5.976673282236288,1.0,5.717636843592025
2020-10-01,6,lomas bayas,SM,1,5.2,6.229,5.91017273059202,6.24442310247306,5.7814112812853296,6.108825194271957,6.062210074042206,6.233916666666667,6.007571900210344,6.428286766384471,5.7034889776852555,6.227521733318963,0.1,5.712621057186145
2020-10-01,9,lomas bayas,SM,1,5.5,6.229,5.926764577242179,6.246064685461004,5.805332057388336,6.108829136544919,6.1184371684808445,6.233916666666667,5.766555536777791,6.167928349372415,5.544768144783391,6.127246777230042,0.15,5.732537377193037
2020-10-01,12,lomas bayas,SM,1,5.3,6.229,5.95771643434326,6.246064685461004,5.810859577979212,6.108829160566542,6.045955468313452,6.233916666666667,5.922170853995722,6.300720365629481,5.694063920466903,6.184928243925041,0.2,5.707262024263318
2020-10-01,18,lomas bayas,SM,1,5.491,6.229,5.886656556165133,6.256444891192849,5.733427789537062,6.108829160713807,6.053888855956686,6.233916666666667,5.713170873109178,6.178723734114723,5.536315140692463,6.089931985139309,0.3,5.713808804231471
2020-10-01,24,lomas bayas,SM,1,5.87,6.229,5.943624639743439,6.2696030844948005,5.709348438534929,6.108829160713812,6.050593513440382,6.233916666666667,5.679656642832055,6.083822703608624,5.351185244448004,6.02261047059887,0.4,5.720185556223192
2020-10-01,30,lomas bayas,SM,1,4.378,6.229,5.9252797931229475,6.257343555533928,5.713130464586695,6.108829160713812,6.052201664821335,6.233916666666667,5.673514752498031,6.180134635227186,5.412060633182797,6.049661482984233,0.5,5.6998203775697025
2020-10-01,36,lomas bayas,SM,1,6.002,6.229,5.98603146635359,6.26324374457401,5.721938541576051,6.108829160713812,6.051533676567739,6.233916666666667,5.501361249314573,5.898551306586116,5.176777685289582,5.913540433436873,0.6,5.718822899653855
2020-10-01,42,lomas bayas,SM,1,5.7,6.229,5.99404482788749,6.263243744574009,5.700581912822234,6.108829160713812,6.051859659747684,6.233916666666667,5.65328733588917,6.086081152237998,5.31403367057006,6.015377213104818,0.7,5.688058325283757
2020-10-01,48,lomas bayas,SM,1,6.359,6.229,5.9902433729543425,6.263243744574009,5.689711902260074,6.108829160713812,6.051724254003143,6.233916666666667,5.639564336290011,6.094725511502988,5.367236456112417,6.013853621004566,0.8,5.6721288508945875
2020-10-01,54,lomas bayas,SM,1,5.221,6.229,5.924240789943523,6.26324374457401,5.675801832849962,6.108829160713812,6.051790333002214,6.233916666666667,5.563189990867033,6.134189040153772,5.319487196041101,6.002780375972909,0.9,5.662607041819743
2020-10-01,60,lomas bayas,SM,1,5.617,6.229,5.911822492907524,6.263243744574009,5.599895801702144,6.108829160713812,6.0517628853404375,6.233916666666667,5.3659258144400654,5.920183873487105,5.087392118627499,5.879399573044818,1.0,5.67850288330877
2021-04-01,6,lomas bayas,SM,1,5.3,6.091,5.691589536529626,5.416916559000432,5.71331959132075,5.2996081015943854,5.2439563646960705,6.225166666666667,5.673621291832187,5.425310684856919,5.563470290908497,5.954886395337821,0.1,5.924615972573483
2021-04-01,9,lomas bayas,SM,1,6.004,6.091,5.613227910267688,5.416916559000432,5.58945946400314,5.299609936625567,5.109567012536181,6.225166666666667,5.414939507406474,5.243361887287213,5.322500102143424,5.866760278938738,0.15,5.974080822149448
2021-04-01,12,lomas bayas,SM,1,5.491,6.091,5.43459923843698,5.4353108838574,5.552930872148496,5.299609944518708,5.061804837096358,6.225166666666667,5.310172107518624,5.347006511793094,5.3798403688552,5.866535723862343,0.2,5.949933365114829
2021-04-01,18,lomas bayas,SM,1,5.87,6.091,5.412212379690382,5.424759461173084,5.530041231972599,5.299609944552804,5.071213173783633,6.225166666666667,5.206988000475972,5.248792056364283,5.326454991600506,5.726528347543397,0.3,5.963698224880394
2021-04-01,24,lomas bayas,SM,1,4.378,6.091,5.316884777571296,5.432364979742605,5.460071265106951,5.299609944552805,5.025639735443864,6.225166666666667,5.080108688826761,5.216038498340911,5.176024464670312,5.578910822816969,0.4,5.96636204026417
2021-04-01,30,lomas bayas,SM,1,6.002,6.091,5.286405903179728,5.41583275703568,5.445759890291036,5.299609944552805,5.027993649290756,6.225166666666667,4.8495673264836645,5.081176031696484,4.996967111289596,5.469289674120711,0.5,5.990816734211168
2021-04-01,36,lomas bayas,SM,1,5.7,6.091,5.101649692535115,5.395030566217906,5.300384335974752,5.299609944552805,5.016591426812136,6.225166666666667,4.688499297022586,5.045116513003424,4.873112381789771,5.410151409674469,0.6,5.992462718912891
2021-04-01,42,lomas bayas,SM,1,6.359,6.091,5.125743808622849,5.391144691885044,5.234155487228655,5.299609944552805,5.017180363051216,6.225166666666667,4.791659554354648,5.15882764922932,4.902745292037901,5.475212827741858,0.7,5.955185406082898
2021-04-01,48,lomas bayas,SM,1,5.221,6.091,5.088065249799258,5.398711275565351,5.134442208617235,5.299609944552805,5.014327589984531,6.225166666666667,4.840162736522068,5.267946540851046,4.953647268739234,5.522499449878602,0.8,5.9199265608879825
2021-04-01,54,lomas bayas,SM,1,5.617,6.091,5.180007056436013,5.398711275565351,5.015498185792031,5.299609944552805,5.014474938577666,6.225166666666667,4.770071972949947,5.139200993980288,4.645113949548726,5.462848556745738,0.9,5.940985193779813
2018-01-01,6,los bronces,LC,3,33.943,20.858,26.72311952935457,26.038863805949724,26.860187492322403,25.999769904041145,27.610393779387937,28.02316666666667,26.72311952935457,26.038863805949724,26.860187492322403,27.202079167159408,0.1,24.59639194586766
2018-01-01,9,los bronces,LC,3,33.259,20.858,26.66602465826765,26.03225258792488,26.504888467359194,25.99976990845504,25.79256640788536,28.02316666666667,26.66602465826765,26.03225258792488,26.504888467359194,27.186152644881467,0.15,24.209484223332673
2018-01-01,12,los bronces,LC,3,30.232,20.858,26.87583163278878,25.953911146835466,26.038452891978487,25.999769908457182,26.876346302648965,28.02316666666667,26.87583163278878,25.953911146835466,26.038452891978487,27.219019028239394,0.2,23.878990666553786
2018-01-01,18,los bronces,LC,3,29.657,20.858,26.449562123663895,25.903700843010654,25.930656576990636,25.999769908457182,27.412932210282293,28.02316666666667,26.449562123663895,25.903700843010654,25.930656576990636,27.09989907500197,0.3,23.193613640364028
2018-01-01,24,los bronces,LC,3,20.815,20.858,26.22928804660148,25.79556573053839,25.516972541186988,25.999769908457182,27.17119842159558,28.02316666666667,26.22928804660148,25.79556573053839,25.516972541186988,27.0177967776183,0.4,22.477019761678594
2018-01-01,30,los bronces,LC,3,27.661,20.858,25.92388819399422,25.735900795524884,25.430830868525483,25.999769908457182,27.34790489974376,28.02316666666667,25.92388819399422,25.735900795524884,25.430830868525483,26.92653058071311,0.5,21.806951079891554
2018-01-01,36,los bronces,LC,3,24.529,20.858,25.564753083384993,25.636249458674193,25.115196809359887,25.999769908457182,27.268298026285887,28.02316666666667,25.564753083384993,25.636249458674193,25.115196809359887,26.81183396884813,0.6,21.08581954314356
2018-01-01,42,los bronces,LC,3,26.301,20.858,25.605221995463463,25.636249458674193,25.133741908457196,25.999769908457182,27.326490347357556,28.02316666666667,25.605221995463463,25.636249458674193,25.133741908457196,26.821951196867747,0.7,20.49369663672268
2018-01-01,48,los bronces,LC,3,20.04,20.858,25.605221995463463,25.636249458674193,25.133741908457196,25.999769908457182,27.300274507461246,28.02316666666667,25.605221995463463,25.636249458674193,25.133741908457196,26.821951196867747,0.8,19.891362621854533
2018-01-01,54,los bronces,LC,3,16.49,20.858,25.605221995463463,25.636249458674193,25.133741908457196,25.999769908457182,27.319438186502307,28.02316666666667,25.605221995463463,25.636249458674193,25.133741908457196,26.821951196867747,0.9,19.289685672006595
2018-01-01,60,los bronces,LC,3,16.369,20.858,25.605221995463463,25.636249458674193,25.133741908457196,25.999769908457182,27.31080488347688,28.02316666666667,25.605221995463463,25.636249458674193,25.133741908457196,26.821951196867747,1.0,18.687606240488268
2018-07-01,6,los bronces,LC,3,30.232,28.21,26.425174011772025,26.88234773432451,26.40325991882366,32.07655844388372,32.213919292812975,27.773916666666665,33.64505448241745,34.786483928374786,33.48607242650125,30.99484293603139,0.1,27.856927084152865
2018-07-01,9,los bronces,LC,3,30.698,28.21,26.262223366601784,26.632109159459837,26.402704388472266,32.07655843477967,30.306718190281654,27.773916666666665,32.855198708334136,33.85885657153496,33.15681592111307,30.565472153300604,0.15,27.196501874876866
2018-07-01,12,los bronces,LC,3,29.657,28.21,25.988494443522185,26.53818989450147,26.261834312025197,32.07655843477903,33.02050224858467,27.773916666666665,29.344662810733404,30.816278747666004,30.45538142004671,28.927193722933183,0.2,25.36102267523039
2018-07-01,18,los bronces,LC,3,20.815,28.21,25.61320778792455,26.50577983114199,26.107052468174604,32.07655843477903,32.6137758245735,27.773916666666665,28.820645664260656,30.259078988131336,29.83339589118397,28.65688949643133,0.3,24.483348889943017
2018-07-01,24,los bronces,LC,3,27.661,28.21,25.346234435474663,26.51974946991376,25.94150772705792,32.07655843477903,32.300199201834396,27.773916666666665,19.931946388873186,21.53918373937537,21.239535185870935,24.254740865395473,0.4,19.507506374151003
2018-07-01,30,los bronces,LC,3,24.529,28.21,25.10564098379009,26.53857092487298,25.881941053649054,32.07655843477903,32.458322853109784,27.773916666666665,26.84275278979587,28.4636701293481,28.112110185123573,27.713564063119325,0.5,22.3775013083952
2018-07-01,36,los bronces,LC,3,26.301,28.21,25.263756798426282,26.501419078256475,25.073171896345922,32.07655843477903,32.58023251428479,27.773916666666665,24.22800371504129,25.394169619582282,24.486975086986035,26.292501666989224,0.6,20.244484723295788
2018-07-01,42,los bronces,LC,3,20.04,28.21,25.03460816791681,26.26893157348599,25.02128807530892,32.07655843477903,32.518758541568474,27.773916666666665,25.730386172453347,26.933682114811795,26.188546166851722,27.052975405149617,0.7,20.441265901680286
2018-07-01,48,los bronces,LC,3,16.49,28.21,25.041704697626322,26.26893157348599,25.02128807530892,32.07655843477903,32.471363536934575,27.773916666666665,19.47648270216286,20.672682114811796,19.927546166851723,23.924249537576998,0.8,16.71162263700332
2018-07-01,54,los bronces,LC,3,16.369,28.21,25.041704697626322,26.26893157348599,25.02128807530892,32.07655843477903,32.49526286692756,27.773916666666665,15.926482702162858,17.122682114811795,16.377546166851722,22.149249537576996,0.9,14.340161229805222
2018-07-01,60,los bronces,LC,3,16.377,28.21,25.041704697626322,26.26893157348599,25.02128807530892,32.07655843477903,32.51368869505798,27.773916666666665,15.805482702162859,17.001682114811796,16.256546166851724,22.088749537576994,1.0,13.687563882594805
2019-01-01,6,los bronces,LC,3,29.657,25.981,26.235212248465537,26.939928600307994,28.077632037450797,31.697500141792226,33.08298759102347,27.39977777777778,31.74856547790224,32.56682283017088,33.533408331877766,29.77873596590717,0.1,29.08918252265467
2019-01-01,9,los bronces,LC,3,28.743,25.981,26.09024223730517,26.896618392970023,27.978483557299665,31.697500141857937,34.33854702407651,27.39977777777778,31.604618224870453,32.542937519277665,33.50318712938393,29.73677782492592,0.15,28.769251886761438
2019-01-01,12,los bronces,LC,3,20.815,25.981,25.935025453135427,26.8225107601583,27.644781690401,31.697500141857937,31.861916697193735,27.39977777777778,29.447362414979942,30.52096023948983,31.439138088399158,28.691969552506333,0.2,27.42465103005411
2019-01-01,18,los bronces,LC,3,27.661,25.981,26.346678366855734,27.054043860038927,27.764401230191396,31.697500141857937,32.31968859303548,27.39977777777778,25.55129341106151,26.085303522962604,26.98154670760878,26.609038122394917,0.3,24.74578929268144
2019-01-01,24,los bronces,LC,3,24.529,25.981,25.770074590588713,27.037695889837906,27.600962216929364,31.697500141857937,32.78165059225086,27.39977777777778,24.220313349550644,25.11803828961183,26.10972208280691,26.034476798679506,0.4,23.630788133946112
2019-01-01,30,los bronces,LC,3,26.301,25.981,26.062392993769073,27.041710992451968,27.712089939081963,31.697500141857937,32.60846444964017,27.39977777777778,26.64262840487692,26.999475132253036,28.150703977994695,27.110414773171378,0.5,24.04716167310234
2019-01-01,36,los bronces,LC,3,20.04,25.981,25.8263746994096,27.06429143624399,27.84429725420728,31.697500141857937,32.43369308992102,27.39977777777778,25.82711975850396,26.410457167778656,28.165112901354377,26.759283120459543,0.6,23.20659810261978
2019-01-01,42,los bronces,LC,3,16.49,25.981,26.514319160809304,27.098508133697035,27.99620083260269,31.697500141857937,32.499213582255884,27.39977777777778,24.364904079119164,24.316417617616942,26.08918584071963,25.870219313072916,0.7,21.68356826305527
2019-01-01,48,los bronces,LC,3,16.369,25.981,26.82273385603615,27.081533023136167,28.02365778735281,31.697500141857937,32.56533380043391,27.39977777777778,19.764270509491258,19.393942507056074,21.21114279546975,23.489442143025723,0.8,18.738738375270568
2019-01-01,54,los bronces,LC,3,16.377,25.981,28.1478222754946,27.256483771258246,28.170979321953133,31.697500141857937,32.540545818837415,27.39977777777778,19.253858928949708,17.733393255178154,19.522964330070074,22.946701934920853,0.9,17.50044367005583
2019-01-01,60,los bronces,LC,3,14.981,25.981,28.1478222754946,27.256483771258246,28.170979321953133,31.697500141857937,32.51553094649829,27.39977777777778,19.197358928949708,17.676893255178154,19.466464330070075,22.918451934920853,1.0,16.866017117219787
2019-07-01,6,los bronces,LC,3,20.815,33.943,28.24205850586601,28.84598473255761,28.010418037023253,30.12249409774822,29.536766315656628,28.066527777777775,33.05822324266863,33.502938019030196,32.1740582208243,30.673554204313596,0.1,27.363577520971933
2019-07-01,9,los bronces,LC,3,24.731,33.943,28.37536737159588,28.860665328450615,28.010418037023253,30.12249409774822,30.432102268835138,28.066527777777775,32.935870617537674,33.24033861499903,31.948392565979546,30.577316197023066,0.15,26.989878433315987
2019-07-01,12,los bronces,LC,3,27.661,33.943,28.47323709117639,28.812559140313773,28.18791477529688,30.12249409774822,28.92641377291767,28.066527777777775,29.10811991469426,29.275688539815363,28.440891810495316,28.629216002516294,0.2,24.654627118537693
2019-07-01,18,los bronces,LC,3,24.529,33.943,28.181125578003307,28.916362245168227,28.588969852332003,30.12249409774822,29.399161606920583,28.066527777777775,28.08897615185525,28.47285406710437,28.032599760546457,28.173721443628793,0.3,23.692485810174567
2019-07-01,24,los bronces,LC,3,26.301,33.943,28.16618933949031,29.103010590484356,28.56653161711646,30.12249409774822,29.625468854934972,28.066527777777775,26.719323648602025,26.987006893721006,26.54838412205837,27.459846524469647,0.4,22.363514425568756
2019-07-01,30,los bronces,LC,3,20.04,33.943,28.287055238632274,29.103010590484356,28.60514167332729,30.12249409774822,29.450184525425,28.066527777777775,28.753414514781145,28.827949686201077,28.427187719575123,28.428604939134445,0.5,22.83056931535657
2019-07-01,36,los bronces,LC,3,16.49,33.943,28.46287286570596,29.13718719950475,28.912533703842996,30.12249409774822,29.366274856504784,28.066527777777775,26.534578005299,26.35986720844653,26.524978383871964,27.256875192325268,0.6,21.078521333082445
2019-07-01,42,los bronces,LC,3,16.369,33.943,28.504823779582033,29.167801520484772,28.91889534410117,30.12249409774822,29.43126636775832,28.066527777777775,23.73044067151884,23.7769051318657,23.8121517386449,25.910100339735024,0.7,19.076917815080545
2019-07-01,48,los bronces,LC,3,16.377,33.943,28.762502175846066,29.167801520484772,28.955265544574196,30.12249409774822,29.462378197361993,28.066527777777775,20.572281992804086,20.47189683538599,20.528702954201222,24.294308595936407,0.8,16.77843190308905
2019-07-01,54,los bronces,LC,3,14.981,33.943,29.08891179962911,29.187617263845695,29.064459504733847,30.12249409774822,29.438280797743747,28.066527777777775,19.23599547676765,19.212395662706218,19.367789736160763,23.645361673757357,0.9,15.545327420271104
2019-07-01,60,los bronces,LC,3,12.965,33.943,29.051084907194596,29.187617263845695,29.064459504733847,30.12249409774822,29.426745226769103,28.066527777777775,18.695168584333132,18.70939566270622,18.864789736160766,23.384404950648726,1.0,14.71044609846377
2020-01-01,6,los bronces,LC,3,27.661,30.232,28.27679405523067,27.10887467859111,27.27957109668102,22.501319055371308,21.48652245132824,28.132388888888894,30.032152981366135,28.59384346030615,28.603446725275994,28.722693554862516,0.1,23.941181545365094
2020-01-01,9,los bronces,LC,3,31.067,30.232,27.626703015995353,27.15361569361324,27.27957109668102,22.501331236707905,20.991566138969976,28.132388888888894,30.135988607552733,29.4059543264119,29.413197484142426,28.951680177935607,0.15,23.835395470030278
2020-01-01,12,los bronces,LC,3,24.529,30.232,27.543585597223984,27.23873226300057,27.224887866069015,22.501331204012335,19.81466143031167,28.132388888888894,27.81668844206829,27.29818952754832,27.282891948643623,27.8449139368486,0.2,22.363564332519726
2020-01-01,18,los bronces,LC,3,26.301,30.232,27.753450217310267,27.386255514698533,27.325193809887477,22.50133120409986,20.285961238399643,28.132388888888894,26.771306753198395,25.956783819858586,25.89292377796532,27.248217087708692,0.3,21.218657894399414
2020-01-01,24,los bronces,LC,3,20.04,30.232,27.576333180165065,27.325878474935173,27.28438932797512,22.50133120409986,20.803842057618162,28.132388888888894,26.024886577126274,25.03837305474157,25.204395802402438,26.832009352411408,0.4,20.29310229256913
2020-01-01,30,los bronces,LC,3,16.49,30.232,27.990693319765573,27.454232283188656,27.626714083265735,22.50133120409986,20.65795707572126,28.132388888888894,26.278698967219157,24.982183957355108,25.35196319961979,26.88141517558801,0.5,19.709594655245823
2020-01-01,36,los bronces,LC,3,16.369,30.232,27.838652360351368,27.259435745897704,27.767276244665215,22.50133120409986,20.4976532933266,28.132388888888894,23.399212998619657,22.01464895272785,22.870976328726194,25.419659932281323,0.6,17.765980170907007
2020-01-01,42,los bronces,LC,3,16.377,30.232,28.468357801773305,27.643671810366733,28.081157937355812,22.50133120409986,20.54281023589271,28.132388888888894,21.8536145258304,20.400799138781235,21.113626397238317,24.629797860597357,0.7,16.392774573307875
2020-01-01,48,los bronces,LC,3,14.981,30.232,28.468357801773305,27.715007798949046,28.081157937355812,22.50133120409986,20.59243034483464,28.132388888888894,19.229317120530304,17.995378905003765,18.61666960843253,23.372368450827963,0.8,14.610223144129879
2020-01-01,54,los bronces,LC,3,12.965,30.232,28.468357801773305,27.71500779894905,27.97457602705659,22.50133120409986,20.578452556062956,28.132388888888894,17.55169260971993,16.681937282133017,17.181208824443313,22.62460191740768,0.9,13.301922887911498
2020-01-01,60,los bronces,LC,3,18.115,30.232,28.446912285870063,27.698944208191516,27.691101751624068,22.50133120409986,20.5630932477882,28.132388888888894,16.658453816925316,15.784623691375486,16.016484549010794,22.17696382151965,1.0,12.229095196414763
2020-07-01,6,los bronces,LC,3,24.529,29.657,28.309373714245112,27.09073974348077,27.506558573804593,27.19717091180963,25.854940652291354,27.96994444444444,29.59050204410735,28.389139833134582,28.641944857344367,28.4798826915327,0.1,25.88514876672908
2020-07-01,9,los bronces,LC,3,26.765,29.657,28.3991395456511,27.091923799953648,27.527099776361013,27.19716789649218,26.35625717561129,27.96994444444444,31.094627415697932,29.676471567469928,29.991486666993932,29.177746968014183,0.15,26.175572419895857
2020-07-01,12,los bronces,LC,3,26.301,29.657,28.229677427402553,27.091923799953648,27.53288979817161,27.19716790417051,27.306971343164754,27.96994444444444,27.8452425838332,26.597543158991733,27.040115491017495,27.595668657928456,0.2,24.43372557217905
2020-07-01,18,los bronces,LC,3,20.04,29.657,27.85620199711713,27.076130792870757,27.467909161518698,27.19716790415101,27.61145830707037,27.96994444444444,26.779997182365577,25.715502334059092,26.117254374003476,27.108847101328386,0.3,23.319992605272894
2020-07-01,24,los bronces,LC,3,16.49,29.657,27.411633626499444,27.07028704739731,27.233811286233276,27.19716790415101,27.179068418067473,27.96994444444444,24.6632097080354,23.783107016255396,24.120938600180107,26.096551403294917,0.4,21.722508646791855
2020-07-01,30,los bronces,LC,3,16.369,29.657,27.255827031778608,27.03055467549459,27.193323279951034,27.19716790415101,27.088425636848683,27.96994444444444,23.58609288578836,22.86006955819002,23.14617975638113,25.596512833216813,0.5,20.59111499792866
2020-07-01,36,los bronces,LC,3,16.377,29.657,27.414950871798954,27.03055467549459,27.32652079380105,27.19716790415101,27.21714375275331,27.96994444444444,21.56946891034331,20.656638091779165,21.12982561211679,24.54149897275284,0.6,18.96750218516381
2020-07-01,42,los bronces,LC,3,14.981,29.657,27.203996153139695,27.03055467549459,27.276835900511788,27.19716790415101,27.244127195982827,27.96994444444444,19.49392997203071,18.982922176152844,19.36197908094663,23.604185259268107,0.7,17.44989419344725
2020-07-01,48,los bronces,LC,3,12.965,29.657,27.24972742365674,27.055040369478718,27.296491239819066,27.19716790415101,27.205809109021853,27.96994444444444,17.161023318307677,16.732535694532686,17.10486898920928,22.45836197543231,0.8,15.73519137306927
2020-07-01,54,los bronces,LC,3,18.115,29.657,27.162453836347694,27.063463003411986,27.265993744894125,27.19716790415101,27.197776409685726,27.96994444444444,15.328450122350334,15.28700503016935,15.629384777392186,21.638836010352144,0.9,14.330800357844
2020-07-01,60,los bronces,LC,3,12.726,29.657,26.82156481960139,26.95417042259109,27.265993744894125,27.19716790415101,27.20918331832504,27.96994444444444,15.324415587271583,15.505925167499964,16.011079632478694,21.692557410915107,1.0,13.731047458932824
2020-10-01,6,los bronces,LC,3,26.765,28.743,27.300148112636833,28.12433742926705,27.606742065776068,28.29259110582085,27.925391027143828,28.25313888888889,27.73769276848118,28.779380880065098,28.056637539758448,28.255837856581014,0.1,24.424783444878862
2020-10-01,9,los bronces,LC,3,26.301,28.743,27.800789521372078,28.12433742926705,27.71147698629275,28.292567463825264,28.938431721260443,28.25313888888889,29.774672822135923,30.223639935538344,29.63811609909335,29.126147633863013,0.15,24.866231109254038
2020-10-01,12,los bronces,LC,3,27.684,28.743,27.83226267596063,28.107795260959143,27.648195283753783,28.292567532739206,29.761220896821087,28.25313888888889,27.19045406841908,27.56399076016527,27.032235061430086,27.815180651590534,0.2,23.333216814139114
2020-10-01,18,los bronces,LC,3,16.419,28.743,26.70745779632346,28.089496161038852,27.45212829534155,28.292567532538914,29.40967848779433,28.25313888888889,24.507920117844314,25.78295064655067,25.088597778825747,26.69928713554319,0.3,21.74521335986785
2020-10-01,24,los bronces,LC,3,29.719,28.743,27.45943249449274,28.089496161038852,27.52392273664576,28.29256753253891,28.87071438868138,28.25313888888889,23.348806958022795,23.58679829385437,23.13922695056257,25.860470757413736,0.4,20.320642730270464
2020-10-01,30,los bronces,LC,3,19.842,28.743,27.09428108765964,28.044054101572677,27.538185302655528,28.29256753253891,28.973743160153795,28.25313888888889,22.221698127371333,22.791724057903103,22.36151181968877,25.379924990763055,0.5,19.286830144474152
2020-10-01,36,los bronces,LC,3,20.227,28.743,27.56448095614639,27.975339996342495,27.666029291599767,28.29256753253891,29.13170182380681,28.25313888888889,20.85358750963353,20.88815039733054,20.677196507896042,24.562003921185465,0.6,17.900764482706315
2020-10-01,42,los bronces,LC,3,18.82,28.743,27.112971781571446,27.975339996342495,27.666029291599767,28.29256753253891,29.101506330013258,28.25313888888889,18.65075060512401,19.260720467641942,19.021009291876837,23.604437212635933,0.7,16.44366828616094
2020-10-01,48,los bronces,LC,3,12.035,28.743,27.290176641780896,27.975339996342495,27.71026422806516,28.29256753253891,29.055212078613845,28.25313888888889,16.50213531671389,17.024912705641015,16.82866381258716,22.50833145003317,0.8,14.81754754082177
2020-10-01,54,los bronces,LC,3,12.278,28.743,27.363594239098028,27.913231478255216,27.682911993648432,28.29256753253891,29.064061721605754,28.25313888888889,15.994015504708946,16.608105999984353,16.46057222991446,22.27709982061777,0.9,14.000878995656103
2020-10-01,60,los bronces,LC,3,14.25,28.743,27.28593665636227,27.84092996445119,27.682911993648432,28.29256753253891,29.07762956057747,28.25313888888889,15.355718159487198,15.929363848110068,15.88048460915322,21.947839946343763,1.0,13.090308116830709
2021-04-01,6,los bronces,LC,3,27.684,24.731,27.11167885524429,26.24374968184934,26.63324900268959,27.485053678149935,28.547902124851863,28.422083333333333,27.41026740130561,26.61102443549523,26.898624828135045,27.716364625866877,0.1,26.365006420462315
2021-04-01,9,los bronces,LC,3,20.04,24.731,26.879358509700634,26.239141549344936,26.655546853513655,27.48505369598391,28.046666460495,28.422083333333333,28.357002835873633,27.778066921967895,28.105455095015202,28.24480910612705,0.15,26.58069185853151
2021-04-01,12,los bronces,LC,3,16.419,24.731,26.89474200839237,26.23154214288963,26.655546853513655,27.485053695981108,28.16335749311169,28.422083333333333,26.323439962505233,25.704881819215007,26.132695908128518,27.218122112096726,0.2,25.25948967574866
2021-04-01,18,los bronces,LC,3,29.719,24.731,26.77079396366976,26.23154214288963,26.587873801061605,27.485053695981108,27.96083885143902,28.422083333333333,23.41569626835571,22.587289393179926,22.985829316142123,25.711788082050575,0.3,23.103814241214998
2021-04-01,24,los bronces,LC,3,19.842,24.731,26.241246762519037,26.223283946594673,26.240322747949374,27.485053695981108,28.068210926091492,28.422083333333333,23.040648803474404,22.596614894573854,22.795594540357246,25.62035759117873,0.4,22.372809351882644
2021-04-01,30,los bronces,LC,3,20.227,24.731,26.18545196320968,26.222733020022993,26.39170274683525,27.485053695981108,28.124757285297267,28.422083333333333,20.97291212758261,20.549013825224407,20.85509900391295,24.59152315486842,0.5,20.73230156821014
2021-04-01,36,los bronces,LC,3,18.82,24.731,26.12256227749818,26.222733020022993,26.515623829450046,27.485053695981108,28.094777329618736,28.422083333333333,19.3221563296091,19.041093364249534,19.46247725890403,23.801854090131325,0.6,19.337927101804365
2021-04-01,42,los bronces,LC,3,12.035,24.731,26.12321428063325,26.222733020022993,26.592551423428155,27.485053695981108,28.07898870535811,28.422083333333333,17.685171589168096,17.445153424516448,17.918815810579964,22.9936229200878,0.7,17.907302841203894
2021-04-01,48,los bronces,LC,3,12.278,24.731,26.167042807526713,26.240339399887883,26.61265126232484,27.485053695981108,28.087359575953617,28.422083333333333,14.740839294357722,14.577067436951971,15.04624173076296,21.54051834949409,0.8,15.835337921245149
2021-04-01,54,los bronces,LC,3,14.25,24.731,26.167042807526713,26.240339399887883,26.61265126232484,27.485053695981108,28.091768005771993,28.422083333333333,14.266604715322066,14.316627350190684,14.792801180031661,21.356849683044853,0.9,15.028746925879831
2018-01-01,6,los pelambres,LC,3,35.2,28.1,29.637594905517656,29.312363309023812,29.908610789457622,30.3052983564067,29.762074754850204,30.450000000000003,29.637594905517656,29.312363309023812,29.908610789457622,29.96248955363537,0.1,26.155045373648925
2018-01-01,9,los pelambres,LC,3,32.6,28.1,30.196272287838998,29.312363309023812,29.835182627482183,30.305301771429498,30.042898334178908,30.450000000000003,30.196272287838998,29.312363309023812,29.835182627482183,30.102158899215702,0.15,26.20345765262037
2018-01-01,12,los pelambres,LC,3,30.455,28.1,29.98705854129377,29.28457206090884,29.81502378818338,30.305301775134005,29.437107377756618,30.450000000000003,29.98705854129377,29.28457206090884,29.81502378818338,30.042907650550653,0.2,26.31680068100948
2018-01-01,18,los pelambres,LC,3,31.541,28.1,30.922582857733307,29.345918814596466,29.88476097518908,30.305301775138027,29.823900110262986,30.450000000000003,30.922582857733307,29.345918814596466,29.88476097518908,30.292125418082446,0.3,26.421992855927453
2018-01-01,24,los pelambres,LC,3,29.774,28.1,31.433255420136245,29.345918814596466,29.840011366968533,30.305301775138027,29.770686704826588,30.450000000000003,31.433255420136245,29.345918814596466,29.840011366968533,30.41979355868318,0.4,26.559283545752812
2018-01-01,30,los pelambres,LC,3,27.137,28.1,31.4766132421251,29.435916655822073,29.897851058681475,30.305301775138027,29.834024015914423,30.450000000000003,31.4766132421251,29.435916655822073,29.897851058681475,30.453132474486793,0.5,26.660503023054083
2018-01-01,36,los pelambres,LC,3,28.8,28.1,31.86046913953933,29.435916655822073,29.929913744144294,30.305301775138027,29.825310320617962,30.450000000000003,31.86046913953933,29.435916655822073,29.929913744144294,30.549096448840352,0.6,26.784668641026403
2018-01-01,42,los pelambres,LC,3,27.911,28.1,32.97444178352732,29.435916655822073,30.56388501976207,30.305301775138027,29.83568180549458,30.450000000000003,32.97444178352732,29.435916655822073,30.56388501976207,30.82758960983735,0.7,26.92764186399257
2018-01-01,48,los pelambres,LC,3,18.115,28.1,32.97444178352732,29.435916655822073,30.56388501976207,30.305301775138027,29.834254937864202,30.450000000000003,32.97444178352732,29.435916655822073,30.56388501976207,30.82758960983735,0.8,27.033219514892384
2018-01-01,54,los pelambres,LC,3,23.391121186549768,28.1,32.97444178352732,29.435916655822073,30.56388501976207,30.305301775138027,29.835953268543204,30.450000000000003,32.97444178352732,29.435916655822073,30.56388501976207,30.82758960983735,0.9,27.13843081856955
2018-01-01,60,los pelambres,LC,3,17.369,28.1,32.97444178352732,29.435916655822073,30.56388501976207,30.305301775138027,29.83571961896454,30.450000000000003,32.97444178352732,29.435916655822073,30.56388501976207,30.82758960983735,1.0,27.24386859606743
2018-07-01,6,los pelambres,LC,3,30.455,29.4,29.578409179845995,30.093528449498972,29.76419699109354,30.038995574663797,28.36819527867885,30.311111111111106,35.14081427432834,35.98116514047516,35.05558620163592,32.93605040925643,0.1,26.69234779620607
2018-07-01,9,los pelambres,LC,3,33.313,29.4,29.324839458030514,30.001217500798585,29.85826580044588,30.038994663855327,18.977674355552864,30.311111111111106,31.728567170191518,33.288854191774774,32.6230831729637,31.409910896047123,0.15,27.788502055868246
2018-07-01,12,los pelambres,LC,3,31.541,29.4,29.47003734131226,29.988463093893458,29.918361859707566,30.03899466347262,33.89404363607493,30.311111111111106,29.937978800018488,31.158891032984616,30.558338071524183,30.42977301380633,0.2,26.680486402426865
2018-07-01,18,los pelambres,LC,3,29.774,29.4,29.84769562038388,29.978804848569247,29.724783439689908,30.03899466347246,29.271737596686425,30.311111111111106,30.466112762650575,32.17388603397278,31.381022464500827,30.81555525471139,0.3,27.023940154195948
2018-07-01,24,los pelambres,LC,3,27.137,29.4,29.809370608815158,29.96233653094735,29.12621067488332,30.03899466347246,31.10455756991294,30.311111111111106,28.150115188678914,30.390417716350886,29.06019930791479,29.790688781813003,0.4,27.10846166973257
2018-07-01,30,los pelambres,LC,3,28.8,29.4,29.811880369992135,29.953905389463475,29.155201628224976,30.03899466347246,29.571425590260958,30.311111111111106,25.472267127867035,27.654988733641403,26.3943505695435,28.437369520932663,0.5,27.50967585920305
2018-07-01,36,los pelambres,LC,3,27.911,29.4,29.922661893897363,29.929713340833718,29.13239950905043,30.03899466347246,30.17933750478019,30.311111111111106,26.862192754358034,29.293796685011646,28.002485764906137,29.19455291539797,0.6,27.312995909568873
2018-07-01,42,los pelambres,LC,3,18.115,29.4,29.418503152614093,29.344415592755933,29.03368633225396,30.03899466347246,29.670826461374123,30.311111111111106,24.355061369086776,27.81949893693386,26.380801312491894,28.199195632060714,0.7,27.560868582677173
2018-07-01,48,los pelambres,LC,3,23.391121186549768,29.4,29.003753659667183,29.23889432928787,29.03368633225396,30.03899466347246,29.872459410170435,30.311111111111106,14.144311876139863,17.917977673465796,16.58480131249189,23.171127942956968,0.8,28.528590700389376
2018-07-01,54,los pelambres,LC,3,17.369,29.4,29.003753659667183,29.23889432928787,29.03368633225396,30.03899466347246,29.70379586084925,30.311111111111106,19.420433062689632,23.194098860015565,21.86092249904166,25.80918853623185,0.9,28.028973730970822
2018-07-01,60,los pelambres,LC,3,27.769,29.4,29.003753659667183,29.23889432928787,29.03368633225396,30.03899466347246,29.770673717771086,30.311111111111106,13.398311876139864,17.171977673465797,15.838801312491892,22.798127942956967,1.0,28.62212069782104
2019-01-01,6,los pelambres,LC,3,31.541,27.4,29.612017423428785,30.37346826155309,29.324542266994087,31.14406799715086,36.572291181617985,30.432083333333328,32.831515380746964,33.498022382291694,32.3156383767185,31.79842610742633,0.1,24.71698763250425
2019-01-01,9,los pelambres,LC,3,24.898,27.4,29.49435677602322,30.212303001105568,29.258068762156512,31.144073801940582,34.712591099792604,30.432083333333328,32.69030090308847,33.51201259619437,32.36784454819248,31.76662004148737,0.15,25.127634704460387
2019-01-01,12,los pelambres,LC,3,29.774,27.4,29.370959225252477,30.15009788584851,29.07732175328141,31.144073818813062,33.27296543603404,30.432083333333328,30.64041128394946,31.51158030844736,30.208628929335937,30.75403956476587,0.2,25.561609108524696
2019-01-01,18,los pelambres,LC,3,27.137,27.4,30.286552740089512,30.21456712451416,29.152684467460112,31.14407381886225,36.17143332368817,30.432083333333328,30.55891350103092,31.209705292931304,30.00541226002062,30.658196365157217,0.3,24.96921958195633
2019-01-01,24,los pelambres,LC,3,28.8,27.4,29.914309084187618,30.250657359161195,29.19642921118567,31.14407381886225,34.626807987464055,30.432083333333328,27.74849606971192,29.05202968638929,28.168818190259742,29.416173105691968,0.4,25.427798478160067
2019-01-01,30,los pelambres,LC,3,27.911,27.4,30.43724778698002,30.30530468053011,29.66715607204413,31.14407381886225,35.98376613004666,30.432083333333328,27.761500980921404,28.578893657887335,28.109129728590904,29.30114032636885,0.5,25.159057590456122
2019-01-01,36,los pelambres,LC,3,18.115,27.4,29.6112387673501,30.4194963560714,29.8513118210174,31.14407381886225,35.26062824876929,30.432083333333328,27.075173250631753,29.092181357743506,28.675655194420038,29.257880318760478,0.6,25.318549730809142
2019-01-01,42,los pelambres,LC,3,23.391121186549768,27.4,30.74701933827611,30.4194963560714,29.7341110063404,31.14407381886225,35.8959071175,30.432083333333328,22.563546870205407,24.042330231782394,22.948325330332384,26.867510942163612,0.7,25.496016242335585
2019-01-01,48,los pelambres,LC,3,17.369,27.4,30.845350797640194,30.4194963560714,29.7341110063404,31.14407381886225,35.55736003875232,30.432083333333328,20.609313669317828,21.83515145679131,20.688385923607267,25.82715794819395,0.8,25.70732074657098
2019-01-01,54,los pelambres,LC,3,27.769,27.4,32.284611670991836,30.4194963560714,29.83797856367318,31.14407381886225,35.854774696132736,30.432083333333328,21.67557454266947,21.46215145679131,20.41925348094005,26.00047316653186,0.9,25.66794205577588
2019-01-01,60,los pelambres,LC,3,28.087,27.4,32.284611670991836,30.4194963560714,29.83797856367318,31.14407381886225,35.696279162298815,30.432083333333328,23.864513949394585,23.651090863516426,22.60819288766516,27.094942869894417,1.0,25.61026814814368
2019-07-01,6,los pelambres,LC,3,29.774,35.2,29.918218686664286,30.388519345729808,30.370455176069655,31.145345348455816,31.173255174194725,30.70708333333333,32.70754485040014,32.860732672371185,33.103338493554574,31.745611047359496,0.1,24.48066865575517
2019-07-01,9,los pelambres,LC,3,31.17,35.2,29.747591380037356,30.388519345729808,30.370455176069655,31.14534169316087,30.514145436946645,30.70708333333333,30.34610187273978,30.816891408753822,30.990282779374798,30.644289987040064,0.15,24.659056288937734
2019-07-01,12,los pelambres,LC,3,27.137,35.2,31.096761771021093,30.409225853315228,30.668482043931178,31.145341682033678,32.130089202238885,30.70708333333333,32.07741006840159,31.19151483976496,31.65491291020706,31.170772893708303,0.2,24.490318263514748
2019-07-01,18,los pelambres,LC,3,28.8,35.2,31.53267161829629,30.47189816633958,30.7005410627197,31.1453416819997,31.490700562496876,30.70708333333333,30.664394545560725,30.109467903779624,30.597131435273333,30.547007279001754,0.3,24.62744259561291
2019-07-01,24,los pelambres,LC,3,27.911,35.2,31.885001454700948,30.54276098817628,30.790553995213536,31.1453416819997,32.11157095985218,30.70708333333333,30.069689750321274,29.260123419941277,29.973336910867694,30.185994959232303,0.4,24.614559208635857
2019-07-01,30,los pelambres,LC,3,18.115,35.2,32.27547228709141,30.588164290461,30.985196573609798,31.1453416819997,31.696684503442604,30.70708333333333,29.649558487392326,28.639122048522445,29.361126987292938,29.92571180064536,0.5,24.72023375461405
2019-07-01,36,los pelambres,LC,3,23.391121186549768,35.2,32.45507690050677,30.661574058689663,31.345549313734303,31.1453416819997,32.099554844010875,30.70708333333333,26.93228696691117,25.6751986077806,26.649674288996927,28.505413060339606,0.6,24.829884864639364
2019-07-01,42,los pelambres,LC,3,17.369,35.2,32.56586897873207,30.676659840250867,31.411331362909614,31.1453416819997,31.830343348821426,30.70708333333333,24.658254616109485,24.082424034217656,24.773144305640727,27.53871132924845,0.7,24.956612525750447
2019-07-01,48,los pelambres,LC,3,27.769,35.2,32.646797744429826,30.676659840250867,31.411331362909614,31.1453416819997,32.09175782759342,30.70708333333333,21.330656059668186,20.603597788707006,21.259144305640724,25.837105128760463,0.8,25.120513119054042
2019-07-01,54,los pelambres,LC,3,28.087,35.2,32.63553151740439,30.69750065741489,31.440877977627533,31.1453416819997,31.917071891182438,30.70708333333333,24.0576362081922,23.84243860587103,24.472068401247718,27.328560370182473,0.9,24.999222051582286
2019-07-01,60,los pelambres,LC,3,26.73,35.2,32.53131198048485,30.69750065741489,31.440877977627533,31.1453416819997,32.0866985001188,30.70708333333333,25.518709609089406,25.407731543687774,26.037361339064464,28.08515195486096,1.0,24.9272605926615
2020-01-01,6,los pelambres,LC,3,27.137,30.455,31.41335964731087,30.182208263731546,31.37108987426834,31.177289408413564,31.69063397339298,30.67813888888889,33.46929959844669,31.882738422280127,33.271638568364615,31.677078949626146,0.1,25.624094177202366
2020-01-01,9,los pelambres,LC,3,29.904,30.455,31.022088792027134,30.165342947724618,31.37108987426834,31.177298932975276,30.10243623558847,30.67813888888889,31.826573816544613,30.681992158560178,32.035846782729784,30.96621093822064,0.15,25.849403628831524
2020-01-01,12,los pelambres,LC,3,28.8,30.455,30.871120729435333,30.165342947724618,31.42195697518422,31.177298957821456,30.714247661648294,30.67813888888889,30.616666509715433,29.93400322423311,31.278909613908336,30.47673687793158,0.2,25.792044622914432
2020-01-01,18,los pelambres,LC,3,27.911,30.455,31.77084405739557,30.210764260286215,31.537392012748175,31.17729895788644,31.581124089418143,30.67813888888889,30.436468348269823,29.520967021781352,30.984699526483475,30.328428286957237,0.3,25.73201581637515
2020-01-01,24,los pelambres,LC,3,18.115,30.455,31.779755223401516,30.257517952250318,31.564821040271397,31.17729895788644,30.945960218616182,30.67813888888889,29.424771081441524,28.637599529029995,30.232019728208634,29.854662097062324,0.4,25.8581542379438
2020-01-01,30,los pelambres,LC,3,23.391121186549768,30.455,32.083115304182094,30.268852494248826,31.687241879738806,31.17729895788644,31.50988515359955,30.67813888888889,26.573561882634927,25.688779740179662,27.25164054659871,28.40465485014809,0.5,25.857190361664877
2020-01-01,36,los pelambres,LC,3,17.369,30.455,32.59795297411951,30.281962651445152,31.877113204127042,31.17729895788644,31.096695068979002,30.67813888888889,26.18987159543356,24.724567845228382,26.366599903777878,28.06767930460993,0.6,25.970851608573593
2020-01-01,42,los pelambres,LC,3,27.769,30.455,32.8550371948019,30.281962651445152,32.03338842809072,31.17729895788644,31.463542432811607,30.67813888888889,23.125109178151945,22.009370836857528,23.54416529441165,26.622689448196812,0.7,25.9870389618522
2020-01-01,48,los pelambres,LC,3,28.087,30.455,32.89211164542656,30.281962651445152,32.03338842809072,31.17729895788644,31.194751883038723,30.67813888888889,23.185555945747872,22.00025115272454,23.50866529441165,26.635521219062547,0.8,26.069128358832863
2020-01-01,54,los pelambres,LC,3,26.73,30.455,33.30252611497027,30.325479151128725,32.06620551811755,31.17729895788644,31.433395326522742,30.67813888888889,25.73197175371003,24.53155744811711,26.001128841425803,27.90495174490123,0.9,26.067813095539936
2020-01-01,60,los pelambres,LC,3,23.954,30.455,33.27743896879943,30.325479151128725,32.06620551811755,31.17729895788644,31.258540308611167,30.67813888888889,26.567659195131633,25.366277151479668,26.835848544788362,28.32255353109727,1.0,26.12971867413274
2020-07-01,6,los pelambres,LC,3,28.8,31.541,28.782029506995496,28.26564158836913,28.85181232320011,31.164718686046218,30.32096436400638,31.07597222222222,29.57150953844198,29.017024062461687,29.525433303623462,30.185119511337028,0.1,25.2939980356349
2020-07-01,9,los pelambres,LC,3,29.249,31.541,28.845264560849888,28.2791774700774,28.91563969800104,31.16475347186493,30.505172522640162,31.07597222222222,29.265234822058446,28.640228249200923,29.154027249916528,30.01435187892595,0.15,25.292727760791227
2020-07-01,12,los pelambres,LC,3,27.911,31.541,29.059418691928062,28.2791774700774,28.921721729997483,31.164753574244177,29.3834322549044,31.07597222222222,28.441631170265076,27.821037101739268,28.282892445939932,29.603653179112197,0.2,25.464630732158373
2020-07-01,18,los pelambres,LC,3,18.115,31.541,29.383409740445245,28.298703870435713,29.079066377865118,31.164753574546378,30.59568403308984,31.07597222222222,27.543940361665534,27.28691322757458,27.911633986303723,29.24569950842114,0.3,25.352193362566855
2020-07-01,24,los pelambres,LC,3,23.391121186549768,31.541,29.608650912812628,28.33025652539546,29.200940215473327,31.16475357454638,30.420697678156156,31.07597222222222,24.99171255456433,24.60581819636914,25.444734957768837,27.937368798844478,0.4,25.464713551565684
2020-07-01,30,los pelambres,LC,3,17.369,31.541,29.673789076112925,28.290030403341458,29.233365444375245,31.16475357454638,30.646960118166756,31.07597222222222,23.52774751534873,23.250425938546314,24.02566023922536,27.232529474584872,0.5,25.502933111838534
2020-07-01,36,los pelambres,LC,3,27.769,31.541,30.73289821623168,28.13651444801644,29.69717964248581,31.16475357454638,30.61429954356649,31.07597222222222,22.56064251845902,21.108006072753994,22.38714636138107,26.455148258914363,0.6,25.56026958231861
2020-07-01,42,los pelambres,LC,3,28.087,31.541,31.662241868674894,28.180497229154437,30.309173452012324,31.16475357454638,30.656530615263517,31.07597222222222,22.861092016394547,21.059831247195305,22.664917259450924,26.518216927008574,0.7,25.560031747522093
2020-07-01,48,los pelambres,LC,3,26.73,31.541,31.662241868674894,28.20602460140993,30.464716060548888,31.16475357454638,30.650434636330626,31.07597222222222,22.93597497984663,21.14166287214441,22.855659867987487,26.55739557410887,0.8,25.57413988882764
2020-07-01,54,los pelambres,LC,3,23.954,31.541,31.804465321956286,28.231906204775488,30.464716060548888,31.16475357454638,30.65831691416956,31.07597222222222,24.43351660995404,22.87767301214045,24.54541361557198,27.365783516634732,0.9,25.54507617732367
2020-07-01,60,los pelambres,LC,3,25.051,31.541,31.660300573855345,28.231906204775488,30.464716060548888,31.16475357454638,30.65717912159839,31.07597222222222,24.42778896116122,22.990248774830498,24.65798937826203,27.39249554510904,1.0,25.563332818254096
2020-10-01,6,los pelambres,LC,3,29.249,24.898,28.606142965660045,30.311730215828433,30.408836527729896,31.15913112618962,30.6533670492485,31.098361111111117,29.267038074032865,31.02694201284404,30.96155195754934,30.622675577274784,0.1,25.29407710094575
2020-10-01,9,los pelambres,LC,3,27.911,24.898,30.741969604378617,30.324079684904365,30.764771674307415,31.15913737233562,29.464929767749975,31.098361111111117,31.159234061910766,30.7865924224944,31.01898801790348,31.03563717665685,0.15,25.376873783063942
2020-10-01,12,los pelambres,LC,3,20.373,24.898,30.969459003584237,30.324079684904365,30.848554276432637,31.1591373862851,30.697166988328668,31.098361111111117,30.26323295354374,29.880933132943024,30.147742918051765,30.58522207717725,0.2,25.277613885572247
2020-10-01,18,los pelambres,LC,3,20.1,24.898,29.822931771760327,30.33212506199578,30.988811406085564,31.159137386316324,30.690856946295007,31.098361111111117,26.411972332703026,27.79168221453888,28.188606683473548,29.100094192366036,0.3,25.26928719291501
2020-10-01,24,los pelambres,LC,3,30.96,24.898,31.462749040980857,30.34370017052396,31.160829633477903,31.159137386316324,30.70022888474081,31.098361111111117,26.57904545473013,26.416812339861075,27.062355413903568,28.79814500420336,0.4,25.262318675599452
2020-10-01,30,los pelambres,LC,3,19.068,24.898,31.069497796764455,30.325872266554203,31.326182634592943,31.159137386316324,30.69887870773648,31.098361111111117,23.89699831677547,24.306030145334674,25.009034056238832,27.599937671083094,0.5,25.271609949995785
2020-10-01,36,los pelambres,LC,3,28.023,24.898,31.952173158390423,30.356978953669525,31.520738598841287,31.159137386316324,30.70088404711582,31.098361111111117,24.647977040874594,24.438636232948078,25.107680924173035,27.820833874011228,0.6,25.20939736137037
2020-10-01,42,los pelambres,LC,3,27.865,24.898,31.60421160806638,30.373247642734228,31.64096112775302,31.159137386316324,30.700595146038257,31.098361111111117,23.674046419720273,24.423776452909213,24.9003853919498,27.57363627371293,0.7,25.14366376600299
2020-10-01,48,los pelambres,LC,3,30.123,24.898,32.15378877158256,30.386060037602697,31.736229016078173,31.159137386316324,30.701024234006514,31.098361111111117,24.059859386113196,24.253087829646443,24.772896178852193,27.627417359495468,0.8,25.088977310019434
2020-10-01,54,los pelambres,LC,3,24.881,24.898,32.91628020795604,30.386060037602697,31.855888029986783,31.159137386316324,30.700962417050402,31.098361111111117,25.465412060961455,25.211214676277585,25.838016649081215,28.21833723986532,0.9,24.984846779932766
2020-10-01,60,los pelambres,LC,3,26.943,24.898,32.98659345117967,30.355922632439437,31.855888029986783,31.159137386316324,30.701054230180088,31.098361111111117,25.857950344958677,25.457723740022697,26.114663117989586,28.3780990768009,1.0,24.909622214718716
2021-04-01,6,los pelambres,LC,3,20.373,31.17,31.79079208489888,30.397181756515817,31.102677813572402,30.97947242240808,30.570875894280423,31.599638888888894,32.44911032555272,30.858401837410845,31.41074296374194,31.62669748518534,0.1,26.538265226311648
2021-04-01,9,los pelambres,LC,3,18.115,31.17,31.498961893655963,30.397181756515817,31.070117263282036,30.979478035234916,29.99859227414331,31.599638888888894,31.45219291377229,30.448895576606652,30.880335318606175,31.275091567039183,0.15,26.44245662984918
2021-04-01,12,los pelambres,LC,3,20.1,31.17,31.390965619614107,30.397181756515817,31.070117263282036,30.979478045352604,30.114641265054775,31.599638888888894,29.27184914763879,28.59575904270547,28.972914059465197,30.266721492030513,0.2,26.06345217826333
2021-04-01,18,los pelambres,LC,3,30.96,31.17,31.879607220107243,30.43605321193975,31.148281509684015,30.979478045370875,30.55976673594728,31.599638888888894,27.56693744780665,26.796798619548728,27.192561546575778,29.39075346128329,0.3,25.634874117536285
2021-04-01,24,los pelambres,LC,3,19.068,31.17,31.908818610384802,30.548275754880944,31.18699277401509,30.979478045370875,30.460251358682587,31.599638888888894,27.650965673458344,27.270414732809336,27.645324923883102,29.530164546011367,0.4,25.57675443282437
2021-04-01,30,los pelambres,LC,3,28.023,31.17,32.32318790958845,30.58772463258399,31.419063912174387,30.979478045370875,30.557343623927036,31.599638888888894,24.460831527202966,23.819592490602364,24.253196182929017,27.869925448895778,0.5,24.95855922796096
2021-04-01,36,los pelambres,LC,3,27.865,31.17,32.735040737141595,30.603533051697053,31.681839415803356,30.979478045370875,30.535636995038985,31.599638888888894,25.91299075664368,25.197242297697308,25.68525589482467,28.577377708029694,0.6,25.06951737075077
2021-04-01,42,los pelambres,LC,3,30.123,31.17,32.98504001673884,30.638250872521112,31.705346011960753,30.979478045370875,30.556815086581114,31.599638888888894,25.653582482718413,25.180383046566206,25.388286648736134,28.5083108267656,0.7,24.931523362696822
2021-04-01,48,los pelambres,LC,3,24.881,31.17,33.04648462917086,30.638250872521112,31.72931069889713,30.979478045370875,30.552080363660554,31.599638888888894,25.818718188542466,25.343837546043936,25.530278407549407,28.59045837809105,0.8,24.849157518441952
2021-04-01,54,los pelambres,LC,3,26.943,31.17,33.27547181475018,30.693849683918693,31.797736168242245,30.979478045370875,30.556699800237066,31.599638888888894,25.74111623047539,25.471830797411066,25.64314812318222,28.60305620141606,0.9,24.741799985101213
2018-01-01,6,mantos blancos,SM,0,3.926,3.569,3.9096576495270856,3.9129114651290604,4.010151279870463,3.7786790865154964,3.8791521819302135,4.178888888888888,3.9096576495270856,3.9129114651290604,4.010151279870463,4.071847156264562,0.1,2.968477293035374
2018-01-01,9,mantos blancos,SM,0,3.558,3.569,3.864534073552102,3.889593385110769,4.099540244420089,3.778679445092829,3.852567045854065,4.178888888888888,3.864534073552102,3.889593385110769,4.099540244420089,4.058158825065908,0.15,2.9801713864459027
2018-01-01,12,mantos blancos,SM,0,3.31,3.569,3.8374383655329276,3.8624444897377574,4.080373895764796,3.7786794455035078,3.4629049057303267,4.178888888888888,3.8374383655329276,3.8624444897377574,4.080373895764796,4.04730990438747,0.2,2.9183165061909833
2018-01-01,18,mantos blancos,SM,0,3.835,3.569,3.8536927004773354,3.8922002573587067,4.0533465216213544,3.778679445503978,3.747101669751583,4.178888888888888,3.8536927004773354,3.8922002573587067,4.0533465216213544,4.0259176839034545,0.3,3.0938809342049884
2018-01-01,24,mantos blancos,SM,0,3.554,3.569,3.8201158518791525,3.8979916924329774,4.017731301320182,3.778679445503978,3.4309305109509265,4.178888888888888,3.8201158518791525,3.8979916924329774,4.017731301320182,3.9869878188491943,0.4,3.1081915207183273
2018-01-01,30,mantos blancos,SM,0,2.862,3.569,3.8209109074084044,3.907242289902925,3.9714970808943515,3.778679445503978,3.6467993594592545,4.178888888888888,3.8209109074084044,3.907242289902925,3.9714970808943515,3.990001514748954,0.5,3.2711223675432963
2018-01-01,36,mantos blancos,SM,0,3.705,3.569,3.799178105119057,3.907242289902925,3.88400428433913,3.778679445503978,3.4066435497444876,4.178888888888888,3.799178105119057,3.907242289902925,3.88400428433913,3.98348167406215,0.6,3.3208174174517584
2018-01-01,42,mantos blancos,SM,0,4.27,3.569,3.820458700806467,3.907242289902925,3.7908122169739347,3.778679445503978,3.5706121998337825,4.178888888888888,3.820458700806467,3.907242289902925,3.7908122169739347,3.9898658527683732,0.7,3.477505778017187
2018-01-01,48,mantos blancos,SM,0,3.453,3.569,3.820458700806467,3.907242289902925,3.7908122169739347,3.778679445503978,3.388195773368651,4.178888888888888,3.820458700806467,3.907242289902925,3.7908122169739347,3.9898658527683732,0.8,3.508127859511476
2018-01-01,54,mantos blancos,SM,0,4.136,3.569,3.820458700806467,3.907242289902925,3.7908122169739347,3.778679445503978,3.5127423135382414,4.178888888888888,3.820458700806467,3.907242289902925,3.7908122169739347,3.9898658527683732,0.9,3.627472255605184
2018-01-01,60,mantos blancos,SM,0,4.134,3.569,3.820458700806467,3.907242289902925,3.7908122169739347,3.778679445503978,3.374183297690029,4.178888888888888,3.820458700806467,3.907242289902925,3.7908122169739347,3.9898658527683732,1.0,3.670770559983716
2018-07-01,6,mantos blancos,SM,0,3.31,4.053,3.8117118451855214,4.004080594652304,3.9708982439236804,3.6357122069480603,3.504410559769139,3.9428888888888887,3.828054195658436,4.017169129523245,3.8867469640532173,3.934777998369669,0.1,3.4589594628538194
2018-07-01,9,mantos blancos,SM,0,3.253,4.053,3.849963001355837,3.983758743445095,3.9443551673769583,3.635665620099917,3.256411443943321,3.9428888888888887,3.5434289278037348,3.652165358334326,3.4028149229568694,3.804852190560945,0.15,3.612574519031631
2018-07-01,12,mantos blancos,SM,0,3.835,4.053,3.8740558367128566,3.970431423635288,3.9555635229256794,3.6356650261751065,3.703082563405234,3.9428888888888887,3.346617471179929,3.4179869338975304,3.185189627160883,3.718654214348825,0.2,3.8824111928407
2018-07-01,18,mantos blancos,SM,0,3.554,4.053,3.8802908603117507,3.9714015225659813,3.9381458936033122,3.6356650185067667,3.5036088519931803,3.9428888888888887,3.8615981598344153,3.9142012652072746,3.7197993719819578,3.915394300704867,0.3,3.6479448331789603
2018-07-01,24,mantos blancos,SM,0,2.862,4.053,3.7966472368682394,3.965168133213025,3.776657760859135,3.635665018505521,3.598718977279359,3.9428888888888887,3.5305313849890867,3.6211764407800473,3.312926459538953,3.722667903286296,0.4,3.9498887814080916
2018-07-01,30,mantos blancos,SM,0,3.705,4.053,3.8308613340967383,3.9731275671909714,3.7623242860057653,3.635665018505521,3.503225521147033,3.9428888888888887,2.871950426688334,2.9278852772880466,2.652827205111414,3.31710626674847,0.5,4.310291014397462
2018-07-01,36,mantos blancos,SM,0,4.27,4.053,3.7856272421363037,3.966302295098594,3.7333171004583368,3.635665018505521,3.548757308375185,3.9428888888888887,3.691449137017247,3.7640600051956694,3.554312816119207,3.8138082982194303,0.6,3.9906735944020486
2018-07-01,42,mantos blancos,SM,0,3.453,4.053,3.799938245831625,3.966302295098594,3.723757476517155,3.635665018505521,3.503042010311878,3.9428888888888887,4.2494795450251575,4.329060005195669,4.20294525954322,4.150717420621803,0.7,3.76312903642368
2018-07-01,48,mantos blancos,SM,0,4.136,4.053,3.7728329776642613,3.966302295098594,3.6006674486056234,3.635665018505521,3.5248393073078694,3.9428888888888887,3.405374276857794,3.512060005195669,3.2628552316316886,3.6523858401715947,0.8,4.292077147799053
2018-07-01,54,mantos blancos,SM,0,4.134,4.053,3.7728329776642613,3.966302295098594,3.6006674486056234,3.635665018505521,3.5029541587158963,3.9428888888888887,4.088374276857794,4.1950600051956695,3.945855231631689,4.062185840171594,0.9,4.041810789516707
2018-07-01,60,mantos blancos,SM,0,3.742,4.053,3.7728329776642613,3.966302295098594,3.6006674486056234,3.635665018505521,3.513389113837485,3.9428888888888887,4.086374276857795,4.19306000519567,3.943855231631689,4.060985840171595,1.0,4.1277878128588315
2019-01-01,6,mantos blancos,SM,0,3.835,3.505,3.8095235451179015,3.854544563416701,3.69076421639636,3.4429468875570306,3.4916720740770377,3.7737777777777777,3.566838797761598,3.5140485335260188,3.318239454499288,3.68044413292419,0.1,3.5915353586133385
2019-01-01,9,mantos blancos,SM,0,3.965,3.505,3.774813641024625,3.852109100406962,3.5959941412600864,3.4429676640485702,3.3394436946897845,3.7737777777777777,3.3230651035706553,3.3209330361290297,2.979546435361563,3.5930662946066034,0.15,3.751481400189494
2019-01-01,12,mantos blancos,SM,0,3.554,3.505,3.770619514865208,3.847604376636219,3.5931241766595114,3.4429679254053585,3.232892366812861,3.7737777777777777,3.487372413742316,3.5036664199496963,3.147655467314274,3.662474433405069,0.2,3.677060088046724
2019-01-01,18,mantos blancos,SM,0,2.862,3.505,3.932976722084094,3.88142703249971,3.6386447809077977,3.4429679287344404,3.3112825771069283,3.7737777777777777,3.7604849416895507,3.644126142537366,3.3373985732954643,3.738041659945618,0.3,3.638366877108405
2019-01-01,24,mantos blancos,SM,0,3.705,3.505,3.821827797938282,3.8982212433667995,3.53227026972144,3.4429679287349675,3.199512418258428,3.7737777777777777,3.221446253564586,3.1746413305437984,2.8430757386317813,3.4283373863436264,0.4,3.9639763371846684
2019-01-01,30,mantos blancos,SM,0,4.27,3.505,3.9794218998240907,3.9416223693233947,3.6214672334727287,3.4429679287349675,3.233370115921746,3.7737777777777777,3.437035779071519,3.2849374407764467,3.03805655002267,3.526103077065501,0.5,3.927625472273266
2019-01-01,36,mantos blancos,SM,0,3.453,3.505,3.9933178725735123,3.9842524083532465,3.6634616312632846,3.4429679287349675,3.185095207202888,3.7737777777777777,4.188415198945831,4.034980115852487,3.8423009388645513,3.976529705550606,0.6,3.588693698551693
2019-01-01,42,mantos blancos,SM,0,4.136,3.505,4.138116874243019,4.008247007281887,3.740320860577954,3.4429679287349675,3.1997187639819633,3.7737777777777777,4.189418400923973,3.9329747147811274,3.8445360138324087,3.9462290458226414,0.7,3.650946345627762
2019-01-01,48,mantos blancos,SM,0,4.134,3.505,4.233532556480405,4.008247007281887,3.7197394241649455,3.4429679287349675,3.178868236114567,3.7737777777777777,4.231386717245041,3.865974714781127,3.8184995913751667,3.938719540718962,0.8,3.701491097137453
2019-01-01,54,mantos blancos,SM,0,3.742,3.505,4.232880804296454,4.008247007281887,3.7355965606441175,3.4429679287349675,3.185184330463254,3.7737777777777777,4.57123496506109,4.206474714781128,4.174856727854339,4.142824015063777,0.9,3.6035258621156694
2019-01-01,60,mantos blancos,SM,0,3.874,3.505,4.232880804296454,4.008247007281887,3.7355965606441175,3.4429679287349675,3.1761787305794527,3.7737777777777777,4.37423496506109,4.009474714781128,3.9778567278543386,4.024624015063777,1.0,3.7830956419690196
2019-07-01,6,mantos blancos,SM,0,3.554,3.926,3.611484405212018,3.7518002446732814,3.6536613952961003,3.49437199873644,3.4094690758945365,3.6485000000000003,3.4581867252685154,3.518288036940593,3.4533901485659326,3.584394952441822,0.1,3.751714778540962
2019-07-01,9,mantos blancos,SM,0,3.282,3.926,3.6243532751179393,3.7531992398694802,3.648275351511086,3.4943688315735013,3.3574521659385415,3.6485000000000003,3.386583036473751,3.4367121635485383,3.360312167158708,3.5537590400044583,0.15,3.8184146893811945
2019-07-01,12,mantos blancos,SM,0,2.862,3.926,3.646378597144149,3.7519768375618203,3.6531518641066696,3.49436882190125,3.628782452786619,3.6485000000000003,3.385340691440485,3.4248167408920653,3.3431313323233405,3.5511314864665104,0.2,3.9568299949942327
2019-07-01,18,mantos blancos,SM,0,3.705,3.926,3.641037248005631,3.7500291085529356,3.6649416700927238,3.4943688218716216,3.4327845014382508,3.6485000000000003,3.169050487047904,3.2520195044114697,3.2052292713819024,3.4295174978648437,0.3,4.0768208254739235
2019-07-01,24,mantos blancos,SM,0,4.27,3.926,3.641498753108833,3.729091525460507,3.5869729937084327,3.494368821871621,3.545764460729805,3.6485000000000003,3.202301790880275,3.1822978357895733,3.1850865497415137,3.3747798880009547,0.4,4.185949990241492
2019-07-01,30,mantos blancos,SM,0,3.453,3.926,3.5571381889156775,3.6903598647236246,3.5238028564743664,3.494368821871621,3.4451013679289515,3.6485000000000003,3.2924068084725997,3.3620291225845276,3.351039989683418,3.455730779317139,0.5,4.190018213800532
2019-07-01,36,mantos blancos,SM,0,4.136,3.926,3.573754526329977,3.6860471547123836,3.482693650597954,3.494368821871621,3.5031300061483477,3.6485000000000003,3.523713453053686,3.542781490260795,3.5317659785777034,3.5793484829943445,0.6,4.186963475948161
2019-07-01,42,mantos blancos,SM,0,4.134,3.926,3.5556884033561276,3.6860471547123836,3.2473525790051196,3.494368821871621,3.451427610766303,3.6485000000000003,3.589183796395757,3.6784499572845815,3.448722394315438,3.639690126104102,0.7,4.268129362525071
2019-07-01,48,mantos blancos,SM,0,3.742,3.926,3.5263956824724607,3.6860471547123836,3.195360297867949,3.494368821871621,3.481232175475862,3.6485000000000003,3.4917876041554163,3.6331166239512482,3.3992872679531145,3.5968712684319994,0.8,4.411962411807975
2019-07-01,54,mantos blancos,SM,0,3.874,3.926,3.5390076928238137,3.6860471547123836,3.3940821750628123,3.494368821871621,3.45467688424017,3.6485000000000003,3.6009501985680865,3.7294499572845816,3.6890567663215874,3.6585200467558003,0.9,4.394582678824067
2019-07-01,60,mantos blancos,SM,0,2.503,3.926,3.483185747991721,3.6860471547123836,3.4847857726128297,3.494368821871621,3.4699850511089307,3.6485000000000003,3.4577949204026606,3.6421166239512486,3.6924270305382714,3.589373463306173,1.0,4.53479571840988
2020-01-01,6,mantos blancos,SM,0,2.862,3.31,3.7293741518405015,3.778684827460395,3.930585469308849,3.802005452521758,3.9828686168885663,3.631138888888889,3.6000297905798697,3.5541006104925583,3.755466685437198,3.609509413547819,0.1,3.896048543936631
2020-01-01,9,mantos blancos,SM,0,4.129,3.31,3.709222296764612,3.772902943715131,3.898153089427939,3.8020068053254388,4.001864910813079,3.631138888888889,3.4453062990019863,3.4177378265070546,3.590611863285884,3.5512921584351416,0.15,4.023720017501783
2020-01-01,12,mantos blancos,SM,0,3.705,3.31,3.5913013591477516,3.7563498669511253,3.8237088738521408,3.802006808488654,3.835556314599356,3.631138888888889,3.199428280583966,3.2884855850583543,3.3934055089879767,3.4762661064617975,0.2,4.152009768378533
2020-01-01,18,mantos blancos,SM,0,4.27,3.31,3.7354387482181193,3.7603866465024947,3.8159250779498755,3.802006808496068,4.024888150301229,3.631138888888889,3.3974393654984167,3.3756221662581614,3.4811553613935784,3.5088348273835894,0.3,4.199020192098878
2020-01-01,24,mantos blancos,SM,0,3.453,3.31,3.6221095671028483,3.760877700204496,3.7777839745294193,3.802006808496068,3.943342903583932,3.631138888888889,3.4498371571542217,3.486009551586169,3.647125893127122,3.5332095681776727,0.4,4.233930539717586
2020-01-01,30,mantos blancos,SM,0,4.136,3.31,3.7870854208115854,3.763315753091886,3.7690797899417947,3.802006808496068,4.0475897982626865,3.631138888888889,3.562502338250358,3.457727730306657,3.6218069257299916,3.55852457612266,0.5,4.3074029362913855
2020-01-01,36,mantos blancos,SM,0,4.134,3.31,3.5153517186422047,3.7524482075827597,3.7145720187097004,3.802006808496068,4.002688898154725,3.631138888888889,3.618382282102492,3.7574871705659723,3.914702852045024,3.665216391356095,0.6,4.337827601776635
2020-01-01,42,mantos blancos,SM,0,3.742,3.31,3.7195778271280573,3.7524482075827597,3.762956372877994,3.802006808496068,4.060089859543938,3.631138888888889,3.8892772710687478,3.8587385208338123,4.135645589609453,3.7768602931263238,0.7,4.310254867187211
2020-01-01,48,mantos blancos,SM,0,3.874,3.31,3.656936364595971,3.7524482075827597,3.685354220581945,3.802006808496068,4.03536629480984,3.631138888888889,3.6848813852400726,3.726738520833812,3.974959373678832,3.675941527377721,0.8,4.493196254683336
2020-01-01,54,mantos blancos,SM,0,2.503,3.31,3.7247475278998197,3.7524482075827597,3.7974881124159685,3.802006808496068,4.066972707623695,3.631138888888889,3.854952484002071,3.8319885208338125,4.138698512094347,3.758537857006321,0.9,4.5071847948831465
2020-01-01,60,mantos blancos,SM,0,4.736,3.31,3.584090770465798,3.7524482075827597,3.6854120751024166,3.802006808496068,4.053359291152879,3.631138888888889,3.3200012127760723,3.4237385208338122,3.5956965753932906,3.475577475638521,1.0,4.863425328877792
2020-07-01,6,mantos blancos,SM,0,3.705,3.835,3.326372182721474,3.3077838767070644,3.1134827471891113,3.1324865212684645,2.9619607459015227,3.5104999999999995,3.0494218633448686,2.944779537640716,2.7596706262300206,3.305140280197117,0.1,3.6129702995904873
2020-07-01,9,mantos blancos,SM,0,4.151,3.835,3.2923902664461764,3.310482847189197,3.0693555167865254,3.1327656797986476,2.841463979203645,3.5104999999999995,3.1652130088831534,3.097570164679709,2.8694919179872937,3.358856634712572,0.15,3.589754994486054
2020-07-01,12,mantos blancos,SM,0,4.27,3.835,3.2744021122817477,3.31431502634254,3.0734754062224545,3.1327747931737937,2.702582085266451,3.5104999999999995,2.9836433776011693,2.9297536274380978,2.705490939560695,3.288979401007853,0.2,3.6419716381082963
2020-07-01,18,mantos blancos,SM,0,3.453,3.835,3.4473144096396053,3.348669648187427,3.1915417274901037,3.1327751004005306,2.7251915350794906,3.5104999999999995,3.2838271538202193,3.142780734691461,3.0145409386550908,3.36190197212792,0.3,3.5999835858025566
2020-07-01,24,mantos blancos,SM,0,4.136,3.835,3.3847791046353533,3.348980139557353,3.150885982415656,3.132775100727959,2.584022086774867,3.5104999999999995,3.213139263255882,3.067510080621792,2.9814027223879345,3.288394803163302,0.4,3.642742727614332
2020-07-01,30,mantos blancos,SM,0,4.134,3.835,3.468588378813648,3.3692312995274025,3.102052155295092,3.132775100728308,2.596327436621438,3.5104999999999995,3.358704828602349,3.199297730680842,3.0576179059372905,3.371600767784957,0.5,3.7048593717764216
2020-07-01,36,mantos blancos,SM,0,3.742,3.835,3.311993676381354,3.370044299531188,2.9856102563505345,3.1327751007283084,2.5194949853084845,3.5104999999999995,3.518147783421143,3.450385828401206,3.229600519276853,3.4947600835467045,0.6,3.737892869326292
2020-07-01,42,mantos blancos,SM,0,3.874,3.835,3.2578738323553096,3.3866993116784494,2.9436108748116734,3.1327751007283084,2.5261922573055773,3.5104999999999995,3.3981178220822503,3.4696419207627396,3.237570973621242,3.464527922853497,0.7,3.8677011997358863
2020-07-01,48,mantos blancos,SM,0,2.503,3.835,3.2802239700722176,3.3927816276710328,2.838486656422998,3.1327751007283084,2.4843756628111437,3.5104999999999995,3.3459927136683048,3.396524236755323,3.1078999347841183,3.426955085127088,0.8,3.9771081172516936
2020-07-01,54,mantos blancos,SM,0,4.736,3.835,3.318056430655152,3.392781627671033,2.9491451997499682,3.1327751007283084,2.488020699544133,3.5104999999999995,3.177870889956989,3.2065242367553233,2.9632158970094773,3.3195185380136936,0.9,4.10300882928475
2020-07-01,60,mantos blancos,SM,0,4.871,3.835,3.3183152130637428,3.392781627671033,2.7052641864823532,3.1327751007283084,2.465261727973782,3.5104999999999995,3.3374254128188023,3.3265242367553234,2.8436093716945687,3.4033848948722376,1.0,4.217845679374634
2020-10-01,6,mantos blancos,SM,0,4.151,3.965,3.5922926409546005,3.652645466067468,3.5513941320707816,3.6151319443469623,3.4528095856936396,3.5063611111111106,3.42460534435385,3.4163445373943335,3.3551369067400207,3.4720066430163032,0.1,3.5406180790474124
2020-10-01,9,mantos blancos,SM,0,4.27,3.965,3.599044112917875,3.652645466067468,3.622232025703314,3.6123639199633657,3.256065640382392,3.5063611111111106,3.6361646872076596,3.6153044227780287,3.6359531072395335,3.554110488663804,0.15,3.3538358588306196
2020-10-01,12,mantos blancos,SM,0,3.53,3.965,3.610728202079506,3.65052788205258,3.622111932288344,3.612153172316188,3.8473544492784213,3.5063611111111106,3.5343622377987325,3.489340878575122,3.5148789756998022,3.5085572899414372,0.2,3.6677708657904255
2020-10-01,18,mantos blancos,SM,0,4.141,3.965,3.5225651660457,3.6468546182494346,3.5646664676931796,3.6121359050766437,3.5310490792065448,3.5063611111111106,3.387273384589611,3.4926689156382253,3.4607421890823185,3.4731661306125146,0.3,3.6967683517931467
2020-10-01,24,mantos blancos,SM,0,4.532,3.965,3.5465183524291537,3.646194209952867,3.5348894729153453,3.612135804982525,3.716103727690468,3.5063611111111106,3.528688633840369,3.542805804247007,3.5578390924896346,3.5239927758706573,0.4,3.7613100508546435
2020-10-01,30,mantos blancos,SM,0,4.25,3.965,3.46950300963236,3.6228262430149996,3.4170465148959637,3.6121358044023033,3.567748847893246,3.5063611111111106,3.488835321320669,3.6086763857216324,3.5520092812152804,3.531797956557135,0.5,3.8044366845616144
2020-10-01,36,mantos blancos,SM,0,4.045,3.965,3.4488329210561366,3.6074232610266743,3.3821686174240293,3.61213580439894,3.65454396895106,3.5063611111111106,3.6922957308590685,3.7363671518298247,3.711558793804206,3.6311433092511125,0.6,3.7982351360031053
2020-10-01,42,mantos blancos,SM,0,3.39,3.965,3.3742360915236516,3.6074232610266748,3.290983053345412,3.6121358043989207,3.584961930089642,3.5063611111111106,3.5937937775702173,3.757758883317175,3.69101465655144,3.6080102427106624,0.7,3.8887583792151013
2020-10-01,48,mantos blancos,SM,0,4.463,3.965,3.370614101679581,3.6074232610266743,3.2375353904866078,3.6121358043989207,3.6256709481866793,3.5063611111111106,3.2958840596642838,3.4622451639850773,3.4061320130503754,3.429983211539253,0.8,4.1517584892952195
2020-10-01,54,mantos blancos,SM,0,5.369,3.965,3.3836717793829485,3.6074232610266748,3.3684251966417316,3.6121358043989207,3.5930352833622545,3.5063611111111106,3.503174423691954,3.676078497318411,3.6779599110663277,3.5563203207475533,0.9,4.066557748967611
2020-10-01,60,mantos blancos,SM,0,6.011,3.965,3.3630444024682005,3.6074232610266748,3.197700339101092,3.6121358043989207,3.612128800765393,3.5063611111111106,3.63775036675346,3.7985784973184114,3.6739439623642127,3.6334431036660053,1.0,4.120575608710426
2021-04-01,6,mantos blancos,SM,0,3.53,3.282,3.914942495457976,3.7243253967900105,3.897138170648912,3.786440360586015,4.341772602360786,3.57475,3.8510258639495327,3.592975248489114,3.8145756729267197,3.6336502224877294,0.1,3.6167024166722443
2021-04-01,9,mantos blancos,SM,0,3.453,3.282,3.8542911504559316,3.7243253967900105,3.8603475345077234,3.785072183974796,4.106141445406293,3.57475,3.981959626573193,3.78051229310371,3.964646743581152,3.6973443839353806,0.15,3.5794067392159343
2021-04-01,12,mantos blancos,SM,0,4.141,3.282,3.8035533710082556,3.7229172587244435,3.784645214867654,3.7849857609205233,4.349666000370332,3.57475,3.7265642298990915,3.5675387011648247,3.6795724046077116,3.6036705862127834,0.2,3.718374261719902
2021-04-01,18,mantos blancos,SM,0,4.532,3.282,3.806582674626921,3.7185540244995177,3.750495111631807,3.784979957041108,4.459436406707231,3.57475,3.7789661239437446,3.6569870482257048,3.7437505202949,3.6463632930423624,0.3,3.759181008421525
2021-04-01,24,mantos blancos,SM,0,4.25,3.282,3.7600732851688496,3.7162791426952624,3.7245730481522186,3.784979933883522,4.463859660397328,3.57475,3.8855737617457264,3.7542041935255446,3.88668851165656,3.721833386581381,0.4,3.774954582750138
2021-04-01,30,mantos blancos,SM,0,4.045,3.282,3.5999351250801754,3.6823712913688826,3.6433918379764814,3.784979933791123,4.525337404230334,3.57475,3.728005248008389,3.7598390932581394,3.878067564122187,3.6762533023799584,0.5,3.8529789853965934
2021-04-01,36,mantos blancos,SM,0,3.39,3.282,3.541438718077562,3.664593174900412,3.5261340127954073,3.7849799337907535,4.527814680730631,3.57475,3.8352878520434843,3.837627472585016,3.9031586472035547,3.73177459738855,0.6,3.8946588391122794
2021-04-01,42,mantos blancos,SM,0,4.463,3.282,3.394406408755014,3.658782917007017,3.447760982331643,3.784979933790752,4.562245753566907,3.57475,3.5848506980058343,3.756581555966492,3.8047904917446083,3.632329676191698,0.7,4.005522974185666
2021-04-01,48,mantos blancos,SM,0,5.369,3.282,3.304581639388123,3.656507681063759,3.3530434017781854,3.784979933790752,4.5636331709036435,3.57475,3.3965824459922143,3.6542945605957224,3.6726211653347565,3.545163101976381,0.8,4.1193701669562435
2021-04-01,54,mantos blancos,SM,0,6.011,3.282,3.3243592434354814,3.656507681063759,3.342211799446555,3.784979933790752,4.582916552217654,3.57475,3.710408398645636,3.967008846310008,3.893323669433104,3.7331251734866933,0.9,4.083102225873268
2018-01-01,6,mantoverde,SM,0,3.601,3.065,3.5641428411306975,3.6324737802170706,3.480792600661497,3.3666842202418157,3.06075494310358,3.8912222222222215,3.5641428411306975,3.6324737802170706,3.480792600661497,3.7740566576028867,0.1,3.31480743682898
2018-01-01,9,mantoverde,SM,0,4.147,3.065,3.5001125937263065,3.5705045413342704,3.444938420654132,3.377755305965755,3.0127496860921936,3.8912222222222215,3.5001125937263065,3.5705045413342704,3.444938420654132,3.7488567603454483,0.15,3.3410644634733546
2018-01-01,12,mantoverde,SM,0,3.566,3.065,3.6206831267907247,3.5730738079204594,3.444938420654132,3.379519093657093,2.9435952599079664,3.8912222222222215,3.6206831267907247,3.5730738079204594,3.444938420654132,3.7734847202755697,0.2,3.5054549256362564
2018-01-01,18,mantoverde,SM,0,3.52,3.065,3.768514398360999,3.6372030573677128,3.4407830626132325,3.379844858173746,2.9659479111503444,3.8912222222222215,3.768514398360999,3.6372030573677128,3.4407830626132325,3.7970404750432887,0.3,3.7770184334430006
2018-01-01,24,mantoverde,SM,0,3.299,3.065,3.8637285894945346,3.6845999119954027,3.394119131418223,3.3798531264687948,2.95283769972103,3.8912222222222215,3.8637285894945346,3.6845999119954027,3.394119131418223,3.8209874393358696,0.4,4.034959000167689
2018-01-01,30,mantoverde,SM,0,3.159,3.065,3.9199067550593454,3.698083576784728,3.3720048720821834,3.3798533363280625,2.9553389695759855,3.8912222222222215,3.9199067550593454,3.698083576784728,3.3720048720821834,3.8418859884421104,0.5,4.240841696772305
2018-01-01,36,mantoverde,SM,0,3.144,3.065,3.9032043728457246,3.6980835767847284,3.2977191197952886,3.3798533416545435,2.9538719321187883,3.8912222222222215,3.9032043728457246,3.6980835767847284,3.2977191197952886,3.8368752737780247,0.6,4.41805451063078
2018-01-01,42,mantoverde,SM,0,4.3,3.065,3.9163110610556506,3.698083576784728,3.2017705804886356,3.379853341789736,2.9541518251310075,3.8912222222222215,3.9163110610556506,3.698083576784728,3.2017705804886356,3.8408072802410023,0.7,4.617531713013649
2018-01-01,48,mantoverde,SM,0,4.106,3.065,3.9163110610556506,3.698083576784728,3.2017705804886356,3.3798533417931673,2.9539876631026205,3.8912222222222215,3.9163110610556506,3.698083576784728,3.2017705804886356,3.8408072802410023,0.8,4.779640067953608
2018-01-01,54,mantoverde,SM,0,4.103,3.065,3.9163110610556506,3.698083576784728,3.2017705804886356,3.3798533417932544,2.954018983233127,3.8912222222222215,3.9163110610556506,3.698083576784728,3.2017705804886356,3.8408072802410023,0.9,4.941693448167305
2018-01-01,60,mantoverde,SM,0,3.34,3.065,3.9163110610556506,3.698083576784728,3.2017705804886356,3.379853341793256,2.954000613442068,3.8912222222222215,3.9163110610556506,3.698083576784728,3.2017705804886356,3.8408072802410023,1.0,5.103760802495205
2018-07-01,6,mantoverde,SM,0,3.566,3.908,3.6641421636896117,3.777589086838951,3.701443214362941,3.4919727713945097,3.4597407463632806,3.7886666666666664,3.700999322558914,3.7461153066218804,3.821650613701444,3.7626229258361588,0.1,3.164474784893674
2018-07-01,9,mantoverde,SM,0,3.765,3.908,3.7082664391373727,3.7588688732907074,3.676701312414959,3.4897264833046813,3.3810867836613814,3.7886666666666664,4.355153845411067,4.335364331956438,4.378762891760827,4.011303635473501,0.15,3.7541734326974505
2018-07-01,12,mantoverde,SM,0,3.52,3.908,3.7243485066737008,3.7508306704313545,3.687149089033881,3.4893800873893204,3.44110593402573,3.7886666666666664,3.669665379882976,3.743756862510895,3.8082106683797488,3.755884448478774,0.2,3.317075863512249
2018-07-01,18,mantoverde,SM,0,3.299,3.908,3.673978779361683,3.7517471141208074,3.670913381516833,3.4893184329710913,3.4638304790961145,3.7886666666666664,3.425464381000684,3.6345440567530947,3.7501303189036004,3.659335442771778,0.3,3.3201007782366663
2018-07-01,24,mantoverde,SM,0,3.159,3.908,3.606163762620189,3.7458584875532686,3.5203835689577603,3.4893169668196897,3.451634592722139,3.7886666666666664,3.041435173125654,3.360258575557866,3.4252644375395374,3.4359747912717227,0.4,3.23097567980293
2018-07-01,30,mantoverde,SM,0,3.144,3.908,3.6344113963433586,3.7533776928733853,3.5070227134352816,3.4893169319543875,3.430850006382391,3.7886666666666664,2.873504641284013,3.214294116088657,3.294017841353098,3.341806293878468,0.5,3.263176086534168
2018-07-01,36,mantoverde,SM,0,4.3,3.908,3.5946702119301106,3.7510488079496476,3.47998377010708,3.489316931125286,3.431932263847522,3.7886666666666664,2.835465839084386,3.1969652311649193,3.3262646503117916,3.3251959877414583,0.6,3.387586383379787
2018-07-01,42,mantoverde,SM,0,4.106,3.908,3.615810244761462,3.7510488079496476,3.4710728506770243,3.48931693110557,3.4395871179755972,3.7886666666666664,3.999499183705811,4.352965231164919,4.5693022701883885,4.021205991127886,0.7,4.445063962386627
2018-07-01,48,mantoverde,SM,0,4.103,3.908,3.590018376582006,3.7510488079496476,3.356335208615929,3.4893169311051015,3.4380140577775786,3.7886666666666664,3.7797073155263554,4.1589652311649195,4.260564628127293,3.8970684306740493,0.8,4.470064080801688
2018-07-01,54,mantoverde,SM,0,3.34,3.908,3.590018376582006,3.7510488079496476,3.356335208615929,3.4893169311050904,3.433870756247028,3.7886666666666664,3.7767073155263553,4.155965231164919,4.257564628127293,3.895268430674049,0.9,4.627547724586206
2018-07-01,60,mantoverde,SM,0,3.03,3.908,3.590018376582006,3.7510488079496476,3.356335208615929,3.4893169311050904,3.434382104640756,3.7886666666666664,3.0137073155263554,3.3929652311649194,3.4945646281272933,3.4374684306740493,1.0,4.181409020990155
2019-01-01,6,mantoverde,SM,0,3.52,2.861,3.8437522173632144,3.7895422242959973,3.8097831783265357,3.5981967264951233,3.5272929102735597,3.681777777777778,3.8131097149530597,3.6680107907679864,3.8021652708143163,3.705290767810876,0.1,3.4559470736376197
2019-01-01,9,mantoverde,SM,0,3.915,2.861,3.789426781882103,3.7882451231097516,3.705101473146989,3.599037003461582,3.5981371810060727,3.681777777777778,4.141237265450263,4.079558415797263,4.100281606612444,3.853225802916172,0.15,3.851782807455219
2019-01-01,12,mantoverde,SM,0,3.299,2.861,3.778790882046468,3.788163840285094,3.7021444575170963,3.5991841566925125,3.601608269526403,3.681777777777778,3.6492750653142556,3.669211601109187,3.6791007026730895,3.6727639999513553,0.2,3.5617750623928375
2019-01-01,18,mantoverde,SM,0,3.159,2.861,3.800886453393473,3.795794223399392,3.684725035380793,3.599214439845517,3.6351205001740805,3.681777777777778,3.489139864532132,3.5108191376551323,3.5383768133157605,3.5908786394357053,0.3,3.5859433072633764
2019-01-01,24,mantoverde,SM,0,3.144,2.861,3.679401954715128,3.799529197650426,3.56818003107174,3.5992153685889945,3.5930105013416713,3.681777777777778,3.1734557786577664,3.31329999787609,3.3399286808837485,3.418737844071268,0.4,3.5436755612061623
2019-01-01,30,mantoverde,SM,0,4.3,2.861,3.7496800199367555,3.8170793030542027,3.5723455088800455,3.599215397072305,3.574021133035197,3.681777777777778,3.1240209442354034,3.242848668225146,3.2843317161213132,3.382771994849276,0.5,3.6568695476892503
2019-01-01,36,mantoverde,SM,0,4.106,2.861,3.775758689401106,3.83861731481448,3.690935528212857,3.599215397945849,3.5978823401756714,3.681777777777778,3.7488213970131885,3.8360511224472917,4.024084083261672,3.7481728669492553,0.6,4.299604424800242
2019-01-01,42,mantoverde,SM,0,4.103,2.861,3.8080472601420534,3.854537618160411,3.6721815889550418,3.59921539797264,3.6086424746613273,3.681777777777778,4.244986607233497,4.3329714257932235,4.538759873372212,4.046098521019127,0.7,4.869995650976696
2019-01-01,48,mantoverde,SM,0,3.34,2.861,3.805475708128972,3.861608380374047,3.5837681001381583,3.599215397973461,3.595121761719336,3.681777777777778,4.156810989310143,4.241542188006859,4.409215205585876,3.992217064306212,0.8,4.965709870283354
2019-01-01,54,mantoverde,SM,0,3.03,2.861,3.825692481973888,3.861608380374047,3.632818357402781,3.599215397973486,3.5890246397782164,3.681777777777778,3.7940277631550594,3.858542188006859,4.075265462850498,3.768482096459687,0.9,4.813053551259431
2019-01-01,60,mantoverde,SM,0,3.394,2.861,3.825692481973888,3.861608380374047,3.632818357402781,3.5992153979734867,3.596686015725524,3.681777777777778,3.2575277631550597,3.3220421880068587,3.5387654628504985,3.4465820964596867,1.0,4.530526251107855
2019-07-01,6,mantoverde,SM,0,3.299,3.601,3.5342047926074396,3.5815230634470714,3.6416931787616185,3.5493990564871383,3.5115966641857774,3.5477499999999997,3.4058590518795984,3.410654699663065,3.5400201809779603,3.4919527503085326,0.1,3.206153425081201
2019-07-01,9,mantoverde,SM,0,3.235,3.601,3.5516640039946052,3.5777860182037284,3.6363247779192056,3.549983867217371,3.5216355571303115,3.5477499999999997,3.8280620657460114,3.8142465056254853,3.969744375847179,3.6571117142742993,0.15,3.6356456911802804
2019-07-01,12,mantoverde,SM,0,3.159,3.601,3.5799144206881004,3.5766207472960434,3.6242878288787606,3.5500723700820687,3.525453650341986,3.5477499999999997,3.3336402488511356,3.334264641083741,3.4745438398103907,3.4622309779869753,0.2,3.2939930887272357
2019-07-01,18,mantoverde,SM,0,3.144,3.601,3.542343590361811,3.584462005339634,3.6341148995941186,3.5500877906857267,3.523854641529383,3.5477499999999997,3.120550379989759,3.18221387371033,3.361307739757166,3.349566063425022,0.3,3.280250089272446
2019-07-01,24,mantoverde,SM,0,4.3,3.601,3.5961606308223484,3.560631657848039,3.5632896013206463,3.5500881438569962,3.5167218833917104,3.5477499999999997,3.0803958618790643,3.01796912544834,3.269728690838072,3.2486094961982213,0.4,3.3395800377977243
2019-07-01,30,mantoverde,SM,0,4.106,3.601,3.5618271894430915,3.5399370971499344,3.60528254581408,3.550088151945521,3.517544957129486,3.5477499999999997,3.3281611323299383,3.3180902395791625,3.6558248476815765,3.41297541157273,0.5,3.7113472758287687
2019-07-01,36,mantoverde,SM,0,4.103,3.601,3.606236551386141,3.5399370971499344,3.574866378915275,3.550088152130769,3.5212164727927964,3.5477499999999997,3.6983587933271607,3.6273538639669822,3.935320239543533,3.616813797188243,0.6,4.17031673609981
2019-07-01,42,mantoverde,SM,0,3.34,3.601,3.641522208126512,3.5399370971499344,3.5965523640029695,3.5500881521350114,3.5207928038470713,3.5477499999999997,4.031132686140124,3.941713762851672,4.3178773572960685,3.8109539346975385,0.7,4.592726617316712
2019-07-01,48,mantoverde,SM,0,3.03,3.601,3.526678524719255,3.5399370971499344,3.565624543386212,3.5500881521351086,3.518902928008616,3.5477499999999997,3.6057434761303786,3.6193568421137936,4.034666580305304,3.586630095473251,0.8,4.411095160906983
2019-07-01,54,mantoverde,SM,0,3.394,3.601,3.5247401322541974,3.5399370971499344,3.7964576964988335,3.5500881521351104,3.519121007346267,3.5477499999999997,3.238399492383682,3.260690175447127,3.8904829809963846,3.3688269003492426,0.9,4.207396310872335
2019-07-01,60,mantoverde,SM,0,5.144,3.601,3.4428762406837032,3.5399370971499344,3.8845037733675984,3.5500881521351104,3.520093801966339,3.5477499999999997,2.920202267479855,3.0243568421137934,3.7421957245318165,3.2024677328780946,1.0,4.10016339459967
2020-01-01,6,mantoverde,SM,0,3.159,3.566,3.6998598736719743,3.6046545358210746,3.5214104517968075,3.5220694176941745,3.426162778248383,3.5293611111111116,3.5447993699742337,3.405872497121302,3.3594824087686592,3.5077510400857737,0.1,3.304454231958103
2020-01-01,9,mantoverde,SM,0,3.062,3.566,3.6798530488445977,3.6046545358210746,3.471818087473751,3.526138190328503,3.4282728306865224,3.5293611111111116,3.807985594159501,3.69630339683646,3.62155159143993,3.618474464865859,0.15,3.6279430249259628
2020-01-01,12,mantoverde,SM,0,3.144,3.566,3.6093478993052,3.6017494662536524,3.414127376569624,3.5267260582510533,3.3925880154096615,3.5293611111111116,3.3194136652554516,3.3155771997704147,3.1854974275486567,3.44461483967184,0.2,3.29692752106916
2020-01-01,18,mantoverde,SM,0,4.3,3.566,3.690406519215493,3.6036171924175227,3.4267341770373045,3.526823267010103,3.391779538064292,3.5293611111111116,3.2744757138460017,3.191815592360636,3.0996000822610603,3.3812533821072153,0.3,3.3345935098486796
2020-01-01,24,mantoverde,SM,0,4.106,3.566,3.5828485771526903,3.5977602820315857,3.39181612028036,3.526825296271911,3.4087556252309588,3.5293611111111116,3.37198484273964,3.375605468269802,3.3558230370882676,3.436021537747277,0.4,3.6021354859649266
2020-01-01,30,mantoverde,SM,0,4.103,3.566,3.735635604163513,3.591687502835612,3.4225961362795836,3.526825338633356,3.4091644076704584,3.5293611111111116,3.696429263967875,3.5668180853700493,3.5856822262266856,3.5907186492458214,0.5,3.9573735527980967
2020-01-01,36,mantoverde,SM,0,3.34,3.566,3.5550632308968155,3.582106720554473,3.38456860212272,3.5268253395176643,3.4005809558707685,3.5293611111111116,3.7483457745060447,3.788435021379775,3.786942402865095,3.6727786832101907,0.6,4.235324075772957
2020-01-01,42,mantoverde,SM,0,3.03,3.566,3.7448523457522223,3.5840957526271455,3.4286545048909614,3.5268253395361246,3.4003742672309456,3.5293611111111116,3.9616796522308024,3.8354439776159652,3.9055101588600434,3.7508815333984753,0.7,4.465457056030667
2020-01-01,48,mantoverde,SM,0,3.394,3.566,3.662728958545872,3.5840957526271455,3.4129116298366218,3.52682533953651,3.404714233447794,3.5293611111111116,3.5978580409244008,3.516176287062556,3.630787021679388,3.5459547428405314,0.8,4.273483647222358
2020-01-01,54,mantoverde,SM,0,5.144,3.566,3.738858460979085,3.5840957526271455,3.4103890452215606,3.526825339536518,3.4048187393895963,3.5293611111111116,3.4914179480126495,3.338176287062556,3.3802935844700155,3.4606227149670064,0.9,4.258721488292466
2020-01-01,60,mantoverde,SM,0,8.905,3.566,3.628637580354368,3.5840957526271455,3.2255485278435225,3.526825339536518,3.402624365004682,3.5293611111111116,3.661913040280556,3.5984262870625563,3.4336915478747865,3.5898462426473783,1.0,4.603485452108697
2020-07-01,6,mantoverde,SM,0,3.144,3.52,3.3888999900444468,3.353463875989881,3.3436053956481815,3.230064373254611,3.060070490973152,3.442416666666667,3.156679612351859,3.105307337865848,3.1415808708663016,3.317847390043542,0.1,3.4753112885884403
2020-07-01,9,mantoverde,SM,0,3.681,3.52,3.3861307194861974,3.356200118849619,3.2962165137442243,3.231711532688516,3.0373554304459085,3.442416666666667,3.3650661459692004,3.3209883004977123,3.334039699422417,3.402660889293383,0.15,3.70947486054537
2020-07-01,12,mantoverde,SM,0,4.3,3.52,3.368456108550329,3.3528936569050627,3.2945589464491203,3.231982118573849,3.0419680940738636,3.442416666666667,3.04343914144949,3.032405950467742,3.0576295119184214,3.2806190183834465,0.2,3.5153858920505803
2020-07-01,18,mantoverde,SM,0,4.106,3.52,3.374005824722112,3.353146928396908,3.2698055326007083,3.232033870906854,3.056767329626734,3.442416666666667,3.16317987658342,3.162982209867894,3.182751421372252,3.302748854946162,0.3,3.742917061823318
2020-07-01,24,mantoverde,SM,0,4.103,3.52,3.330972541366632,3.349923239892986,3.228754067011478,3.232035267496873,3.0655525885120385,3.442416666666667,3.2669118384056537,3.2738473324772412,3.342796376401732,3.3391944179315356,0.4,3.953610252456695
2020-07-01,30,mantoverde,SM,0,3.34,3.52,3.477065665686198,3.3581977399194596,3.2655661369331144,3.2320353051852933,3.0583702175242875,3.442416666666667,3.519173472696985,3.440564705379887,3.5321157816348796,3.4648881200897286,0.5,4.237938643160489
2020-07-01,36,mantoverde,SM,0,3.03,3.52,3.321802500011167,3.315449162061248,3.1611402591292412,3.2320353062023544,3.0541065521274304,3.442416666666667,3.4334158887191872,3.4320904586105954,3.474125579298597,3.436618570865601,0.6,4.325269118100114
2020-07-01,42,mantoverde,SM,0,3.394,3.52,3.2881253414690192,3.311259035843981,3.144010544677942,3.2320353062298013,3.0575923033212953,3.442416666666667,3.318616717501439,3.4015184653096076,3.445764166875015,3.393007221509981,0.7,4.392478596316364
2020-07-01,48,mantoverde,SM,0,5.144,3.52,3.3006983257981877,3.309377029187036,3.0079211094684193,3.232035306230542,3.0596615471368382,3.442416666666667,3.1950557999918363,3.2170223062099352,3.178439096975308,3.3005900985271985,0.8,4.375283251859691
2020-07-01,54,mantoverde,SM,0,8.905,3.52,3.3177736548241157,3.309377029187036,3.0353071216722487,3.2320353062305616,3.0579698409570475,3.442416666666667,3.40084955225515,3.4246223062099355,3.357952944026701,3.4246082242061924,0.9,4.6683962859563835
2020-07-01,60,mantoverde,SM,0,7.76,3.52,3.276962929816405,3.309377029187036,2.8395696640887613,3.232035306230562,3.0569655947112424,3.442416666666667,4.358855781686481,4.385022306209935,4.141974374545068,4.000130093035591,1.0,5.5978704616509525
2020-10-01,6,mantoverde,SM,0,3.681,3.915,3.3756540639237,3.3609528889871356,3.4724665590992365,3.179057759273652,3.0220812380640036,3.383916666666667,3.1413204175058027,3.119245127885461,3.2708452225063063,3.282463109078253,0.1,3.8639763853656275
2020-10-01,9,mantoverde,SM,0,4.3,3.915,3.371939546807722,3.3609528889871356,3.5554460467975106,3.181626579990301,3.0277966800487692,3.383916666666667,3.4035306156291916,3.385743020552277,3.6510959492386337,3.3882047272362934,0.15,4.078633419120734
2020-10-01,12,mantoverde,SM,0,4.92,3.915,3.3904638588109006,3.3609528889871356,3.5837788667144443,3.182036348924167,3.0210548120295226,3.383916666666667,3.27487370146848,3.2517308574718577,3.5539111801973418,3.3356709117880676,0.2,4.07066334299553
2020-10-01,18,mantoverde,SM,0,4.271,3.915,3.3991574917059957,3.3609528889871356,3.5453270954675924,3.1821121405364545,3.0628705549870934,3.383916666666667,3.3454682308034003,3.327957802146806,3.6121477473437604,3.360314841570885,0.3,4.285744751053003
2020-10-01,24,mantoverde,SM,0,3.311,3.915,3.38292558521414,3.358154765409865,3.5243882878827995,3.1821140690896175,3.0633796828170294,3.383916666666667,3.4582129091855527,3.420270969247914,3.7651312012060982,3.4171118301967063,0.4,4.502130348139082
2020-10-01,30,mantoverde,SM,0,2.846,3.915,3.363879997337275,3.3627712279330226,3.487315619577842,3.1821141181625583,3.0426546729763584,3.383916666666667,3.3761255588985644,3.4283774091634687,3.7218459673404607,3.394917557085277,0.5,4.669507122269417
2020-10-01,36,mantoverde,SM,0,3.007,3.915,3.2122203202936777,3.3366507630626465,3.4489146557310186,3.182114119411242,3.042402335494275,3.383916666666667,3.2565977275485,3.3862769831768946,3.687879046017275,3.3464290798842846,0.6,4.78900264165658
2020-10-01,42,mantoverde,SM,0,2.62,3.915,3.208524986578832,3.325913017871762,3.42431387549602,3.182114119443016,3.0526742092592545,3.383916666666667,3.2515802430276786,3.4149193697857876,3.7174401365472574,3.3535165505107063,0.7,4.9657148898914425
2020-10-01,48,mantoverde,SM,0,6.30192595419825,3.915,3.2105536310323046,3.3216001918472946,3.373815376930723,3.182114119443824,3.0527992745201185,3.383916666666667,3.4297351385606474,3.5504084178352047,3.87192684827506,3.4476097335854226,0.8,5.2273159227628385
2020-10-01,54,mantoverde,SM,0,7.329,3.915,3.209503673096464,3.3216001918472946,3.400509315964106,3.1821141194438445,3.047708256882258,3.383916666666667,4.209937978484973,4.350241751168538,4.647662980980774,3.92162058556272,0.9,5.902645848639651
2020-10-01,60,mantoverde,SM,0,5.935392883080209,3.915,3.197248883186982,3.3216001918472946,3.2421108567088877,3.182114119443845,3.04764627116636,3.383916666666667,4.845999104775978,4.959741751168538,5.147519838074349,4.295288923450022,1.0,6.494510350882193
2021-04-01,6,mantoverde,SM,0,4.92,3.235,3.578341994612217,3.3926631376634986,3.6163909824188725,3.3261859261496567,3.5268929522737165,3.4014166666666665,3.4211054314077765,3.231206072578187,3.4733631854678984,3.3713123007971926,0.1,3.4265480284068746
2021-04-01,9,mantoverde,SM,0,4.106,3.235,3.5003635756408977,3.3926631376634986,3.541832073143699,3.3188352070221567,3.5469490130659733,3.4014166666666665,3.660021699372483,3.548061409149743,3.730182554265017,3.482466621704445,0.15,3.688262923675329
2021-04-01,12,mantoverde,SM,0,4.271,3.235,3.4465022340692184,3.391380398482892,3.515513704723719,3.317698306784971,3.5840546542108593,3.4014166666666665,3.565930119374158,3.52048253018592,3.6808015638927105,3.4581325299120156,0.2,3.712634360321788
2021-04-01,18,mantoverde,SM,0,3.311,3.235,3.4887558076514575,3.3895650896953784,3.489506216756702,3.317495271765255,3.5773699447550267,3.4014166666666665,3.567285370919805,3.4912903168340765,3.650448619012333,3.465352255271804,0.3,3.8731131623422614
2021-04-01,24,mantoverde,SM,0,2.846,3.235,3.3964166850907582,3.3895650896953784,3.426674830063953,3.3174904149005138,3.550030881732639,3.4014166666666665,3.4506735934642347,3.436071155069439,3.602541857500666,3.426590091226769,0.4,3.9710253126459256
2021-04-01,30,mantoverde,SM,0,3.007,3.235,3.3425570703583753,3.3682353357276176,3.342676086698824,3.3174902987179204,3.5532278052011623,3.4014166666666665,3.27907040921987,3.3506447442204252,3.452085581984234,3.3494812126987554,0.5,4.057205251932368
2021-04-01,36,mantoverde,SM,0,2.62,3.235,3.2779617707842252,3.3485892061276044,3.2737710239616424,3.31749029593868,3.566302553457062,3.4014166666666665,3.286682359817833,3.3440330000737246,3.4154669791025736,3.349781274634134,0.6,4.228642469940356
2021-04-01,42,mantoverde,SM,0,6.30192595419825,3.235,3.179700908531525,3.3464100323558443,3.2455278588855836,3.3174902958721977,3.5647736433583463,3.4014166666666665,3.132530415976418,3.3218564743004713,3.3818769575729273,3.296882733749733,0.7,4.308758369696377
2021-04-01,48,mantoverde,SM,0,7.329,3.235,3.143279817621241,3.3443290473509393,3.1865958422713803,3.317490295870607,3.5585207208710186,3.4014166666666665,3.7727742988120987,3.966211207104999,4.031850043033316,3.682262318441796,0.8,4.871412262073788
2021-04-01,54,mantoverde,SM,0,5.935392883080209,3.235,2.989001757932091,3.3443290473509393,3.1127754605155027,3.3174902958705688,3.559251913254248,3.4014166666666665,4.435016352108461,4.798507499362391,4.742977271106346,4.130623822107923,0.9,5.515007636017097
2018-01-01,6,ministro hales,LC,2,15.6,23.8,18.0065194487367,17.68274837265736,18.253065494978536,17.09380660949698,18.76076221123593,19.049999999999997,18.0065194487367,17.68274837265736,18.253065494978536,18.447316955348512,0.1,14.362376745088916
2018-01-01,9,ministro hales,LC,2,16.7,23.8,17.916103305227395,17.671421035531324,18.173634692266607,17.09381064923008,18.516814518072678,19.049999999999997,17.916103305227395,17.671421035531324,18.173634692266607,18.42188108518968,0.15,14.087828648759565
2018-01-01,12,ministro hales,LC,2,6.951,23.8,17.991537274105593,17.67765007666808,18.11345965835047,17.093810636312174,18.760762211790244,19.049999999999997,17.991537274105593,17.67765007666808,18.11345965835047,18.442296837693416,0.2,13.90530622487675
2018-01-01,18,ministro hales,LC,2,13.609,23.8,17.929694732161373,17.671646887211566,18.17333910745458,17.09381063635335,18.202186446533325,19.049999999999997,17.929694732161373,17.671646887211566,18.17333910745458,18.42533540484323,0.3,13.333007399730867
2018-01-01,24,ministro hales,LC,2,14.335,23.8,17.974764928384335,17.671646887211566,18.135937254758776,17.09381063635335,18.202186446383077,19.049999999999997,17.974764928384335,17.671646887211566,18.135937254758776,18.436602953898973,0.4,12.871581369147924
2018-01-01,30,ministro hales,LC,2,9.861,23.8,17.937803123833426,17.61702563719463,18.178730393128397,17.09381063635335,18.35359007938411,19.049999999999997,17.937803123833426,17.61702563719463,18.178730393128397,18.413707190257014,0.5,12.438451967640734
2018-01-01,36,ministro hales,LC,2,17.82,23.8,18.210546368805804,17.61702563719463,18.189204573344192,17.09381063635335,18.353590079424837,19.049999999999997,18.210546368805804,17.61702563719463,18.189204573344192,18.481893001500108,0.6,11.976355422091082
2018-01-01,42,ministro hales,LC,2,16.5,23.8,18.439881860001304,17.61702563719463,18.293155772103333,17.09381063635335,18.31255167154589,19.049999999999997,18.439881860001304,17.61702563719463,18.293155772103333,18.539226874298983,0.7,11.502148021706653
2018-01-01,48,ministro hales,LC,2,11.635,23.8,18.439881860001304,17.61702563719463,18.293155772103333,17.09381063635335,18.31255167153485,19.049999999999997,18.439881860001304,17.61702563719463,18.293155772103333,18.539226874298983,0.8,11.038834641122014
2018-01-01,54,ministro hales,LC,2,13.17,23.8,18.439881860001304,17.61702563719463,18.293155772103333,17.09381063635335,18.3236752548192,19.049999999999997,18.439881860001304,17.61702563719463,18.293155772103333,18.539226874298983,0.9,10.577640171716487
2018-01-01,60,ministro hales,LC,2,10.731,23.8,18.439881860001304,17.61702563719463,18.293155772103333,17.09381063635335,18.323675254822195,19.049999999999997,18.439881860001304,17.61702563719463,18.293155772103333,18.539226874298983,1.0,10.114326791134522
2018-07-01,6,ministro hales,LC,2,6.951,16.7,18.00840214819899,17.3734833175788,18.096257616948314,16.197185806645923,16.06429034988193,18.711111111111112,15.601882699462289,15.290734944921438,15.443192121969778,17.078709966651488,0.1,13.987596511961591
2018-07-01,9,ministro hales,LC,2,12.258,16.7,18.234669521320935,17.339997549219497,18.1271948831038,16.19719251460674,16.702857565475906,18.711111111111112,17.01856621609354,16.368576513688172,16.653560190837194,17.702341238000983,0.15,13.791736155919848
2018-07-01,12,ministro hales,LC,2,13.609,16.7,18.24780369040906,17.23797965972052,18.102064225912756,16.197192492162582,16.811619037790035,18.711111111111112,7.207266416303469,6.51132958305244,6.939604567562284,12.785204555394532,0.2,14.170589660484854
2018-07-01,18,ministro hales,LC,2,14.335,16.7,18.016110413468557,17.219928518234013,18.060516179292105,16.197192492237427,16.60838042704338,18.711111111111112,13.695415681307184,13.157281631022448,13.496177071837524,16.068729883637964,0.3,13.278583529225575
2018-07-01,24,ministro hales,LC,2,9.861,16.7,17.56358915240608,17.040274622272204,17.837004142593855,16.197192492237427,16.604287991566817,18.711111111111112,13.923824224021747,13.703627735060639,14.03606688783508,16.262418545326152,0.4,12.779113744687455
2018-07-01,30,ministro hales,LC,2,17.82,16.7,17.25679531461364,17.003266036454345,17.74493696915691,16.197192492237427,16.605344073638804,18.711111111111112,9.179992190780215,9.247240399259717,9.427206576028514,13.962363703065538,0.5,12.58792206800905
2018-07-01,36,ministro hales,LC,2,16.5,16.7,16.884568554924098,17.003266036454345,17.712149845481438,16.197192492237427,16.605365343153128,18.711111111111112,16.494022186118293,17.206240399259716,17.342945272137246,17.78062120190006,0.6,11.635357884407782
2018-07-01,42,ministro hales,LC,2,11.635,16.7,16.771054720740437,17.020834491371318,17.659818934528463,16.197192492237427,16.60535985434565,18.711111111111112,14.831172860739134,15.903808854176688,15.86666316242513,17.039300984284512,0.7,11.252537126594694
2018-07-01,48,ministro hales,LC,2,13.17,16.7,16.6244053413174,17.020834491371318,17.605071293378384,16.197192492237427,16.605359743800957,18.711111111111112,9.819523481316095,11.038808854176688,10.94691552127505,14.570138639428752,0.8,11.085812775044177
2018-07-01,54,ministro hales,LC,2,10.731,16.7,16.6244053413174,17.020834491371318,17.605071293378384,16.197192492237427,16.605359772328104,18.711111111111112,11.354523481316095,12.573808854176688,12.48191552127505,15.337638639428752,0.9,10.533733965270521
2018-07-01,60,ministro hales,LC,2,10.005,16.7,16.6244053413174,17.020834491371318,17.605071293378384,16.197192492237427,16.605359772902638,18.711111111111112,8.915523481316095,10.134808854176688,10.04291552127505,14.118138639428752,1.0,10.221802768629743
2019-01-01,6,ministro hales,LC,2,13.609,16.7,16.853083529219283,16.393358143961702,11.302995752294509,14.688561419769462,15.679576120809111,17.66530555555556,10.121122730751438,10.140742298843623,4.403834196331084,13.898119035176546,0.1,14.29623033677801
2019-01-01,9,ministro hales,LC,2,15.143,16.7,16.702882377960375,17.09374509231228,11.620088338063978,14.689129720218922,15.316176038159583,17.66530555555556,13.106495964686209,14.067035799936868,7.948673550378773,15.626035718933549,0.15,13.73345765090796
2019-01-01,12,ministro hales,LC,2,14.335,16.7,16.881183434588756,16.927405710439714,12.165952136860016,14.689124870640661,18.535503731576274,17.66530555555556,9.04151295233143,9.749590842245414,4.338190194728402,13.530428726421992,0.2,14.35245657943086
2019-01-01,18,ministro hales,LC,2,9.861,16.7,18.046420729857168,17.43552527805632,13.530547145122274,14.689124911671275,15.972253351789789,17.66530555555556,14.045518157042203,13.961737575333533,9.38561950174893,15.834466710871713,0.3,13.181301668254827
2019-01-01,24,ministro hales,LC,2,17.82,16.7,17.540179926165955,17.307260825502762,13.757234817956649,14.689124911674265,15.956258009291865,17.66530555555556,11.869002885770747,12.049300070760879,7.868764119280334,14.812228516910686,0.4,12.876241868042637
2019-01-01,30,ministro hales,LC,2,16.5,16.7,17.78229129146392,17.444510697708576,14.041317604670965,14.689124911674265,15.939118647518473,17.66530555555556,14.025492072240388,13.97486486088409,9.919983923528312,15.8327420110589,0.5,12.306776426420209
2019-01-01,36,ministro hales,LC,2,11.635,16.7,17.416459976794364,17.333073395932985,13.993453453554533,14.689124911674265,15.939008516831342,17.66530555555556,17.028902514929413,17.1829275591085,13.202776244141718,17.385610296287258,0.6,11.641428499151063
2019-01-01,42,ministro hales,LC,2,13.17,16.7,17.873558609025054,17.369941003823477,14.109849585793073,14.689124911674265,15.938896885955922,17.66530555555556,14.335590318654184,14.118510939540503,10.200862232477174,15.946178092326452,0.7,11.442655340248088
2019-01-01,48,ministro hales,LC,2,10.731,16.7,17.829452209167858,17.34427834059248,14.08695731198736,14.689124911674265,15.938896168121834,17.66530555555556,12.699808608508507,12.427848276309508,8.540343779246502,15.114566998982284,0.8,11.139825563099885
2019-01-01,54,ministro hales,LC,2,10.005,16.7,18.333367878880903,17.34427834059249,14.41206175055732,14.689124911674265,15.938895441559659,17.66530555555556,12.751724278221552,11.975848276309515,8.413448217816462,15.014545916410546,0.9,10.744851149704935
2019-01-01,60,ministro hales,LC,2,3.779,16.7,18.333367878880903,17.34427834059248,14.41206175055732,14.689124911674265,15.93889543688746,17.66530555555556,11.169224278221552,10.393348276309508,6.830948217816463,14.223295916410544,1.0,10.434183562062485
2019-07-01,6,ministro hales,LC,2,14.335,15.6,16.006795450369,17.044090643044385,17.143488509211032,13.523205932915015,15.775151878987513,16.418361111111114,10.437460408317342,11.947560698311765,13.312715554470579,13.805435832212833,0.1,14.014929644760258
2019-07-01,9,ministro hales,LC,2,10.118,15.6,16.65180180432651,17.10987342639864,17.25276562475901,13.523205294223645,14.593731158587246,16.418361111111114,13.734250069490274,14.441818867377606,15.979459653614215,15.253197789772527,0.15,13.410975418893795
2019-07-01,12,ministro hales,LC,2,9.861,15.6,16.970646866148655,17.12700397337492,17.47132173788865,13.52320529596391,14.283767843064664,16.418361111111114,10.895472066447521,11.477658824432147,12.975829730847572,13.802463278275475,0.2,13.393716293094176
2019-07-01,18,ministro hales,LC,2,17.82,15.6,17.109781178269515,17.144791778951323,17.42584417823171,13.523205295959182,14.24143372360132,16.418361111111114,11.714039219773817,12.304091551117356,13.439376700942057,14.21371324827835,0.3,12.917065064367629
2019-07-01,24,ministro hales,LC,2,16.5,15.6,17.22517147801314,17.191652107047826,17.50760091808871,13.523205295959182,14.25654333667577,16.418361111111114,13.537660142361018,13.85725799538565,14.93620884631895,15.057910089992223,0.4,12.38581395523694
2019-07-01,30,ministro hales,LC,2,11.635,15.6,17.122266487805494,17.276456586840325,17.457628640000102,13.523205295959182,14.256972286011676,16.418361111111114,14.190303244501832,14.648522463054475,15.529633651014679,15.418886982444633,0.5,11.916552224312722
2019-07-01,36,ministro hales,LC,2,13.17,15.6,16.744094521233386,17.28865277922772,17.431889975588895,13.523205295959182,14.256819188203517,16.418361111111114,14.558569554391964,15.289197756033735,16.11862068479551,15.671122383161983,0.6,11.457137692061373
2019-07-01,42,ministro hales,LC,2,10.731,15.6,18.082570275330056,17.39425082989417,17.8954913684514,13.523205295959182,14.256814841884202,16.418361111111114,14.156071878741125,13.826650452431027,14.976216604309776,15.204861138348594,0.7,11.157643663733113
2019-07-01,48,ministro hales,LC,2,10.005,15.6,17.565687088198448,17.413387136491806,17.9353902559566,13.523205295959182,14.25681639314423,16.418361111111114,11.779773951369595,11.931340980105663,13.11899546346691,14.136959288424372,0.8,10.900855078717003
2019-07-01,54,ministro hales,LC,2,3.779,15.6,17.565687088198448,17.41338713649181,17.521656703604794,13.523205295959182,14.256816437183211,16.418361111111114,11.068468728131911,11.38800764677233,12.053560431591784,13.823299649281617,0.9,10.54415848742324
2019-07-01,60,ministro hales,LC,2,3.745,15.6,17.591131173419488,17.41338713649181,17.521656703604794,13.523205295959182,14.256816421465105,16.418361111111114,7.96357948001962,8.257674313439,8.92322709825845,12.264494003920213,1.0,10.386113221574181
2020-01-01,6,ministro hales,LC,2,9.861,6.951,16.349156110232055,15.290529755250075,16.65341308186134,13.589681507783283,13.788905166710332,15.36038888888889,11.754205966101061,10.790859635939514,13.078211238503243,13.316460844954587,0.1,12.717407092509987
2020-01-01,9,ministro hales,LC,2,18.275,6.951,16.160920756096928,15.711005424938824,16.72674435780534,13.589675626947148,13.525158167605007,15.36038888888889,12.339306503888125,11.96199614907339,13.988073473256993,13.755520107684823,0.15,12.402490760592976
2020-01-01,12,ministro hales,LC,2,17.82,6.951,16.039832617675916,15.923925000229598,16.758176348934136,13.589675643443114,13.872824602767484,15.36038888888889,9.706039801362902,9.87041514517879,11.483976909181163,12.574308181079868,0.2,12.457164316873042
2020-01-01,18,ministro hales,LC,2,16.5,6.951,16.910836938335045,16.130059589204777,16.92361307208559,13.589675643396971,13.811618373253348,15.36038888888889,13.041585174895893,12.668336473591472,14.032301419560424,14.107674856566288,0.3,11.849626997045561
2020-01-01,24,ministro hales,LC,2,11.635,6.951,16.754396872400136,16.289948551752907,16.919287451588406,13.589675643396971,13.811231742026019,15.36038888888889,13.80747050115776,13.616239941244318,14.73884316823891,14.536122055044963,0.4,11.40407622743155
2020-01-01,30,ministro hales,LC,2,13.17,6.951,16.970597512794395,16.344901574530347,17.01945441803869,13.589675643396971,13.811510436336876,15.36038888888889,13.399808458365275,12.963586834980878,14.117801016299598,14.271043267780982,0.5,11.073303349579946
2020-01-01,36,ministro hales,LC,2,10.731,6.951,17.147447446355233,16.597133343174676,17.239608261631137,13.589675643396971,13.811512196812021,15.36038888888889,14.61478009091582,14.067878880972255,15.189183799638872,14.850859187416464,0.6,10.60574517032558
2020-01-01,42,ministro hales,LC,2,10.005,6.951,16.82973940520747,16.825345477277146,17.49636088451661,13.589675643396971,13.811510927813607,15.36038888888889,12.046973038933256,12.483832486706248,13.515781969297542,13.812895825854321,0.7,10.361362262016018
2020-01-01,48,ministro hales,LC,2,3.779,6.951,16.391074783258027,16.801516344162028,17.32764247497474,13.589675643396971,13.811510919797511,15.36038888888889,10.161468158586775,10.83788494274947,11.732748816618322,12.930032719778506,0.8,10.11901928787185
2020-01-01,54,ministro hales,LC,2,3.745,6.951,16.399893915651774,16.788554002337595,17.111210838434825,13.589675643396971,13.81151092557573,15.36038888888889,8.08030837355226,8.860922600925033,9.574474458523868,11.915502188063769,0.9,9.903850307358873
2020-01-01,60,ministro hales,LC,2,11.2,6.951,16.387539701607235,16.788554002337595,16.85841766326642,13.589675643396971,13.81151092561223,15.36038888888889,5.705343138202462,6.504672600925035,6.965431283355461,10.732698379226319,1.0,9.721031326523496
2020-07-01,6,ministro hales,LC,2,17.82,13.609,12.575878259905812,11.72009277550321,11.563115466842568,10.954964974022861,10.894703590962763,14.086777777777778,7.602286922554606,7.034450729004746,7.344471375783821,10.702573301778727,0.1,11.895843688808561
2020-07-01,9,ministro hales,LC,2,15.362,13.609,12.61566187272083,11.709330858746034,11.739122692033636,10.954966093906362,11.215957790409378,14.086777777777778,9.981186319734402,9.222922353065922,9.857837112833888,11.84441605708897,0.15,11.824177059831875
2020-07-01,12,ministro hales,LC,2,16.5,13.609,12.61110399256182,11.724921315045714,11.725677146088767,10.954966092773864,11.229915459791929,14.086777777777778,7.900103215976224,7.261328430959148,7.718682324499562,10.833746800622732,0.2,11.651672392252696
2020-07-01,18,ministro hales,LC,2,11.635,13.609,12.535508936887059,11.74565025151211,11.717348286426391,10.954966092775008,11.143086277333905,14.086777777777778,9.357940138468727,9.05025984118051,9.31957634998914,11.645438883801198,0.3,11.248212315465311
2020-07-01,24,ministro hales,LC,2,13.17,13.609,12.335391578591429,11.742412578792376,11.667205226556456,10.954966092775008,11.13806503526504,14.086777777777778,8.9539711071175,8.672455980034922,8.865992309559179,11.449995660676993,0.4,10.88907299818877
2020-07-01,30,ministro hales,LC,2,10.731,13.609,12.304351122761613,11.804324980449758,11.699700761907282,10.954966092775008,11.13936567020977,14.086777777777778,8.687600376659438,8.464292873904114,8.608487156908268,11.331362201529778,0.5,10.529809953619276
2020-07-01,36,ministro hales,LC,2,10.005,13.609,12.320154245088995,11.811983567859015,11.812399426368238,10.954966092775008,11.139440884587195,14.086777777777778,9.010730871466418,8.615353329462144,8.870338204448199,11.449909939121028,0.6,10.176953663386797
2020-07-01,42,ministro hales,LC,2,3.779,13.609,12.547386734832907,11.92599053652858,11.867413746817224,10.954966092775008,11.139421402067475,14.086777777777778,7.356225760772043,7.0887110486164335,7.184678437738649,10.654623091236008,0.7,9.818857325418726
2020-07-01,48,ministro hales,LC,2,3.745,13.609,12.547386734832907,11.91495029857703,11.867413746817224,10.954966092775008,11.139420275413453,14.086777777777778,5.041286478444301,4.539541908614579,4.6817703251371405,9.43859598565361,0.8,9.47573392644798
2020-07-01,54,ministro hales,LC,2,11.2,13.609,12.469011288972514,11.913124277129425,12.014481085555795,10.954966092775008,11.139420567246743,14.086777777777778,3.282364072162549,2.9623083555318566,3.3118498139400643,8.60455699581249,0.9,9.108916082800782
2020-07-01,60,ministro hales,LC,2,14.81,13.609,12.265125855695189,11.875898608504663,11.957262021662574,10.954966092775008,11.13942058412316,14.086777777777778,2.681860664649923,2.531082686907096,2.911189385080524,8.346624726778144,1.0,8.743278228644495
2020-10-01,6,ministro hales,LC,2,15.362,15.143,16.72170354748691,16.408232120867844,16.00888370405103,16.238901102341995,17.60059624571199,14.24488888888889,13.451064389709938,13.520181619535256,13.536161050361647,13.865255946755742,0.1,13.909622032224934
2020-10-01,9,ministro hales,LC,2,16.5,15.143,16.772199156334402,16.408232120867844,16.083897349261765,16.23890110170863,17.615813869279577,14.24488888888889,15.03452588339224,14.945003223010078,15.11997225125637,14.617326721045025,0.15,13.530222840678045
2020-10-01,12,ministro hales,LC,2,12.222,15.143,16.932103244083475,16.408232120867844,16.12769798564772,16.23890110170864,16.29525972831872,14.24488888888889,13.654418598168508,13.48441783162142,13.584256109975255,13.907153551891927,0.2,13.325310186986153
2020-10-01,18,ministro hales,LC,2,12.149,15.143,16.38826990194703,16.3892369008382,16.19461442127448,16.23890110170864,16.503996395660867,14.24488888888889,13.590211080450578,14.124636516976514,14.182746426505705,14.051156343801217,0.3,12.811515888846378
2020-10-01,24,ministro hales,LC,2,14.433,15.143,16.615815568801004,16.29641544441455,16.20740826997006,16.23890110170864,16.543400050215144,14.24488888888889,13.937066579474159,13.976049515651276,14.12352996804625,14.100723468225803,0.4,12.339256705344399
2020-10-01,30,ministro hales,LC,2,11.182,15.143,15.898537229470572,16.217647514227668,16.18289311696361,16.23890110170864,16.537099002668715,14.24488888888889,12.62235308725849,13.255399928698004,13.445431652479884,13.591882698433569,0.5,11.931067629402483
2020-10-01,36,ministro hales,LC,2,14.909,15.143,15.877368041255437,16.16562274225492,16.074521844802238,16.23890110170864,16.53590954082662,14.24488888888889,12.733656189055123,13.200600282281027,13.321570922140832,13.606008562278483,0.6,11.45665283884341
2020-10-01,42,ministro hales,LC,2,6.202,15.143,15.581709889095336,16.166480593938626,16.074521844802238,16.23890110170864,16.536099747945894,14.24488888888889,9.794344621572463,10.77758259792374,10.82417346276722,12.265426249318494,0.7,11.211054484963157
2020-10-01,48,ministro hales,LC,2,13.816,15.143,15.658501566718948,16.166480593938626,16.057425455448826,16.23890110170864,16.53613565373914,14.24488888888889,7.9363535639229585,8.658648552540413,8.715653646245887,11.271194973560288,0.8,10.924962226266835
2020-10-01,54,ministro hales,LC,2,10.381,15.143,15.399998834645196,16.156219105085594,16.057425455448826,16.23890110170864,16.536129912035406,14.24488888888889,7.532957605808139,8.578351790899383,8.66948588150975,11.150271793621325,0.9,10.454793415378031
2020-10-01,60,ministro hales,LC,2,13.223,15.143,15.322074779475454,16.156219105085594,16.035711891167523,16.23890110170864,16.536128828162056,14.24488888888889,7.760166144321868,8.857889402336845,8.972774357072051,11.276958331109123,1.0,9.948364725056187
2021-04-01,6,ministro hales,LC,2,12.222,10.118,14.47425719554366,15.60070334940948,15.34351907492321,16.861993405113633,15.454200606898427,14.485222222222221,11.476608839236695,12.975769759571856,13.131630556896448,13.355705760813247,0.1,14.492688390974115
2021-04-01,9,ministro hales,LC,2,11.635,10.118,14.369820450271465,15.646954372982186,15.281925673324317,16.86199340781735,15.534526849664147,14.485222222222221,12.841500622558982,14.405867871837266,14.515147396568011,14.054453234710174,0.15,14.209973669910852
2021-04-01,12,ministro hales,LC,2,12.149,10.118,14.239384326696772,15.654100277489611,15.242974644293101,16.861993407817238,15.894008639999383,14.485222222222221,10.75706845247202,12.549940583725842,12.504924752909885,13.069363370160577,0.2,14.019966625772328
2021-04-01,18,ministro hales,LC,2,14.433,10.118,14.347069561715871,15.753139847964704,15.177192627987692,16.861993407817238,15.775692082341243,14.485222222222221,11.343123443012194,13.206305675963517,12.874789429432388,13.379968390855037,0.3,13.468550993467803
2021-04-01,24,ministro hales,LC,2,11.182,10.118,14.041584547447469,15.819432757800202,15.052405155945845,16.861993407817238,15.763331009444448,14.485222222222221,11.433683189624315,13.564345469658175,13.012736858586859,13.492118275931734,0.4,12.932080162850164
2021-04-01,30,ministro hales,LC,2,14.909,10.118,14.288210023713432,16.28285276158947,15.0337272089151,16.861993407817238,15.76665636842818,14.485222222222221,10.806261154750139,13.024405186245806,11.972918365505677,13.200277696360097,0.5,12.41865951910473
2021-04-01,36,ministro hales,LC,2,6.202,10.118,14.30977530615985,16.325937646305384,15.008462010002283,16.861993407817238,15.767003783917774,14.485222222222221,11.47682685552309,13.604972288862772,12.482286669892188,13.513060897207577,0.6,11.880794864598107
2021-04-01,42,ministro hales,LC,2,13.816,10.118,14.469895152812887,16.344185059159475,15.068103844912844,16.861993407817238,15.766910322676258,14.485222222222221,8.169337796493949,10.301632406298342,9.157444968196796,11.860353661809183,0.7,11.415604415105662
2021-04-01,48,ministro hales,LC,2,10.381,10.118,14.918653552555286,16.344185059159475,15.08312321439291,16.861993407817238,15.766900558352123,14.485222222222221,8.036455040627445,9.573117510255488,8.469972312869128,11.645004248831842,0.8,10.90567576497052
2021-04-01,54,ministro hales,LC,2,13.223,10.118,15.048151168948586,16.307771508372177,15.08312321439291,16.861993407817238,15.766903185137291,14.485222222222221,7.587973139281795,8.987425366914627,7.939685657381012,11.386460737660215,0.9,10.389127348726548
2018-01-01,6,ojos del salado,SM,0,2.8,2.1,2.1608600653994174,2.184549446790534,2.3280897378456373,2.2272544709416615,2.3910371512011706,2.1416666666666666,2.1608600653994174,2.184549446790534,2.3280897378456373,2.1540819024379902,0.1,2.303234150708967
2018-01-01,9,ojos del salado,SM,0,2.5,2.1,2.201065166219902,2.185356104676607,2.3041090306850496,2.2272544753575896,2.4426194771095835,2.1416666666666666,2.201065166219902,2.185356104676607,2.3041090306850496,2.1622842541793017,0.15,2.2562136448268495
2018-01-01,12,ojos del salado,SM,0,2.601,2.1,2.180104778092381,2.178637599636182,2.3041090306850496,2.227254475356974,2.0834332236303172,2.1416666666666666,2.180104778092381,2.178637599636182,2.3041090306850496,2.1567484755457125,0.2,2.3260496106448763
2018-01-01,18,ojos del salado,SM,0,2.251,2.1,2.2222535973892494,2.1814435373851504,2.321833476176604,2.227254475356974,2.2840772963893805,2.1416666666666666,2.2222535973892494,2.1814435373851504,2.321833476176604,2.171757617026933,0.3,2.2050136919432446
2018-01-01,24,ojos del salado,SM,0,2.573,2.1,2.2105204971545938,2.1814435373851504,2.296462369242197,2.227254475356974,2.1262438273426842,2.1416666666666666,2.2105204971545938,2.1814435373851504,2.296462369242197,2.17425587702859,0.4,2.181005694410362
2018-01-01,30,ojos del salado,SM,0,2.351,2.1,2.2722842023198244,2.1814435373851504,2.301935347419818,2.227254475356974,2.229195537004999,2.1416666666666666,2.2722842023198244,2.1814435373851504,2.301935347419818,2.1927849885781594,0.5,2.089467368514232
2018-01-01,36,ojos del salado,SM,0,2.335,2.1,2.258346248230075,2.1814435373851504,2.2544725749611567,2.227254475356974,2.1482102118142197,2.1416666666666666,2.258346248230075,2.1814435373851504,2.2544725749611567,2.1886036023512343,0.6,2.0407868269967993
2018-01-01,42,ojos del salado,SM,0,2.121,2.1,2.27615837592338,2.1814435373851504,2.374490471544045,2.227254475356974,2.201035368204104,2.1416666666666666,2.27615837592338,2.1814435373851504,2.374490471544045,2.1939472406592255,0.7,1.9691404885583794
2018-01-01,48,ojos del salado,SM,0,2.323,2.1,2.27615837592338,2.1814435373851504,2.374490471544045,2.227254475356974,2.1594812989951446,2.1416666666666666,2.27615837592338,2.1814435373851504,2.374490471544045,2.1939472406592255,0.8,1.913972606363906
2018-01-01,54,ojos del salado,SM,0,1.858,2.1,2.27615837592338,2.1814435373851504,2.374490471544045,2.227254475356974,2.1865862121312998,2.1416666666666666,2.27615837592338,2.1814435373851504,2.374490471544045,2.1939472406592255,0.9,1.8385414823942654
2018-01-01,60,ojos del salado,SM,0,1.382,2.1,2.27615837592338,2.1814435373851504,2.374490471544045,2.227254475356974,2.1652645632553424,2.1416666666666666,2.27615837592338,2.1814435373851504,2.374490471544045,2.1939472406592255,1.0,1.7774024306470055
2018-07-01,6,ojos del salado,SM,0,2.601,2.6,2.3335069534209816,2.3438638673525993,2.400603250088464,2.5400003695658384,2.5051864725229116,2.1694444444444447,2.972646888021564,2.959314420562065,2.8725135122428265,2.488058928383393,0.1,2.5024527179918175
2018-07-01,9,ojos del salado,SM,0,2.334,2.6,2.354628213269,2.3438638673525993,2.4089417909530018,2.5395677743400293,2.5494607110709375,2.1694444444444447,2.653563047049098,2.6585077626759923,2.604832760267952,2.364080828611685,0.15,2.38148500184819
2018-07-01,12,ojos del salado,SM,0,2.251,2.6,2.4338648611152527,2.343863867352599,2.4382093412480748,2.539585063718442,2.7459355780269656,2.1694444444444447,2.854760083022872,2.7662262677164167,2.735100310563025,2.4258639368145243,0.2,2.3117091555962506
2018-07-01,18,ojos del salado,SM,0,2.573,2.6,2.412521361599333,2.3438638673525993,2.454235611239222,2.5395844003369334,2.764667727579177,2.1694444444444447,2.4412677642100835,2.413420329967449,2.3834021350626178,2.2983942457666053,0.3,2.1464149258036422
2018-07-01,24,ojos del salado,SM,0,2.351,2.6,2.4444724405866345,2.343863867352599,2.4202167981422793,2.5395843992772926,2.677147763132706,2.1694444444444447,2.8069519434320407,2.7354203299674484,2.6967544289000824,2.5304894597976246,0.4,2.1899067473499962
2018-07-01,30,ojos del salado,SM,0,2.335,2.6,2.4040865502887265,2.3424879027435574,2.395573042003266,2.5395843992755998,2.6703418527698,2.1694444444444447,2.482802347968902,2.512044365358407,2.444637694583448,2.366231791775971,0.5,2.0581315915221947
2018-07-01,36,ojos del salado,SM,0,2.121,2.6,2.4422758119184356,2.3424879027435574,2.408204563434943,2.539584399275597,2.702140157948409,2.1694444444444447,2.5189295636883604,2.496044365358407,2.4887319884737864,2.3722699564918086,0.6,1.984595898790385
2018-07-01,42,ojos del salado,SM,0,2.323,2.6,2.4190094548140597,2.3424879027435574,2.4020380911655916,2.539584399275597,2.7046129242047883,2.1694444444444447,2.2638510788906796,2.282044365358407,2.1485476196215467,2.231546411052504,0.7,1.8482878623878574
2018-07-01,48,ojos del salado,SM,0,1.858,2.6,2.394476697106438,2.3424879027435574,2.399534055246282,2.539584399275597,2.693059763516023,2.1694444444444447,2.441318321183058,2.484044365358407,2.348043583702237,2.3453865837402175,0.8,1.8292963552595156
2018-07-01,54,ojos del salado,SM,0,1.382,2.6,2.394476697106438,2.3424879027435574,2.399534055246282,2.539584399275597,2.6921613424918447,2.1694444444444447,1.976318321183058,2.019044365358407,1.883043583702237,2.0663865837402176,0.9,1.650275309813265
2018-07-01,60,ojos del salado,SM,0,1.368,2.6,2.394476697106438,2.3424879027435574,2.399534055246282,2.539584399275597,2.6963589096625076,2.1694444444444447,1.5003183211830577,1.543044365358407,1.4070435837022368,1.7807865837402175,1.0,1.4667640940203155
2019-01-01,6,ojos del salado,SM,0,2.251,2.0,2.4043365195817743,2.315619565787004,2.5947519429192045,2.6323547936457192,2.828359568708718,2.263916666666667,2.8576530101715747,2.751912908715437,2.9309054489521538,2.480263183777402,0.1,2.0858156766935307
2019-01-01,9,ojos del salado,SM,0,2.585,2.0,2.4128134500171097,2.315619565787004,2.5528571318895428,2.6323640875649277,2.675306992879396,2.263916666666667,2.5519667602726583,2.4680095797724007,2.613331721070517,2.362345268009012,0.15,2.0516717076323405
2019-01-01,12,ojos del salado,SM,0,2.573,2.0,2.4672948707507305,2.315619565787004,2.568030087819458,2.632363928926691,2.8738648067033243,2.263916666666667,2.5863100511469135,2.480368832292613,2.622870901852896,2.3716857766879054,0.2,1.9253327803888654
2019-01-01,18,ojos del salado,SM,0,2.351,2.0,2.4964307972033697,2.315619565787004,2.557956597362417,2.632363931588273,2.7908998976491475,2.263916666666667,2.5910433177090786,2.464965863418129,2.581922053654504,2.395960628615135,0.3,1.8997236119699001
2019-01-01,24,ojos del salado,SM,0,2.335,2.0,2.495157022794564,2.315619565787004,2.5791428380013905,2.632363931589049,2.772811890751818,2.263916666666667,2.6296605539239497,2.514965863418129,2.6828032543091522,2.4489545918692905,0.4,1.861380063898519
2019-01-01,30,ojos del salado,SM,0,2.121,2.0,2.547147022839976,2.314281080248987,2.5211830287757033,2.6323639315890492,2.8057899299306444,2.263916666666667,2.5519616465357005,2.395315360184633,2.5154288340641613,2.389749768682767,0.5,1.7506265201240083
2019-01-01,36,ojos del salado,SM,0,2.323,2.0,2.5702210741108416,2.314281080248987,2.584622658401234,2.6323639315890492,2.8129798010089426,2.263916666666667,2.447910044036586,2.280315360184633,2.481284089203184,2.3240342879330327,0.6,1.661196600665796
2019-01-01,42,ojos del salado,SM,0,1.858,2.0,2.5914159868476387,2.314281080248987,2.640927821616341,2.6323639315890492,2.799871234019961,2.263916666666667,2.4658320714789186,2.274315360184633,2.474663540261523,2.3276108961657322,0.7,1.6053124889302055
2019-01-01,48,ojos del salado,SM,0,1.382,2.0,2.5834489793954183,2.314281080248987,2.6008255736486463,2.6323639315890492,2.7970133046518466,2.263916666666667,2.3386314428805095,2.142815360184633,2.304313310253483,2.2500007075862096,0.8,1.5061312423518667
2019-01-01,54,ojos del salado,SM,0,1.368,2.0,2.7177514366356186,2.3239232860905306,2.875218379274054,2.6323639315890492,2.8022238791063443,2.263916666666667,2.0024339001207094,1.6819575660261767,2.108206115878891,2.0108841065107326,0.9,1.35445727796947
2019-01-01,60,ojos del salado,SM,0,1.052,2.0,2.7177514366356186,2.3239232860905306,2.875218379274054,2.6323639315890492,2.803359888387204,2.263916666666667,1.7574339001207095,1.4369575660261766,1.8632061158788908,1.8638841065107323,1.0,1.226229387611622
2019-07-01,6,ojos del salado,SM,0,2.573,2.8,2.4169474177410852,2.183595370852918,2.3661430963284835,2.318120062003468,2.370688662751516,2.292777777777778,2.668046238273694,2.452917744209539,2.475661452710715,2.3998594631633132,0.1,2.210252321535179
2019-07-01,9,ojos del salado,SM,0,2.08,2.8,2.422528886339077,2.183595370852918,2.362655064837967,2.3181488098516865,2.2479606800899505,2.292777777777778,2.5726932765037396,2.3749821915808482,2.413685746995436,2.3652017602835844,0.15,2.202125858845662
2019-07-01,12,ojos del salado,SM,0,2.351,2.8,2.4136461799979347,2.183595370852918,2.3614396510806777,2.3181482210243773,2.0555244115856937,2.292777777777778,2.52822467667848,2.3792216932609898,2.39965683116315,2.3571559406545606,0.2,2.2318068075063744
2019-07-01,18,ojos del salado,SM,0,2.335,2.8,2.407731371517561,2.181109998988646,2.3595004347154505,2.3181482328379905,2.0752368430050354,2.292777777777778,2.42232945278691,2.292467675480395,2.3064918731227024,2.3250881709557154,0.3,2.1368361100001763
2019-07-01,24,ojos del salado,SM,0,2.121,2.8,2.453726921128504,2.181109998988646,2.35355883467473,2.318148232842947,2.2074698773322727,2.292777777777778,2.4900102676165736,2.320467675480395,2.341284832879441,2.360254494040202,0.4,2.0366509068304017
2019-07-01,30,ojos del salado,SM,0,2.323,2.8,2.4447542694740996,2.168261297738336,2.3528564984780407,2.318148232842949,2.199199344628467,2.292777777777778,2.3059150109912574,2.1578571242791043,2.2156260257451117,2.25624275169222,0.5,1.936891331162235
2019-07-01,36,ojos del salado,SM,0,1.858,2.8,2.485358332408866,2.164883412094166,2.3330064740933607,2.318148232842949,2.143719752678506,2.292777777777778,2.3214106209890817,2.145145905301601,2.1769065418275826,2.2570780689983163,0.6,1.8895506116829313
2019-07-01,42,ojos del salado,SM,0,1.382,2.8,2.497921473504228,2.16636380467664,2.355107788336351,2.318148232842949,2.1471897311294317,2.292777777777778,2.1697268676425354,1.987626297884075,1.9832889935610252,2.1643170607690942,0.7,1.7840346281323878
2019-07-01,48,ojos del salado,SM,0,1.368,2.8,2.488971962057737,2.161741220489652,2.353492683384154,2.318148232842949,2.1704667068004078,2.292777777777778,1.9252772779159915,1.7366703803637538,1.7495426499044961,2.0156954085950347,0.8,1.6538328552968438
2019-07-01,54,ojos del salado,SM,0,1.052,2.8,2.4804976350997374,2.161741220489652,2.351653974847567,2.318148232842949,2.1690108452639016,2.292777777777778,1.5537021318779254,1.4151229784165724,1.3379063394927733,1.8077586441994606,0.9,1.501010382270491
2019-07-01,60,ojos del salado,SM,0,1.033,2.8,2.3976559186585416,2.161741220489652,2.2625581986883807,2.318148232842949,2.159244774942478,2.292777777777778,1.2021937487700627,1.1464563117499058,0.9801438966669205,1.6217061292671018,1.0,1.3600524804212293
2020-01-01,6,ojos del salado,SM,0,2.351,2.601,2.5112760122398594,2.3179773462130697,2.634561995953708,2.618428730262797,2.313451196245968,2.3830833333333334,2.7386132732040447,2.617320283517306,2.7684149891582606,2.50103671134427,0.1,2.2136443140422184
2020-01-01,9,ojos del salado,SM,0,1.683,2.601,2.503616441313845,2.31797734621307,2.604124646934636,2.618441861887843,2.56772495474602,2.3830833333333334,2.5306075123525726,2.4356186190457882,2.571733892343246,2.4230952262796723,0.15,2.0593906900677443
2020-01-01,12,ojos del salado,SM,0,2.335,2.601,2.5171122297209645,2.31797734621307,2.6092330342945123,2.6184416405169233,2.4171581534589857,2.3830833333333334,2.5873845572318896,2.5065482453058943,2.635286006586197,2.4486365605075573,0.2,2.0837453985386083
2020-01-01,18,ojos del salado,SM,0,2.121,2.601,2.5666555113924456,2.3187572835336008,2.634146222401295,2.61844164418585,2.562104093345104,2.3830833333333334,2.5594212294650673,2.440748041155251,2.5882646925278716,2.4415839843217464,0.3,1.9628371747622344
2020-01-01,24,ojos del salado,SM,0,2.323,2.601,2.5676298165823086,2.325268382249276,2.6236227348158767,2.6184416441868925,2.518039170256164,2.3830833333333334,2.5116605961662346,2.4147591398709265,2.5562775248007275,2.4311592541444815,0.4,1.8989623738343777
2020-01-01,30,ojos del salado,SM,0,1.858,2.601,2.599114135686854,2.325157866619127,2.6263026738394855,2.618441644186893,2.456425063642785,2.3830833333333334,2.4645461244561973,2.3560394120901194,2.5159156946702783,2.399408994297228,0.5,1.8381981686118631
2020-01-01,36,ojos del salado,SM,0,1.382,2.601,2.569917570912446,2.329326875105796,2.5371810720878476,2.618441644186893,2.4751563322845893,2.3830833333333334,2.2901172042453917,2.2378028919878306,2.301354504365174,2.3116093622033,0.6,1.7243524713705605
2020-01-01,42,ojos del salado,SM,0,1.368,2.601,2.630811841265276,2.3271398393504046,2.5583718978441397,2.618441644186893,2.501347468041426,2.3830833333333334,2.1056855184929493,1.996995758086821,2.0362308546785575,2.184037716307264,0.7,1.597703745369081
2020-01-01,48,ojos del salado,SM,0,1.052,2.601,2.6121089834777957,2.3271398393504046,2.5293894803761416,2.618441644186893,2.493385116124622,2.3830833333333334,1.9090949798570525,1.809901404133568,1.83005378442036,2.0689322485305195,0.8,1.48708143896994
2020-01-01,54,ojos del salado,SM,0,1.033,2.601,2.6624750478332384,2.3271398393504046,2.650555486597053,2.618441644186893,2.482251698309488,2.3830833333333334,1.610254011641945,1.4897408526731821,1.5653312663690662,1.8832317926278714,0.9,1.356463835363004
2020-01-01,60,ojos del salado,SM,0,1.343,2.601,2.6366025527454426,2.3271398393504046,2.5677122305336404,2.618441644186893,2.485636362170725,2.3830833333333334,1.398841945664448,1.2834908526731819,1.29851195434545,1.7579331728346224,1.0,1.235311797762109
2020-07-01,6,ojos del salado,SM,0,2.335,2.251,2.2711193232430396,2.1911465922939843,2.3061701169419098,2.349002895021341,2.3330211884753096,2.3839722222222224,2.420933929566416,2.437225472894759,2.35654011231481,2.4020152138255684,0.1,1.991189649125026
2020-07-01,9,ojos del salado,SM,0,2.606,2.251,2.2853321845892816,2.1911465922939843,2.2932489724992715,2.3490028797547473,2.2364605332194243,2.3839722222222224,2.142801753157495,2.1582641413175447,2.0831114394392323,2.2905965122283414,0.15,1.91809026956663
2020-07-01,12,ojos del salado,SM,0,2.121,2.251,2.2893743191949603,2.1911465922939843,2.2964621019544076,2.349002879712479,2.4378646650260354,2.3839722222222224,2.3091697352595077,2.3454078423256295,2.262457872928853,2.361298848850361,0.2,1.8761147065282797
2020-07-01,18,ojos del salado,SM,0,2.323,2.251,2.312934750461332,2.1873857321969035,2.293376258459027,2.3490028797123617,2.3663888370469484,2.3839722222222224,2.2180162226409403,2.245426881587503,2.1540417900800293,2.307846887168222,0.3,1.8113786886368282
2020-07-01,24,ojos del salado,SM,0,1.858,2.251,2.3300301462760866,2.1873857321969035,2.27425473233501,2.3490028797123617,2.3240578508076393,2.3839722222222224,2.2363288066267657,2.258524661844368,2.160254017359715,2.302044929430229,0.4,1.767186081329753
2020-07-01,30,ojos del salado,SM,0,1.382,2.251,2.2657154800591233,2.1745122055882664,2.208886563429422,2.3490028797123617,2.35278929018652,2.3839722222222224,2.009838243937227,2.105785868641235,1.9669164453261592,2.188276122662428,0.5,1.6490346958097961
2020-07-01,36,ojos del salado,SM,0,1.368,2.251,2.299587922040754,2.1600082366317186,2.2070630945355,2.3490028797123617,2.3698055140836107,2.3839722222222224,1.838164114524621,1.8973236751161873,1.7873656259397916,2.0742352257811314,0.6,1.5377797385829286
2020-07-01,42,ojos del salado,SM,0,1.052,2.251,2.256204627972776,2.1600082366317186,2.1954833784544334,2.3490028797123617,2.3582560398396306,2.3839722222222224,1.5835412015018593,1.7040650037507707,1.5396961643531397,1.939870750464678,0.7,1.4204214353658637
2020-07-01,48,ojos del salado,SM,0,1.033,2.251,2.3074324698669852,2.1528351228767315,2.195633448442782,2.3490028797123617,2.3514158520928197,2.3839722222222224,1.4329994702748314,1.4840164068331814,1.3406869956029281,1.8286936520212929,0.8,1.3152519331019032
2020-07-01,54,ojos del salado,SM,0,1.343,2.251,2.2778132512626597,2.1528351228767315,2.2018339553975546,2.3490028797123617,2.3560585138656953,2.3839722222222224,1.1101414127429772,1.2240879656648724,1.0101434818957544,1.6538577024112437,0.9,1.1742609526955865
2020-07-01,60,ojos del salado,SM,0,1.023,2.251,2.2670706908571248,2.1489211299865243,2.097925636409128,2.3490028797123617,2.3588081349740295,2.3839722222222224,1.0181416946432407,1.117173972774665,0.8376229693518478,1.5941835891142606,1.0,1.0809951231811255
2020-10-01,6,ojos del salado,SM,0,2.606,2.585,2.0878468882282877,2.0668527806909593,2.2282916257093177,2.316445259493687,2.2045766770024264,2.3738333333333337,2.223339172957261,2.2958940824759413,2.275071602363083,2.328146651086641,0.1,2.055976969895712
2020-10-01,9,ojos del salado,SM,0,2.121,2.585,2.0851845018171913,2.0672118372785238,2.295613288269477,2.3164482186109723,2.3341237432146418,2.3738333333333337,2.0198537781924886,2.1089520294158266,2.172623848636232,2.2500611615216632,0.15,1.94492887280234
2020-10-01,12,ojos del salado,SM,0,2.402,2.585,2.0722025072844987,2.0637855957665208,2.304291280897577,2.316448225013597,2.0818023046739778,2.3738333333333337,2.0606363008057946,2.1806455387438946,2.2467107397172135,2.272556367909938,0.2,1.98594448284002
2020-10-01,18,ojos del salado,SM,0,1.503,2.585,2.14080811365953,2.085671730816309,2.3456720985906485,2.3164482250274805,2.3025057217649127,2.3738333333333337,2.0633868820656485,2.156641733275658,2.2344973318649792,2.2419238205019933,0.3,1.8724444254905501
2020-10-01,24,ojos del salado,SM,0,1.1384098842376669,2.585,2.1359593026604164,2.086581046043242,2.3817655118556567,2.3164482250274805,2.3474400984425374,2.3738333333333337,1.9792031619066346,2.0909658653833123,2.2173891273204096,2.1705840415203177,0.4,1.781789879841189
2020-10-01,30,ojos del salado,SM,0,1.243,2.585,2.0987449314407667,2.10348071571978,2.3198033210405375,2.3164482250274805,2.2674043066682756,2.3738333333333337,1.7382279879959994,1.914123400665876,1.9803471287162482,2.0452387499318965,0.5,1.6585934659013017
2020-10-01,36,ojos del salado,SM,0,1.385,2.585,2.02560556709538,2.110571975440525,2.283311488089952,2.3164482250274805,2.251109240110769,2.3738333333333337,1.4858210738251438,1.7596668014056291,1.7937197485042782,1.9231796959025655,0.6,1.5299253146937868
2020-10-01,42,ojos del salado,SM,0,0.707,2.585,1.9990700957484644,2.112726437944835,2.272341642133726,2.3164482250274805,2.2801335347276157,2.3738333333333337,1.237816469027238,1.5481057044387585,1.535271733973576,1.7853099853731325,0.7,1.3775925390228094
2020-10-01,48,ojos del salado,SM,0,1.683,2.585,2.036840989660084,2.112726437944835,2.272333786504554,2.3164482250274805,2.28604280109551,2.3738333333333337,1.0957414116887914,1.368738320762421,1.3661061677308788,1.6888772530686973,0.8,1.257713277603275
2020-10-01,54,ojos del salado,SM,0,1.854,2.585,2.088663401174985,2.112726437944835,2.297444998793142,2.3164482250274805,2.275517389160192,2.3738333333333337,0.9598013271981398,1.2037979531221636,1.1612306116420494,1.5986131174294247,0.9,1.1377053836563829
2020-10-01,60,ojos del salado,SM,0,1.335,2.585,2.0384469713499453,2.112726437944835,2.259763131799722,2.3164482250274805,2.2733744443073127,2.3738333333333337,0.7903276926955212,1.0652836186038648,1.0303566365171337,1.5062167267231494,1.0,1.0249828201906261
2021-04-01,6,ojos del salado,SM,0,2.402,2.08,2.6775239589955793,2.506426966653969,2.6643215050997493,2.380243517236695,2.190349603653436,2.431027777777777,2.86768207615923,2.7797691137995306,2.758376967130217,2.588106904658418,0.1,2.3442374895836524
2021-04-01,9,ojos del salado,SM,0,2.323,2.08,2.6428889336985737,2.506426966653969,2.6093913551925674,2.380243405495941,2.377943768892951,2.431027777777777,2.592007670332087,2.549888297446154,2.479027080039861,2.4869958602223146,0.15,2.1735070642244354
2021-04-01,12,ojos del salado,SM,0,1.503,2.08,2.610318341909045,2.506426966653969,2.5900017069068615,2.3802434054173,2.4861538884926047,2.431027777777777,2.6475183781723706,2.654908975525072,2.554605345766896,2.519102137406155,0.2,2.146451032387918
2021-04-01,18,ojos del salado,SM,0,1.1384098842376669,2.08,2.6293231017168295,2.5020336964158836,2.588892513179361,2.3802434054172443,2.443788574677148,2.431027777777777,2.4718466012564266,2.4796263084072816,2.3732181276158375,2.453382116304816,0.3,2.020058894487908
2021-04-01,24,ojos del salado,SM,0,1.243,2.08,2.588314745685115,2.5012351605702148,2.5501908376894877,2.3802434054172443,2.3669649315600805,2.431027777777777,2.311445279550052,2.3695405540323358,2.2316745612852773,2.376706861185827,0.4,1.9165067074344877
2021-04-01,30,ojos del salado,SM,0,1.385,2.08,2.571683974117673,2.4873100270561306,2.522305681594734,2.3802434054172443,2.377966343003616,2.431027777777777,2.140420175244906,2.20207794047853,2.0775141851681234,2.2751605458281414,0.5,1.783087713112088
2021-04-01,36,ojos del salado,SM,0,0.707,2.08,2.5699980260883413,2.4776825621659704,2.5359767434611005,2.3802434054172443,2.3979158836625625,2.431027777777777,2.015810522271656,2.0732535593588417,1.9879964683748157,2.19913033560026,0.6,1.665607405255908
2021-04-01,42,ojos del salado,SM,0,1.683,2.08,2.5379197400066595,2.475410052715824,2.5241370125014186,2.3802434054172443,2.3950590404305308,2.431027777777777,1.7008351891386848,1.7906313614327818,1.6687425709164718,2.019851076282551,0.7,1.4836606627739046
2021-04-01,48,ojos del salado,SM,0,1.854,2.08,2.5569516881224703,2.47237643565294,2.51463493733514,2.3802434054172443,2.3898785496811255,2.431027777777777,1.6997461941956362,1.7732828440758945,1.6536778660284823,2.01431982259257,0.8,1.411660733543195
2021-04-01,54,ojos del salado,SM,0,1.335,2.08,2.5876954513707298,2.47237643565294,2.4563810751082196,2.3802434054172443,2.3906204138768508,2.431027777777777,1.5865760449370072,1.6563339575271028,1.4191337434368343,1.9452841118503439,0.9,1.2888283022887341
2018-01-01,6,otros,LC,2,10.832,11.749,11.093524634475495,11.457539427633733,11.549681250021422,11.160258881213613,10.845338465082722,11.419027777777778,11.093524634475495,11.457539427633733,11.549681250021422,11.347279904416196,0.1,11.722542915254845
2018-01-01,9,otros,LC,2,12.572,11.749,10.948601262100032,11.454699469290762,11.528480093119525,11.16032264537478,11.196377712287113,11.419027777777778,10.948601262100032,11.454699469290762,11.528480093119525,11.310339071736587,0.15,11.58600744585698
2018-01-01,12,otros,LC,2,13.72075,11.749,10.993822517656563,11.44058235349273,11.480902288856676,11.160324118310367,10.676905045990386,11.419027777777778,10.993822517656563,11.44058235349273,11.480902288856676,11.318115106676212,0.2,11.563796523147765
2018-01-01,18,otros,LC,2,13.251566999999998,11.749,10.946583704965711,11.422441902202916,11.468183473360664,11.160324153120753,10.57188678656036,11.419027777777778,10.946583704965711,11.422441902202916,11.468183473360664,11.301770290681045,0.3,11.388434097574711
2018-01-01,24,otros,LC,2,8.901,11.749,10.892417344929498,11.367495851662248,11.39159853199089,11.160324153139328,10.48007507899496,11.419027777777778,10.892417344929498,11.367495851662248,11.39159853199089,11.274492188036826,0.4,11.220965689217568
2018-01-01,30,otros,LC,2,12.753,11.749,10.727891389897586,11.35033121284455,11.358501933888961,11.160324153139337,10.422830466994705,11.419027777777778,10.727891389897586,11.35033121284455,11.358501933888961,11.229069539574423,0.5,11.046321445257945
2018-01-01,36,otros,LC,2,9.332877,11.749,10.727891389897586,11.318745810331675,11.21304391550946,11.160324153139337,10.372784640629014,11.419027777777778,10.727891389897586,11.318745810331675,11.21304391550946,11.221173188946205,0.6,10.87576158825557
2018-01-01,42,otros,LC,2,10.465720999999998,11.749,10.711631630747739,11.318745810331675,11.181532009622929,11.160324153139337,10.341581061167265,11.419027777777778,10.711631630747739,11.318745810331675,11.181532009622929,11.217108249158743,0.7,10.68932598405344
2018-01-01,48,otros,LC,2,11.546456999999998,11.749,10.711631630747739,11.318745810331675,11.181532009622929,11.160324153139337,10.314301482091354,11.419027777777778,10.711631630747739,11.318745810331675,11.181532009622929,11.217108249158743,0.8,10.498440082179352
2018-01-01,54,otros,LC,2,10.002399353990002,11.749,10.711631630747739,11.318745810331675,11.181532009622929,11.160324153139337,10.29729266087301,11.419027777777778,10.711631630747739,11.318745810331675,11.181532009622929,11.217108249158743,0.9,10.306146244858411
2018-01-01,60,otros,LC,2,12.32280417175306,11.749,10.711631630747739,11.318745810331675,11.181532009622929,11.160324153139337,10.282422780833043,11.419027777777778,10.711631630747739,11.318745810331675,11.181532009622929,11.217108249158743,1.0,10.113559197324015
2018-07-01,6,otros,LC,2,13.72075,11.347,11.148203487405477,10.840032800515246,10.947239107147748,10.541074037355258,10.913487854057577,11.272666666666666,10.886678852929982,10.214493372881513,10.229557857126327,10.911626389786207,0.1,12.268248350660897
2018-07-01,9,otros,LC,2,12.201237,11.347,11.04876092177272,10.820563866794439,10.947540028836611,10.541069459616132,10.344340964394952,11.272666666666666,12.672159659672687,11.937864397503676,11.991059935717086,11.788839347627423,0.15,11.923607252888193
2018-07-01,12,otros,LC,2,13.251566999999998,11.347,10.884131601374346,10.848866639832718,10.971568004949159,10.541069441421357,10.851706224924788,11.272666666666666,13.611059083717784,13.129034286339989,13.211415716092484,12.321356675847776,0.2,11.53959809533808
2018-07-01,18,otros,LC,2,8.901,11.347,10.864004810323998,10.822300993035283,10.841647008074913,10.541069441348752,10.897450933329106,11.272666666666666,13.168988105358284,12.651426090832365,12.625030534714247,12.091436882380995,0.3,11.448402481459075
2018-07-01,24,otros,LC,2,12.753,11.347,10.819637564896532,10.538720119342807,10.684126402374112,10.54106944134875,10.881654445949867,11.272666666666666,8.828220219967033,8.072224267680559,8.193527870383221,9.86144445524523,0.4,12.119005847423152
2018-07-01,30,otros,LC,2,9.332877,11.347,10.613401940249963,10.48873971453565,10.525373976407892,10.54106944134875,10.893350798979455,11.272666666666666,12.638510550352377,11.8914085016911,11.91987204251893,11.768813096344202,0.5,11.209935474400371
2018-07-01,36,otros,LC,2,10.465720999999998,11.347,10.240736511255411,10.49356725605922,10.40232698207837,10.54106944134875,10.889311833612746,11.272666666666666,8.845722121357825,8.507698445727545,8.52216006656891,9.974688475104676,0.6,11.69993220518628
2018-07-01,42,otros,LC,2,11.546456999999998,11.347,10.087126232599088,10.433579423766583,10.228790725010768,10.54106944134875,10.892302445618386,11.272666666666666,9.841215601851347,9.580554613434906,9.512979715387837,10.491775887154896,0.7,11.32169803405385
2018-07-01,48,otros,LC,2,10.002399353990002,11.347,10.0470912884703,10.433579423766583,10.183394893983614,10.54106944134875,10.891269732405515,11.272666666666666,10.88191665772256,10.661290613434906,10.548319884360684,11.022135151122699,0.8,10.937239714527601
2018-07-01,54,otros,LC,2,12.32280417175306,11.347,10.0470912884703,10.433579423766583,10.183394893983614,10.54106944134875,10.892034394702018,11.272666666666666,9.337859011712563,9.11723296742491,9.004262238350687,10.2501063281177,0.9,11.04964622745495
2018-07-01,60,otros,LC,2,8.587133571000003,11.347,10.0470912884703,10.433579423766583,10.183394893983614,10.54106944134875,10.891770342777031,11.272666666666666,11.65826382947562,11.437637785187967,11.324667056113745,11.41030873699923,1.0,10.421107252829476
2019-01-01,6,otros,LC,2,13.251566999999998,11.038,12.14798662223686,12.199102119546065,12.163973948518542,11.92180818893427,11.079247981611093,11.239700694444444,13.303497561296375,13.326691005471577,13.191888769933957,12.277397488914211,0.1,11.396394478753118
2019-01-01,9,otros,LC,2,11.847238,11.038,11.935617137612338,12.181863180729557,12.088717746209824,11.921799085232566,11.718547033705569,11.239700694444444,13.323554545675961,13.430850012686957,13.237326185231755,12.308451486812952,0.15,11.255873704162346
2019-01-01,12,otros,LC,2,8.901,11.038,11.716054976621288,12.158690055823168,11.957612727990663,11.92179906473006,12.569998145321904,11.239700694444444,14.263236417105833,14.500124059160445,14.217536081087744,12.810690466288792,0.2,10.903679768302476
2019-01-01,18,otros,LC,2,12.753,11.038,11.714647166244259,12.154566373009441,11.936052350467996,11.921799064683782,11.278853485657258,11.239700694444444,11.885636408599403,12.108478425390341,11.857420609750207,11.618379055719657,0.3,11.27738950800147
2019-01-01,24,otros,LC,2,9.332877,11.038,11.492426117847195,12.14585560334023,11.884579153571874,11.921799064683782,11.459949776795684,11.239700694444444,11.46339866293418,12.019747617837702,11.673716686389373,11.490636917415193,0.4,11.11986086172848
2019-01-01,30,otros,LC,2,10.465720999999998,11.038,11.74017381751595,12.154102330630494,11.883445274593546,11.921799064683782,11.30309597724178,11.239700694444444,12.112465652442175,12.277505366940394,11.98444581944512,11.717343102067865,0.5,10.847315382702295
2019-01-01,36,otros,LC,2,11.546456999999998,11.038,11.264542408304878,12.101829428005582,11.790839485831311,11.921799064683782,11.325096332608476,11.239700694444444,10.67952745772838,11.094971894810133,10.882453037037397,11.06347518535685,0.6,10.912746004710456
2019-01-01,42,otros,LC,2,10.002399353990002,11.038,11.42667383060204,12.067805182174256,11.803536926543057,11.921799064683782,11.306041059255778,11.239700694444444,12.033383898928625,12.197731565125125,12.104464559226207,11.67762921323566,0.7,10.455970004475624
2019-01-01,48,otros,LC,2,12.32280417175306,11.038,11.18948587690128,12.034187317257803,11.55286487972727,11.921799064683782,11.308713756930688,11.239700694444444,11.58455259428726,11.932452877203675,11.644829604919,11.499101715094955,0.8,10.343251630861898
2019-01-01,54,otros,LC,2,8.587133571000003,11.038,11.404443736624426,12.047900298000023,11.028680789730544,11.921799064683782,11.306398840469763,11.239700694444444,12.187684039886937,12.334339443822426,11.508819100798803,11.750356218149562,0.9,10.091118682084169
2019-01-01,60,otros,LC,2,12.176000000000002,11.038,11.404443736624426,12.047900298000023,11.028680789730544,11.921799064683782,11.30672353126418,11.239700694444444,11.480051148391937,11.626706552327425,10.801186209303804,11.396539772402063,1.0,10.046623314713768
2019-07-01,6,otros,LC,2,8.901,10.832,12.237674157735926,12.3946621323717,12.270502627701845,12.060537430697801,12.723729651506556,11.375561138888889,13.375874909696648,13.497209683140017,13.318310192472607,12.406051717653611,0.1,11.084025760740614
2019-07-01,9,otros,LC,2,12.587,10.832,12.228169090214875,12.388837859425994,12.296409416318912,12.060532659313397,12.170630373123767,11.375561138888889,13.124000983053179,13.109954020487741,12.98165512693026,12.246269320329674,0.15,11.15157640486506
2019-07-01,12,otros,LC,2,12.753,10.832,12.280633582922807,12.407663130114218,12.362296537481543,12.06053264975379,12.537643028063936,11.375561138888889,13.040402884372075,12.882722447064678,12.85004119688271,12.168561902303633,0.2,11.019660495163697
2019-07-01,18,otros,LC,2,9.332877,10.832,12.255558644424442,12.472763958278682,12.43167595000082,12.0605326497346,11.608810036890047,11.375561138888889,12.715669083913118,12.641516535529467,12.651570672699627,12.027076974305091,0.3,11.034329600903918
2019-07-01,24,otros,LC,2,10.465720999999998,10.832,12.281293488731771,12.55028929160272,12.506970684851577,12.0605326497346,11.603020470852107,11.375561138888889,11.54209214617403,11.528557766820958,11.515828322205952,11.45544304769319,0.4,11.10586499235949
2019-07-01,30,otros,LC,2,11.546456999999998,10.832,12.330759862502436,12.555033985238014,12.528816648157534,12.0605326497346,11.574584701512583,11.375561138888889,12.15413681328127,12.074508899234448,12.1235755865274,11.744941997573374,0.5,10.765512911988191
2019-07-01,36,otros,LC,2,10.002399353990002,10.832,12.321920997380515,12.571569765871407,12.70834880891871,12.0605326497346,11.574407456827622,11.375561138888889,12.025882560894555,11.715207267739247,12.021297014445663,11.623053026602896,0.6,10.600907388443645
2019-07-01,42,otros,LC,2,12.32280417175306,10.832,12.340547240167998,12.585948157396732,12.796452153686108,12.0605326497346,11.573536909895765,11.375561138888889,12.270262460181709,11.984097136635894,12.396691384623857,11.751370468648844,0.7,10.324893176798213
2019-07-01,48,otros,LC,2,8.587133571000003,10.832,12.481070674213598,12.589552112869434,12.807897092073318,12.0605326497346,11.573531483637911,11.375561138888889,13.122221250754844,12.617934770998433,13.125853339543067,12.122819574882765,0.8,9.942071649749796
2019-07-01,54,otros,LC,2,12.176000000000002,10.832,13.041478275264241,12.578517868224353,12.859607175933267,12.0605326497346,11.57350483227668,11.375561138888889,12.624535088897774,11.615888389772614,12.365850310401926,11.74788643911204,0.9,9.90889236692575
2019-07-01,60,otros,LC,2,8.933000000000002,10.832,13.041478275264241,12.578517868224353,12.859607175933267,12.0605326497346,11.573504666154495,11.375561138888889,13.349068637567774,12.340421938442613,13.090383859071926,12.110153213447042,1.0,9.533525622340552
2020-01-01,6,otros,LC,2,12.753,13.72075,11.85731913677094,11.583464127382125,11.591189458073613,11.645689146173837,11.953139536849694,11.453571138888892,11.876801161307501,11.536959257365439,11.534669474726224,11.58022567411268,0.1,11.114163157039759
2020-01-01,9,otros,LC,2,11.164,13.72075,11.841998543377303,11.605316600814497,11.59084989123668,11.645690247645268,11.527849612963314,11.453571138888892,12.60358019045231,12.195694256754308,12.177431820115462,11.926604181246102,0.15,11.029314926525823
2020-01-01,12,otros,LC,2,9.332877,13.72075,11.69629763034449,11.585342193728785,11.573522057242677,11.64569024834326,10.71848772861881,11.453571138888892,12.384216210700739,12.027970898913075,12.037006417423166,11.8298323468479,0.2,11.214519381179795
2020-01-01,18,otros,LC,2,10.465720999999998,13.72075,11.751346432265558,11.627402700496656,11.581695010429678,11.645690248343705,11.517141072912988,11.453571138888892,11.365758850775956,10.968995393865075,10.97191631495358,11.310474130604703,0.3,10.962623867708249
2020-01-01,24,otros,LC,2,11.546456999999998,13.72075,11.677971506129694,11.612519741291912,11.579027565127742,11.645690248343705,11.40370082708111,11.453571138888892,10.669677377028444,10.32507902480491,10.325358371930628,10.975474669902784,0.4,10.923558659725492
2020-01-01,30,otros,LC,2,10.002399353990002,13.72075,11.62769952066602,11.665974439765469,11.539089872831433,11.645690248343705,11.47708164073931,11.453571138888892,11.299156518124535,11.053436378953291,10.989569164569449,11.314933793713902,0.5,10.587992527423152
2020-01-01,36,otros,LC,2,12.32280417175306,13.72075,11.648648072471481,11.591712935447683,11.607715541197221,11.645690248343705,11.46665867362828,11.453571138888892,10.846738834259384,10.307148458878212,10.415939331610257,11.015257392728845,0.6,10.504183866617335
2020-01-01,42,otros,LC,2,8.587133571000003,13.72075,12.20606953004968,11.860341562534549,11.885293803221892,11.645690248343705,11.473400952805578,11.453571138888892,12.148920177956228,11.343167300553002,11.46706123094194,11.599807439071753,0.7,10.109030640210241
2020-01-01,48,otros,LC,2,12.176000000000002,13.72075,12.223438838112672,11.909081158998449,11.89335940633284,11.645690248343705,11.472443283482836,11.453571138888892,11.73081749471521,10.92976351712784,11.076635711666823,11.391930822405207,0.8,9.98948368265618
2020-01-01,54,otros,LC,2,8.933000000000002,13.72075,12.223438838112672,11.909081158998449,11.912493800344375,11.645690248343705,11.47306276868937,11.453571138888892,11.694361879521763,11.086479583103557,11.371274357212553,11.421995935100774,0.9,9.769008648181927
2020-01-01,60,otros,LC,2,9.494,13.72075,12.214230791978773,11.893246712870349,11.803153026148735,11.645690248343705,11.472974777379225,11.453571138888892,11.417803994890363,10.803295298477957,10.994583744519414,11.282060392786526,1.0,9.633792644294218
2020-07-01,6,otros,LC,2,9.332877,13.251566999999998,11.494197078160015,11.742227199896828,11.989746538660171,12.260535876863345,11.090924639324907,11.793626694444443,11.688918870435076,11.938930478407054,12.176892660367537,11.803775684432754,0.1,11.324088158768316
2020-07-01,9,otros,LC,2,11.06465804,13.251566999999998,11.470236108219757,11.742227199896828,12.009413053766432,12.260535824853305,12.134118060974652,11.793626694444443,11.943901717204303,12.126266004485778,12.393308618622122,11.914355277644741,0.15,10.854021744603198
2020-07-01,12,otros,LC,2,10.465720999999998,13.251566999999998,11.472407832575525,11.742227199896828,12.011938989467062,12.2605358248364,12.148667652500187,11.793626694444443,11.550058570791625,11.645837125298504,11.934597466162918,11.695787271244754,0.2,10.843754889045586
2020-07-01,18,otros,LC,2,11.546456999999998,13.251566999999998,11.315583766305732,11.742227199896828,11.96269595579685,12.260535824836394,11.861269504471997,11.793626694444443,10.749988614660937,10.983165014492231,11.251678197330035,11.330101754510514,0.3,10.886080924770221
2020-07-01,24,otros,LC,2,10.002399353990002,13.251566999999998,11.408120963900506,11.742227199896828,11.823835237054544,12.260535824836394,12.01309406688556,11.793626694444443,10.575182759393568,10.699062078448843,10.814385769471304,11.215374556682825,0.4,10.700213283726999
2020-07-01,30,otros,LC,2,12.32280417175306,13.251566999999998,11.376810140635236,11.69931502402373,11.837790930250746,12.260535824836394,11.971841986807576,11.793626694444443,10.788915705266845,10.876569558218893,11.090836259872873,11.313184663093656,0.5,10.46459151900289
2020-07-01,36,otros,LC,2,8.587133571000003,13.251566999999998,11.411106059845974,11.591283823746021,11.943151058725778,12.260535824836394,11.99363432976267,11.793626694444443,10.90440988913261,10.709850489751519,11.132747817167376,11.300378441943254,0.6,10.25648887369079
2020-07-01,42,otros,LC,2,12.176000000000002,13.251566999999998,11.392352156014896,11.591283823746021,11.95791852443375,12.260535824836394,11.987713156914353,11.793626694444443,10.622845482530199,10.522902815853875,10.963700420165411,11.18325042181824,0.7,10.103930084003126
2020-07-01,48,otros,LC,2,8.933000000000002,13.251566999999998,11.360696036798721,11.591283823746021,11.947010358708466,12.260535824836394,11.990841150197673,11.793626694444443,10.957111194458216,10.861213478449846,11.350159521709084,11.351394515449236,0.8,9.826610899847832
2020-07-01,54,otros,LC,2,9.494,13.251566999999998,11.428955879967363,11.601773113686972,11.938830805939581,12.260535824836394,11.989991246681697,11.793626694444443,10.3476065454721,10.348475621171369,10.909956491365248,11.07083388888309,0.9,9.739063950543825
2020-07-01,60,otros,LC,2,8.628,13.251566999999998,11.338045176744961,11.616568390387963,11.938830805939581,12.260535824836394,11.990440227408582,11.793626694444443,10.156857580678478,10.26475791629998,10.830144775406376,11.002217221466836,1.0,9.564286192081667
2020-10-01,6,otros,LC,2,11.06465804,11.847238,11.193788575428597,11.14577921274101,11.096380712512346,11.907912827401814,11.985083809082427,11.708844543888889,10.995836722631145,10.90814024485006,10.809524224158455,11.330416513814747,0.1,11.488830971509554
2020-10-01,9,otros,LC,2,10.465720999999998,11.847238,11.618791405105663,11.14577921274101,11.168892209215105,11.907912965704588,11.991704977386446,11.708844543888889,11.945916401222824,11.35288335658233,11.331346010967108,11.679122211395732,0.15,11.210254546396293
2020-10-01,12,otros,LC,2,12.480114,11.847238,11.627403249219801,11.14577921274101,11.215552010310248,11.907912965764233,11.618961358220265,11.708844543888889,11.524331058970631,10.852703117259601,10.893397742645618,11.448680816002003,0.2,11.28231244228687
2020-10-01,18,otros,LC,2,11.941515,11.847238,11.100687894504917,11.143284992768073,11.11769293155028,11.907912965764258,11.818392347743902,11.708844543888889,10.667837473749966,10.478104804948105,10.455804973528458,11.140907841618962,0.3,11.223735177201622
2020-10-01,24,otros,LC,2,9.450314989185712,11.847238,11.36439508857394,11.137528114756535,11.065498293049751,11.907912965764258,11.776293865792374,11.708844543888889,10.435992983166406,9.978252539232077,9.920717756219627,10.957983652544065,0.4,11.154359070577753
2020-10-01,30,otros,LC,2,11.856488506198836,11.847238,11.284823293210694,11.141209981563911,11.080319122038087,11.907912965764258,11.799225397631488,11.708844543888889,10.952576935590006,10.55950361801477,10.538692436973578,11.232442410345637,0.5,10.795659742144085
2020-10-01,36,otros,LC,2,12.753735280653318,11.847238,11.567414164702914,11.143770063184347,11.145193823043721,11.907912965764258,11.794384712231714,11.708844543888889,10.674505274300783,9.908550576064592,9.910521540457424,11.00018623453579,0.6,10.749329677470245
2020-10-01,42,otros,LC,2,9.066,11.847238,11.426498629516534,11.15353181753673,11.242804230155368,11.907912965764258,11.797021489764354,11.708844543888889,10.915851042276804,10.360667007002272,10.450636055859462,11.173551784264212,0.7,10.437927517107253
2020-10-01,48,otros,LC,2,9.861,11.847238,11.55044139010359,11.144438249656005,11.224616506694412,11.907912965764258,11.796464884536487,11.708844543888889,10.809504682020048,10.092998991284855,10.224905749410183,11.08004819027067,0.8,10.30047683513752
2020-10-01,54,otros,LC,2,8.842999999999998,11.847238,11.534916182981403,11.127883265237296,11.216604621813065,11.907912965764258,11.79676807386572,11.708844543888889,10.311299090907458,9.732173169193132,9.95173755867786,10.865290336969592,0.9,10.212626022094618
2020-10-01,60,otros,LC,2,9.988,11.847238,11.286261630930879,11.091391037868295,11.201437171419645,11.907912965764258,11.796704072726603,11.708844543888889,9.85026443808465,9.466787577730315,9.725727011652044,10.683685275898185,1.0,10.108089391752051
2021-04-01,6,otros,LC,2,12.480114,12.587,11.620758609825666,11.086855774903647,11.407870619874883,11.305924810229214,11.362531361632778,11.792434878333331,11.432638373795193,10.871576492034118,11.157461819498357,11.472271155623993,0.1,11.151111582150833
2021-04-01,9,otros,LC,2,11.546456999999998,12.587,11.577653852353368,11.09065213026526,11.394846268563699,11.305925553985396,11.028692401723461,11.792434878333331,11.693322362581556,11.171018794594819,11.433639354463256,11.61230272846076,0.15,10.999213323762776
2021-04-01,12,otros,LC,2,11.941515,12.587,11.56648286067895,11.083887460505736,11.398417647273279,11.305925555292404,11.28225141790983,11.792434878333331,11.599951090576832,11.023298633987242,11.302937130659275,11.552029870307685,0.2,10.93509212422592
2021-04-01,18,otros,LC,2,9.450314989185712,12.587,11.478477796061684,11.081287254766846,11.335318724059949,11.305925555294705,11.461285566505365,11.792434878333331,11.227581307628167,10.625165666240004,10.885675055534062,11.359404182633709,0.3,10.876535002525602
2021-04-01,24,otros,LC,2,11.856488506198836,12.587,11.371964390491467,11.065699278424493,11.17608181595382,11.305925555294705,11.454856762150468,11.792434878333331,10.302751143086692,9.83100405289341,9.964100883833137,10.92965623816169,0.4,10.98473600727602
2021-04-01,30,otros,LC,2,12.753735280653318,12.587,11.401813578492387,11.070888996668932,11.172095349538766,11.305925555294705,11.469197788461566,11.792434878333331,11.198697445244388,10.674466188574659,10.818725245792152,11.364508347621427,0.5,10.536985112800211
2021-04-01,36,otros,LC,2,9.066,12.587,11.432166029400603,11.065514352213563,11.181189827639294,11.305925555294705,11.46868282719305,11.792434878333331,10.836289997048835,10.236749822892198,10.352690936509552,11.164477394151923,0.6,10.500311900425723
2021-04-01,42,otros,LC,2,9.861,12.587,11.428451448816698,11.061217076148115,11.25322316864419,11.305925555294705,11.469831574719548,11.792434878333331,10.653539426965997,10.083399836041902,10.263249843511218,11.08045225491864,0.7,10.370069276823658
2021-04-01,48,otros,LC,2,8.842999999999998,12.587,11.477919302515806,11.055087159822486,11.221462507063677,11.305925555294705,11.46979032519733,11.792434878333331,10.601481925572259,9.970505188410643,10.169765214149422,11.03921421766239,0.8,10.22511607647089
2021-04-01,54,otros,LC,2,9.988,12.587,11.438653468323864,11.049542179901175,11.368272069446535,11.305925555294705,11.469882342382922,11.792434878333331,10.005279363263138,9.526807345400849,9.945013926500206,10.779239116332663,0.9,10.177167735938307
2018-01-01,6,radomiro tomic,LC,3,28.301,25.704,25.9765154775956,28.346117109498785,26.535834275844238,26.89469282882882,0.3240616646255896,26.642305555555556,25.9765154775956,28.346117109498785,26.535834275844238,26.901810924551377,0.1,20.860976023710023
2018-01-01,9,radomiro tomic,LC,3,24.608,25.704,26.571351997877578,28.346117109498785,26.53523878792158,26.887549204798937,0.0,26.642305555555556,26.571351997877578,28.346117109498785,26.53523878792158,27.05052005462187,0.15,20.853929875022644
2018-01-01,12,radomiro tomic,LC,3,22.082,25.704,26.59399225611604,28.346117109498785,26.602531501486563,26.887269534778127,0.0,26.642305555555556,26.59399225611604,28.346117109498785,26.602531501486563,27.056180119181484,0.2,20.849383136963837
2018-01-01,18,radomiro tomic,LC,3,24.658,25.704,26.619652212201355,28.346117109498785,26.619305268083533,26.88725815716101,0.0,26.642305555555556,26.619652212201355,28.346117109498785,26.619305268083533,27.062595108202814,0.3,20.85943479126883
2018-01-01,24,radomiro tomic,LC,3,19.9,25.704,26.791532782981996,28.346117109498785,26.70124035042813,26.88725813972264,0.0,26.642305555555556,26.791532782981996,28.346117109498785,26.70124035042813,27.105565250897975,0.4,20.86117249141579
2018-01-01,30,radomiro tomic,LC,3,19.38,25.704,26.705001969014635,28.346117109498785,26.771485505981655,26.887258139695913,0.0,26.642305555555556,26.705001969014635,28.346117109498785,26.771485505981655,27.083932547406135,0.5,20.860470858705824
2018-01-01,36,radomiro tomic,LC,3,22.516,25.704,27.123583560934943,28.346117109498785,27.013917799079362,26.88725813969587,0.0,26.642305555555556,27.123583560934943,28.346117109498785,27.013917799079362,27.188577945386207,0.6,20.839811435802346
2018-01-01,42,radomiro tomic,LC,3,23.227,25.704,29.773902467810753,28.56754887741509,28.044501538687804,26.88725813969587,0.0,26.642305555555556,29.773902467810753,28.56754887741509,28.044501538687804,27.90651561408424,0.7,20.71885621452052
2018-01-01,48,radomiro tomic,LC,3,20.479,25.704,29.773902467810753,28.56754887741509,28.044501538687804,26.88725813969587,0.0,26.642305555555556,29.773902467810753,28.56754887741509,28.044501538687804,27.90651561408424,0.8,20.73125010372676
2018-01-01,54,radomiro tomic,LC,3,25.265,25.704,29.773902467810753,28.56754887741509,28.044501538687804,26.88725813969587,0.0,26.642305555555556,29.773902467810753,28.56754887741509,28.044501538687804,27.90651561408424,0.9,20.743643992933002
2018-01-01,60,radomiro tomic,LC,3,26.388,25.704,29.773902467810753,28.56754887741509,28.044501538687804,26.88725813969587,0.0,26.642305555555556,29.773902467810753,28.56754887741509,28.044501538687804,27.90651561408424,1.0,20.75603788213924
2018-07-01,6,radomiro tomic,LC,3,22.082,28.572,28.959492620699514,28.084173993703967,27.317272434747828,27.093000084199822,29.55574202563841,27.12816666666667,31.28397714310391,28.03905688420518,29.08243815890359,28.39484184016061,0.1,22.984160746815355
2018-07-01,9,radomiro tomic,LC,3,21.678,28.572,28.898567859527247,28.084173993703967,27.388780309082044,27.091836841852935,28.275142504578387,27.12816666666667,26.93521586164967,24.346056884205183,25.461541521160466,26.384401519797045,0.15,23.390423157147392
2018-07-01,12,radomiro tomic,LC,3,24.658,28.572,28.981158881094554,28.084173993703967,27.458834399915172,27.09180018037482,28.851717217913794,27.12816666666667,24.469166624978516,21.820056884205183,22.93830289842861,25.13638921062926,0.2,23.687442484023006
2018-07-01,18,radomiro tomic,LC,3,19.9,28.572,28.424631491889098,28.073622395304003,27.422698186668676,27.09179898851282,29.068989066422642,27.12816666666667,26.462979279687744,24.38550528580522,25.461392918585144,26.276204474706574,0.3,23.319333593087634
2018-07-01,24,radomiro tomic,LC,3,19.38,28.572,28.322786188232982,28.095003522221102,27.36720208173579,27.091798987328943,28.963782038189066,27.12816666666667,21.431253405250985,19.648886412722316,20.56596173130766,23.834118287826662,0.4,23.8785002725133
2018-07-01,30,radomiro tomic,LC,3,22.516,28.572,28.259112905686912,28.095003522221102,27.349016234847404,27.091798987327763,28.99625118343678,27.12816666666667,20.934110936672276,19.128886412722316,19.95753072886575,23.57983267068198,0.5,23.91991121807937
2018-07-01,36,radomiro tomic,LC,3,23.227,28.572,29.208334339320515,28.12563457025621,27.41088529609821,27.091798987327763,28.98052902577616,27.12816666666667,24.60075077838557,22.295517460757424,22.912967497018847,25.288150393119082,0.6,23.538220580857722
2018-07-01,42,radomiro tomic,LC,3,20.479,28.572,29.371368093165163,28.12563457025621,27.383428583576865,27.091798987327763,28.98538122081732,27.12816666666667,22.82446562535441,22.785085692841122,22.56592704488906,24.966471162882215,0.7,23.457595000598108
2018-07-01,48,radomiro tomic,LC,3,25.265,28.572,28.52643163532555,28.12563457025621,27.383428583576865,27.091798987327763,28.983031698683142,27.12816666666667,19.231529167514797,20.03708569284112,19.81792704488906,23.381237048422314,0.8,23.73109197318033
2018-07-01,54,radomiro tomic,LC,3,26.388,28.572,28.52643163532555,28.12563457025621,27.383428583576865,27.091798987327763,28.983756811603055,27.12816666666667,24.017529167514798,24.823085692841122,24.603927044889062,25.774237048422314,0.9,23.10502762100395
2018-07-01,60,radomiro tomic,LC,3,31.341,28.572,28.52643163532555,28.12563457025621,27.383428583576865,27.091798987327763,28.98340569858294,27.12816666666667,25.1405291675148,25.946085692841123,25.726927044889063,26.335737048422317,1.0,22.93186885247464
2019-01-01,6,radomiro tomic,LC,3,24.658,31.738,25.151753591436965,24.99757288039933,25.25673484665513,26.80656231472489,26.912670184455596,26.730249999999998,22.875249542289406,21.973927328797952,23.521681491359097,24.57741921777184,0.1,23.27970234170002
2019-01-01,9,radomiro tomic,LC,3,21.219,31.738,24.771693813508843,25.07678098199868,25.199425822486567,26.812328247993083,26.25006751781938,26.730249999999998,20.17973388480643,20.004635430397308,21.380416273984757,23.411217328800934,0.15,23.643077533912425
2019-01-01,12,radomiro tomic,LC,3,19.9,31.738,24.041441813564195,25.13128959527544,25.14709338352735,26.812533226895116,25.74499586462436,26.730249999999998,19.623866244958897,20.286144043674064,21.48641043282648,23.34262757215824,0.2,23.61441899017424
2019-01-01,18,radomiro tomic,LC,3,19.38,31.738,25.06168418312357,25.152642479091895,25.214698683116506,26.812540772946953,26.68799861963585,26.730249999999998,19.818542331078344,19.221772726690503,20.472696955740403,23.12520376444221,0.3,23.716094932970716
2019-01-01,24,radomiro tomic,LC,3,22.516,31.738,24.782392961362913,25.26285719478286,25.23232612291408,26.812540782483673,26.574773177254354,26.730249999999998,16.865233475755424,16.682296878922916,17.838104906832122,21.752007588669585,0.4,24.13735774103153
2019-01-01,30,radomiro tomic,LC,3,23.227,31.738,25.505682156972142,25.356890590948176,25.27440824486242,26.812540782495727,26.66769731767977,26.730249999999998,18.971624719621367,18.08433027508823,19.16215737444789,22.629113748677398,0.5,23.840949729540725
2019-01-01,36,radomiro tomic,LC,3,20.479,31.738,25.15160577998875,25.47433437087764,25.501676111066136,26.81254078249574,26.65654089288283,26.730249999999998,19.85714682986102,20.10995853100014,21.160774563477347,23.356901340215288,0.6,23.470991247626376
2019-01-01,42,radomiro tomic,LC,3,25.265,31.738,26.485184072916915,25.566832996216892,25.703824231827426,26.81254078249574,26.66569699580761,26.730249999999998,18.76554879242896,19.073241272381242,19.842859170695093,22.82482251620255,0.7,23.642264913942796
2019-01-01,48,radomiro tomic,LC,3,26.388,31.738,26.479611567049773,25.566832996216892,25.703824231827426,26.81254078249574,26.664597718784655,26.730249999999998,20.20144451548162,20.092241272381244,20.86185917069509,23.438546446965717,0.8,23.4107931128159
2019-01-01,54,radomiro tomic,LC,3,31.341,31.738,27.468932512731627,25.603078917567768,25.77918312070472,26.81254078249574,26.66549989791033,26.730249999999998,24.145265461163476,23.08298719373212,23.891718059572383,25.1721881637239,0.9,22.81798426281899
2019-01-01,60,radomiro tomic,LC,3,26.353,31.738,27.468932512731627,25.603078917567768,25.77918312070472,26.81254078249574,26.66539158274703,26.730249999999998,27.183265461163476,26.12098719373212,26.929718059572387,26.691188163723897,1.0,22.24252377349043
2019-07-01,6,radomiro tomic,LC,3,19.9,28.301,22.294154128664978,23.58976964266081,23.74130252938556,26.349782432349564,22.47915180628544,26.121138888888893,20.611900232087617,21.460814981460114,22.38502201030316,23.578748247831378,0.1,24.045214572625362
2019-07-01,9,radomiro tomic,LC,3,20.468,28.301,22.62301443994427,23.590533362320997,23.74130252938556,26.371574919467307,22.445138547074574,26.121138888888893,18.377476549639717,18.923176000587187,19.868487556222163,22.38573258200117,0.15,24.37554851230715
2019-07-01,12,radomiro tomic,LC,3,19.38,28.301,22.785553919321103,23.590533362320997,23.886569903699986,26.374192620892437,22.90220516539997,26.121138888888893,18.46002293572951,18.616673129494934,19.69708347539029,22.329743460750556,0.2,24.361697050016097
2019-07-01,18,radomiro tomic,LC,3,22.516,28.301,23.111168596978537,23.62774556221583,23.92494224901972,26.374544827708934,22.58991055212473,26.121138888888893,17.721845967907196,17.749618234250935,18.81870820306348,21.92843549498398,0.3,24.41606664570335
2019-07-01,24,radomiro tomic,LC,3,23.227,28.301,23.945019011830215,23.648252479338833,24.055618015926648,26.374549909588627,22.642757707516083,26.121138888888893,17.911448367637583,17.012259870504582,18.22069516423398,21.79149650397999,0.4,24.4185592920295
2019-07-01,30,radomiro tomic,LC,3,20.479,28.301,24.030972631964545,23.575292118618627,23.91345657990572,26.37454998291345,22.60363129123837,26.121138888888893,18.915373621406648,18.01695504439594,19.15615325134189,22.293651610895093,0.5,24.204271116504568
2019-07-01,36,radomiro tomic,LC,3,25.265,28.301,23.984782926389634,23.621033853251593,23.799134870521844,26.374549983971434,22.610252240326897,26.121138888888893,18.89760836630823,18.379671836374047,19.230975135107272,22.379889495115016,0.6,24.114629169795315
2019-07-01,42,radomiro tomic,LC,3,26.388,28.301,24.963506774174064,23.62480217503994,24.065305598954833,26.374549983986704,22.605350290484612,26.121138888888893,19.41035522954312,19.19513002707721,20.01172081425747,22.71194075859953,0.7,23.931134214055884
2019-07-01,48,radomiro tomic,LC,3,31.341,28.301,25.070740482602314,23.624802175039942,24.065305598954833,26.374549983986928,22.60617979554446,26.121138888888893,20.85475859254029,20.24879669374388,21.065387480924134,23.33645826601549,0.8,23.694341152647816
2019-07-01,54,radomiro tomic,LC,3,26.353,28.301,25.070740482602314,23.624802175039942,24.065305598954833,26.374549983986928,22.605565655163215,26.121138888888893,24.14565161064634,23.857381386626923,24.66093451796504,25.061327693762763,0.9,23.096261155603354
2019-07-01,60,radomiro tomic,LC,3,22.813,28.301,25.001806572283964,23.624802175039942,24.065305598954833,26.374549983986928,22.605669579636146,26.121138888888893,24.439384366994656,24.22004805329359,25.023601184631705,25.225427549516507,1.0,22.97126045815743
2020-01-01,6,radomiro tomic,LC,3,19.38,22.082,24.212511606563062,25.209445083121597,23.505766096266655,22.97132162257197,21.965839558234354,25.337666666666664,22.352282651963797,22.690286676555875,21.528230074608466,23.92947566546325,0.1,24.195403249058412
2020-01-01,9,radomiro tomic,LC,3,24.698,22.082,23.807492209493795,25.30538329295002,23.533789483606718,22.983623586277886,21.370512676483166,25.337666666666664,20.08458518177931,21.024231931069412,19.81085262138778,22.946037611545513,0.15,24.345989092645137
2020-01-01,12,radomiro tomic,LC,3,22.516,22.082,23.52332672831115,25.27910944237303,23.533789483606718,22.98442718573888,21.154890337373438,25.337666666666664,19.427790010787177,20.49608092717323,19.26503218644945,22.649801067823432,0.2,24.379968951984537
2020-01-01,18,radomiro tomic,LC,3,23.227,22.082,23.682573913107234,25.42615282056997,23.670497450130934,22.984483108174572,21.507886385230968,25.337666666666664,19.491789792059095,20.739620934042343,19.488586353408827,22.726686014858693,0.3,24.295077984556897
2020-01-01,24,radomiro tomic,LC,3,20.479,22.082,23.24803967778039,25.557544632313455,23.688329467991156,22.984483346799863,21.40451490567044,25.337666666666664,18.54335694167836,20.475237055853057,19.104982825239993,22.423481832716185,0.4,24.259098479864214
2020-01-01,30,radomiro tomic,LC,3,25.265,22.082,23.376926869140387,25.694839030284506,23.62682616212572,22.984483347818095,21.449565927545123,25.337666666666664,18.65223445323083,20.75201319496283,19.20023452072642,22.519895245381747,0.5,24.191969941257028
2020-01-01,36,radomiro tomic,LC,3,26.388,22.082,23.452135014717555,25.687348570644858,23.79449705632813,22.98448334782244,21.436373223071975,25.337666666666664,19.956808363059096,22.1673185946738,20.73484353713674,23.199865072766556,0.6,23.95235617494081
2020-01-01,42,radomiro tomic,LC,3,31.341,22.082,24.280248847852388,26.03310094190295,24.534393291585687,22.984483347822458,21.442122824717096,25.337666666666664,20.471508495835664,23.40164628717092,22.074878303323956,23.637122029084978,0.7,23.706497989115096
2020-01-01,48,radomiro tomic,LC,3,26.353,22.082,24.15940065541414,26.09103170171382,24.557914982542258,22.984483347822458,21.44043911606452,25.337666666666664,22.564979117217042,25.488077046981786,24.126899994280528,24.68209737438304,0.8,23.412860993397505
2020-01-01,54,radomiro tomic,LC,3,22.813,22.082,24.113443217242672,26.06784554540463,24.557914982542258,22.984483347822458,21.44117290450483,25.337666666666664,23.74019144262511,26.924329410334877,25.576560272061204,25.334963546573327,0.9,23.177378112930246
2020-01-01,60,radomiro tomic,LC,3,20.887,22.082,24.09527830468965,26.06784554540463,24.25160155555463,22.984483347822458,21.440958022496933,25.337666666666664,23.126260007651677,26.311329410334878,24.657246845073573,25.02823068782997,1.0,23.240799507295076
2020-07-01,6,radomiro tomic,LC,3,22.516,24.658,20.9526175142661,21.90554825993482,20.642646970453736,21.3291946321717,20.091777357502117,24.512444444444444,18.49793202927408,18.724332518057924,18.235464933873853,21.56178835905522,0.1,24.584201590166188
2020-07-01,9,radomiro tomic,LC,3,22.696,24.658,20.98560431427228,21.991260489010543,20.71303887913811,21.33395887303836,20.177136103903685,24.512444444444444,18.185380250201934,18.444862740916054,17.96753149264162,21.41378297000172,0.15,24.594167341083438
2020-07-01,12,radomiro tomic,LC,3,23.227,24.658,21.12550139180799,22.021314294926857,20.73878981649652,21.334200306466286,20.01499758955396,24.512444444444444,17.64760667212658,17.64226959429241,17.120226082049363,21.07869128882697,0.2,24.679934958638615
2020-07-01,18,radomiro tomic,LC,3,20.479,24.658,20.892708729539677,22.384794493793976,20.795458438729668,21.334213161403774,20.12198062220205,24.512444444444444,17.44896665007972,18.19573842045788,17.361230071325792,21.167398489856623,0.3,24.587083286089467
2020-07-01,24,radomiro tomic,LC,3,25.265,24.658,20.845885171580147,22.572778786043656,20.508896147030647,21.33421319441619,20.110770425118304,24.512444444444444,16.528331047142444,17.491223798412648,16.200352939231486,20.761110933610993,0.4,24.67073482223545
2020-07-01,30,radomiro tomic,LC,3,26.388,24.658,20.798983256377866,22.795489041197435,20.375469292515987,21.334213194500972,20.126393720878276,24.512444444444444,17.39684394982214,18.755260566883194,17.161830746971404,21.294248351398558,0.5,24.504965503160246
2020-07-01,36,radomiro tomic,LC,3,31.341,24.658,21.064014443125807,22.88240133146502,20.360701801786753,21.33421319450119,20.124756636944415,24.512444444444444,18.854926118855527,20.206507636559202,18.431679575168015,22.0215806610759,0.6,24.316407081218895
2020-07-01,42,radomiro tomic,LC,3,26.353,24.658,21.279569316439556,22.885892107990127,20.45858280324719,21.33421319450119,20.127038188848786,24.512444444444444,19.6447272652557,21.84230819582391,19.85229215432067,22.627981087492124,0.7,24.085455940972462
2020-07-01,48,radomiro tomic,LC,3,22.813,24.658,21.223264602456627,22.861925394978616,20.45858280324719,21.33421319450119,20.126799116887,24.512444444444444,20.38644724081612,22.431955330850226,20.472787816129355,22.96082286513881,0.8,23.97861770996633
2020-07-01,54,radomiro tomic,LC,3,20.887,24.658,21.125961866838193,22.82384177159308,20.416967593016558,21.33421319450119,20.12713230389007,24.512444444444444,20.56727180369561,22.858059754456352,20.88290082812326,23.112555111760216,0.9,23.884202742406018
2020-07-01,60,radomiro tomic,LC,3,23.844,24.658,20.7590481392671,22.797075181052136,20.416967593016558,21.33421319450119,20.127097390956326,24.512444444444444,19.342177840698792,21.95569316391541,20.06856351352079,22.580689973375772,1.0,23.930548130324116
2020-10-01,6,radomiro tomic,LC,3,22.696,21.219,20.00277107870307,22.63803866650725,21.514057253207223,21.715843478010004,21.27989605959893,24.119333333333334,18.21776358883203,20.08876750495403,19.820297727648367,21.636299440113184,0.1,23.847468229264717
2020-10-01,9,radomiro tomic,LC,3,23.227,21.219,21.23784482375682,22.63803866650725,21.76587779438735,21.706845475734504,21.13420691781165,24.119333333333334,19.18939071798615,19.800163794926753,19.808448492450587,21.807055294894894,0.15,23.874058348328425
2020-10-01,12,radomiro tomic,LC,3,34.15,21.219,21.324185207775674,22.63803866650725,21.808804536399553,21.706337456353182,21.824797212372182,24.119333333333334,18.77618937607317,19.18978236682407,19.208036454944168,21.551159602390975,0.2,23.940192921502963
2020-10-01,18,radomiro tomic,LC,3,25.491,21.219,20.35834157359264,22.63096085788487,21.702572881036147,21.70630715464129,21.378958993612923,24.119333333333334,17.419605052452727,18.822448381139125,18.787972835077973,21.120180025064627,0.3,24.040106610669657
2020-10-01,24,radomiro tomic,LC,3,26.986,21.219,20.73819265018939,22.629779271363475,21.676419647015827,21.70630705805054,21.452505581156014,24.119333333333334,17.876750017894615,18.843853650663693,18.878650949344753,21.239817583806243,0.4,24.10932133052516
2020-10-01,30,radomiro tomic,LC,3,24.518,21.219,19.98316401348155,22.55928298427901,21.546087260859927,21.70630705774264,21.392352392713725,24.119333333333334,18.0795507152888,19.791177748817574,19.87014359082011,21.52734878269326,0.5,24.147714476135683
2020-10-01,36,radomiro tomic,LC,3,22.463,21.219,20.630507563185642,22.56869972339984,21.49863241536181,21.706307057741657,21.402275421403345,24.119333333333334,20.50243155243944,21.748554755734155,21.721163592881737,22.622413243710064,0.6,24.14243999301268
2020-10-01,42,radomiro tomic,LC,3,18.23,21.219,20.612240983397896,22.56869972339984,21.701835232914892,21.706307057741654,21.39415945261091,24.119333333333334,20.095444388004758,22.276897778596304,22.17899589160159,22.652752208316933,0.7,24.206593578889684
2020-10-01,48,radomiro tomic,LC,3,21.542,21.219,20.50753213583445,22.55644506392832,21.708222007649628,21.706307057741654,21.39549828423827,24.119333333333334,20.075140234057923,22.189982444658224,22.11246238451023,22.625947336345703,0.8,24.285326095282457
2020-10-01,54,radomiro tomic,LC,3,24.124,21.219,20.413943389813255,22.55644506392832,21.65291675052534,21.706307057741654,21.394403264154597,24.119333333333334,19.90854135938807,22.262153087715532,22.119533180944835,22.60234027844257,0.9,24.363920863861114
2020-10-01,60,radomiro tomic,LC,3,23.595,21.219,20.41634758865778,22.49043512758713,21.623636714255223,21.706307057741654,21.39458390155699,24.119333333333334,19.749780983306337,21.9637709164645,21.904472049172657,22.488054641609374,1.0,24.447875930814234
2021-04-01,6,radomiro tomic,LC,3,34.15,20.468,21.705988025056357,21.818474015848757,21.748395621354362,22.588333598885885,23.059119551793522,22.97736111111111,20.5607285939236,19.641664639302107,20.465450706131453,21.53927886386198,0.1,23.703928010585603
2021-04-01,9,radomiro tomic,LC,3,20.479,20.468,21.530106697523728,21.843554334846864,21.712461939134656,22.58785689270691,22.65324445863934,22.97736111111111,20.05845391775504,19.495227492562545,20.243397138276382,21.37710090813495,0.15,23.79613872286325
2021-04-01,12,radomiro tomic,LC,3,25.491,20.468,21.367343125397312,21.849618802422842,21.657120466170227,22.587824099607182,22.684480408406337,22.97736111111111,21.015605954255783,20.538536450336224,21.190918605437105,21.877216156703557,0.2,23.744596011243384
2021-04-01,18,radomiro tomic,LC,3,26.986,20.468,21.495488604846724,21.884670046897433,21.679943358360603,22.587821688553106,22.736114652699907,22.97736111111111,19.70980850478499,19.02880780141753,19.722918621677007,21.173334632106183,0.3,24.097381551076477
2021-04-01,24,radomiro tomic,LC,3,24.518,20.468,21.37809732406253,21.912109990426902,21.667277275054314,22.587821677143506,22.673678358021103,22.97736111111111,19.81797611778281,19.289348133918022,20.027701298905416,21.265511618480765,0.4,24.20435450102235
2021-04-01,30,radomiro tomic,LC,3,22.463,20.468,21.674398796760908,22.04301844420483,21.71833435329377,22.587821677089515,22.68227484601683,22.97736111111111,20.69056396781262,19.95017353034088,20.70637017027965,21.64886493009393,0.5,24.2768332013263
2021-04-01,36,radomiro tomic,LC,3,18.23,20.468,22.016236646892843,22.079362229512437,21.72263086434142,22.587821677089263,22.67187944330379,22.97736111111111,22.168241842941008,21.361280868170446,22.05113867144967,22.37106123333342,0.6,24.256103142369636
2021-04-01,42,radomiro tomic,LC,3,21.542,20.468,22.137707823915974,22.079362229512437,21.879393604071737,22.587821677089263,22.673310725054833,22.97736111111111,21.354419173093586,21.209432030623717,21.792411992529637,22.129643356484884,0.7,24.41533210631682
2021-04-01,48,radomiro tomic,LC,3,24.124,20.468,22.274892319491766,22.094186681192987,21.879393604071737,22.587821677089263,22.67157993099021,22.97736111111111,22.05205181284982,21.63515514125743,22.202139354573738,22.41048229408237,0.8,24.525337631499085
2021-04-01,54,radomiro tomic,LC,3,23.595,20.468,22.363662633979473,22.094186681192987,21.879393604071737,22.587821677089263,22.67181823382731,22.97736111111111,22.460468980784565,22.065872835306553,22.6323624372134,22.620266009578337,0.9,24.620783797210002
2018-01-01,6,sierra gorda,SM,1,7.9,7.8,8.051733895481757,8.101417004716872,8.037557371250466,7.903407884347687,8.006277261123847,7.96111111111111,8.051733895481757,8.101417004716872,8.037557371250466,8.007296846706392,0.1,13.28490455084913
2018-01-01,9,sierra gorda,SM,1,10.6,7.8,8.030703688247854,8.089107383845587,7.753847138884226,7.90341354922479,7.913896681490655,7.96111111111111,8.030703688247854,8.089107383845587,7.753847138884226,8.000628881085355,0.15,13.152477554242111
2018-01-01,12,sierra gorda,SM,1,9.557,7.8,8.009682940805202,8.08299185525404,7.372315814436482,7.90341356270085,7.810921225793139,7.96111111111111,8.009682940805202,8.08299185525404,7.372315814436482,7.995201625878515,0.2,13.01933917590672
2018-01-01,18,sierra gorda,SM,1,8.868,7.8,7.953109698684117,8.064548902660963,7.390143850853869,7.903413562732984,8.235226601697558,7.96111111111111,7.953109698684117,8.064548902660963,7.390143850853869,7.984970205891825,0.3,12.76428665808569
2018-01-01,24,sierra gorda,SM,1,10.715,7.8,7.955919310670813,8.069660470136283,7.533906856850903,7.903413562732984,8.243508068990971,7.96111111111111,7.955919310670813,8.069660470136283,7.533906856850903,7.992118378686573,0.4,12.501937962095838
2018-01-01,30,sierra gorda,SM,1,12.36,7.8,8.133292651856792,8.068283504614067,7.75574115027436,7.903413562732984,8.225521070543833,7.96111111111111,8.133292651856792,8.068283504614067,7.75574115027436,8.044917291385701,0.5,12.252549166747512
2018-01-01,36,sierra gorda,SM,1,11.565,7.8,8.095117577744098,8.068283504614067,7.736756872461928,7.903413562732984,8.225170005608515,7.96111111111111,8.095117577744098,8.068283504614067,7.736756872461928,8.033464769151893,0.6,11.987906614901963
2018-01-01,42,sierra gorda,SM,1,17.394,7.8,8.109030591330527,8.068283504614067,8.348038733058987,7.903413562732984,8.22593250387394,7.96111111111111,8.109030591330527,8.068283504614067,8.348038733058987,8.037638673227823,0.7,11.725791943630524
2018-01-01,48,sierra gorda,SM,1,14.5,7.8,8.109030591330527,8.068283504614067,8.348038733058987,7.903413562732984,8.225947386090391,7.96111111111111,8.109030591330527,8.068283504614067,8.348038733058987,8.037638673227823,0.8,11.463947992277818
2018-01-01,54,sierra gorda,SM,1,13.05851625126102,7.8,8.109030591330527,8.068283504614067,8.348038733058987,7.903413562732984,8.225915062542553,7.96111111111111,8.109030591330527,8.068283504614067,8.348038733058987,8.037638673227823,0.9,11.20210304588598
2018-01-01,60,sierra gorda,SM,1,10.725,7.8,8.109030591330527,8.068283504614067,8.348038733058987,7.903413562732984,8.22591443166107,7.96111111111111,8.109030591330527,8.068283504614067,8.348038733058987,8.037638673227823,1.0,10.940258767536356
2018-07-01,6,sierra gorda,SM,1,9.557,7.2,7.998883455340529,8.080321633262209,9.294396542880918,7.994501440499908,7.382756593879727,8.161111111111111,7.847149559858773,7.878904628545337,9.156839171630452,8.04187750434749,0.1,13.50499463011914
2018-07-01,9,sierra gorda,SM,1,8.44,7.2,7.927183000478619,8.080321633262209,9.189768108227891,7.994501603886017,7.433651483725973,8.161111111111111,10.496479312230765,10.591214249416621,12.035920969343664,9.114205378996143,0.15,13.149176058963205
2018-07-01,12,sierra gorda,SM,1,8.868,7.2,7.906990980219799,8.080321633262209,9.199119992173843,7.994501604100992,7.892589408742116,8.161111111111111,9.454308039414597,9.554329778008169,11.38380417773736,8.69839423015122,0.2,13.119592019794823
2018-07-01,18,sierra gorda,SM,1,10.715,7.2,7.863648406740886,8.080321633262209,8.942034097166326,7.994501604101274,7.628829982513382,8.161111111111111,8.778538708056768,8.883772730601246,10.419890246312457,8.49613341522006,0.3,12.904817547345951
2018-07-01,24,sierra gorda,SM,1,12.36,7.2,7.910265421377597,8.080321633262209,9.029087850772738,7.994501604101274,7.888810477426391,8.161111111111111,10.669346110706783,10.725661163125926,12.210180993921835,9.682946626594259,0.4,12.493893155828317
2018-07-01,30,sierra gorda,SM,1,11.565,7.2,8.261213507798583,8.088093789176924,9.287753125300213,7.994501604101274,7.754310884281497,8.161111111111111,12.487920855941791,12.379810284562856,13.892011975025852,10.724763786595839,0.5,12.092885513052734
2018-07-01,36,sierra gorda,SM,1,17.394,7.2,8.2264129015842,8.088093789176924,9.234787731937038,7.994501604101274,7.886883476250529,8.161111111111111,11.6962953238401,11.584810284562856,13.06303085947511,10.248776126965332,0.6,11.90014613711905
2018-07-01,42,sierra gorda,SM,1,14.5,7.2,8.238889994330055,8.088093789176924,9.145722380736611,7.994501604101274,7.818297716815134,8.161111111111111,17.523859402999527,17.413810284562857,18.19168364767762,13.74574535071316,0.7,11.139242379516784
2018-07-01,48,sierra gorda,SM,1,13.05851625126102,7.2,8.191509414523518,8.088093789176924,8.85607106159807,7.994501604101274,7.885900835069324,8.161111111111111,14.582478823192991,14.519810284562856,15.008032328539084,11.9951311767712,0.8,11.117315020661703
2018-07-01,54,sierra gorda,SM,1,10.725,7.2,8.191509414523518,8.088093789176924,8.85607106159807,7.994501604101274,7.850926704015541,8.161111111111111,13.140995074454011,13.078326535823876,13.566548579800104,11.130240927527812,0.9,10.975722106334592
2018-07-01,60,sierra gorda,SM,1,9.977,7.2,8.191509414523518,8.088093789176924,8.85607106159807,7.994501604101274,7.885399754061645,8.161111111111111,10.80747882319299,10.744810284562856,11.233032328539084,9.730131176771199,1.0,10.910359364993624
2019-01-01,6,sierra gorda,SM,1,8.868,6.9,9.161980738207882,9.116559239054004,9.560752221022971,9.362498096123275,8.729750472491366,8.409916666666668,9.86517206279674,9.754189920064464,9.623275263957279,8.96982239657224,0.1,13.525446786378147
2019-01-01,9,sierra gorda,SM,1,9.162,6.9,9.18690222594442,9.116559239054004,9.51794557019423,9.362496747056959,8.891003699224632,8.409916666666668,10.727958881581184,10.551844730500106,10.566137946638172,9.301910722416258,0.15,13.336054120266573
2019-01-01,12,sierra gorda,SM,1,10.715,6.9,9.190046630347641,9.120260506641996,9.475688149182927,9.362496743499335,8.832029161796987,8.409916666666668,10.444209669835141,10.251103762383872,10.402470245877765,9.185012686443804,0.2,13.231163470276096
2019-01-01,18,sierra gorda,SM,1,12.36,6.9,9.226894776951799,9.128674603182711,9.333946868739808,9.362496743489928,8.774650864392552,8.409916666666668,11.110015724239297,10.847739335221124,10.95935789472971,9.69439709819844,0.3,12.926775388656
2019-01-01,24,sierra gorda,SM,1,11.565,6.9,9.242736465316376,9.14967423420186,9.15699364727282,9.362496743489928,8.768305624997318,8.409916666666668,12.847144099292171,12.612183182502616,12.412996293461,11.001764851205103,0.4,12.526250923737429
2019-01-01,30,sierra gorda,SM,1,17.394,6.9,9.353982584972622,9.14967423420186,8.983117716488021,9.362496743489928,8.771864540883364,8.409916666666668,13.119229505144933,13.033985587306365,12.423870578700734,11.209931194402056,0.5,12.235680369861639
2019-01-01,36,sierra gorda,SM,1,14.5,6.9,9.38308987493501,9.157828491145843,9.279005490892757,9.362496743489928,8.772258107343388,8.409916666666668,15.70182463527086,15.559139844250346,15.272733188693273,12.742256010523029,0.6,11.768481041211588
2019-01-01,42,sierra gorda,SM,1,13.05851625126102,6.9,9.406106047115678,9.157828491145843,9.405608661244939,9.362496743489928,8.772037363910469,8.409916666666668,17.179145754285386,17.026639844250347,16.60572810434714,13.625702346227389,0.7,11.3922937335307
2019-01-01,48,sierra gorda,SM,1,10.725,6.9,9.376384253737317,9.157828491145843,9.249691194261125,9.362496743489928,8.772012952765545,8.409916666666668,15.005372376440805,14.858897969880857,14.426894422563105,12.323247770563164,0.8,11.317804237130126
2019-01-01,54,sierra gorda,SM,1,9.977,6.9,9.443549310978476,9.157828491145843,9.118634862916785,9.362496743489928,8.772026644480869,8.409916666666668,13.185037433681963,12.971397969880858,12.408338091218766,11.210897287735513,0.9,11.222905530106882
2019-01-01,60,sierra gorda,SM,1,9.09,6.9,9.443549310978476,9.157828491145843,9.118634862916785,9.362496743489928,8.772028158593619,8.409916666666668,11.644279308051454,11.430639844250347,10.867579965588256,10.286442412357207,1.0,11.096182013430266
2019-07-01,6,sierra gorda,LC,2,10.715,7.9,9.15102969302726,8.854827297135248,9.219371225697625,9.168389710232812,9.333307248014828,8.582555555555555,9.521830330017204,9.19706133812422,9.03013584731284,8.971000694813133,0.1,13.450611086147143
2019-07-01,9,sierra gorda,LC,2,10.868,7.9,9.16945772543861,8.86992381841806,9.246076601096222,9.168390459485613,9.221330918549182,8.582555555555555,10.188528087214978,9.841927733030793,9.82622299532744,9.29889173283922,0.15,13.285814329042179
2019-07-01,12,sierra gorda,LC,2,12.36,7.9,9.303709052017838,8.898761825595278,9.322535577696202,9.168390460669862,9.24781582473333,8.582555555555555,10.648135534893624,10.18423716054253,10.35349425909845,9.499370951636816,0.2,13.147270503958739
2019-07-01,18,sierra gorda,LC,2,11.565,7.9,9.353416148145854,8.912996018513562,9.3223933629062,9.168390460671736,9.264770864622689,8.582555555555555,11.65319852068692,11.1361476388116,11.414685090652865,9.988614317652408,0.3,12.845903757982827
2019-07-01,24,sierra gorda,LC,2,17.394,7.9,9.499516147114901,8.935548866108077,9.362174481900224,9.168390460671736,9.270869077380604,8.582555555555555,12.676542414659972,12.048996753574626,12.335511696934736,10.472662569836427,0.4,12.549794960688564
2019-07-01,30,sierra gorda,LC,2,14.5,7.9,9.516994787342778,8.948897994160562,9.378527420221513,9.168390460671736,9.26965965298425,8.582555555555555,14.707165205800113,14.286547484829612,14.47599008953398,11.53970595043521,0.5,12.157084095123027
2019-07-01,36,sierra gorda,LC,2,13.05851625126102,7.9,9.879427587240752,8.987900016659687,9.515997412896503,9.168390460671736,9.269224659770922,8.582555555555555,15.797554135819649,15.036164755014074,15.252147381132595,11.999707500486208,0.6,11.88116200118312
2019-07-01,42,sierra gorda,LC,2,10.725,7.9,10.016885938350569,9.017353806898146,9.623134037162158,9.168390460671736,9.269310929539678,8.582555555555555,16.416382477845488,15.563457295672876,15.640849529235652,12.286237721157368,0.7,11.608950153754627
2019-07-01,48,sierra gorda,LC,2,9.977,7.9,10.011111248694208,9.010419367319436,9.631740775629552,9.168390460671736,9.26934195815464,8.582555555555555,14.21330857925076,13.333522856094165,13.574979196410498,11.17798563661401,0.8,11.504807290889879
2019-07-01,54,sierra gorda,LC,2,9.09,7.9,10.034322300171624,9.013398901989808,9.690478862122525,9.168390460671736,9.269335804423145,8.582555555555555,12.70646461164779,11.82883572409787,12.16973606001825,10.425102861714192,0.9,11.354334080120863
2019-07-01,60,sierra gorda,LC,2,11.409,7.9,10.027275962340525,9.007069352599224,9.670163410388932,9.168390460671736,9.269333591112874,8.582555555555555,11.376579523396352,10.499667424286946,10.826581857864317,9.760339514698602,1.0,11.193529973388966
2020-01-01,6,sierra gorda,LC,2,12.36,9.557,9.507021122481074,9.872359783840956,9.692266091672254,10.19423169912089,9.89994455315634,8.904027777777777,10.176114176966717,10.594078490298873,9.92424675145926,9.644562055705286,0.1,13.331075963043354
2020-01-01,9,sierra gorda,LC,2,12.378,9.557,9.503104836058144,9.872359783840956,9.69914335338759,10.194230000998937,9.889062322958374,8.904027777777777,10.692043176030769,11.100881765195991,10.539733998786948,9.900245124195578,0.15,13.214419101126518
2020-01-01,12,sierra gorda,LC,2,11.565,9.557,9.454401419316188,9.90551003379877,9.750407841850661,10.194229997929751,10.03264185639544,8.904027777777777,11.226794018468567,11.734926078610389,11.282992958478298,10.192443913158627,0.2,13.091723841925138
2020-01-01,18,sierra gorda,LC,2,17.394,9.557,9.515049163081272,9.90840478541312,9.762196578039756,10.194229997924193,9.975368094983983,8.904027777777777,11.792781905450608,12.23876949600826,11.892067033123205,10.459901739253606,0.3,12.859936419559427
2020-01-01,24,sierra gorda,LC,2,14.5,9.557,9.507346298252033,9.926383842465725,9.926656947019216,10.194229997924193,9.965657935878989,8.904027777777777,13.86373696213211,14.376082541538617,14.164616237820045,11.511968764806571,0.4,12.616707983648942
2020-01-01,30,sierra gorda,LC,2,13.05851625126102,9.557,9.785310385912556,9.952409070093896,9.98185186309402,10.194229997924193,9.96984895778515,8.904027777777777,14.923689502919862,15.343421689555543,15.085317010022994,12.01879168700774,0.5,12.384166525320598
2020-01-01,36,sierra gorda,LC,2,10.725,9.557,10.1785051495051,10.023882057013687,10.191964082279691,10.194229997924193,9.970559501121546,8.904027777777777,15.41187222694434,15.57773466942981,15.379706268047888,12.199415612982426,0.6,12.167063947496896
2020-01-01,42,sierra gorda,LC,2,9.977,9.557,10.34350615624464,10.043264680213147,10.325684274105981,10.194229997924193,9.970252822038752,8.904027777777777,15.320157076278187,15.379753845069656,15.114437383870563,12.12699161922585,0.7,11.937343282860466
2020-01-01,48,sierra gorda,LC,2,9.09,9.557,10.366536907332371,10.063140499086888,10.358840843196116,10.194229997924193,9.97020082785128,8.904027777777777,13.509657093076234,13.547113273838075,13.402584464874437,11.216206480617466,0.8,11.708299789030887
2020-01-01,54,sierra gorda,LC,2,11.409,9.557,9.905818118304165,10.042546394683395,10.35048009683614,10.194229997924193,9.970223269170349,8.904027777777777,11.673844276868383,12.17327428576699,12.059803279727303,10.413793529547732,0.9,11.440713349884419
2020-01-01,60,sierra gorda,LC,2,12.3,9.557,9.905818118304165,10.058550009363247,10.35048009683614,10.194229997924193,9.970227073858103,8.904027777777777,11.263226798510903,11.778481224979233,11.652503079845447,10.212440894761423,1.0,11.203414557715325
2020-07-01,6,sierra gorda,LC,2,11.565,8.868,10.602047340640132,10.647400074662878,11.292685218610407,12.852692660141878,13.14715713690691,9.611444444444444,11.707917559732431,11.72230308306102,12.01181652810556,10.663277382920585,0.1,13.292480527919448
2020-07-01,9,sierra gorda,LC,2,18.729,8.868,10.584603169897528,10.654041557958,11.311208190956195,12.852692660522708,13.190666141858213,9.611444444444444,12.110732874663999,12.137987186273836,12.519452036598164,10.867902237456681,0.15,13.22004141210151
2020-07-01,12,sierra gorda,LC,2,17.394,8.868,10.629678327706626,10.639440580453023,11.316182187498386,12.852692660522719,13.378098721058713,9.611444444444444,12.469712123165293,12.434871409542565,12.905168712430363,11.031868105399187,0.2,13.147184260546764
2020-07-01,18,sierra gorda,LC,2,14.5,8.868,10.449102104047155,10.639440580453023,11.29885052969818,12.852692660522719,13.44737711923475,9.611444444444444,13.84707846532637,14.00085139184651,14.529107578156989,11.767704686515442,0.3,13.026438477395343
2020-07-01,24,sierra gorda,LC,2,13.05851625126102,8.868,10.524628444089158,10.634388211156782,11.347203349934356,12.852692660522719,13.440187654190677,9.611444444444444,15.008271715542815,15.108870401921951,15.652239393171175,12.335007751588414,0.4,12.894913408530478
2020-07-01,30,sierra gorda,LC,2,10.725,8.868,10.56896812030782,10.63787875036763,11.360596473689187,12.852692660522719,13.438030475569914,9.611444444444444,15.334312586983359,15.571910282170371,16.058701468865763,12.532277939510655,0.5,12.705328007505804
2020-07-01,36,sierra gorda,LC,2,9.977,8.868,10.66037005606473,10.596423865544182,11.453053494966882,12.852692660522719,13.438254339875112,9.611444444444444,14.956362688115103,15.179729544074345,15.709854427125503,12.339745280269584,0.6,12.481908941973927
2020-07-01,42,sierra gorda,LC,2,9.09,8.868,10.496278336943888,10.141151179347853,11.45343758028056,12.852692660522719,13.438321509725743,9.611444444444444,14.404297841721798,14.397089575190432,15.21470321327103,12.006069076450279,0.7,12.265693338780398
2020-07-01,48,sierra gorda,LC,2,11.409,8.868,10.48533331179524,10.070360057665425,11.44528657507922,12.852692660522719,13.438314539078158,9.611444444444444,12.744522078923854,12.662910177648998,13.626513303782653,11.157580286365436,0.8,11.971904322215183
2020-07-01,54,sierra gorda,LC,2,12.3,8.868,10.442146225153039,10.090131207672053,11.37860914982846,12.852692660522719,13.438312447555095,9.611444444444444,12.157203528343581,12.06800424160225,12.957771676774163,10.86202416470868,0.9,11.729401331140805
2020-07-01,60,sierra gorda,LC,2,12.183,8.868,10.346601252849096,10.090357018994652,11.37860914982846,12.852692660522719,13.438312664605897,9.611444444444444,11.911364573353655,11.914591989614792,12.810131516868678,10.762211362964333,1.0,11.509696144701444
2020-10-01,6,sierra gorda,LC,2,18.729,9.162,10.404113560419354,10.437378338791731,10.862975043801214,12.9452959760287,13.233342877335474,10.019805555555557,11.486164186222915,11.486064166679704,11.50763693194544,10.752959866003433,0.1,12.957234737277822
2020-10-01,9,sierra gorda,LC,2,17.394,9.162,10.628306204773995,10.436191645590645,10.992351291999892,12.945295976029781,13.455336196805208,10.019805555555557,13.2574804304298,13.018639409527509,13.235519798208832,11.578932737767106,0.15,12.994099573258927
2020-10-01,12,sierra gorda,LC,2,13.341,9.162,10.649544072862628,10.436191645590645,11.054178220763497,12.945295976029781,13.46375290451347,10.019805555555557,13.310292514460413,13.058143906423092,13.391303293623746,11.602011882998655,0.2,12.9125993030747
2020-10-01,18,sierra gorda,LC,2,13.015,9.162,10.313240339231388,10.436191645590645,10.993031651363642,12.945295976029781,13.536227837045669,10.019805555555557,13.82003695628954,13.88079389167638,14.218437436796286,11.935110489769258,0.3,12.774476576862318
2020-10-01,24,sierra gorda,LC,2,14.885564678817758,9.162,10.589781071739809,10.436191645590645,11.024020393441475,12.945295976029781,13.529371355525539,10.019805555555557,14.7484650991465,14.568948144578991,14.896769246359936,12.339256088709151,0.4,12.653382827102483
2020-10-01,30,sierra gorda,LC,2,12.653,9.162,10.564102131474291,10.42551048212177,11.02318839371895,12.945295976029781,13.527214007048588,10.019805555555557,14.561227833652602,14.551723633562784,14.832343144084568,12.288140644581624,0.5,12.462330109403249
2020-10-01,36,sierra gorda,LC,2,11.191,9.162,10.732272096402632,10.385575439123652,11.048293103632854,12.945295976029781,13.52741810272353,10.019805555555557,14.198370947100488,14.101759526974757,14.349618297937225,12.08493539629659,0.6,12.255287467122608
2020-10-01,42,sierra gorda,LC,2,9.51,9.162,10.630304004431569,9.99715860743047,11.08499715734234,12.945295976029781,13.527482320134778,10.019805555555557,13.652607202255846,13.368582074074641,13.825478921454303,11.7652000968604,0.7,12.043908718986492
2020-10-01,48,sierra gorda,LC,2,12.894,9.162,10.58327896931209,9.95837769420097,11.067064860883152,12.945295976029781,13.527476244854853,10.019805555555557,12.61988072328673,12.341942784576375,12.878706038956143,11.250358654743554,0.8,11.797599452134696
2020-10-01,54,sierra gorda,LC,2,12.007,9.162,10.516695154701365,9.939612469147148,11.043840694699558,12.945295976029781,13.52747433330651,10.019805555555557,12.255551869834644,11.956151462810304,12.513374608849567,11.062828610939015,0.9,11.593829081349272
2020-10-01,60,sierra gorda,LC,2,12.511,9.162,10.356646994018643,9.929733173371831,11.02890696904712,12.945295976029781,13.527474514148295,10.019805555555557,11.966682885630926,11.798702812389505,12.355907416609226,10.951249202282886,1.0,11.397122405161817
2021-04-01,6,sierra gorda,LC,2,13.341,10.868,12.191039590397002,15.480530651145463,12.961725820094113,16.987046610054044,17.112564247518158,11.236694444444444,14.307781046740146,17.56392159807919,14.638011003674706,13.586272883427057,0.1,15.534545928802867
2021-04-01,9,sierra gorda,LC,2,14.5,10.868,12.137570390620255,15.508046164443144,12.933708433945894,16.98700871406072,16.807298908668766,11.236694444444444,15.357675983357517,18.71554544130465,15.770945540410715,14.136652578387764,0.15,15.411621956537333
2021-04-01,12,sierra gorda,LC,2,13.015,10.868,12.072311762407043,15.447932727794031,12.916361517219114,16.98700853689304,18.588462084262652,11.236694444444444,14.737446987653339,18.11029300199461,15.24630040527597,13.83028221963421,0.2,15.386167502429444
2021-04-01,18,sierra gorda,LC,2,14.885564678817758,10.868,12.145989364107068,15.399327117131357,12.881047974356896,16.987008536060895,18.094174811213716,11.236694444444444,15.537780701695286,18.720244521549038,15.934534125961498,14.182853528033302,0.3,15.11815933784428
2021-04-01,24,sierra gorda,LC,2,12.653,10.868,12.231323216015438,15.409611524850792,12.881047974356896,16.987008536060877,18.13284583504774,11.236694444444444,16.40959289766088,19.587598957301818,16.75219617476933,14.617645185962896,0.4,14.888307160639119
2021-04-01,30,sierra gorda,LC,2,11.191,10.868,12.214072244084116,15.404844312067652,12.870187070594694,16.987008536060877,18.11989347501683,11.236694444444444,15.938593970026341,19.259811230142553,16.368007086091087,14.417948522264446,0.5,14.626276000205511
2021-04-01,36,sierra gorda,LC,2,9.51,10.868,11.940404586442366,15.404844312067649,12.794087664019985,16.987008536060877,18.12090681493004,11.236694444444444,14.976879016125867,18.70520561035093,15.64418167290475,14.038868378841421,0.6,14.35640881546467
2021-04-01,42,sierra gorda,LC,2,12.894,10.868,11.82059347443565,15.320375250610118,12.794087664019985,16.987008536060877,18.120567409812505,11.236694444444444,14.251095643366234,18.1405727066722,14.918072439352763,13.71626430973183,0.7,14.091555285797108
2021-04-01,48,sierra gorda,LC,2,12.007,10.868,12.142126498153377,15.267257141430132,12.77609069665841,16.987008536060877,18.120593963487003,11.236694444444444,14.217888148801341,17.729687548294628,14.589916726309095,13.605241146496216,0.8,13.837679089583272
2021-04-01,54,sierra gorda,LC,2,12.511,10.868,12.619538532411347,15.267257141430134,12.77609069665841,16.987008536060877,18.120585069676647,11.236694444444444,14.32288783756825,17.291060211834676,14.173285380972766,13.521834234572953,0.9,13.587951954404444
2018-01-01,6,zaldivar,SM,1,8.0,8.7,8.643078462394858,8.442509305625741,8.58828742351171,8.52357542920297,0.0,8.583333333333336,8.643078462394858,8.442509305625741,8.58828742351171,8.56711755360412,0.1,7.142702705245748
2018-01-01,9,zaldivar,SM,1,9.1,8.7,8.501544006571272,8.442509305625741,8.57885154160075,8.525045709208406,0.0,8.583333333333336,8.501544006571272,8.442509305625741,8.57885154160075,8.538810662439404,0.15,7.076785689647047
2018-01-01,12,zaldivar,SM,1,8.302,8.7,8.474660460366206,8.445152674062422,8.57885154160075,8.52513492183691,0.0,8.583333333333336,8.474660460366206,8.445152674062422,8.57885154160075,8.533962626885728,0.2,7.01286867655116
2018-01-01,18,zaldivar,SM,1,9.303,8.7,8.431641973934187,8.445152674062422,8.546836195662616,8.525140663476082,0.0,8.583333333333336,8.431641973934187,8.445152674062422,8.546836195662616,8.51086532866582,0.3,6.883393296849855
2018-01-01,24,zaldivar,SM,1,9.951,8.7,8.453261770420372,8.445152674062422,8.64122516294111,8.525140684615277,0.0,8.583333333333336,8.453261770420372,8.445152674062422,8.64122516294111,8.502857666678173,0.4,6.760873859821074
2018-01-01,30,zaldivar,SM,1,7.871,8.7,8.668257217155757,8.445152674062422,8.810878475122912,8.525140684693106,0.0,8.583333333333336,8.668257217155757,8.445152674062422,8.810878475122912,8.567356300698787,0.5,6.6441131266746725
2018-01-01,36,zaldivar,SM,1,7.298,8.7,8.651981405292481,8.445152674062422,8.789311593799052,8.525140684693392,0.0,8.583333333333336,8.651981405292481,8.445152674062422,8.789311593799052,8.562473557139805,0.6,6.5154371080909
2018-01-01,42,zaldivar,SM,1,6.879,8.7,8.664536602532364,8.445152674062422,8.857811963733242,8.525140684693392,0.0,8.583333333333336,8.664536602532364,8.445152674062422,8.857811963733242,8.56624011631177,0.7,6.39153683285017
2018-01-01,48,zaldivar,SM,1,8.261,8.7,8.664536602532364,8.445152674062422,8.857811963733242,8.525140684693392,0.0,8.583333333333336,8.664536602532364,8.445152674062422,8.857811963733242,8.56624011631177,0.8,6.264102256496463
2018-01-01,54,zaldivar,SM,1,7.44,8.7,8.664536602532364,8.445152674062422,8.857811963733242,8.525140684693392,0.0,8.583333333333336,8.664536602532364,8.445152674062422,8.857811963733242,8.56624011631177,0.9,6.1366676801427555
2018-01-01,60,zaldivar,SM,1,7.572,8.7,8.664536602532364,8.445152674062422,8.857811963733242,8.525140684693392,0.0,8.583333333333336,8.664536602532364,8.445152674062422,8.857811963733242,8.56624011631177,1.0,6.0092331037890485
2018-07-01,6,zaldivar,SM,1,8.302,8.4,7.480149463967769,7.708039689124053,7.3876838717806965,8.35598923597538,7.480320096769203,8.43611111111111,6.8370710015729115,7.265530383498312,6.799396448268986,7.88218694368091,0.1,7.65840034401159
2018-07-01,9,zaldivar,SM,1,9.616,8.4,7.443870447067457,7.708039689124053,7.3467422288246125,8.360850819111468,7.05903679889207,8.43611111111111,8.042326440496185,8.365530383498312,7.867890687223862,8.343238031465566,0.15,7.8599037235138205
2018-07-01,12,zaldivar,SM,1,9.303,8.4,7.444781614065337,7.708039689124053,7.384570001455076,8.361453114886457,7.427491318265913,8.43611111111111,7.272121153699131,7.564887015061631,7.1077184598543255,8.029068300418817,0.2,7.628243572642692
2018-07-01,18,zaldivar,SM,1,9.951,8.4,7.694118044509696,7.713097570881658,7.2802550909389065,8.361536976896142,7.419479408620217,8.43611111111111,8.56547607057551,8.570944896819237,8.036418895276292,8.502160797404242,0.3,7.741528164960805
2018-07-01,24,zaldivar,SM,1,7.871,8.4,7.7372099182833445,7.7291111233710605,7.579828024115672,8.361538264047041,7.434149431155806,8.43611111111111,9.234948147862973,9.234958449308639,8.889602861174563,8.915416423595929,0.4,7.806498410199893
2018-07-01,30,zaldivar,SM,1,7.298,8.4,8.043996788622897,7.7291111233710605,8.020688102348883,8.361538283802798,7.436374564698037,8.43611111111111,7.24673957146714,7.154958449308639,7.080809627225971,7.6949538506771775,0.5,7.295179956208545
2018-07-01,36,zaldivar,SM,1,6.879,8.4,7.992647197949348,7.7291111233710605,7.942387543974418,8.361538284106018,7.432300285150946,8.43611111111111,6.638665792656867,6.5819584493086385,6.451075950175365,7.340631717034096,0.6,7.06155030676736
2018-07-01,42,zaldivar,SM,1,8.261,8.4,8.03289959563501,7.7291111233710605,7.922050158871516,8.36153828411067,7.431682302727356,8.43611111111111,6.247362993102646,6.162958449308638,5.943238195138274,7.097540877167829,0.7,6.8586336321688135
2018-07-01,48,zaldivar,SM,1,7.44,8.4,8.00829527034775,7.7291111233710605,7.671152559166758,8.361538284110742,7.432813845217328,8.43611111111111,7.604758667815386,7.544958449308638,7.074340595433515,7.919359579581651,0.8,7.020229938497946
2018-07-01,54,zaldivar,SM,1,7.572,8.4,8.00829527034775,7.7291111233710605,7.671152559166758,8.361538284110742,7.4329854763885,8.43611111111111,6.783758667815387,6.723958449308639,6.253340595433516,7.426759579581652,0.9,6.741569505534308
2018-07-01,60,zaldivar,SM,1,6.595,8.4,8.00829527034775,7.7291111233710605,7.671152559166758,8.361538284110742,7.432671215083695,8.43611111111111,6.915758667815386,6.8559584493086385,6.385340595433516,7.505959579581652,1.0,6.667879292191459
2019-01-01,6,zaldivar,SM,1,9.303,8.1,8.156221971261933,8.142616597785677,8.348920770339031,8.39843990846014,8.24942008054478,8.400055555555557,8.24560800808062,8.21834210041078,8.511935122692828,8.332823355031614,0.1,8.022336999182286
2019-01-01,9,zaldivar,SM,1,10.582,8.1,8.188225332622617,8.142616597785677,8.357195630786986,8.399544842652134,8.511450969219672,8.400055555555557,9.573518105803252,9.42534210041078,9.752398745574304,8.839805374576141,0.15,8.1617924739363
2019-01-01,12,zaldivar,SM,1,9.951,8.1,8.168988511806097,8.142616597785677,8.373741467850973,8.399669612098254,8.468653998820203,8.400055555555557,9.011767474590325,8.868520416192439,9.19453069632306,8.616090911489888,0.2,8.019316659543136
2019-01-01,18,zaldivar,SM,1,7.871,8.1,8.19020679942538,8.142616597785677,8.268966239153338,8.399685292028499,8.415621473202176,8.400055555555557,9.75432679020344,9.690491475313639,9.982420595852577,9.061232344157048,0.3,8.046187364862417
2019-01-01,24,zaldivar,SM,1,7.298,8.1,8.11457728231997,8.142616597785677,8.217841976095361,8.399685491963023,8.33942827933126,8.400055555555557,8.930341437968114,8.966484699068936,9.018315382566971,8.729070063333337,0.4,7.8061403475825095
2019-01-01,30,zaldivar,SM,1,6.879,8.1,8.18139839447202,8.142616597785677,8.507477008848884,8.399685494512386,8.357589608391137,8.400055555555557,7.409771391582693,7.639984699068936,7.676193720112987,7.874949049417712,0.5,7.475102539138321
2019-01-01,36,zaldivar,SM,1,8.261,8.1,8.155798889078648,8.142616597785677,8.823760947602931,8.399685494544894,8.383704557229484,8.400055555555557,6.921984587457732,7.143984699068936,7.546411378716196,7.579813008180224,0.6,7.311495802240645
2019-01-01,42,zaldivar,SM,1,7.44,8.1,8.24667294783634,8.148187443220326,8.90257727247378,8.39968549454531,8.377479767469705,8.400055555555557,7.467954848752652,7.631055544503584,8.082646211171399,7.889725340199094,0.7,7.291061358279543
2019-01-01,48,zaldivar,SM,1,7.572,8.1,8.305840701121285,8.156253840779112,8.644521851171472,8.399685494545315,8.368528881898484,8.400055555555557,7.819924764681229,7.919621942062371,8.230539589721472,8.081886234245303,0.8,7.225691534755162
2019-01-01,54,zaldivar,SM,1,6.595,8.1,8.378164152530275,8.15625384077911,8.909764770642312,8.399685494545315,8.37066242544311,8.400055555555557,7.547748216090218,7.575121942062369,8.151282509192312,7.896883269667999,0.9,7.083241689514288
2019-01-01,60,zaldivar,SM,1,6.298,8.1,8.378164152530275,8.15625384077911,8.909764770642312,8.399685494545315,8.373730336950603,8.400055555555557,7.125248216090218,7.1526219420623685,7.728782509192311,7.643383269667998,1.0,6.90811391772583
2019-07-01,6,zaldivar,LC,2,9.951,8.0,8.721260885684785,8.598360061191858,8.580504795332848,8.510047570420065,8.570104609257417,8.462027777777775,9.163110919809931,9.035638197013368,9.007207440122368,8.780701168094712,0.1,8.214701686168178
2019-07-01,9,zaldivar,LC,2,8.302,8.0,8.71500919630811,8.60485878790843,8.607297299536446,8.495192518655218,8.900605018429317,8.462027777777775,10.43646260088766,10.27313692372994,10.279034165798997,9.408413770043289,0.15,8.466723943151498
2019-07-01,12,zaldivar,LC,2,7.871,8.0,8.751933154679149,8.60298752534606,8.671588238661188,8.493015381255287,8.716023761111199,8.462027777777775,9.907789625933269,9.689717871688677,9.744533901692256,9.130390763294375,0.2,8.289807135869122
2019-07-01,18,zaldivar,LC,2,7.298,8.0,8.754524015453994,8.60298752534606,8.667058114539616,8.492649539047202,8.537284927969843,8.462027777777775,9.690868409497572,9.544365244436142,9.676705605954663,9.039822302372315,0.3,8.169209236516854
2019-07-01,24,zaldivar,LC,2,6.879,8.0,8.801846449161127,8.605300371234872,8.677276673647217,8.49264168095451,8.468892404920862,8.462027777777775,9.073496792153232,8.87300690616182,8.90431161926317,8.71763981346765,0.4,7.904216005632032
2019-07-01,30,zaldivar,LC,2,8.261,8.0,8.928629748399132,8.605300371234872,8.692433363670894,8.492641512166932,8.531643056089822,8.462027777777775,7.980078948315574,7.849006906161819,7.595418834897334,8.188285352508236,0.5,7.523042648531071
2019-07-01,36,zaldivar,LC,2,7.44,8.0,8.923666754968224,8.607705760408258,8.78269209636751,8.492641508541466,8.555871727717028,8.462027777777775,8.13619092419473,7.981412295335205,7.743538734575377,8.260414693771372,0.6,7.462712203111679
2019-07-01,42,zaldivar,LC,2,7.572,8.0,8.91992254008972,8.605239228351936,8.787358017112892,8.492641508463592,8.533618825623662,8.462027777777775,8.131886158088482,8.024422148133999,7.753211552086712,8.270090965444508,0.7,7.373442472620098
2019-07-01,48,zaldivar,LC,2,6.595,8.0,8.914780244894903,8.631386375227855,8.795217155942531,8.492641508461919,8.525027068232623,8.462027777777775,8.34622272022777,8.278880495823657,8.161721697918706,8.387289692901746,0.8,7.354433804699121
2019-07-01,54,zaldivar,LC,2,6.298,8.0,9.25185378016262,8.65966815450694,8.879659362566132,8.492641508461883,8.532918162651072,8.462027777777775,8.103855105025824,7.75182894176941,7.602416264718695,8.194934900587697,0.9,7.141302843978637
2019-07-01,60,zaldivar,LC,2,6.377,8.0,9.25185378016262,8.668099046065443,8.879659362566132,8.492641508461883,8.535964883418888,8.462027777777775,7.7231884383591565,7.3795931666612455,7.221749598052027,8.006709290143988,1.0,6.953184710219747
2020-01-01,6,zaldivar,LC,2,7.871,8.302,9.773959273690053,9.306851613798791,9.349429564361415,9.147627833047832,10.399822027123749,8.755055555555556,10.412781577862717,9.972970200366959,10.012080349120344,9.473965722335198,0.1,7.430275443885009
2020-01-01,9,zaldivar,LC,2,7.264,8.302,9.718943213463131,9.306851613798791,9.338023336427893,9.119405121517566,10.481288809316348,8.755055555555556,10.906780967820767,10.482345518687815,10.515501661240695,9.724809399404922,0.15,7.495518949832237
2020-01-01,12,zaldivar,LC,2,7.298,8.302,9.55603056440935,9.306444080318556,9.328783653715403,9.113596401333512,10.44316124214022,8.755055555555556,10.202689629180153,9.938494958739003,9.933345841323407,9.412823924757568,0.2,7.311068682233639
2020-01-01,18,zaldivar,LC,2,6.879,8.302,9.622937855776563,9.319005467187012,9.331003068678468,9.11215480503211,10.443971609488385,8.755055555555556,9.96106514744575,9.698791875168057,9.745974158604849,9.29249203343123,0.3,7.151019070958681
2020-01-01,24,zaldivar,LC,2,8.261,8.302,9.702555680805808,9.325378143693689,9.379819172181767,9.11209373795995,10.430455335404226,8.755055555555556,9.425581825759604,9.09458295208018,9.100526212981928,9.007568972237724,0.4,6.9048851194699115
2020-01-01,30,zaldivar,LC,2,7.44,8.302,10.067882640925568,9.33384252232252,9.406610985691781,9.112091151114177,10.430202604772543,8.755055555555556,9.189562103763116,8.680547330709011,8.475991748193888,8.84505513639581,0.5,6.693840221453422
2020-01-01,36,zaldivar,LC,2,7.572,8.302,10.266565069803562,9.338701103515922,9.582263464947276,9.1120910415335,10.434417947968475,8.755055555555556,9.305041507981386,8.577054564609067,8.467225419511298,8.848051795925391,0.6,6.5769542239284435
2020-01-01,42,zaldivar,LC,2,6.595,8.302,10.314781617228304,9.344305198194725,9.674850206364088,9.112091036891583,10.434496767496846,8.755055555555556,9.386773695704946,8.650382580943289,8.59540085331623,8.886816846939837,0.7,6.488061878829907
2020-01-01,48,zaldivar,LC,2,6.298,8.302,10.083605592755127,9.349738331186058,9.696814033784866,9.112091036694949,10.4331821213045,8.755055555555556,9.07724238803105,8.576262327825946,8.671638151281366,8.790903956742028,0.8,6.361857341042079
2020-01-01,54,zaldivar,LC,2,6.377,8.302,10.240680421216299,9.36809437607465,9.780049159247438,9.112091036686618,10.433157539725245,8.755055555555556,8.641217969823046,8.096797927894766,8.176701995220327,8.562031752207231,0.9,6.1441084002567745
2020-01-01,60,zaldivar,LC,2,6.638,8.302,10.240680421216299,9.372742056542089,9.780049159247438,9.112091036686266,10.433567540650609,8.755055555555556,8.375467969823047,7.83358788547258,7.910951995220327,8.429791741601685,1.0,5.974254205905423
2020-07-01,6,zaldivar,SM,1,7.298,9.303,8.955387548635308,8.492790108932892,8.310692005305675,8.556988480602454,8.555149706578842,8.723972222222221,9.085853537235428,8.738514655427668,8.545126720240535,8.799256971865951,0.1,7.541638824645724
2020-07-01,9,zaldivar,SM,1,6.108,9.303,8.960076383480859,8.497384869647423,8.312543356277416,8.583863716384593,8.620741050579701,8.723972222222221,9.419357944274342,9.029209670798885,8.839721348842078,8.924096856347978,0.15,7.550980602336897
2020-07-01,12,zaldivar,SM,1,6.879,9.303,8.902775311379775,8.528681862509908,8.228578194114805,8.589735644322937,8.63315526880233,8.723972222222221,8.968496450314548,8.632633749182554,8.306071213458127,8.754609373232753,0.2,7.3985554892578245
2020-07-01,18,zaldivar,SM,1,8.261,9.303,8.959481096499449,8.557304263883115,8.162301013487232,8.591298901960725,8.627417739728605,8.723972222222221,8.681195358679485,8.37313229683055,8.003877271692643,8.62556802498862,0.3,7.233137068451215
2020-07-01,24,zaldivar,SM,1,7.44,9.303,8.917488420263103,8.562433340109488,8.209791089043858,8.591373527490523,8.615117112566248,8.723972222222221,8.407598200064978,8.164921558079943,7.762592887247632,8.461344816332364,0.4,7.077524618458455
2020-07-01,30,zaldivar,SM,1,7.572,9.303,8.92568973053244,8.558116586476752,8.149602837105316,8.591377089903759,8.61804569987557,8.723972222222221,7.6974567726173655,7.656711928721442,7.0117852499686455,8.09583949929053,0.5,6.8321787459076395
2020-07-01,36,zaldivar,SM,1,6.595,9.303,9.127507193054157,8.562464139763655,8.256597913825647,8.591377259963364,8.622370348512602,8.723972222222221,7.8193753296357045,7.599806687934987,6.96251478448741,8.115343494160095,0.6,6.726661631887327
2020-07-01,42,zaldivar,SM,1,6.298,9.303,9.16890810124635,8.579504155773012,8.266759820304122,8.591377268081532,8.62135877484841,8.723972222222221,7.682545440582002,7.474505022332918,6.787230296593018,8.036704027763365,0.7,6.590484280668426
2020-07-01,48,zaldivar,SM,1,6.377,9.303,9.266222898964026,8.587268466829219,8.490924662658136,8.591377268469072,8.619859596799968,8.723972222222221,7.70401121663374,7.358139997903917,6.991021149898362,8.008234253250185,0.8,6.493987540983336
2020-07-01,54,zaldivar,SM,1,6.638,9.303,9.365574079902416,8.587268466829219,8.595193929424166,8.591377268487573,8.62021034010365,8.723972222222221,7.313268034544555,6.9720124330703825,6.63190636635299,7.77517302917337,0.9,6.3079530004039714
2020-07-01,60,zaldivar,SM,1,4.277,9.303,9.343220152112966,8.587268466829219,8.657839151098205,8.591377268488454,8.620730128713909,8.723972222222221,7.130514106755105,6.808996718665194,6.5341515880270284,7.671442136514978,1.0,6.171987093365518
2020-10-01,6,zaldivar,SM,1,6.108,10.582,8.208337886241058,8.070020213343103,8.22290479082481,8.444151735898446,8.486223019395883,8.584666666666667,8.04082828530194,8.075658983933268,8.249485052386248,8.374097453847043,0.1,7.4524925443022045
2020-10-01,9,zaldivar,SM,1,6.879,10.582,8.239582496076384,8.118305513387451,8.256927232984436,8.50346348954864,8.56693118875775,8.584666666666667,8.146971066157477,8.163262036072432,8.328818334075418,8.412846620445983,0.15,7.399485336352873
2020-10-01,12,zaldivar,SM,1,8.094,10.582,8.265199516878628,8.111962269759504,8.281148600047837,8.518333847996292,8.631283446819712,8.584666666666667,7.982671247427643,7.923641864901724,8.120796417148139,8.332062622465873,0.2,7.284642683758132
2020-10-01,18,zaldivar,SM,1,7.1,10.582,8.299686361457882,8.078824201047956,8.655758874872989,8.522996795639296,8.54007812080911,8.584666666666667,7.951368063858004,7.875963517856966,8.540188921129626,8.249166228762075,0.3,7.174074645379001
2020-10-01,24,zaldivar,SM,1,7.461,10.582,8.309190425880688,8.068405484673033,8.58629336363897,8.523289899732807,8.516938125957047,8.584666666666667,7.638033839005067,7.550073442963498,8.085329680634807,7.990298851257236,0.4,6.966695820620405
2020-10-01,30,zaldivar,SM,1,6.781,10.582,8.23867616777243,8.145510252740957,8.612157448353306,8.523308323703267,8.551135697001234,8.584666666666667,6.989533747754462,7.2299869401987396,7.567708986221861,7.699722873052627,0.5,6.738988580775985
2020-10-01,36,zaldivar,SM,1,7.572,10.582,8.383420646602715,8.180420184078347,8.650760762436374,8.523309481799297,8.559422612872758,8.584666666666667,6.8712262282449785,7.0502949509271815,7.295425169016901,7.610323020418314,0.6,6.5654933472903645
2020-10-01,42,zaldivar,SM,1,6.502,10.582,8.461072078969876,8.21603307547084,8.32962012985976,8.523309554595029,8.547466421057797,8.584666666666667,6.743951844875194,6.9149497716419255,6.768552223383153,7.531537151621802,0.7,6.382156735031646
2020-10-01,48,zaldivar,SM,1,7.392,10.582,8.519580912353401,8.246381365026602,8.775247915086767,8.523309559170832,8.544566689372136,8.584666666666667,6.736200693917492,6.853729563117314,7.173007544010599,7.510845743777108,0.8,6.266799495977473
2020-10-01,54,zaldivar,SM,1,5.059,10.582,8.533700013173068,8.246381365026602,8.84742026876181,8.52330955945846,8.548752278044097,8.584666666666667,6.368849295391113,6.575456592422702,6.885148311298469,7.317158433010811,0.9,6.070899254482576
2020-10-01,60,zaldivar,SM,1,6.86,10.582,8.521799330669001,8.246381365026602,8.701847470333053,8.523309559476537,8.549767391089055,8.584666666666667,5.833507600851956,6.046110163751711,6.201967975924038,6.997751996047767,1.0,5.817286124858417
2021-04-01,6,zaldivar,SM,1,8.094,8.302,7.95944397395654,7.437770973069408,8.351089681009588,8.176428065434399,6.417616953649259,8.534916666666668,7.515816046545717,7.162315603097677,8.071743506515848,8.05657632992868,0.1,8.110727192505125
2021-04-01,9,zaldivar,SM,1,8.261,8.302,7.918446176924111,7.5101075645245965,8.191924730786434,8.328600982165485,6.4232532855793485,8.534916666666668,7.644696023268422,7.371598082056373,8.0566989270095,8.12420882106496,0.15,8.065955066681799
2021-04-01,12,zaldivar,SM,1,7.1,8.302,8.23393484439652,7.6973150145462235,8.185386141980944,8.375851336757725,6.410334444137506,8.534916666666668,7.967310682455872,7.533331486131055,8.021205899488653,8.221078433717386,0.2,8.004059407488548
2021-04-01,18,zaldivar,SM,1,7.461,8.302,8.23532203488916,7.796744002531711,8.41191133727235,8.395078324541293,6.432494631383343,8.534916666666668,7.76537972816671,7.483031388218297,8.090600109081898,8.079561112429586,0.3,7.8779623999499275
2021-04-01,24,zaldivar,SM,1,6.781,8.302,8.103509996696083,7.859595101833494,8.11816161349874,8.39693205533598,6.434733357816811,8.534916666666668,7.407062861391166,7.328538282557745,7.528007976118175,7.8346470098513405,0.4,7.7291163881946625
2021-04-01,30,zaldivar,SM,1,7.572,8.302,8.09160693577631,7.869707868897519,8.059982960169828,8.397110779008033,6.427921063681313,8.534916666666668,6.812673980364847,6.890043564898339,6.903147500006688,7.524781930245623,0.5,7.571649143742646
2021-04-01,36,zaldivar,SM,1,6.502,8.302,8.034433890573785,7.8731273822630286,7.881005613733665,8.39712801028619,6.427232853659234,8.534916666666668,6.622350011038194,6.817531441836551,6.565180710454635,7.445931102529091,0.6,7.42996319272006
2021-04-01,42,zaldivar,SM,1,7.392,8.302,8.084812505677373,7.901622005101132,7.7825325638107845,8.397129671604713,6.429327030521266,8.534916666666668,6.333127722314806,6.541545876751943,6.183385768279441,7.276368746386692,0.7,7.28005724934435
2021-04-01,48,zaldivar,SM,1,5.059,8.302,8.095946348718991,7.902233824302183,7.815737797887997,8.39712983177735,6.429538594126094,8.534916666666668,6.406251745437726,6.586477799090421,6.244782063381743,7.3117855300251104,0.8,7.150672052768006
2021-04-01,54,zaldivar,SM,1,6.86,8.302,8.164601423658606,7.908956833028682,7.731943505674929,8.397129847220068,6.428894820289815,8.534916666666668,5.812629377963637,6.021395404364396,5.508793218026092,6.964174101365076,0.9,6.983532376005304
