Date,Mine,Production,Match_Key,Capital_Stock,Inversión (MMU$),Cu_Price,Has_Desal,Has_Energy,Inv_Lag_48
2014-01-01,Altos de Punitaqui,1.0,altos de punitaqui,0.0,0.0,330.891,0,0,0.0
2014-02-01,Altos de Punitaqui,1.1,altos de punitaqui,0.0,0.0,324.416,0,0,0.0
2014-03-01,Altos de Punitaqui,1.1,altos de punitaqui,0.0,0.0,302.448,0,0,0.0
2014-04-01,Altos de Punitaqui,0.9,altos de punitaqui,0.0,0.0,302.584,0,0,0.0
2014-05-01,Altos de Punitaqui,0.9,altos de punitaqui,0.0,0.0,312.247,0,0,0.0
2014-06-01,Altos de Punitaqui,0.9,altos de punitaqui,0.0,0.0,308.719,0,0,0.0
2014-07-01,Altos de Punitaqui,1.0,altos de punitaqui,0.0,0.0,322.255,0,0,0.0
2014-08-01,Altos de Punitaqui,0.9,altos de punitaqui,0.0,0.0,317.54,0,0,0.0
2014-09-01,Altos de Punitaqui,0.7,altos de punitaqui,0.0,0.0,311.719,0,0,0.0
2014-10-01,Altos de Punitaqui,0.9,altos de punitaqui,0.0,0.0,305.685,0,0,0.0
2014-11-01,Altos de Punitaqui,1.0,altos de punitaqui,0.0,0.0,303.958,0,0,0.0
2014-12-01,Altos de Punitaqui,1.1,altos de punitaqui,0.0,0.0,291.34,0,0,0.0
2015-01-01,Altos de Punitaqui,0.9,altos de punitaqui,0.0,0.0,263.802,0,0,0.0
2015-02-01,Altos de Punitaqui,0.8,altos de punitaqui,0.0,0.0,258.642,0,0,0.0
2015-03-01,Altos de Punitaqui,1.0,altos de punitaqui,0.0,0.0,268.792,0,0,0.0
2015-04-01,Altos de Punitaqui,1.0,altos de punitaqui,0.0,0.0,273.447,0,0,0.0
2015-05-01,Altos de Punitaqui,0.6,altos de punitaqui,0.0,0.0,285.791,0,0,0.0
2015-06-01,Altos de Punitaqui,0.5,altos de punitaqui,0.0,0.0,264.608,0,0,0.0
2015-07-01,Altos de Punitaqui,0.5,altos de punitaqui,0.0,0.0,247.521,0,0,0.0
2015-08-01,Altos de Punitaqui,0.4,altos de punitaqui,0.0,0.0,230.83,0,0,0.0
2015-09-01,Altos de Punitaqui,0.5,altos de punitaqui,0.0,0.0,236.235,0,0,0.0
2015-10-01,Altos de Punitaqui,0.7,altos de punitaqui,0.0,0.0,236.894,0,0,0.0
2015-11-01,Altos de Punitaqui,0.6,altos de punitaqui,0.0,0.0,218.098,0,0,0.0
2015-12-01,Altos de Punitaqui,0.6,altos de punitaqui,0.0,0.0,209.968,0,0,0.0
2016-01-01,Altos de Punitaqui,0.7,altos de punitaqui,0.0,0.0,202.427,0,0,0.0
2016-02-01,Altos de Punitaqui,0.6,altos de punitaqui,0.0,0.0,208.447,0,0,0.0
2016-03-01,Altos de Punitaqui,0.7,altos de punitaqui,0.0,0.0,224.417,0,0,0.0
2016-04-01,Altos de Punitaqui,0.5,altos de punitaqui,0.0,0.0,220.043,0,0,0.0
2016-05-01,Altos de Punitaqui,0.6,altos de punitaqui,0.0,0.0,213.567,0,0,0.0
2016-06-01,Altos de Punitaqui,0.6,altos de punitaqui,0.0,0.0,210.042,0,0,0.0
2016-07-01,Altos de Punitaqui,0.5,altos de punitaqui,0.0,0.0,220.255,0,0,0.0
2016-08-01,Altos de Punitaqui,0.7,altos de punitaqui,0.0,0.0,215.829,0,0,0.0
2016-09-01,Altos de Punitaqui,0.6,altos de punitaqui,0.0,0.0,213.514,0,0,0.0
2016-10-01,Altos de Punitaqui,0.5,altos de punitaqui,0.0,0.0,214.646,0,0,0.0
2016-11-01,Altos de Punitaqui,0.5,altos de punitaqui,0.0,0.0,246.902,0,0,0.0
2016-12-01,Altos de Punitaqui,0.7,altos de punitaqui,0.0,0.0,257.017,0,0,0.0
2017-01-01,Altos de Punitaqui,0.6,altos de punitaqui,0.0,0.0,260.245,0,0,0.0
2017-02-01,Altos de Punitaqui,0.5,altos de punitaqui,0.0,0.0,269.504,0,0,0.0
2017-03-01,Altos de Punitaqui,0.6,altos de punitaqui,0.0,0.0,264.06,0,0,0.0
2017-04-01,Altos de Punitaqui,0.3,altos de punitaqui,0.0,0.0,258.442,0,0,0.0
2017-05-01,Altos de Punitaqui,0.3,altos de punitaqui,0.0,0.0,253.626,0,0,0.0
2017-06-01,Altos de Punitaqui,0.5,altos de punitaqui,0.0,0.0,258.524,0,0,0.0
2017-07-01,Altos de Punitaqui,0.5,altos de punitaqui,0.0,0.0,271.185,0,0,0.0
2017-08-01,Altos de Punitaqui,0.4,altos de punitaqui,0.0,0.0,293.845,0,0,0.0
2017-09-01,Altos de Punitaqui,0.6,altos de punitaqui,0.0,0.0,298.609,0,0,0.0
2017-10-01,Altos de Punitaqui,0.4,altos de punitaqui,0.0,0.0,308.324,0,0,0.0
2017-11-01,Altos de Punitaqui,0.3,altos de punitaqui,0.0,0.0,309.603,0,0,0.0
2017-12-01,Altos de Punitaqui,0.5,altos de punitaqui,0.0,0.0,308.495,0,0,0.0
2018-01-01,Altos de Punitaqui,0.4,altos de punitaqui,0.0,0.0,321.157,0,0,0.0
2018-02-01,Altos de Punitaqui,0.3,altos de punitaqui,0.0,0.0,317.596,0,0,0.0
2018-03-01,Altos de Punitaqui,0.3,altos de punitaqui,0.0,0.0,308.251,0,0,0.0
2018-04-01,Altos de Punitaqui,0.3,altos de punitaqui,0.0,0.0,310.191,0,0,0.0
2018-05-01,Altos de Punitaqui,0.3,altos de punitaqui,0.0,0.0,309.43,0,0,0.0
2018-06-01,Altos de Punitaqui,0.4,altos de punitaqui,0.0,0.0,315.464,0,0,0.0
2018-07-01,Altos de Punitaqui,0.3,altos de punitaqui,0.0,0.0,283.413,0,0,0.0
2018-08-01,Altos de Punitaqui,0.4,altos de punitaqui,0.0,0.0,273.959,0,0,0.0
2018-09-01,Altos de Punitaqui,0.3,altos de punitaqui,0.0,0.0,273.064,0,0,0.0
2018-10-01,Altos de Punitaqui,0.3,altos de punitaqui,0.0,0.0,281.948,0,0,0.0
2018-11-01,Altos de Punitaqui,0.1,altos de punitaqui,0.0,0.0,280.91,0,0,0.0
2018-12-01,Altos de Punitaqui,0.4,altos de punitaqui,0.0,0.0,276.429,0,0,0.0
2019-01-01,Altos de Punitaqui,0.338,altos de punitaqui,0.0,0.0,269.072,0,0,0.0
2019-02-01,Altos de Punitaqui,0.547,altos de punitaqui,0.0,0.0,284.774,0,0,0.0
2019-03-01,Altos de Punitaqui,0.473,altos de punitaqui,0.0,0.0,292.614,0,0,0.0
2019-04-01,Altos de Punitaqui,0.567,altos de punitaqui,0.0,0.0,292.345,0,0,0.0
2019-05-01,Altos de Punitaqui,0.425,altos de punitaqui,0.0,0.0,273.44,0,0,0.0
2019-06-01,Altos de Punitaqui,0.434,altos de punitaqui,0.0,0.0,266.187,0,0,0.0
2019-07-01,Altos de Punitaqui,0.408,altos de punitaqui,0.0,0.0,269.427,0,0,0.0
2019-08-01,Altos de Punitaqui,0.322,altos de punitaqui,0.0,0.0,258.91,0,0,0.0
2019-09-01,Altos de Punitaqui,0.357,altos de punitaqui,0.0,0.0,260.611,0,0,0.0
2019-10-01,Altos de Punitaqui,0.317,altos de punitaqui,0.0,0.0,260.493,0,0,0.0
2019-11-01,Altos de Punitaqui,0.252,altos de punitaqui,0.0,0.0,265.791,0,0,0.0
2019-12-01,Altos de Punitaqui,0.283,altos de punitaqui,0.0,0.0,274.987,0,0,0.0
2020-01-01,Altos de Punitaqui,0.3,altos de punitaqui,0.0,0.0,274.387,0,0,0.0
2020-02-01,Altos de Punitaqui,0.3,altos de punitaqui,0.0,0.0,257.933,0,0,0.0
2020-03-01,Altos de Punitaqui,0.3,altos de punitaqui,0.0,0.0,234.901,0,0,0.0
2020-04-01,Altos de Punitaqui,0.1,altos de punitaqui,0.0,0.0,228.985,0,0,0.0
2020-05-01,Altos de Punitaqui,0.0,altos de punitaqui,0.0,0.0,237.402,0,0,0.0
2020-06-01,Altos de Punitaqui,0.0,altos de punitaqui,0.0,0.0,260.47,0,0,0.0
2020-07-01,Altos de Punitaqui,0.0,altos de punitaqui,0.0,0.0,288.202,0,0,0.0
2020-08-01,Altos de Punitaqui,0.0,altos de punitaqui,0.0,0.0,294.685,0,0,0.0
2020-09-01,Altos de Punitaqui,0.0,altos de punitaqui,0.0,0.0,304.47,0,0,0.0
2020-10-01,Altos de Punitaqui,0.0,altos de punitaqui,0.0,0.0,304.033,0,0,0.0
2020-11-01,Altos de Punitaqui,0.0,altos de punitaqui,0.0,0.0,320.392,0,0,0.0
2020-12-01,Altos de Punitaqui,0.0,altos de punitaqui,0.0,0.0,351.772,0,0,0.0
2021-01-01,Altos de Punitaqui,0.0,altos de punitaqui,0.0,0.0,361.536,0,0,0.0
2021-02-01,Altos de Punitaqui,0.0,altos de punitaqui,0.0,0.0,383.751,0,0,0.0
2021-03-01,Altos de Punitaqui,0.0,altos de punitaqui,0.0,0.0,408.459,0,0,0.0
2021-04-01,Altos de Punitaqui,0.0,altos de punitaqui,0.0,0.0,423.454,0,0,0.0
2021-05-01,Altos de Punitaqui,0.0,altos de punitaqui,0.0,0.0,461.937,0,0,0.0
2021-06-01,Altos de Punitaqui,0.0,altos de punitaqui,0.0,0.0,436.013,0,0,0.0
2021-07-01,Altos de Punitaqui,0.0,altos de punitaqui,0.0,0.0,427.901,0,0,0.0
2021-08-01,Altos de Punitaqui,0.0,altos de punitaqui,0.0,0.0,424.435,0,0,0.0
2021-09-01,Altos de Punitaqui,0.0,altos de punitaqui,0.0,0.0,422.933,0,0,0.0
2021-10-01,Altos de Punitaqui,0.0,altos de punitaqui,0.0,0.0,443.545,0,0,0.0
2021-11-01,Altos de Punitaqui,0.0,altos de punitaqui,0.0,0.0,442.955,0,0,0.0
2021-12-01,Altos de Punitaqui,0.0,altos de punitaqui,0.0,0.0,433.195,0,0,0.0
2022-01-01,Altos de Punitaqui,0.0,altos de punitaqui,0.0,0.0,443.429,0,0,0.0
2022-02-01,Altos de Punitaqui,0.0,altos de punitaqui,0.0,0.0,450.932,0,0,0.0
2022-03-01,Altos de Punitaqui,0.0,altos de punitaqui,0.0,0.0,464.369,0,0,0.0
2022-04-01,Altos de Punitaqui,0.0,altos de punitaqui,0.0,0.0,461.899,0,0,0.0
2022-05-01,Altos de Punitaqui,0.0,altos de punitaqui,0.0,0.0,424.69,0,0,0.0
2022-06-01,Altos de Punitaqui,0.0,altos de punitaqui,0.0,0.0,409.736,0,0,0.0
2022-07-01,Altos de Punitaqui,0.0,altos de punitaqui,0.0,0.0,341.545,0,0,0.0
2022-08-01,Altos de Punitaqui,0.0,altos de punitaqui,0.0,0.0,361.104,0,0,0.0
2022-09-01,Altos de Punitaqui,0.0,altos de punitaqui,0.0,0.0,350.84,0,0,0.0
2022-10-01,Altos de Punitaqui,0.0,altos de punitaqui,0.0,0.0,345.693,0,0,0.0
2022-11-01,Altos de Punitaqui,0.0,altos de punitaqui,0.0,0.0,364.233,0,0,0.0
2022-12-01,Altos de Punitaqui,0.0,altos de punitaqui,0.0,0.0,379.531,0,0,0.0
2023-01-01,Altos de Punitaqui,0.0,altos de punitaqui,0.0,0.0,408.224,0,0,0.0
2023-02-01,Altos de Punitaqui,0.0,altos de punitaqui,0.0,0.0,406.201,0,0,0.0
2023-03-01,Altos de Punitaqui,0.0,altos de punitaqui,0.0,0.0,400.782,0,0,0.0
2023-04-01,Altos de Punitaqui,0.0,altos de punitaqui,0.0,0.0,399.796,0,0,0.0
2023-05-01,Altos de Punitaqui,0.0,altos de punitaqui,0.0,0.0,373.501,0,0,0.0
2023-06-01,Altos de Punitaqui,0.0,altos de punitaqui,0.0,0.0,380.393,0,0,0.0
2023-07-01,Altos de Punitaqui,0.0,altos de punitaqui,0.0,0.0,383.071,0,0,0.0
2023-08-01,Altos de Punitaqui,0.0,altos de punitaqui,0.0,0.0,378.83,0,0,0.0
2023-09-01,Altos de Punitaqui,0.0,altos de punitaqui,0.0,0.0,375.16,0,0,0.0
2023-10-01,Altos de Punitaqui,0.0,altos de punitaqui,0.0,0.0,360.137,0,0,0.0
2023-11-01,Altos de Punitaqui,0.0,altos de punitaqui,0.0,0.0,370.764,0,0,0.0
2023-12-01,Altos de Punitaqui,0.0,altos de punitaqui,0.0,0.0,380.75,0,0,0.0
2024-01-01,Altos de Punitaqui,0.0,altos de punitaqui,0.0,0.0,378.491,0,0,0.0
2024-02-01,Altos de Punitaqui,0.0,altos de punitaqui,0.0,0.0,376.969,0,0,0.0
2024-03-01,Altos de Punitaqui,0.0,altos de punitaqui,0.0,0.0,393.52,0,0,0.0
2024-04-01,Altos de Punitaqui,0.0,altos de punitaqui,0.0,0.0,430.116,0,0,0.0
2024-05-01,Altos de Punitaqui,0.0,altos de punitaqui,0.0,0.0,459.447,0,0,0.0
2024-06-01,Altos de Punitaqui,0.0,altos de punitaqui,0.0,0.0,437.336,0,0,0.0
2024-07-01,Altos de Punitaqui,0.0,altos de punitaqui,0.0,0.0,426.085,0,0,0.0
2024-08-01,Altos de Punitaqui,0.0,altos de punitaqui,0.0,0.0,406.587,0,0,0.0
2024-09-01,Altos de Punitaqui,0.0,altos de punitaqui,0.0,0.0,419.777,0,0,0.0
2024-10-01,Altos de Punitaqui,0.0,altos de punitaqui,0.0,0.0,432.693,0,0,0.0
2024-11-01,Altos de Punitaqui,0.0,altos de punitaqui,0.0,0.0,411.625,0,0,0.0
2024-12-01,Altos de Punitaqui,0.0,altos de punitaqui,0.0,0.0,404.583,0,0,0.0
2025-01-01,Altos de Punitaqui,0.0,altos de punitaqui,0.0,0.0,407.216,0,0,0.0
2025-02-01,Altos de Punitaqui,0.0,altos de punitaqui,0.0,0.0,423.168,0,0,0.0
2025-03-01,Altos de Punitaqui,0.0,altos de punitaqui,0.0,0.0,441.394,0,0,0.0
2025-04-01,Altos de Punitaqui,0.0,altos de punitaqui,0.0,0.0,416.948,0,0,0.0
2025-05-01,Altos de Punitaqui,0.0,altos de punitaqui,0.0,0.0,432.263,0,0,0.0
2025-06-01,Altos de Punitaqui,0.0,altos de punitaqui,0.0,0.0,446.051,0,0,0.0
2025-07-01,Altos de Punitaqui,0.0,altos de punitaqui,0.0,0.0,443.533,0,0,0.0
2025-08-01,Altos de Punitaqui,0.0,altos de punitaqui,0.0,0.0,437.529,0,0,0.0
2025-09-01,Altos de Punitaqui,0.0,altos de punitaqui,0.0,0.0,451.448,0,0,0.0
2025-10-01,Altos de Punitaqui,0.0,altos de punitaqui,0.0,0.0,485.164,0,0,0.0
2025-11-01,Altos de Punitaqui,0.0,altos de punitaqui,0.0,0.0,489.915,0,0,0.0
2025-12-01,Altos de Punitaqui,0.0,altos de punitaqui,0.0,0.0,535.411,0,0,0.0
2026-01-01,Altos de Punitaqui,0.0,altos de punitaqui,0.0,0.0,535.411,0,0,0.0
2026-02-01,Altos de Punitaqui,0.0,altos de punitaqui,0.0,0.0,535.411,0,0,0.0
2026-03-01,Altos de Punitaqui,0.0,altos de punitaqui,0.0,0.0,535.411,0,0,0.0
2014-01-01,Andacollo,5.8,andacollo,0.0,0.0,330.891,0,0,0.0
2014-02-01,Andacollo,5.9,andacollo,0.0,0.0,324.416,0,0,0.0
2014-03-01,Andacollo,7.0,andacollo,0.0,0.0,302.448,0,0,0.0
2014-04-01,Andacollo,5.7,andacollo,0.0,0.0,302.584,0,0,0.0
2014-05-01,Andacollo,6.9,andacollo,0.0,0.0,312.247,0,0,0.0
2014-06-01,Andacollo,5.6,andacollo,0.0,0.0,308.719,0,0,0.0
2014-07-01,Andacollo,5.8,andacollo,0.0,0.0,322.255,0,0,0.0
2014-08-01,Andacollo,6.4,andacollo,0.0,0.0,317.54,0,0,0.0
2014-09-01,Andacollo,3.8,andacollo,0.0,0.0,311.719,0,0,0.0
2014-10-01,Andacollo,6.0,andacollo,0.0,0.0,305.685,0,0,0.0
2014-11-01,Andacollo,6.5,andacollo,0.0,0.0,303.958,0,0,0.0
2014-12-01,Andacollo,6.4,andacollo,0.0,0.0,291.34,0,0,0.0
2015-01-01,Andacollo,6.2,andacollo,0.0,0.0,263.802,0,0,0.0
2015-02-01,Andacollo,6.2,andacollo,0.0,0.0,258.642,0,0,0.0
2015-03-01,Andacollo,4.7,andacollo,0.0,0.0,268.792,0,0,0.0
2015-04-01,Andacollo,6.0,andacollo,0.0,0.0,273.447,0,0,0.0
2015-05-01,Andacollo,7.1,andacollo,0.0,0.0,285.791,0,0,0.0
2015-06-01,Andacollo,6.0,andacollo,0.0,0.0,264.608,0,0,0.0
2015-07-01,Andacollo,6.5,andacollo,0.0,0.0,247.521,0,0,0.0
2015-08-01,Andacollo,6.2,andacollo,0.0,0.0,230.83,0,0,0.0
2015-09-01,Andacollo,4.6,andacollo,0.0,0.0,236.235,0,0,0.0
2015-10-01,Andacollo,6.2,andacollo,0.0,0.0,236.894,0,0,0.0
2015-11-01,Andacollo,6.3,andacollo,0.0,0.0,218.098,0,0,0.0
2015-12-01,Andacollo,7.0,andacollo,0.0,0.0,209.968,0,0,0.0
2016-01-01,Andacollo,6.2,andacollo,0.0,0.0,202.427,0,0,0.0
2016-02-01,Andacollo,6.2,andacollo,0.0,0.0,208.447,0,0,0.0
2016-03-01,Andacollo,5.5,andacollo,0.0,0.0,224.417,0,0,0.0
2016-04-01,Andacollo,5.4,andacollo,0.0,0.0,220.043,0,0,0.0
2016-05-01,Andacollo,5.3,andacollo,0.0,0.0,213.567,0,0,0.0
2016-06-01,Andacollo,6.1,andacollo,0.0,0.0,210.042,0,0,0.0
2016-07-01,Andacollo,6.9,andacollo,0.0,0.0,220.255,0,0,0.0
2016-08-01,Andacollo,6.7,andacollo,0.0,0.0,215.829,0,0,0.0
2016-09-01,Andacollo,5.8,andacollo,0.0,0.0,213.514,0,0,0.0
2016-10-01,Andacollo,4.8,andacollo,0.0,0.0,214.646,0,0,0.0
2016-11-01,Andacollo,6.7,andacollo,0.0,0.0,246.902,0,0,0.0
2016-12-01,Andacollo,7.6,andacollo,0.0,0.0,257.017,0,0,0.0
2017-01-01,Andacollo,8.4,andacollo,0.0,0.0,260.245,0,0,0.0
2017-02-01,Andacollo,5.6,andacollo,0.0,0.0,269.504,0,0,0.0
2017-03-01,Andacollo,6.4,andacollo,0.0,0.0,264.06,0,0,0.0
2017-04-01,Andacollo,5.1,andacollo,0.0,0.0,258.442,0,0,0.0
2017-05-01,Andacollo,5.7,andacollo,0.0,0.0,253.626,0,0,0.0
2017-06-01,Andacollo,6.2,andacollo,0.0,0.0,258.524,0,0,0.0
2017-07-01,Andacollo,6.4,andacollo,0.0,0.0,271.185,0,0,0.0
2017-08-01,Andacollo,6.9,andacollo,0.0,0.0,293.845,0,0,0.0
2017-09-01,Andacollo,6.4,andacollo,0.0,0.0,298.609,0,0,0.0
2017-10-01,Andacollo,6.4,andacollo,0.0,0.0,308.324,0,0,0.0
2017-11-01,Andacollo,5.8,andacollo,0.0,0.0,309.603,0,0,0.0
2017-12-01,Andacollo,6.7,andacollo,0.0,0.0,308.495,0,0,0.0
2018-01-01,Andacollo,6.0,andacollo,0.0,0.0,321.157,0,0,0.0
2018-02-01,Andacollo,5.0,andacollo,0.0,0.0,317.596,0,0,0.0
2018-03-01,Andacollo,5.7,andacollo,0.0,0.0,308.251,0,0,0.0
2018-04-01,Andacollo,5.6,andacollo,0.0,0.0,310.191,0,0,0.0
2018-05-01,Andacollo,5.8,andacollo,0.0,0.0,309.43,0,0,0.0
2018-06-01,Andacollo,4.6,andacollo,0.0,0.0,315.464,0,0,0.0
2018-07-01,Andacollo,5.4,andacollo,0.0,0.0,283.413,0,0,0.0
2018-08-01,Andacollo,5.1,andacollo,0.0,0.0,273.959,0,0,0.0
2018-09-01,Andacollo,6.1,andacollo,0.0,0.0,273.064,0,0,0.0
2018-10-01,Andacollo,5.7,andacollo,0.0,0.0,281.948,0,0,0.0
2018-11-01,Andacollo,6.3,andacollo,0.0,0.0,280.91,0,0,0.0
2018-12-01,Andacollo,5.9,andacollo,0.0,0.0,276.429,0,0,0.0
2019-01-01,Andacollo,4.2,andacollo,0.0,0.0,269.072,0,0,0.0
2019-02-01,Andacollo,5.1,andacollo,0.0,0.0,284.774,0,0,0.0
2019-03-01,Andacollo,5.3,andacollo,0.0,0.0,292.614,0,0,0.0
2019-04-01,Andacollo,5.7,andacollo,0.0,0.0,292.345,0,0,0.0
2019-05-01,Andacollo,5.9,andacollo,0.0,0.0,273.44,0,0,0.0
2019-06-01,Andacollo,3.8,andacollo,0.0,0.0,266.187,0,0,0.0
2019-07-01,Andacollo,5.4,andacollo,0.0,0.0,269.427,0,0,0.0
2019-08-01,Andacollo,6.1,andacollo,0.0,0.0,258.91,0,0,0.0
2019-09-01,Andacollo,5.2,andacollo,0.0,0.0,260.611,0,0,0.0
2019-10-01,Andacollo,2.1,andacollo,0.0,0.0,260.493,0,0,0.0
2019-11-01,Andacollo,0.0,andacollo,0.0,0.0,265.791,0,0,0.0
2019-12-01,Andacollo,5.2,andacollo,0.0,0.0,274.987,0,0,0.0
2020-01-01,Andacollo,6.32,andacollo,0.0,0.0,274.387,0,0,0.0
2020-02-01,Andacollo,5.526,andacollo,0.0,0.0,257.933,0,0,0.0
2020-03-01,Andacollo,5.556,andacollo,0.0,0.0,234.901,0,0,0.0
2020-04-01,Andacollo,4.921,andacollo,0.0,0.0,228.985,0,0,0.0
2020-05-01,Andacollo,4.804,andacollo,0.0,0.0,237.402,0,0,0.0
2020-06-01,Andacollo,4.434,andacollo,0.0,0.0,260.47,0,0,0.0
2020-07-01,Andacollo,3.028,andacollo,0.0,0.0,288.202,0,0,0.0
2020-08-01,Andacollo,4.359,andacollo,0.0,0.0,294.685,0,0,0.0
2020-09-01,Andacollo,4.241,andacollo,0.0,0.0,304.47,0,0,0.0
2020-10-01,Andacollo,4.473,andacollo,0.0,0.0,304.033,0,0,0.0
2020-11-01,Andacollo,4.808,andacollo,0.0,0.0,320.392,0,0,0.0
2020-12-01,Andacollo,4.914,andacollo,0.0,0.0,351.772,0,0,0.0
2021-01-01,Andacollo,4.445,andacollo,0.0,0.0,361.536,0,0,0.0
2021-02-01,Andacollo,3.731,andacollo,0.0,0.0,383.751,0,0,0.0
2021-03-01,Andacollo,3.983,andacollo,0.0,0.0,408.459,0,0,0.0
2021-04-01,Andacollo,3.088,andacollo,0.0,0.0,423.454,0,0,0.0
2021-05-01,Andacollo,3.797,andacollo,0.0,0.0,461.937,0,0,0.0
2021-06-01,Andacollo,3.951,andacollo,0.0,0.0,436.013,0,0,0.0
2021-07-01,Andacollo,3.84,andacollo,0.0,0.0,427.901,0,0,0.0
2021-08-01,Andacollo,4.109,andacollo,0.0,0.0,424.435,0,0,0.0
2021-09-01,Andacollo,3.642,andacollo,0.0,0.0,422.933,0,0,0.0
2021-10-01,Andacollo,3.734,andacollo,0.0,0.0,443.545,0,0,0.0
2021-11-01,Andacollo,3.796,andacollo,0.0,0.0,442.955,0,0,0.0
2021-12-01,Andacollo,2.663,andacollo,0.0,0.0,433.195,0,0,0.0
2022-01-01,Andacollo,3.061,andacollo,0.0,0.0,443.429,0,0,0.0
2022-02-01,Andacollo,3.112,andacollo,0.0,0.0,450.932,0,0,0.0
2022-03-01,Andacollo,3.944,andacollo,0.0,0.0,464.369,0,0,0.0
2022-04-01,Andacollo,4.293,andacollo,0.0,0.0,461.899,0,0,0.0
2022-05-01,Andacollo,3.085323078200775,andacollo,0.0,0.0,424.69,0,0,0.0
2022-06-01,Andacollo,3.315,andacollo,0.0,0.0,409.736,0,0,0.0
2022-07-01,Andacollo,2.221,andacollo,0.0,0.0,341.545,0,0,0.0
2022-08-01,Andacollo,2.884,andacollo,0.0,0.0,361.104,0,0,0.0
2022-09-01,Andacollo,2.671,andacollo,0.0,0.0,350.84,0,0,0.0
2022-10-01,Andacollo,3.961,andacollo,0.0,0.0,345.693,0,0,0.0
2022-11-01,Andacollo,3.748,andacollo,0.0,0.0,364.233,0,0,0.0
2022-12-01,Andacollo,3.172,andacollo,0.0,0.0,379.531,0,0,0.0
2023-01-01,Andacollo,3.161,andacollo,0.0,0.0,408.224,0,0,0.0
2023-02-01,Andacollo,2.962,andacollo,0.0,0.0,406.201,0,0,0.0
2023-03-01,Andacollo,3.712,andacollo,0.0,0.0,400.782,0,0,0.0
2023-04-01,Andacollo,3.377,andacollo,0.0,0.0,399.796,0,0,0.0
2023-05-01,Andacollo,2.77,andacollo,0.0,0.0,373.501,0,0,0.0
2023-06-01,Andacollo,4.098,andacollo,0.0,0.0,380.393,0,0,0.0
2023-07-01,Andacollo,3.937,andacollo,0.0,0.0,383.071,0,0,0.0
2023-08-01,Andacollo,1.787,andacollo,0.0,0.0,378.83,0,0,0.0
2023-09-01,Andacollo,3.627,andacollo,0.0,0.0,375.16,0,0,0.0
2023-10-01,Andacollo,3.902,andacollo,0.0,0.0,360.137,0,0,0.0
2023-11-01,Andacollo,3.631,andacollo,0.0,0.0,370.764,0,0,0.0
2023-12-01,Andacollo,2.643,andacollo,0.0,0.0,380.75,0,0,0.0
2024-01-01,Andacollo,2.121,andacollo,0.0,0.0,378.491,0,0,0.0
2024-02-01,Andacollo,2.232,andacollo,0.0,0.0,376.969,0,0,0.0
2024-03-01,Andacollo,2.562,andacollo,0.0,0.0,393.52,0,0,0.0
2024-04-01,Andacollo,2.507,andacollo,0.0,0.0,430.116,0,0,0.0
2024-05-01,Andacollo,2.379,andacollo,0.0,0.0,459.447,0,0,0.0
2024-06-01,Andacollo,3.182,andacollo,0.0,0.0,437.336,0,0,0.0
2024-07-01,Andacollo,4.202,andacollo,0.0,0.0,426.085,0,0,0.0
2024-08-01,Andacollo,3.804,andacollo,0.0,0.0,406.587,0,0,0.0
2024-09-01,Andacollo,3.528,andacollo,0.0,0.0,419.777,0,0,0.0
2024-10-01,Andacollo,4.947,andacollo,0.0,0.0,432.693,0,0,0.0
2024-11-01,Andacollo,3.269,andacollo,0.0,0.0,411.625,0,0,0.0
2024-12-01,Andacollo,5.012,andacollo,0.0,0.0,404.583,0,0,0.0
2025-01-01,Andacollo,4.461,andacollo,0.0,0.0,407.216,0,0,0.0
2025-02-01,Andacollo,3.969,andacollo,0.0,0.0,423.168,0,0,0.0
2025-03-01,Andacollo,4.554,andacollo,0.0,0.0,441.394,0,0,0.0
2025-04-01,Andacollo,4.935,andacollo,0.0,0.0,416.948,0,0,0.0
2025-05-01,Andacollo,4.248,andacollo,0.0,0.0,432.263,0,0,0.0
2025-06-01,Andacollo,0.206,andacollo,0.0,0.0,446.051,0,0,0.0
2025-07-01,Andacollo,4.366,andacollo,0.0,0.0,443.533,0,0,0.0
2025-08-01,Andacollo,3.954,andacollo,0.0,0.0,437.529,0,0,0.0
2025-09-01,Andacollo,4.595,andacollo,0.0,0.0,451.448,0,0,0.0
2025-10-01,Andacollo,5.277,andacollo,0.0,0.0,485.164,0,0,0.0
2025-11-01,Andacollo,4.429,andacollo,0.0,0.0,489.915,0,0,0.0
2025-12-01,Andacollo,5.487,andacollo,0.0,0.0,535.411,0,0,0.0
2026-01-01,Andacollo,4.95,andacollo,0.0,0.0,535.411,0,0,0.0
2026-02-01,Andacollo,4.3,andacollo,0.0,0.0,535.411,0,0,0.0
2026-03-01,Andacollo,4.612,andacollo,0.0,0.0,535.411,0,0,0.0
2014-01-01,Andina,17.9,andina,15233.292043269455,0.0,330.891,0,0,0.0
2014-02-01,Andina,17.1,andina,15154.947026820017,0.0,324.416,0,0,0.0
2014-03-01,Andina,18.3,andina,15077.004939795484,0.0,302.448,0,0,0.0
2014-04-01,Andina,19.1,andina,14999.463709924656,0.0,302.584,0,0,0.0
2014-05-01,Andina,17.7,andina,14922.321275594051,0.0,312.247,0,0,0.0
2014-06-01,Andina,19.2,andina,14845.575585793087,0.0,308.719,0,0,0.0
2014-07-01,Andina,19.3,andina,14769.224600059557,0.0,322.255,0,0,0.0
2014-08-01,Andina,20.8,andina,14693.266288425377,0.0,317.54,0,0,0.0
2014-09-01,Andina,20.3,andina,14617.698631362611,0.0,311.719,0,0,0.0
2014-10-01,Andina,21.2,andina,14542.519619729792,0.0,305.685,0,0,0.0
2014-11-01,Andina,21.0,andina,14467.727254718484,0.0,303.958,0,0,0.0
2014-12-01,Andina,20.5,andina,14393.319547800153,0.0,291.34,0,0,0.0
2015-01-01,Andina,17.9,andina,14319.294520673287,0.0,263.802,0,0,0.0
2015-02-01,Andina,18.6,andina,14245.650205210814,0.0,258.642,0,0,0.0
2015-03-01,Andina,19.2,andina,14172.384643407751,0.0,268.792,0,0,0.0
2015-04-01,Andina,16.5,andina,14099.495887329176,0.0,273.447,0,0,0.0
2015-05-01,Andina,19.8,andina,14026.981999058407,0.0,285.791,0,0,0.0
2015-06-01,Andina,20.5,andina,13954.8410506455,0.0,264.608,0,0,0.0
2015-07-01,Andina,19.2,andina,13883.07112405598,0.0,247.521,0,0,0.0
2015-08-01,Andina,17.2,andina,13811.670311119851,0.0,230.83,0,0,0.0
2015-09-01,Andina,18.6,andina,13740.636713480852,0.0,236.235,0,0,0.0
2015-10-01,Andina,18.7,andina,13669.968442546004,0.0,236.894,0,0,0.0
2015-11-01,Andina,20.0,andina,13599.663619435374,0.0,218.098,0,0,0.0
2015-12-01,Andina,18.1,andina,13529.720374932142,0.0,209.968,0,0,0.0
2016-01-01,Andina,19.7,andina,13474.136849432887,14.0,202.427,0,0,0.0
2016-02-01,Andina,14.4,andina,13404.839190718518,0.0,208.447,0,0,0.0
2016-03-01,Andina,17.6,andina,13335.89793075213,0.0,224.417,0,0,0.0
2016-04-01,Andina,12.0,andina,13267.311236570393,0.0,220.043,0,0,0.0
2016-05-01,Andina,13.4,andina,13199.07728463692,0.0,213.567,0,0,0.0
2016-06-01,Andina,15.7,andina,13131.194260793807,0.0,210.042,0,0,0.0
2016-07-01,Andina,17.2,andina,13063.660360213387,0.0,220.255,0,0,0.0
2016-08-01,Andina,12.3,andina,12996.473787350233,0.0,215.829,0,0,0.0
2016-09-01,Andina,18.3,andina,12929.63275589344,0.0,213.514,0,0,0.0
2016-10-01,Andina,17.6,andina,12863.13548871912,0.0,214.646,0,0,0.0
2016-11-01,Andina,18.0,andina,12796.980217843162,0.0,246.902,0,0,0.0
2016-12-01,Andina,17.2,andina,12731.16518437421,0.0,257.017,0,0,0.0
2017-01-01,Andina,19.5,andina,12665.688638466916,0.0,260.245,0,0,0.0
2017-02-01,Andina,18.3,andina,12600.548839275409,0.0,269.504,0,0,0.0
2017-03-01,Andina,19.9,andina,12535.744054907002,0.0,264.06,0,0,0.0
2017-04-01,Andina,18.6,andina,12471.272562376167,0.0,258.442,0,0,0.0
2017-05-01,Andina,19.1,andina,12407.132647558705,0.0,253.626,0,0,0.0
2017-06-01,Andina,16.7,andina,12343.32260514618,0.0,258.524,0,0,0.0
2017-07-01,Andina,17.8,andina,12356.340738600584,76.5,271.185,0,0,0.0
2017-08-01,Andina,17.4,andina,12292.791919627583,0.0,293.845,0,0,0.0
2017-09-01,Andina,16.9,andina,12229.569933046012,0.0,298.609,0,0,0.0
2017-10-01,Andina,18.3,andina,12166.67309795268,0.0,308.324,0,0,0.0
2017-11-01,Andina,17.8,andina,12104.099742089316,0.0,309.603,0,0,0.0
2017-12-01,Andina,19.7,andina,12041.848201798084,0.0,308.495,0,0,0.0
2018-01-01,Andina,18.9,andina,12229.916821977373,250.0,321.157,0,0,0.0
2018-02-01,Andina,13.0,andina,12167.018202829817,0.0,317.596,0,0,0.0
2018-03-01,Andina,18.4,andina,12104.443072087635,0.0,308.251,0,0,0.0
2018-04-01,Andina,14.3,andina,12042.18976604582,0.0,310.191,0,0,0.0
2018-05-01,Andina,19.1,andina,11980.2566295558,0.0,309.43,0,0,0.0
2018-06-01,Andina,17.3,andina,11918.642015981462,0.0,315.464,0,0,0.0
2018-07-01,Andina,16.1,andina,11857.344287155363,0.0,283.413,0,0,0.0
2018-08-01,Andina,14.7,andina,11796.361813335185,0.0,273.959,0,0,0.0
2018-09-01,Andina,12.0,andina,11735.692973160374,0.0,273.064,0,0,0.0
2018-10-01,Andina,17.3,andina,11675.336153609076,0.0,281.948,0,0,0.0
2018-11-01,Andina,18.5,andina,11615.289749955218,0.0,280.91,0,0,0.0
2018-12-01,Andina,15.9,andina,11555.552165725858,0.0,276.429,0,0,0.0
2019-01-01,Andina,16.746,andina,11496.12181265873,0.0,269.072,0,0,0.0
2019-02-01,Andina,12.48,andina,11436.997110660026,0.0,284.774,0,0,0.0
2019-03-01,Andina,16.199,andina,11378.17648776238,0.0,292.614,0,0,0.0
2019-04-01,Andina,11.828,andina,11319.65838008307,0.0,292.345,0,0,0.0
2019-05-01,Andina,14.055,andina,11261.441231782452,0.0,273.44,0,0,0.0
2019-06-01,Andina,12.484,andina,11203.523495022577,0.0,266.187,0,0,0.0
2019-07-01,Andina,14.04,andina,11145.903629926044,0.0,269.427,0,0,0.0
2019-08-01,Andina,14.93,andina,11088.580104535073,0.0,258.91,0,0,0.0
2019-09-01,Andina,13.177,andina,11031.551394770751,0.0,260.611,0,0,0.0
2019-10-01,Andina,12.111,andina,10974.815984392531,0.0,260.493,0,0,0.0
2019-11-01,Andina,16.144,andina,10918.372364957904,0.0,265.791,0,0,0.0
2019-12-01,Andina,16.08,andina,10862.219035782304,0.0,274.987,0,0,0.0
2020-01-01,Andina,15.886,andina,10806.354503899203,0.0,274.387,0,0,0.0
2020-02-01,Andina,13.322,andina,10750.777284020422,0.0,257.933,0,0,0.0
2020-03-01,Andina,16.128,andina,10695.485898496634,0.0,234.901,0,0,0.0
2020-04-01,Andina,12.324,andina,10640.478877278085,0.0,228.985,0,0,0.0
2020-05-01,Andina,16.483,andina,10585.754757875502,0.0,237.402,0,0,0.0
2020-06-01,Andina,17.755,andina,10531.312085321217,0.0,260.47,0,0,0.0
2020-07-01,Andina,14.282,andina,10477.149412130477,0.0,288.202,0,0,0.0
2020-08-01,Andina,18.352,andina,10423.265298262964,0.0,294.685,0,0,0.0
2020-09-01,Andina,17.804,andina,10369.658311084502,0.0,304.47,0,0,0.1
2020-10-01,Andina,11.466,andina,10316.327025328976,0.0,304.033,0,0,0.0
2020-11-01,Andina,14.558,andina,10263.270023060428,0.0,320.392,0,0,0.0
2020-12-01,Andina,16.078,andina,10210.485893635365,0.0,351.772,0,0,0.0
2021-01-01,Andina,13.639,andina,10157.97323366525,0.0,361.536,0,0,0.0
2021-02-01,Andina,13.677,andina,10105.730646979197,0.0,383.751,0,0,0.0
2021-03-01,Andina,17.421,andina,10053.756744586835,0.0,408.459,0,0,0.0
2021-04-01,Andina,11.804,andina,10002.050144641398,0.0,423.454,0,0,0.0
2021-05-01,Andina,18.018,andina,9950.609472402972,0.0,461.937,0,0,0.0
2021-06-01,Andina,16.928,andina,9899.433360201943,0.0,436.013,0,0,0.0
2021-07-01,Andina,19.517,andina,9848.52044740265,0.0,427.901,0,0,0.0
2021-08-01,Andina,8.183,andina,9797.869380367189,0.0,424.435,0,0,0.0
2021-09-01,Andina,10.15,andina,9747.478812419437,0.0,422.933,0,0,0.0
2021-10-01,Andina,17.434,andina,9697.34740380924,0.0,443.545,0,0,0.0
2021-11-01,Andina,12.98,andina,9647.473821676804,0.0,442.955,0,0,0.0
2021-12-01,Andina,17.464,andina,9597.856740017243,0.0,433.195,0,0,0.0
2022-01-01,Andina,18.84,andina,9548.494839645336,0.0,443.429,0,0,0.0
2022-02-01,Andina,14.562,andina,9499.386808160443,0.0,450.932,0,0,0.0
2022-03-01,Andina,16.854,andina,9450.531339911626,0.0,464.369,0,0,0.0
2022-04-01,Andina,12.175,andina,9401.927135962917,0.0,461.899,0,0,0.0
2022-05-01,Andina,17.794,andina,9353.572904058794,0.0,424.69,0,0,0.0
2022-06-01,Andina,15.549,andina,9305.467358589827,0.0,409.736,0,0,0.0
2022-07-01,Andina,17.03,andina,9257.609220558492,0.0,341.545,0,0,0.0
2022-08-01,Andina,12.071,andina,9209.997217545157,0.0,361.104,0,0,0.0
2022-09-01,Andina,14.929,andina,9162.630083674268,0.0,350.84,0,0,0.0
2022-10-01,Andina,11.063,andina,9115.506559580685,0.0,345.693,0,0,0.0
2022-11-01,Andina,13.495,andina,9068.625392376194,0.0,364.233,0,0,0.0
2022-12-01,Andina,12.664,andina,9021.985335616208,0.0,379.531,0,0,0.0
2023-01-01,Andina,15.112,andina,8975.685149266616,0.1,408.224,0,0,0.0
2023-02-01,Andina,11.65,andina,8929.523085369534,0.0,406.201,0,0,0.0
2023-03-01,Andina,14.936,andina,8883.598433559418,0.0,400.782,0,0,0.0
2023-04-01,Andina,8.61,andina,8838.00997282286,0.1,399.796,0,0,0.0
2023-05-01,Andina,15.804,andina,8792.555974124853,0.0,373.501,0,0,0.0
2023-06-01,Andina,13.825,andina,8747.335745925408,0.0,380.393,0,0,0.0
2023-07-01,Andina,14.043,andina,8702.34808593985,0.0,383.071,0,0,0.0
2023-08-01,Andina,13.842,andina,8657.591798066871,0.0,378.83,0,0,0.0
2023-09-01,Andina,12.258,andina,8613.065692356728,0.0,375.16,0,0,0.0
2023-10-01,Andina,16.308,andina,8568.768584979603,0.0,360.137,0,0,0.0
2023-11-01,Andina,13.245,andina,8524.699298194131,0.0,370.764,0,0,0.0
2023-12-01,Andina,14.911,andina,8480.856660316087,0.0,380.75,0,0,0.0
2024-01-01,Andina,15.595,andina,8437.23950568723,0.0,378.491,0,0,0.0
2024-02-01,Andina,16.445,andina,8393.846674644317,0.0,376.969,0,0,0.0
2024-03-01,Andina,17.096,andina,8350.677013488268,0.0,393.52,0,0,0.0
2024-04-01,Andina,14.54,andina,8307.729374453489,0.0,430.116,0,0,0.0
2024-05-01,Andina,16.185,andina,8265.002615677362,0.0,459.447,0,0,0.0
2024-06-01,Andina,14.599,andina,8222.495601169883,0.0,437.336,0,0,0.1
2024-07-01,Andina,15.292,andina,8180.207200783459,0.0,426.085,0,0,0.0
2024-08-01,Andina,14.564,andina,8138.136290182859,0.0,406.587,0,0,0.0
2024-09-01,Andina,15.287,andina,8096.281750815325,0.0,419.777,0,0,0.0
2024-10-01,Andina,12.658,andina,8054.642469880828,0.0,432.693,0,0,0.0
2024-11-01,Andina,13.049,andina,8013.217340302484,0.0,411.625,0,0,0.0
2024-12-01,Andina,16.299,andina,7972.005260697123,0.0,404.583,0,0,0.0
2025-01-01,Andina,14.098,andina,7931.005135345998,0.0,407.216,0,0,0.0
2025-02-01,Andina,14.401,andina,7890.215874165659,0.0,423.168,0,0,0.0
2025-03-01,Andina,16.645,andina,7849.636392678973,0.0,441.394,0,0,0.0
2025-04-01,Andina,11.863,andina,7809.26561198628,0.0,416.948,0,0,0.0
2025-05-01,Andina,13.911,andina,7769.102458736721,0.0,432.263,0,0,0.0
2025-06-01,Andina,13.511,andina,7729.145865099691,0.0,446.051,0,0,0.0
2025-07-01,Andina,13.025,andina,7689.394768736452,0.0,443.533,0,0,0.0
2025-08-01,Andina,14.662,andina,7649.848112771888,0.0,437.529,0,0,0.0
2025-09-01,Andina,15.352,andina,7610.504845766405,0.0,451.448,0,0,0.0
2025-10-01,Andina,12.346,andina,7571.363921687978,0.0,485.164,0,0,0.0
2025-11-01,Andina,17.737,andina,7532.424299884336,0.0,489.915,0,0,0.0
2025-12-01,Andina,24.069,andina,7493.684945055295,0.0,535.411,0,0,0.0
2026-01-01,Andina,15.782,andina,7493.684945055295,0.0,535.411,0,0,0.0
2026-02-01,Andina,8.932,andina,7493.684945055295,0.0,535.411,0,0,0.0
2026-03-01,Andina,17.846,andina,7493.684945055295,0.0,535.411,0,0,0.0
2014-01-01,Antucoya,0.0,antucoya,793.2914603090375,0.0,330.891,0,0,0.0
2014-02-01,Antucoya,0.0,antucoya,789.2115521492925,0.0,324.416,0,0,0.0
2014-03-01,Antucoya,0.0,antucoya,785.1526270095658,0.0,302.448,0,0,0.0
2014-04-01,Antucoya,0.0,antucoya,781.1145769739161,0.0,302.584,0,0,0.0
2014-05-01,Antucoya,0.0,antucoya,777.0972946814153,0.0,312.247,0,0,0.0
2014-06-01,Antucoya,0.0,antucoya,773.1006733232939,0.0,308.719,0,0,0.0
2014-07-01,Antucoya,0.0,antucoya,769.1246066401012,0.0,322.255,0,0,0.0
2014-08-01,Antucoya,0.0,antucoya,765.1689889188804,0.0,317.54,0,0,0.0
2014-09-01,Antucoya,0.0,antucoya,761.2337149903576,0.0,311.719,0,0,0.0
2014-10-01,Antucoya,0.0,antucoya,757.318680226146,0.0,305.685,0,0,0.0
2014-11-01,Antucoya,0.0,antucoya,753.4237805359636,0.0,303.958,0,0,0.0
2014-12-01,Antucoya,0.0,antucoya,749.5489123648666,0.0,291.34,0,0,0.0
2015-01-01,Antucoya,0.0,antucoya,745.6939726904952,0.0,263.802,0,0,0.0
2015-02-01,Antucoya,0.0,antucoya,741.858859020335,0.0,258.642,0,0,0.0
2015-03-01,Antucoya,0.0,antucoya,738.0434693889919,0.0,268.792,0,0,0.0
2015-04-01,Antucoya,0.0,antucoya,734.2477023554811,0.0,273.447,0,0,0.0
2015-05-01,Antucoya,0.0,antucoya,730.4714570005303,0.0,285.791,0,0,0.0
2015-06-01,Antucoya,0.0,antucoya,726.7146329238963,0.0,264.608,0,0,0.0
2015-07-01,Antucoya,0.0,antucoya,722.9771302416951,0.0,247.521,0,0,0.0
2015-08-01,Antucoya,0.0,antucoya,719.2588495837475,0.0,230.83,0,0,0.0
2015-09-01,Antucoya,2.2,antucoya,715.5596920909361,0.0,236.235,0,0,0.0
2015-10-01,Antucoya,3.3,antucoya,711.8795594125771,0.0,236.894,0,0,0.0
2015-11-01,Antucoya,3.2,antucoya,708.2183537038057,0.0,218.098,0,0,0.0
2015-12-01,Antucoya,3.5,antucoya,704.5759776229745,0.0,209.968,0,0,0.0
2016-01-01,Antucoya,3.2,antucoya,700.9523343290654,0.0,202.427,0,0,0.0
2016-02-01,Antucoya,3.7,antucoya,697.3473274791147,0.0,208.447,0,0,0.0
2016-03-01,Antucoya,5.7,antucoya,693.7608612256522,0.0,224.417,0,0,0.0
2016-04-01,Antucoya,5.2,antucoya,690.1928402141522,0.0,220.043,0,0,0.0
2016-05-01,Antucoya,4.4,antucoya,686.6431695804985,0.0,213.567,0,0,0.0
2016-06-01,Antucoya,4.8,antucoya,683.1117549484624,0.0,210.042,0,0,0.0
2016-07-01,Antucoya,5.4,antucoya,679.5985024271934,0.0,220.255,0,0,0.0
2016-08-01,Antucoya,7.0,antucoya,676.1033186087226,0.0,215.829,0,0,0.0
2016-09-01,Antucoya,7.1,antucoya,672.6261105654798,0.0,213.514,0,0,0.0
2016-10-01,Antucoya,6.7,antucoya,669.1667858478224,0.0,214.646,0,0,0.0
2016-11-01,Antucoya,6.7,antucoya,665.7252524815774,0.0,246.902,0,0,0.0
2016-12-01,Antucoya,6.3,antucoya,662.3014189655961,0.0,257.017,0,0,0.0
2017-01-01,Antucoya,6.7,antucoya,658.8951942693215,0.0,260.245,0,0,0.0
2017-02-01,Antucoya,6.4,antucoya,655.5064878303679,0.0,269.504,0,0,0.0
2017-03-01,Antucoya,7.2,antucoya,652.1352095521131,0.0,264.06,0,0,0.0
2017-04-01,Antucoya,6.9,antucoya,648.7812698013031,0.0,258.442,0,0,0.0
2017-05-01,Antucoya,6.1,antucoya,645.4445794056686,0.0,253.626,0,0,0.0
2017-06-01,Antucoya,6.2,antucoya,642.1250496515547,0.0,258.524,0,0,0.0
2017-07-01,Antucoya,7.0,antucoya,638.8225922815618,0.0,271.185,0,0,0.0
2017-08-01,Antucoya,6.7,antucoya,635.5371194921994,0.0,293.845,0,0,0.0
2017-09-01,Antucoya,6.2,antucoya,632.2685439315512,0.0,298.609,0,0,0.0
2017-10-01,Antucoya,7.0,antucoya,629.0167786969532,0.0,308.324,0,0,0.0
2017-11-01,Antucoya,7.2,antucoya,625.7817373326828,0.0,309.603,0,0,0.0
2017-12-01,Antucoya,6.9,antucoya,622.5633338276604,0.0,308.495,0,0,0.0
2018-01-01,Antucoya,4.6,antucoya,619.3614826131623,0.0,321.157,0,0,0.0
2018-02-01,Antucoya,5.0,antucoya,616.1760985605458,0.0,317.596,0,0,0.0
2018-03-01,Antucoya,5.0,antucoya,613.0070969789863,0.0,308.251,0,0,0.0
2018-04-01,Antucoya,5.6,antucoya,609.8543936132248,0.0,310.191,0,0,0.0
2018-05-01,Antucoya,7.0,antucoya,606.7179046413285,0.0,309.43,0,0,0.0
2018-06-01,Antucoya,5.8,antucoya,603.5975466724614,0.0,315.464,0,0,0.0
2018-07-01,Antucoya,5.0,antucoya,600.493236744668,0.0,283.413,0,0,0.0
2018-08-01,Antucoya,6.9,antucoya,597.4048923226673,0.0,273.959,0,0,0.0
2018-09-01,Antucoya,7.2,antucoya,594.332431295658,0.0,273.064,0,0,0.0
2018-10-01,Antucoya,6.7,antucoya,591.275771975136,0.0,281.948,0,0,0.0
2018-11-01,Antucoya,6.8,antucoya,588.2348330927218,0.0,280.91,0,0,0.0
2018-12-01,Antucoya,6.6,antucoya,585.2095337980007,0.0,276.429,0,0,0.0
2019-01-01,Antucoya,6.0,antucoya,582.1997936563725,0.0,269.072,0,0,0.0
2019-02-01,Antucoya,5.1,antucoya,579.2055326469132,0.0,284.774,0,0,0.0
2019-03-01,Antucoya,6.9,antucoya,576.2266711602473,0.0,292.614,0,0,0.0
2019-04-01,Antucoya,6.8,antucoya,573.2631299964315,0.0,292.345,0,0,0.0
2019-05-01,Antucoya,6.8,antucoya,570.3148303628489,0.0,273.44,0,0,0.0
2019-06-01,Antucoya,5.9,antucoya,567.3816938721138,0.0,266.187,0,0,0.0
2019-07-01,Antucoya,6.0,antucoya,564.4636425399881,0.0,269.427,0,0,0.0
2019-08-01,Antucoya,6.0,antucoya,561.5605987833075,0.0,258.91,0,0,0.0
2019-09-01,Antucoya,6.7,antucoya,558.6724854179188,0.0,260.611,0,0,0.0
2019-10-01,Antucoya,3.4,antucoya,555.799225656628,0.0,260.493,0,0,0.0
2019-11-01,Antucoya,5.9,antucoya,552.9407431071587,0.0,265.791,0,0,0.0
2019-12-01,Antucoya,6.4,antucoya,550.0969617701209,0.0,274.987,0,0,0.0
2020-01-01,Antucoya,6.78,antucoya,547.2678060369904,0.0,274.387,0,0,0.0
2020-02-01,Antucoya,6.564,antucoya,752.4532006880985,208.0,257.933,0,0,0.0
2020-03-01,Antucoya,6.89,antucoya,748.5833242216133,0.0,234.901,0,0,0.0
2020-04-01,Antucoya,6.877,antucoya,744.7333505794529,0.0,228.985,0,0,0.0
2020-05-01,Antucoya,7.023,antucoya,740.9031774011363,0.0,237.402,0,0,0.0
2020-06-01,Antucoya,6.252,antucoya,737.0927028526239,0.0,260.47,0,0,0.0
2020-07-01,Antucoya,5.5,antucoya,733.3018256236098,0.0,288.202,0,0,0.0
2020-08-01,Antucoya,5.008,antucoya,729.5304449248284,0.0,294.685,0,0,0.0
2020-09-01,Antucoya,6.792,antucoya,725.7784604853746,0.0,304.47,0,0,0.0
2020-10-01,Antucoya,6.802,antucoya,722.0457725500376,0.0,304.033,0,0,0.0
2020-11-01,Antucoya,7.107,antucoya,718.3322818766492,0.0,320.392,0,0,208.0
2020-12-01,Antucoya,7.679,antucoya,714.6378897334449,0.0,351.772,0,0,0.0
2021-01-01,Antucoya,6.812,antucoya,710.9624978964389,0.0,361.536,0,0,0.0
2021-02-01,Antucoya,6.446,antucoya,707.3060086468126,0.0,383.751,0,0,0.0
2021-03-01,Antucoya,6.974,antucoya,703.6683247683167,0.0,408.459,0,0,0.0
2021-04-01,Antucoya,6.182,antucoya,700.0493495446858,0.0,423.454,0,0,0.0
2021-05-01,Antucoya,7.036,antucoya,696.4489867570682,0.0,461.937,0,0,0.0
2021-06-01,Antucoya,6.002,antucoya,692.8671406814665,0.0,436.013,0,0,0.0
2021-07-01,Antucoya,5.202,antucoya,689.3037160861933,0.0,427.901,0,0,0.0
2021-08-01,Antucoya,6.54,antucoya,685.7586182293387,0.0,424.435,0,0,0.0
2021-09-01,Antucoya,6.531,antucoya,682.231752856252,0.0,422.933,0,0,0.0
2021-10-01,Antucoya,6.489,antucoya,678.7230261970352,0.0,443.545,0,0,0.0
2021-11-01,Antucoya,6.336,antucoya,675.2323449640502,0.0,442.955,0,0,0.0
2021-12-01,Antucoya,8.028,antucoya,671.7596163494381,0.0,433.195,0,0,0.0
2022-01-01,Antucoya,6.486,antucoya,668.3047480226526,0.0,443.429,0,0,0.0
2022-02-01,Antucoya,4.706,antucoya,664.8676481280039,0.0,450.932,0,0,0.0
2022-03-01,Antucoya,6.252,antucoya,661.4482252822177,0.0,464.369,0,0,0.0
2022-04-01,Antucoya,6.143,antucoya,658.0463885720047,0.0,461.899,0,0,0.0
2022-05-01,Antucoya,6.203,antucoya,654.6620475516442,0.0,424.69,0,0,0.0
2022-06-01,Antucoya,6.584713,antucoya,651.2951122405785,0.0,409.736,0,0,0.0
2022-07-01,Antucoya,6.861993,antucoya,647.9454931210216,0.0,341.545,0,0,0.0
2022-08-01,Antucoya,6.968043,antucoya,644.6131011355784,0.0,361.104,0,0,0.0
2022-09-01,Antucoya,7.20933,antucoya,641.297847684877,0.0,350.84,0,0,0.0
2022-10-01,Antucoya,7.356126,antucoya,637.9996446252133,0.0,345.693,0,0,0.0
2022-11-01,Antucoya,6.349684,antucoya,634.7184042662072,0.0,364.233,0,0,0.0
2022-12-01,Antucoya,8.113242,antucoya,631.454039368472,0.0,379.531,0,0,0.0
2023-01-01,Antucoya,7.046,antucoya,628.2064631412935,0.0,408.224,0,0,0.0
2023-02-01,Antucoya,5.758,antucoya,624.9755892403238,0.0,406.201,0,0,0.0
2023-03-01,Antucoya,6.013,antucoya,621.7613317652847,0.0,400.782,0,0,0.0
2023-04-01,Antucoya,5.771,antucoya,618.5636052576845,0.0,399.796,0,0,0.0
2023-05-01,Antucoya,6.72,antucoya,615.3823246985455,0.0,373.501,0,0,0.0
2023-06-01,Antucoya,6.642,antucoya,612.2174055061439,0.0,380.393,0,0,0.0
2023-07-01,Antucoya,5.775,antucoya,609.0687635337605,0.0,383.071,0,0,0.0
2023-08-01,Antucoya,5.55,antucoya,605.9363150674438,0.0,378.83,0,0,0.0
2023-09-01,Antucoya,7.001,antucoya,602.8199768237845,0.0,375.16,0,0,0.0
2023-10-01,Antucoya,7.18,antucoya,599.7196659477006,0.0,360.137,0,0,0.0
2023-11-01,Antucoya,7.052,antucoya,596.635300010235,0.0,370.764,0,0,0.0
2023-12-01,Antucoya,7.321,antucoya,593.5667970063638,0.0,380.75,0,0,0.0
2024-01-01,Antucoya,6.812,antucoya,590.514075352816,0.0,378.491,0,0,0.0
2024-02-01,Antucoya,6.279,antucoya,587.4770538859044,0.0,376.969,0,0,0.0
2024-03-01,Antucoya,6.504,antucoya,584.4556518593677,0.0,393.52,0,0,0.0
2024-04-01,Antucoya,6.592,antucoya,581.4497889422234,0.0,430.116,0,0,0.0
2024-05-01,Antucoya,7.014,antucoya,578.4593852166329,0.0,459.447,0,0,0.0
2024-06-01,Antucoya,7.076,antucoya,575.4843611757753,0.0,437.336,0,0,0.0
2024-07-01,Antucoya,6.718,antucoya,572.5246377217348,0.0,426.085,0,0,0.0
2024-08-01,Antucoya,7.014,antucoya,569.5801361633971,0.0,406.587,0,0,0.0
2024-09-01,Antucoya,5.616,antucoya,566.6507782143573,0.0,419.777,0,0,0.0
2024-10-01,Antucoya,6.938,antucoya,563.7364859908383,0.0,432.693,0,0,0.0
2024-11-01,Antucoya,6.422,antucoya,560.8371820096206,0.0,411.625,0,0,0.0
2024-12-01,Antucoya,7.394,antucoya,557.9527891859817,0.0,404.583,0,0,0.0
2025-01-01,Antucoya,7.065,antucoya,555.0832308316468,0.0,407.216,0,0,0.0
2025-02-01,Antucoya,6.107,antucoya,552.2284306527499,0.0,423.168,0,0,0.0
2025-03-01,Antucoya,7.019,antucoya,549.3883127478053,0.0,441.394,0,0,0.0
2025-04-01,Antucoya,6.258,antucoya,546.5628016056899,0.0,416.948,0,0,0.0
2025-05-01,Antucoya,6.843,antucoya,543.7518221036347,0.0,432.263,0,0,0.0
2025-06-01,Antucoya,6.17,antucoya,540.9552995052286,0.0,446.051,0,0,0.0
2025-07-01,Antucoya,6.202,antucoya,538.1731594584306,0.0,443.533,0,0,0.0
2025-08-01,Antucoya,5.81,antucoya,535.4053279935932,0.0,437.529,0,0,0.0
2025-09-01,Antucoya,6.636,antucoya,532.6517315214958,0.0,451.448,0,0,0.0
2025-10-01,Antucoya,7.336,antucoya,529.9122968313881,0.0,485.164,0,0,0.0
2025-11-01,Antucoya,7.502,antucoya,527.1869510890434,0.0,489.915,0,0,0.0
2025-12-01,Antucoya,8.211,antucoya,524.4756218348228,0.0,535.411,0,0,0.0
2026-01-01,Antucoya,7.113,antucoya,524.4756218348228,0.0,535.411,0,0,0.0
2026-02-01,Antucoya,5.707,antucoya,524.4756218348228,0.0,535.411,0,0,0.0
2026-03-01,Antucoya,6.803,antucoya,524.4756218348228,0.0,535.411,0,0,0.0
2014-01-01,Atacama Kozan,1.2,atacama kozan,0.0,0.0,330.891,0,0,0.0
2014-02-01,Atacama Kozan,0.9,atacama kozan,0.0,0.0,324.416,0,0,0.0
2014-03-01,Atacama Kozan,1.2,atacama kozan,0.0,0.0,302.448,0,0,0.0
2014-04-01,Atacama Kozan,0.9,atacama kozan,0.0,0.0,302.584,0,0,0.0
2014-05-01,Atacama Kozan,1.2,atacama kozan,0.0,0.0,312.247,0,0,0.0
2014-06-01,Atacama Kozan,1.1,atacama kozan,0.0,0.0,308.719,0,0,0.0
2014-07-01,Atacama Kozan,1.0,atacama kozan,0.0,0.0,322.255,0,0,0.0
2014-08-01,Atacama Kozan,1.3,atacama kozan,0.0,0.0,317.54,0,0,0.0
2014-09-01,Atacama Kozan,1.3,atacama kozan,0.0,0.0,311.719,0,0,0.0
2014-10-01,Atacama Kozan,1.2,atacama kozan,0.0,0.0,305.685,0,0,0.0
2014-11-01,Atacama Kozan,1.2,atacama kozan,0.0,0.0,303.958,0,0,0.0
2014-12-01,Atacama Kozan,1.2,atacama kozan,0.0,0.0,291.34,0,0,0.0
2015-01-01,Atacama Kozan,0.9,atacama kozan,0.0,0.0,263.802,0,0,0.0
2015-02-01,Atacama Kozan,1.2,atacama kozan,0.0,0.0,258.642,0,0,0.0
2015-03-01,Atacama Kozan,0.9,atacama kozan,0.0,0.0,268.792,0,0,0.0
2015-04-01,Atacama Kozan,1.2,atacama kozan,0.0,0.0,273.447,0,0,0.0
2015-05-01,Atacama Kozan,1.3,atacama kozan,0.0,0.0,285.791,0,0,0.0
2015-06-01,Atacama Kozan,1.2,atacama kozan,0.0,0.0,264.608,0,0,0.0
2015-07-01,Atacama Kozan,1.2,atacama kozan,0.0,0.0,247.521,0,0,0.0
2015-08-01,Atacama Kozan,1.2,atacama kozan,0.0,0.0,230.83,0,0,0.0
2015-09-01,Atacama Kozan,1.3,atacama kozan,0.0,0.0,236.235,0,0,0.0
2015-10-01,Atacama Kozan,1.2,atacama kozan,0.0,0.0,236.894,0,0,0.0
2015-11-01,Atacama Kozan,1.2,atacama kozan,0.0,0.0,218.098,0,0,0.0
2015-12-01,Atacama Kozan,1.3,atacama kozan,0.0,0.0,209.968,0,0,0.0
2016-01-01,Atacama Kozan,1.1,atacama kozan,0.0,0.0,202.427,0,0,0.0
2016-02-01,Atacama Kozan,1.1,atacama kozan,0.0,0.0,208.447,0,0,0.0
2016-03-01,Atacama Kozan,1.1,atacama kozan,0.0,0.0,224.417,0,0,0.0
2016-04-01,Atacama Kozan,1.0,atacama kozan,0.0,0.0,220.043,0,0,0.0
2016-05-01,Atacama Kozan,1.1,atacama kozan,0.0,0.0,213.567,0,0,0.0
2016-06-01,Atacama Kozan,0.6,atacama kozan,0.0,0.0,210.042,0,0,0.0
2016-07-01,Atacama Kozan,1.1,atacama kozan,0.0,0.0,220.255,0,0,0.0
2016-08-01,Atacama Kozan,1.2,atacama kozan,0.0,0.0,215.829,0,0,0.0
2016-09-01,Atacama Kozan,1.2,atacama kozan,0.0,0.0,213.514,0,0,0.0
2016-10-01,Atacama Kozan,1.2,atacama kozan,0.0,0.0,214.646,0,0,0.0
2016-11-01,Atacama Kozan,1.2,atacama kozan,0.0,0.0,246.902,0,0,0.0
2016-12-01,Atacama Kozan,1.2,atacama kozan,0.0,0.0,257.017,0,0,0.0
2017-01-01,Atacama Kozan,1.0,atacama kozan,0.0,0.0,260.245,0,0,0.0
2017-02-01,Atacama Kozan,0.7,atacama kozan,0.0,0.0,269.504,0,0,0.0
2017-03-01,Atacama Kozan,1.2,atacama kozan,0.0,0.0,264.06,0,0,0.0
2017-04-01,Atacama Kozan,1.3,atacama kozan,0.0,0.0,258.442,0,0,0.0
2017-05-01,Atacama Kozan,0.3,atacama kozan,0.0,0.0,253.626,0,0,0.0
2017-06-01,Atacama Kozan,0.0,atacama kozan,0.0,0.0,258.524,0,0,0.0
2017-07-01,Atacama Kozan,0.8,atacama kozan,0.0,0.0,271.185,0,0,0.0
2017-08-01,Atacama Kozan,0.8,atacama kozan,0.0,0.0,293.845,0,0,0.0
2017-09-01,Atacama Kozan,1.6,atacama kozan,0.0,0.0,298.609,0,0,0.0
2017-10-01,Atacama Kozan,1.0,atacama kozan,0.0,0.0,308.324,0,0,0.0
2017-11-01,Atacama Kozan,0.3,atacama kozan,0.0,0.0,309.603,0,0,0.0
2017-12-01,Atacama Kozan,1.1,atacama kozan,0.0,0.0,308.495,0,0,0.0
2018-01-01,Atacama Kozan,0.8,atacama kozan,0.0,0.0,321.157,0,0,0.0
2018-02-01,Atacama Kozan,1.0,atacama kozan,0.0,0.0,317.596,0,0,0.0
2018-03-01,Atacama Kozan,0.9,atacama kozan,0.0,0.0,308.251,0,0,0.0
2018-04-01,Atacama Kozan,1.0,atacama kozan,0.0,0.0,310.191,0,0,0.0
2018-05-01,Atacama Kozan,0.6,atacama kozan,0.0,0.0,309.43,0,0,0.0
2018-06-01,Atacama Kozan,1.2,atacama kozan,0.0,0.0,315.464,0,0,0.0
2018-07-01,Atacama Kozan,1.1,atacama kozan,0.0,0.0,283.413,0,0,0.0
2018-08-01,Atacama Kozan,1.2,atacama kozan,0.0,0.0,273.959,0,0,0.0
2018-09-01,Atacama Kozan,1.1,atacama kozan,0.0,0.0,273.064,0,0,0.0
2018-10-01,Atacama Kozan,1.1,atacama kozan,0.0,0.0,281.948,0,0,0.0
2018-11-01,Atacama Kozan,1.0,atacama kozan,0.0,0.0,280.91,0,0,0.0
2018-12-01,Atacama Kozan,1.2,atacama kozan,0.0,0.0,276.429,0,0,0.0
2019-01-01,Atacama Kozan,1.0,atacama kozan,0.0,0.0,269.072,0,0,0.0
2019-02-01,Atacama Kozan,0.9,atacama kozan,0.0,0.0,284.774,0,0,0.0
2019-03-01,Atacama Kozan,1.2,atacama kozan,0.0,0.0,292.614,0,0,0.0
2019-04-01,Atacama Kozan,0.8,atacama kozan,0.0,0.0,292.345,0,0,0.0
2019-05-01,Atacama Kozan,1.1,atacama kozan,0.0,0.0,273.44,0,0,0.0
2019-06-01,Atacama Kozan,1.1,atacama kozan,0.0,0.0,266.187,0,0,0.0
2019-07-01,Atacama Kozan,1.0,atacama kozan,0.0,0.0,269.427,0,0,0.0
2019-08-01,Atacama Kozan,1.1,atacama kozan,0.0,0.0,258.91,0,0,0.0
2019-09-01,Atacama Kozan,1.1,atacama kozan,0.0,0.0,260.611,0,0,0.0
2019-10-01,Atacama Kozan,1.2,atacama kozan,0.0,0.0,260.493,0,0,0.0
2019-11-01,Atacama Kozan,1.2,atacama kozan,0.0,0.0,265.791,0,0,0.0
2019-12-01,Atacama Kozan,0.8,atacama kozan,0.0,0.0,274.987,0,0,0.0
2020-01-01,Atacama Kozan,1.177,atacama kozan,0.0,0.0,274.387,0,0,0.0
2020-02-01,Atacama Kozan,1.131,atacama kozan,0.0,0.0,257.933,0,0,0.0
2020-03-01,Atacama Kozan,1.198,atacama kozan,0.0,0.0,234.901,0,0,0.0
2020-04-01,Atacama Kozan,1.105,atacama kozan,0.0,0.0,228.985,0,0,0.0
2020-05-01,Atacama Kozan,0.937,atacama kozan,0.0,0.0,237.402,0,0,0.0
2020-06-01,Atacama Kozan,1.083,atacama kozan,0.0,0.0,260.47,0,0,0.0
2020-07-01,Atacama Kozan,1.62,atacama kozan,0.0,0.0,288.202,0,0,0.0
2020-08-01,Atacama Kozan,1.015,atacama kozan,0.0,0.0,294.685,0,0,0.0
2020-09-01,Atacama Kozan,1.21,atacama kozan,0.0,0.0,304.47,0,0,0.0
2020-10-01,Atacama Kozan,1.051,atacama kozan,0.0,0.0,304.033,0,0,0.0
2020-11-01,Atacama Kozan,1.133,atacama kozan,0.0,0.0,320.392,0,0,0.0
2020-12-01,Atacama Kozan,0.549,atacama kozan,0.0,0.0,351.772,0,0,0.0
2021-01-01,Atacama Kozan,1.013,atacama kozan,0.0,0.0,361.536,0,0,0.0
2021-02-01,Atacama Kozan,1.036,atacama kozan,0.0,0.0,383.751,0,0,0.0
2021-03-01,Atacama Kozan,0.943,atacama kozan,0.0,0.0,408.459,0,0,0.0
2021-04-01,Atacama Kozan,1.027,atacama kozan,0.0,0.0,423.454,0,0,0.0
2021-05-01,Atacama Kozan,1.098,atacama kozan,0.0,0.0,461.937,0,0,0.0
2021-06-01,Atacama Kozan,0.991,atacama kozan,0.0,0.0,436.013,0,0,0.0
2021-07-01,Atacama Kozan,1.125,atacama kozan,0.0,0.0,427.901,0,0,0.0
2021-08-01,Atacama Kozan,0.943,atacama kozan,0.0,0.0,424.435,0,0,0.0
2021-09-01,Atacama Kozan,0.884,atacama kozan,0.0,0.0,422.933,0,0,0.0
2021-10-01,Atacama Kozan,1.178,atacama kozan,0.0,0.0,443.545,0,0,0.0
2021-11-01,Atacama Kozan,0.987,atacama kozan,0.0,0.0,442.955,0,0,0.0
2021-12-01,Atacama Kozan,0.99,atacama kozan,0.0,0.0,433.195,0,0,0.0
2022-01-01,Atacama Kozan,0.886,atacama kozan,0.0,0.0,443.429,0,0,0.0
2022-02-01,Atacama Kozan,1.054,atacama kozan,0.0,0.0,450.932,0,0,0.0
2022-03-01,Atacama Kozan,1.008,atacama kozan,0.0,0.0,464.369,0,0,0.0
2022-04-01,Atacama Kozan,1.047,atacama kozan,0.0,0.0,461.899,0,0,0.0
2022-05-01,Atacama Kozan,1.172,atacama kozan,0.0,0.0,424.69,0,0,0.0
2022-06-01,Atacama Kozan,1.3350819694999998,atacama kozan,0.0,0.0,409.736,0,0,0.0
2022-07-01,Atacama Kozan,1.2634086232,atacama kozan,0.0,0.0,341.545,0,0,0.0
2022-08-01,Atacama Kozan,1.348477930635,atacama kozan,0.0,0.0,361.104,0,0,0.0
2022-09-01,Atacama Kozan,1.14298256925,atacama kozan,0.0,0.0,350.84,0,0,0.0
2022-10-01,Atacama Kozan,1.176,atacama kozan,0.0,0.0,345.693,0,0,0.0
2022-11-01,Atacama Kozan,0.938011437185,atacama kozan,0.0,0.0,364.233,0,0,0.0
2022-12-01,Atacama Kozan,1.4223346267499997,atacama kozan,0.0,0.0,379.531,0,0,0.0
2023-01-01,Atacama Kozan,0.793,atacama kozan,0.0,0.0,408.224,0,0,0.0
2023-02-01,Atacama Kozan,0.786,atacama kozan,0.0,0.0,406.201,0,0,0.0
2023-03-01,Atacama Kozan,1.067,atacama kozan,0.0,0.0,400.782,0,0,0.0
2023-04-01,Atacama Kozan,1.374,atacama kozan,0.0,0.0,399.796,0,0,0.0
2023-05-01,Atacama Kozan,1.05,atacama kozan,0.0,0.0,373.501,0,0,0.0
2023-06-01,Atacama Kozan,1.19,atacama kozan,0.0,0.0,380.393,0,0,0.0
2023-07-01,Atacama Kozan,1.11,atacama kozan,0.0,0.0,383.071,0,0,0.0
2023-08-01,Atacama Kozan,1.252,atacama kozan,0.0,0.0,378.83,0,0,0.0
2023-09-01,Atacama Kozan,1.113,atacama kozan,0.0,0.0,375.16,0,0,0.0
2023-10-01,Atacama Kozan,1.207,atacama kozan,0.0,0.0,360.137,0,0,0.0
2023-11-01,Atacama Kozan,1.422,atacama kozan,0.0,0.0,370.764,0,0,0.0
2023-12-01,Atacama Kozan,1.301,atacama kozan,0.0,0.0,380.75,0,0,0.0
2024-01-01,Atacama Kozan,1.077,atacama kozan,0.0,0.0,378.491,0,0,0.0
2024-02-01,Atacama Kozan,0.977,atacama kozan,0.0,0.0,376.969,0,0,0.0
2024-03-01,Atacama Kozan,0.772,atacama kozan,0.0,0.0,393.52,0,0,0.0
2024-04-01,Atacama Kozan,0.668,atacama kozan,0.0,0.0,430.116,0,0,0.0
2024-05-01,Atacama Kozan,1.155,atacama kozan,0.0,0.0,459.447,0,0,0.0
2024-06-01,Atacama Kozan,0.714,atacama kozan,0.0,0.0,437.336,0,0,0.0
2024-07-01,Atacama Kozan,1.208,atacama kozan,0.0,0.0,426.085,0,0,0.0
2024-08-01,Atacama Kozan,0.704,atacama kozan,0.0,0.0,406.587,0,0,0.0
2024-09-01,Atacama Kozan,0.929,atacama kozan,0.0,0.0,419.777,0,0,0.0
2024-10-01,Atacama Kozan,1.234,atacama kozan,0.0,0.0,432.693,0,0,0.0
2024-11-01,Atacama Kozan,1.104,atacama kozan,0.0,0.0,411.625,0,0,0.0
2024-12-01,Atacama Kozan,0.959,atacama kozan,0.0,0.0,404.583,0,0,0.0
2025-01-01,Atacama Kozan,0.975,atacama kozan,0.0,0.0,407.216,0,0,0.0
2025-02-01,Atacama Kozan,0.848,atacama kozan,0.0,0.0,423.168,0,0,0.0
2025-03-01,Atacama Kozan,1.086,atacama kozan,0.0,0.0,441.394,0,0,0.0
2025-04-01,Atacama Kozan,0.923,atacama kozan,0.0,0.0,416.948,0,0,0.0
2025-05-01,Atacama Kozan,0.942,atacama kozan,0.0,0.0,432.263,0,0,0.0
2025-06-01,Atacama Kozan,0.758,atacama kozan,0.0,0.0,446.051,0,0,0.0
2025-07-01,Atacama Kozan,1.145,atacama kozan,0.0,0.0,443.533,0,0,0.0
2025-08-01,Atacama Kozan,0.91,atacama kozan,0.0,0.0,437.529,0,0,0.0
2025-09-01,Atacama Kozan,1.053,atacama kozan,0.0,0.0,451.448,0,0,0.0
2025-10-01,Atacama Kozan,1.019,atacama kozan,0.0,0.0,485.164,0,0,0.0
2025-11-01,Atacama Kozan,0.897,atacama kozan,0.0,0.0,489.915,0,0,0.0
2025-12-01,Atacama Kozan,1.067,atacama kozan,0.0,0.0,535.411,0,0,0.0
2026-01-01,Atacama Kozan,0.819,atacama kozan,0.0,0.0,535.411,0,0,0.0
2026-02-01,Atacama Kozan,0.796,atacama kozan,0.0,0.0,535.411,0,0,0.0
2026-03-01,Atacama Kozan,0.55,atacama kozan,0.0,0.0,535.411,0,0,0.0
2014-01-01,Candelaria,10.8,candelaria,927.5171096523648,0.0,330.891,1,0,0.0
2014-02-01,Candelaria,12.1,candelaria,922.7468772556874,0.0,324.416,1,0,0.0
2014-03-01,Candelaria,11.0,candelaria,918.0011782254368,0.0,302.448,1,0,0.0
2014-04-01,Candelaria,10.0,candelaria,913.2798863861948,0.0,302.584,1,0,0.0
2014-05-01,Candelaria,12.4,candelaria,908.5828762114648,0.0,312.247,1,1,0.0
2014-06-01,Candelaria,8.7,candelaria,903.9100228203348,0.0,308.719,1,1,0.0
2014-07-01,Candelaria,9.1,candelaria,899.2612019741563,0.0,322.255,1,1,0.0
2014-08-01,Candelaria,10.2,candelaria,894.6362900732427,0.0,317.54,1,1,0.0
2014-09-01,Candelaria,10.7,candelaria,890.0351641535815,0.0,311.719,1,1,0.0
2014-10-01,Candelaria,15.7,candelaria,885.457701883566,0.0,305.685,1,1,0.0
2014-11-01,Candelaria,10.9,candelaria,880.9037815607423,0.0,303.958,1,1,600.0
2014-12-01,Candelaria,13.1,candelaria,876.3732821085741,0.0,291.34,1,1,0.0
2015-01-01,Candelaria,12.8,candelaria,871.866083073223,0.0,263.802,1,1,0.0
2015-02-01,Candelaria,15.2,candelaria,867.3820646203461,0.0,258.642,1,1,0.0
2015-03-01,Candelaria,13.8,candelaria,862.9211075319106,0.0,268.792,1,1,0.0
2015-04-01,Candelaria,13.6,candelaria,858.4830932030231,0.0,273.447,1,1,0.0
2015-05-01,Candelaria,14.8,candelaria,854.0679036387769,0.0,285.791,1,1,0.0
2015-06-01,Candelaria,10.4,candelaria,849.6754214511145,0.0,264.608,1,1,0.0
2015-07-01,Candelaria,13.3,candelaria,845.3055298557068,0.0,247.521,1,1,0.0
2015-08-01,Candelaria,11.9,candelaria,840.958112668848,0.0,230.83,1,1,0.0
2015-09-01,Candelaria,11.6,candelaria,836.6330543043665,0.0,236.235,1,1,0.0
2015-10-01,Candelaria,10.9,candelaria,832.3302397705519,0.0,236.894,1,1,0.0
2015-11-01,Candelaria,10.7,candelaria,828.0495546670977,0.0,218.098,1,1,0.0
2015-12-01,Candelaria,11.2,candelaria,823.7908851820596,0.0,209.968,1,1,0.0
2016-01-01,Candelaria,11.2,candelaria,819.5541180888295,0.0,202.427,1,1,0.0
2016-02-01,Candelaria,11.5,candelaria,815.3391407431253,0.0,208.447,1,1,0.0
2016-03-01,Candelaria,11.4,candelaria,811.1458410799959,0.0,224.417,1,1,0.0
2016-04-01,Candelaria,9.4,candelaria,806.9741076108417,0.0,220.043,1,1,0.0
2016-05-01,Candelaria,10.2,candelaria,802.8238294204502,0.0,213.567,1,1,0.0
2016-06-01,Candelaria,9.3,candelaria,798.6948961640476,0.0,210.042,1,1,0.0
2016-07-01,Candelaria,9.3,candelaria,794.5871980643644,0.0,220.255,1,1,0.0
2016-08-01,Candelaria,10.6,candelaria,790.5006259087172,0.0,215.829,1,1,0.0
2016-09-01,Candelaria,11.2,candelaria,786.4350710461046,0.0,213.514,1,1,0.0
2016-10-01,Candelaria,10.3,candelaria,782.3904253843189,0.0,214.646,1,1,0.0
2016-11-01,Candelaria,13.1,candelaria,778.3665813870718,0.0,246.902,1,1,0.0
2016-12-01,Candelaria,17.9,candelaria,774.363432071136,0.0,257.017,1,1,0.0
2017-01-01,Candelaria,9.4,candelaria,770.3808710034997,0.0,260.245,1,1,0.0
2017-02-01,Candelaria,10.3,candelaria,766.4187922985377,0.0,269.504,1,1,0.0
2017-03-01,Candelaria,11.9,candelaria,762.4770906151961,0.0,264.06,1,1,0.0
2017-04-01,Candelaria,15.5,candelaria,758.5556611541911,0.0,258.442,1,1,0.0
2017-05-01,Candelaria,13.5,candelaria,754.6543996552231,0.0,253.626,1,1,0.0
2017-06-01,Candelaria,15.4,candelaria,750.7732023942046,0.0,258.524,1,1,0.0
2017-07-01,Candelaria,11.4,candelaria,746.9119661805024,0.0,271.185,1,1,0.0
2017-08-01,Candelaria,13.5,candelaria,743.070588354194,0.0,293.845,1,1,0.0
2017-09-01,Candelaria,15.2,candelaria,739.2489667833381,0.0,298.609,1,1,0.0
2017-10-01,Candelaria,12.0,candelaria,735.4469998612595,0.0,308.324,1,1,0.0
2017-11-01,Candelaria,10.3,candelaria,731.6645865038474,0.0,309.603,1,1,0.0
2017-12-01,Candelaria,11.9,candelaria,727.9016261468677,0.0,308.495,1,1,0.0
2018-01-01,Candelaria,7.0,candelaria,724.1580187432895,0.0,321.157,1,1,0.0
2018-02-01,Candelaria,7.9,candelaria,720.4336647606253,0.0,317.596,1,1,0.0
2018-03-01,Candelaria,10.0,candelaria,716.7284651782842,0.0,308.251,1,1,0.0
2018-04-01,Candelaria,8.7,candelaria,713.0423214849395,0.0,310.191,1,1,0.0
2018-05-01,Candelaria,9.6,candelaria,709.3751356759096,0.0,309.43,1,1,0.0
2018-06-01,Candelaria,8.2,candelaria,705.7268102505523,0.0,315.464,1,1,0.0
2018-07-01,Candelaria,7.4,candelaria,702.0972482096722,0.0,283.413,1,1,0.0
2018-08-01,Candelaria,9.8,candelaria,698.4863530529423,0.0,273.959,1,1,0.0
2018-09-01,Candelaria,9.2,candelaria,694.8940287763378,0.0,273.064,1,1,0.0
2018-10-01,Candelaria,8.7,candelaria,691.320179869584,0.0,281.948,1,1,0.0
2018-11-01,Candelaria,6.7,candelaria,687.7647113136165,0.0,280.91,1,1,0.0
2018-12-01,Candelaria,8.5,candelaria,684.2275285780556,0.0,276.429,1,1,0.0
2019-01-01,Candelaria,7.8,candelaria,680.7085376186922,0.0,269.072,1,1,0.0
2019-02-01,Candelaria,6.9,candelaria,677.2076448749877,0.0,284.774,1,1,0.0
2019-03-01,Candelaria,9.4,candelaria,673.724757267587,0.0,292.614,1,1,0.0
2019-04-01,Candelaria,8.1,candelaria,670.2597821958431,0.0,292.345,1,1,0.0
2019-05-01,Candelaria,9.4,candelaria,666.812627535355,0.0,273.44,1,1,0.0
2019-06-01,Candelaria,8.0,candelaria,663.3832016355191,0.0,266.187,1,1,0.0
2019-07-01,Candelaria,10.7,candelaria,659.9714133170918,0.0,269.427,1,1,0.0
2019-08-01,Candelaria,12.7,candelaria,656.5771718697656,0.0,258.91,1,1,0.0
2019-09-01,Candelaria,8.4,candelaria,653.2003870497574,0.0,260.611,1,1,0.0
2019-10-01,Candelaria,9.4,candelaria,649.8409690774088,0.0,260.493,1,1,0.0
2019-11-01,Candelaria,10.0,candelaria,646.4988286347995,0.0,265.791,1,1,0.0
2019-12-01,Candelaria,10.6,candelaria,643.1738768633721,0.0,274.987,1,1,0.0
2020-01-01,Candelaria,8.24,candelaria,639.8660253615705,0.0,274.387,1,1,0.0
2020-02-01,Candelaria,10.609,candelaria,636.5751861824883,0.0,257.933,1,1,0.0
2020-03-01,Candelaria,9.288,candelaria,1233.3012718315315,600.0,234.901,1,1,0.0
2020-04-01,Candelaria,7.808,candelaria,1226.9583875649987,0.0,228.985,1,1,0.0
2020-05-01,Candelaria,10.748,candelaria,1220.648124833639,0.0,237.402,1,1,0.0
2020-06-01,Candelaria,8.69,candelaria,1214.370315864479,0.0,260.47,1,1,0.0
2020-07-01,Candelaria,10.129,candelaria,1208.124793747403,0.0,288.202,1,1,0.0
2020-08-01,Candelaria,8.757,candelaria,1201.911392430717,0.0,294.685,1,1,0.0
2020-09-01,Candelaria,8.025,candelaria,1195.729946716731,0.0,304.47,1,1,0.0
2020-10-01,Candelaria,4.465,candelaria,1189.580292257372,0.0,304.033,1,1,0.0
2020-11-01,Candelaria,0.803,candelaria,1183.4622655498088,0.0,320.392,1,1,0.0
2020-12-01,Candelaria,7.22,candelaria,1177.375703932108,0.0,351.772,1,1,0.0
2021-01-01,Candelaria,9.0,candelaria,1171.3204455789084,0.0,361.536,1,1,0.0
2021-02-01,Candelaria,7.553,candelaria,1165.2963294971196,0.0,383.751,1,1,0.0
2021-03-01,Candelaria,9.487,candelaria,1159.3031955216395,0.0,408.459,1,1,0.0
2021-04-01,Candelaria,8.987,candelaria,1153.3408843110983,0.0,423.454,1,1,0.0
2021-05-01,Candelaria,10.093,candelaria,1147.4092373436206,0.0,461.937,1,1,0.0
2021-06-01,Candelaria,8.178,candelaria,1141.5080969126102,0.0,436.013,1,1,0.0
2021-07-01,Candelaria,9.268,candelaria,1135.6373061225588,0.0,427.901,1,1,0.0
2021-08-01,Candelaria,9.399,candelaria,1129.7967088848736,0.0,424.435,1,1,0.0
2021-09-01,Candelaria,9.421,candelaria,1123.986149913727,0.0,422.933,1,1,0.0
2021-10-01,Candelaria,11.584,candelaria,1118.2054747219297,0.0,443.545,1,1,0.0
2021-11-01,Candelaria,12.052,candelaria,1112.45452961682,0.0,442.955,1,1,0.0
2021-12-01,Candelaria,13.604,candelaria,1106.7331616961812,0.0,433.195,1,1,0.0
2022-01-01,Candelaria,12.325,candelaria,1101.0412188441735,0.0,443.429,1,1,0.0
2022-02-01,Candelaria,8.3,candelaria,1095.3785497272922,0.0,450.932,1,1,0.0
2022-03-01,Candelaria,11.2,candelaria,1089.7450037903411,0.0,464.369,1,1,0.0
2022-04-01,Candelaria,12.4,candelaria,1084.1404312524323,0.0,461.899,1,1,0.0
2022-05-01,Candelaria,9.86,candelaria,1078.564683103003,0.0,424.69,1,1,0.0
2022-06-01,Candelaria,11.453,candelaria,1073.0176110978532,0.0,409.736,1,1,0.0
2022-07-01,Candelaria,10.720994127971508,candelaria,1067.499067755205,0.0,341.545,1,1,0.0
2022-08-01,Candelaria,11.790678134780835,candelaria,1062.008906351781,0.0,361.104,1,1,0.0
2022-09-01,Candelaria,8.919,candelaria,1056.5469809189035,0.0,350.84,1,1,0.0
2022-10-01,Candelaria,7.651,candelaria,1051.1131462386138,0.0,345.693,1,1,0.0
2022-11-01,Candelaria,9.883,candelaria,1045.7072578398108,0.0,364.233,1,1,0.0
2022-12-01,Candelaria,11.81,candelaria,1040.3291719944102,0.0,379.531,1,1,0.0
2023-01-01,Candelaria,11.93,candelaria,1034.9787457135233,0.0,408.224,1,1,0.0
2023-02-01,Candelaria,11.314,candelaria,1029.6558367436546,0.0,406.201,1,1,0.0
2023-03-01,Candelaria,10.677,candelaria,1024.3603035629203,0.0,400.782,1,1,0.0
2023-04-01,Candelaria,10.574,candelaria,1019.0920053772865,0.0,399.796,1,1,0.0
2023-05-01,Candelaria,9.755,candelaria,1013.8508021168228,0.0,373.501,1,1,0.0
2023-06-01,Candelaria,11.452,candelaria,1008.636554431982,0.0,380.393,1,1,0.0
2023-07-01,Candelaria,10.868,candelaria,1003.4491236898926,0.0,383.071,1,1,0.0
2023-08-01,Candelaria,9.187,candelaria,998.288371970674,0.0,378.83,1,1,0.0
2023-09-01,Candelaria,8.966,candelaria,993.1541620637691,0.0,375.16,1,1,0.0
2023-10-01,Candelaria,10.825,candelaria,988.0463574642968,0.0,360.137,1,1,0.0
2023-11-01,Candelaria,13.561,candelaria,982.964822369422,0.0,370.764,1,1,0.0
2023-12-01,Candelaria,11.81,candelaria,977.9094216747455,0.0,380.75,1,1,0.0
2024-01-01,Candelaria,10.264,candelaria,972.880020970712,0.0,378.491,1,1,0.0
2024-02-01,Candelaria,9.816,candelaria,967.8764865390352,0.0,376.969,1,1,0.0
2024-03-01,Candelaria,8.266,candelaria,962.8986853491454,0.0,393.52,1,1,0.0
2024-04-01,Candelaria,8.25,candelaria,957.9464850546492,0.0,430.116,1,1,0.0
2024-05-01,Candelaria,8.014,candelaria,953.0197539898136,0.0,459.447,1,1,0.0
2024-06-01,Candelaria,11.194,candelaria,948.1183611660632,0.0,437.336,1,1,0.0
2024-07-01,Candelaria,12.249,candelaria,943.2421762684992,0.0,426.085,1,1,0.0
2024-08-01,Candelaria,14.825,candelaria,938.3910696524335,0.0,406.587,1,1,0.0
2024-09-01,Candelaria,17.163,candelaria,933.564912339943,0.0,419.777,1,1,0.0
2024-10-01,Candelaria,16.627,candelaria,928.7635760164392,0.0,432.693,1,1,0.0
2024-11-01,Candelaria,11.683,candelaria,923.9869330272568,0.0,411.625,1,1,0.0
2024-12-01,Candelaria,13.715,candelaria,919.2348563742607,0.0,404.583,1,1,0.0
2025-01-01,Candelaria,10.406,candelaria,914.5072197124692,0.0,407.216,1,1,0.0
2025-02-01,Candelaria,10.376,candelaria,909.8038973466932,0.0,423.168,1,1,0.0
2025-03-01,Candelaria,11.171,candelaria,905.1247642281966,0.0,441.394,1,1,0.0
2025-04-01,Candelaria,12.069,candelaria,900.4696959513702,0.0,416.948,1,1,0.0
2025-05-01,Candelaria,8.769,candelaria,895.8385687504247,0.0,432.263,1,1,0.0
2025-06-01,Candelaria,10.476,candelaria,891.2312594960994,0.0,446.051,1,1,0.0
2025-07-01,Candelaria,10.102,candelaria,886.6476456923892,0.0,443.533,1,1,0.0
2025-08-01,Candelaria,10.9,candelaria,882.0876054732877,0.0,437.529,1,1,0.0
2025-09-01,Candelaria,11.638,candelaria,877.5510175995466,0.0,451.448,1,1,0.0
2025-10-01,Candelaria,10.193,candelaria,873.0377614554529,0.0,485.164,1,1,0.0
2025-11-01,Candelaria,7.854,candelaria,868.5477170456215,0.0,489.915,1,1,0.0
2025-12-01,Candelaria,11.228,candelaria,864.0807649918054,0.0,535.411,1,1,0.0
2026-01-01,Candelaria,10.398,candelaria,864.0807649918054,0.0,535.411,1,1,0.0
2026-02-01,Candelaria,9.518,candelaria,864.0807649918054,0.0,535.411,1,1,0.0
2026-03-01,Candelaria,7.716,candelaria,864.0807649918054,0.0,535.411,1,1,0.0
2014-01-01,Caserones,2.9,caserones,0.0,0.0,330.891,0,0,0.0
2014-02-01,Caserones,2.7,caserones,0.0,0.0,324.416,0,0,0.0
2014-03-01,Caserones,2.4,caserones,0.0,0.0,302.448,0,0,0.0
2014-04-01,Caserones,0.0,caserones,0.0,0.0,302.584,0,0,0.0
2014-05-01,Caserones,0.0,caserones,0.0,0.0,312.247,0,0,0.0
2014-06-01,Caserones,2.2,caserones,0.0,0.0,308.719,0,0,0.0
2014-07-01,Caserones,4.6,caserones,0.0,0.0,322.255,0,0,0.0
2014-08-01,Caserones,5.4,caserones,0.0,0.0,317.54,0,0,0.0
2014-09-01,Caserones,5.4,caserones,0.0,0.0,311.719,0,0,0.0
2014-10-01,Caserones,6.0,caserones,0.0,0.0,305.685,0,0,0.0
2014-11-01,Caserones,7.6,caserones,0.0,0.0,303.958,0,0,0.0
2014-12-01,Caserones,5.4,caserones,0.0,0.0,291.34,0,0,0.0
2015-01-01,Caserones,5.3,caserones,0.0,0.0,263.802,0,0,0.0
2015-02-01,Caserones,6.9,caserones,0.0,0.0,258.642,0,0,0.0
2015-03-01,Caserones,5.3,caserones,0.0,0.0,268.792,0,0,0.0
2015-04-01,Caserones,3.1,caserones,0.0,0.0,273.447,0,0,0.0
2015-05-01,Caserones,5.0,caserones,0.0,0.0,285.791,0,0,0.0
2015-06-01,Caserones,6.3,caserones,0.0,0.0,264.608,0,0,0.0
2015-07-01,Caserones,5.6,caserones,0.0,0.0,247.521,0,0,0.0
2015-08-01,Caserones,5.4,caserones,0.0,0.0,230.83,0,0,0.0
2015-09-01,Caserones,6.0,caserones,0.0,0.0,236.235,0,0,0.0
2015-10-01,Caserones,9.1,caserones,0.0,0.0,236.894,0,0,0.0
2015-11-01,Caserones,8.3,caserones,0.0,0.0,218.098,0,0,0.0
2015-12-01,Caserones,8.6,caserones,0.0,0.0,209.968,0,0,0.0
2016-01-01,Caserones,8.2,caserones,0.0,0.0,202.427,0,0,0.0
2016-02-01,Caserones,8.4,caserones,0.0,0.0,208.447,0,0,0.0
2016-03-01,Caserones,10.3,caserones,0.0,0.0,224.417,0,0,0.0
2016-04-01,Caserones,8.8,caserones,0.0,0.0,220.043,0,0,0.0
2016-05-01,Caserones,8.8,caserones,0.0,0.0,213.567,0,0,0.0
2016-06-01,Caserones,7.0,caserones,0.0,0.0,210.042,0,0,0.0
2016-07-01,Caserones,8.0,caserones,0.0,0.0,220.255,0,0,0.0
2016-08-01,Caserones,10.1,caserones,0.0,0.0,215.829,0,0,0.0
2016-09-01,Caserones,9.5,caserones,0.0,0.0,213.514,0,0,0.0
2016-10-01,Caserones,11.2,caserones,0.0,0.0,214.646,0,0,0.0
2016-11-01,Caserones,12.6,caserones,0.0,0.0,246.902,0,0,0.0
2016-12-01,Caserones,14.4,caserones,0.0,0.0,257.017,0,0,0.0
2017-01-01,Caserones,13.0,caserones,0.0,0.0,260.245,0,0,0.0
2017-02-01,Caserones,9.0,caserones,0.0,0.0,269.504,0,0,0.0
2017-03-01,Caserones,12.9,caserones,0.0,0.0,264.06,0,0,0.0
2017-04-01,Caserones,10.4,caserones,0.0,0.0,258.442,0,0,0.0
2017-05-01,Caserones,4.4,caserones,0.0,0.0,253.626,0,0,0.0
2017-06-01,Caserones,6.2,caserones,0.0,0.0,258.524,0,0,0.0
2017-07-01,Caserones,10.1,caserones,0.0,0.0,271.185,0,0,0.0
2017-08-01,Caserones,12.1,caserones,0.0,0.0,293.845,0,0,0.0
2017-09-01,Caserones,10.8,caserones,0.0,0.0,298.609,0,0,0.0
2017-10-01,Caserones,10.2,caserones,0.0,0.0,308.324,0,0,0.0
2017-11-01,Caserones,11.8,caserones,0.0,0.0,309.603,0,0,0.0
2017-12-01,Caserones,11.9,caserones,0.0,0.0,308.495,0,0,0.0
2018-01-01,Caserones,11.8,caserones,0.0,0.0,321.157,0,0,0.0
2018-02-01,Caserones,11.8,caserones,0.0,0.0,317.596,0,0,0.0
2018-03-01,Caserones,10.0,caserones,0.0,0.0,308.251,0,0,0.0
2018-04-01,Caserones,8.4,caserones,0.0,0.0,310.191,0,0,0.0
2018-05-01,Caserones,11.7,caserones,0.0,0.0,309.43,0,0,0.0
2018-06-01,Caserones,11.8,caserones,0.0,0.0,315.464,0,0,0.0
2018-07-01,Caserones,11.0,caserones,0.0,0.0,283.413,0,0,0.0
2018-08-01,Caserones,12.9,caserones,0.0,0.0,273.959,0,0,0.0
2018-09-01,Caserones,9.9,caserones,0.0,0.0,273.064,0,0,0.0
2018-10-01,Caserones,11.9,caserones,0.0,0.0,281.948,0,0,0.0
2018-11-01,Caserones,12.1,caserones,0.0,0.0,280.91,0,0,0.0
2018-12-01,Caserones,13.2,caserones,0.0,0.0,276.429,0,0,0.0
2019-01-01,Caserones,11.887,caserones,0.0,0.0,269.072,0,0,0.0
2019-02-01,Caserones,10.178,caserones,0.0,0.0,284.774,0,0,0.0
2019-03-01,Caserones,7.775,caserones,0.0,0.0,292.614,0,0,0.0
2019-04-01,Caserones,12.375,caserones,0.0,0.0,292.345,0,0,0.0
2019-05-01,Caserones,13.306,caserones,0.0,0.0,273.44,0,0,0.0
2019-06-01,Caserones,13.584,caserones,0.0,0.0,266.187,0,0,0.0
2019-07-01,Caserones,14.347,caserones,0.0,0.0,269.427,0,0,0.0
2019-08-01,Caserones,13.152,caserones,0.0,0.0,258.91,0,0,0.0
2019-09-01,Caserones,13.758,caserones,0.0,0.0,260.611,0,0,0.0
2019-10-01,Caserones,10.228,caserones,0.0,0.0,260.493,0,0,0.0
2019-11-01,Caserones,12.306,caserones,0.0,0.0,265.791,0,0,0.0
2019-12-01,Caserones,12.633,caserones,0.0,0.0,274.987,0,0,0.0
2020-01-01,Caserones,11.611,caserones,0.0,0.0,274.387,0,0,0.0
2020-02-01,Caserones,11.867,caserones,0.0,0.0,257.933,0,0,0.0
2020-03-01,Caserones,11.359,caserones,0.0,0.0,234.901,0,0,0.0
2020-04-01,Caserones,10.122,caserones,0.0,0.0,228.985,0,0,0.0
2020-05-01,Caserones,13.69,caserones,0.0,0.0,237.402,0,0,0.0
2020-06-01,Caserones,11.666,caserones,0.0,0.0,260.47,0,0,0.0
2020-07-01,Caserones,9.481,caserones,0.0,0.0,288.202,0,0,0.0
2020-08-01,Caserones,7.716,caserones,0.0,0.0,294.685,0,0,0.0
2020-09-01,Caserones,7.931,caserones,0.0,0.0,304.47,0,0,0.0
2020-10-01,Caserones,11.726,caserones,0.0,0.0,304.033,0,0,0.0
2020-11-01,Caserones,8.737,caserones,0.0,0.0,320.392,0,0,0.0
2020-12-01,Caserones,10.524,caserones,0.0,0.0,351.772,0,0,0.0
2021-01-01,Caserones,8.761,caserones,0.0,0.0,361.536,0,0,0.0
2021-02-01,Caserones,10.577,caserones,0.0,0.0,383.751,0,0,0.0
2021-03-01,Caserones,10.001,caserones,0.0,0.0,408.459,0,0,0.0
2021-04-01,Caserones,9.778,caserones,0.0,0.0,423.454,0,0,0.0
2021-05-01,Caserones,8.968,caserones,0.0,0.0,461.937,0,0,0.0
2021-06-01,Caserones,7.734,caserones,0.0,0.0,436.013,0,0,0.0
2021-07-01,Caserones,10.492,caserones,0.0,0.0,427.901,0,0,0.0
2021-08-01,Caserones,3.788,caserones,0.0,0.0,424.435,0,0,0.0
2021-09-01,Caserones,6.975,caserones,0.0,0.0,422.933,0,0,0.0
2021-10-01,Caserones,12.675,caserones,0.0,0.0,443.545,0,0,0.0
2021-11-01,Caserones,8.827,caserones,0.0,0.0,442.955,0,0,0.0
2021-12-01,Caserones,11.099,caserones,0.0,0.0,433.195,0,0,0.0
2022-01-01,Caserones,12.422,caserones,0.0,0.0,443.429,0,0,0.0
2022-02-01,Caserones,10.107,caserones,0.0,0.0,450.932,0,0,0.0
2022-03-01,Caserones,12.384,caserones,0.0,0.0,464.369,0,0,0.0
2022-04-01,Caserones,8.945,caserones,0.0,0.0,461.899,0,0,0.0
2022-05-01,Caserones,12.681182199504477,caserones,0.0,0.0,424.69,0,0,0.0
2022-06-01,Caserones,12.120456713492976,caserones,0.0,0.0,409.736,0,0,0.0
2022-07-01,Caserones,4.999,caserones,0.0,0.0,341.545,0,0,0.0
2022-08-01,Caserones,5.826,caserones,0.0,0.0,361.104,0,0,0.0
2022-09-01,Caserones,9.74080647042956,caserones,0.0,0.0,350.84,0,0,0.0
2022-10-01,Caserones,10.426297993513188,caserones,0.0,0.0,345.693,0,0,0.0
2022-11-01,Caserones,12.093,caserones,0.0,0.0,364.233,0,0,0.0
2022-12-01,Caserones,12.384,caserones,0.0,0.0,379.531,0,0,0.0
2023-01-01,Caserones,11.351,caserones,0.0,0.0,408.224,0,0,0.0
2023-02-01,Caserones,9.145,caserones,0.0,0.0,406.201,0,0,0.0
2023-03-01,Caserones,12.49,caserones,0.0,0.0,400.782,0,0,0.0
2023-04-01,Caserones,9.161,caserones,0.0,0.0,399.796,0,0,0.0
2023-05-01,Caserones,13.262,caserones,0.0,0.0,373.501,0,0,0.0
2023-06-01,Caserones,13.392,caserones,0.0,0.0,380.393,0,0,0.0
2023-07-01,Caserones,10.542,caserones,0.0,0.0,383.071,0,0,0.0
2023-08-01,Caserones,12.065,caserones,0.0,0.0,378.83,0,0,0.0
2023-09-01,Caserones,10.836,caserones,0.0,0.0,375.16,0,0,0.0
2023-10-01,Caserones,9.659,caserones,0.0,0.0,360.137,0,0,0.0
2023-11-01,Caserones,12.764,caserones,0.0,0.0,370.764,0,0,0.0
2023-12-01,Caserones,12.467,caserones,0.0,0.0,380.75,0,0,0.0
2024-01-01,Caserones,12.849,caserones,0.0,0.0,378.491,0,0,0.0
2024-02-01,Caserones,9.708,caserones,0.0,0.0,376.969,0,0,0.0
2024-03-01,Caserones,11.66,caserones,0.0,0.0,393.52,0,0,0.0
2024-04-01,Caserones,7.891,caserones,0.0,0.0,430.116,0,0,0.0
2024-05-01,Caserones,10.739,caserones,0.0,0.0,459.447,0,0,0.0
2024-06-01,Caserones,11.145,caserones,0.0,0.0,437.336,0,0,0.0
2024-07-01,Caserones,9.504,caserones,0.0,0.0,426.085,0,0,0.0
2024-08-01,Caserones,8.12,caserones,0.0,0.0,406.587,0,0,0.0
2024-09-01,Caserones,11.259,caserones,0.0,0.0,419.777,0,0,0.0
2024-10-01,Caserones,10.004,caserones,0.0,0.0,432.693,0,0,0.0
2024-11-01,Caserones,11.408,caserones,0.0,0.0,411.625,0,0,0.0
2024-12-01,Caserones,10.325,caserones,0.0,0.0,404.583,0,0,0.0
2025-01-01,Caserones,9.863,caserones,0.0,0.0,407.216,0,0,0.0
2025-02-01,Caserones,9.315,caserones,0.0,0.0,423.168,0,0,0.0
2025-03-01,Caserones,9.532,caserones,0.0,0.0,441.394,0,0,0.0
2025-04-01,Caserones,8.984,caserones,0.0,0.0,416.948,0,0,0.0
2025-05-01,Caserones,9.27,caserones,0.0,0.0,432.263,0,0,0.0
2025-06-01,Caserones,11.036,caserones,0.0,0.0,446.051,0,0,0.0
2025-07-01,Caserones,11.837,caserones,0.0,0.0,443.533,0,0,0.0
2025-08-01,Caserones,11.687,caserones,0.0,0.0,437.529,0,0,0.0
2025-09-01,Caserones,11.746,caserones,0.0,0.0,451.448,0,0,0.0
2025-10-01,Caserones,10.893,caserones,0.0,0.0,485.164,0,0,0.0
2025-11-01,Caserones,13.494,caserones,0.0,0.0,489.915,0,0,0.0
2025-12-01,Caserones,15.225,caserones,0.0,0.0,535.411,0,0,0.0
2026-01-01,Caserones,13.375,caserones,0.0,0.0,535.411,0,0,0.0
2026-02-01,Caserones,11.647,caserones,0.0,0.0,535.411,0,0,0.0
2026-03-01,Caserones,13.529,caserones,0.0,0.0,535.411,0,0,0.0
2014-01-01,Centinela (súlfuros),13.4,centinela,2654.798509944465,172.0,330.891,0,0,0.0
2014-02-01,Centinela (súlfuros),13.2,centinela,2641.144847141916,0.0,324.416,0,0,44.0
2014-03-01,Centinela (súlfuros),15.0,centinela,2627.5614053023623,0.0,302.448,0,0,0.0
2014-04-01,Centinela (súlfuros),16.0,centinela,2614.0478232784894,0.0,302.584,0,0,0.0
2014-05-01,Centinela (súlfuros),15.0,centinela,2600.6037417803695,0.0,312.247,0,1,0.0
2014-06-01,Centinela (súlfuros),12.8,centinela,2587.2288033659065,0.0,308.719,0,1,0.0
2014-07-01,Centinela (súlfuros),16.3,centinela,2573.9226524313335,0.0,322.255,0,1,172.0
2014-08-01,Centinela (súlfuros),14.1,centinela,2560.6849352017593,0.0,317.54,0,1,0.0
2014-09-01,Centinela (súlfuros),14.1,centinela,2547.515299721761,0.0,311.719,0,1,0.0
2014-10-01,Centinela (súlfuros),14.2,centinela,2540.8133958460267,6.4,305.685,0,1,0.0
2014-11-01,Centinela (súlfuros),18.4,centinela,2534.145959947923,6.4,303.958,0,1,0.0
2014-12-01,Centinela (súlfuros),18.2,centinela,2565.1128147581985,44.0,291.34,0,1,0.0
2015-01-01,Centinela (súlfuros),14.3,centinela,2631.920406636824,80.0,263.802,0,1,0.0
2015-02-01,Centinela (súlfuros),14.8,centinela,2618.384406213154,0.0,258.642,0,1,0.0
2015-03-01,Centinela (súlfuros),9.4,centinela,2604.9180216133545,0.0,268.792,0,1,0.0
2015-04-01,Centinela (súlfuros),16.5,centinela,2591.52089480235,0.0,273.447,0,1,0.0
2015-05-01,Centinela (súlfuros),12.5,centinela,2578.1926695864445,0.0,285.791,0,1,0.0
2015-06-01,Centinela (súlfuros),10.9,centinela,6914.93309160385,4350.0001,264.608,0,1,0.0
2015-07-01,Centinela (súlfuros),12.5,centinela,6879.369501982534,0.0,247.521,0,1,0.0
2015-08-01,Centinela (súlfuros),10.3,centinela,6843.988816358986,0.0,230.83,0,1,0.0
2015-09-01,Centinela (súlfuros),9.2,centinela,6808.790094055599,0.0,236.235,0,1,0.0
2015-10-01,Centinela (súlfuros),11.9,centinela,6773.772399232682,0.0,236.894,0,1,0.0
2015-11-01,Centinela (súlfuros),11.0,centinela,6738.93480086358,0.0,218.098,0,1,0.0
2015-12-01,Centinela (súlfuros),11.9,centinela,6704.27637270992,0.0,209.968,0,1,0.0
2016-01-01,Centinela (súlfuros),11.7,centinela,6669.796193296986,0.0,202.427,0,1,0.0
2016-02-01,Centinela (súlfuros),12.3,centinela,6635.493345889216,0.0,208.447,0,1,0.0
2016-03-01,Centinela (súlfuros),13.2,centinela,6601.366918465832,0.0,224.417,0,1,0.0
2016-04-01,Centinela (súlfuros),9.6,centinela,6567.41600369659,0.0,220.043,0,1,0.0
2016-05-01,Centinela (súlfuros),13.1,centinela,6533.639698917659,0.0,213.567,0,1,0.0
2016-06-01,Centinela (súlfuros),13.3,centinela,6500.254106107617,0.217,210.042,0,1,0.0
2016-07-01,Centinela (súlfuros),15.7,centinela,6467.050215829796,0.227,220.255,0,1,0.290651
2016-08-01,Centinela (súlfuros),16.0,centinela,6433.79009358574,0.0,215.829,0,1,0.0
2016-09-01,Centinela (súlfuros),16.0,centinela,6400.701028577173,0.0,213.514,0,1,448.0
2016-10-01,Centinela (súlfuros),14.0,centinela,6367.782141054538,0.0,214.646,0,1,0.0
2016-11-01,Centinela (súlfuros),21.5,centinela,6364.032555792842,29.0,246.902,0,1,0.0
2016-12-01,Centinela (súlfuros),24.0,centinela,6331.30225469626,0.0,257.017,0,1,0.0
2017-01-01,Centinela (súlfuros),16.4,centinela,6758.740285958208,460.0,260.245,0,1,0.0
2017-02-01,Centinela (súlfuros),12.1,centinela,6723.979997940566,0.0,269.504,0,1,0.0
2017-03-01,Centinela (súlfuros),10.5,centinela,6689.398482530237,0.0,264.06,0,1,0.0
2017-04-01,Centinela (súlfuros),14.0,centinela,6654.9948202974065,0.0,258.442,0,1,0.0
2017-05-01,Centinela (súlfuros),17.5,centinela,6620.768096540902,0.0,253.626,0,1,0.0
2017-06-01,Centinela (súlfuros),15.8,centinela,6586.717401263868,0.0,258.524,0,1,0.0
2017-07-01,Centinela (súlfuros),17.7,centinela,6552.841829149576,0.0,271.185,0,1,0.0
2017-08-01,Centinela (súlfuros),18.0,centinela,6519.140479537354,0.0,293.845,0,1,0.0
2017-09-01,Centinela (súlfuros),11.6,centinela,6485.612456398637,0.0,298.609,0,1,0.0
2017-10-01,Centinela (súlfuros),9.3,centinela,6452.256868313148,0.0,308.324,0,1,0.0
2017-11-01,Centinela (súlfuros),10.4,centinela,6419.072828445195,0.0,309.603,0,1,0.0
2017-12-01,Centinela (súlfuros),10.5,centinela,6386.059454520096,0.0,308.495,0,1,0.0
2018-01-01,Centinela (súlfuros),7.8,centinela,6353.215868800715,0.0,321.157,0,1,0.0
2018-02-01,Centinela (súlfuros),8.1,centinela,6320.541198064132,0.0,317.596,0,1,0.0
2018-03-01,Centinela (súlfuros),9.4,centinela,6288.034573578422,0.0,308.251,0,1,0.0
2018-04-01,Centinela (súlfuros),11.4,centinela,6255.695131079562,0.0,310.191,0,1,0.0
2018-05-01,Centinela (súlfuros),11.7,centinela,6240.522010748447,17.0,309.43,0,1,0.0
2018-06-01,Centinela (súlfuros),11.2,centinela,6208.426925969895,0.0,315.464,0,1,0.0
2018-07-01,Centinela (súlfuros),8.6,centinela,6176.4969066241965,0.0,283.413,0,1,0.0
2018-08-01,Centinela (súlfuros),11.0,centinela,6144.7311037777135,0.0,273.959,0,1,0.0
2018-09-01,Centinela (súlfuros),16.1,centinela,6113.128672862883,0.0,273.064,0,1,0.0
2018-10-01,Centinela (súlfuros),16.7,centinela,6081.688773655765,0.0,281.948,0,1,0.0
2018-11-01,Centinela (súlfuros),19.0,centinela,6050.4105702537,0.0,280.91,0,1,0.0
2018-12-01,Centinela (súlfuros),24.4,centinela,6019.293231053088,0.0,276.429,0,1,0.0
2019-01-01,Centinela (súlfuros),16.6,centinela,5988.335928727277,0.0,269.072,0,1,0.0
2019-02-01,Centinela (súlfuros),12.4,centinela,5957.8284912045665,0.290651,284.774,0,1,0.0
2019-03-01,Centinela (súlfuros),15.6,centinela,5927.477953824501,0.290651,292.614,0,1,0.0
2019-04-01,Centinela (súlfuros),15.3,centinela,5896.992858647634,0.0,292.345,0,1,0.0
2019-05-01,Centinela (súlfuros),22.0,centinela,5866.664548706442,0.0,273.44,0,1,0.0
2019-06-01,Centinela (súlfuros),18.2,centinela,5836.492217652443,0.0,266.187,0,1,0.0
2019-07-01,Centinela (súlfuros),20.8,centinela,5806.475063284222,0.0,269.427,0,1,0.0
2019-08-01,Centinela (súlfuros),19.2,centinela,5776.612287526092,0.0,258.91,0,1,0.0
2019-09-01,Centinela (súlfuros),16.7,centinela,5746.903096406879,0.0,260.611,0,1,6.4
2019-10-01,Centinela (súlfuros),10.9,centinela,5717.3467000388155,0.0,260.493,0,1,0.0
2019-11-01,Centinela (súlfuros),16.4,centinela,5687.942312596535,0.0,265.791,0,1,0.0
2019-12-01,Centinela (súlfuros),11.4,centinela,5658.689152296182,0.0,274.987,0,1,6.4
2020-01-01,Centinela (súlfuros),17.118,centinela,5629.586441374626,0.0,274.387,0,1,0.0
2020-02-01,Centinela (súlfuros),11.687,centinela,5600.63340606878,0.0,257.933,0,1,0.0
2020-03-01,Centinela (súlfuros),14.805,centinela,5571.829276595032,0.0,234.901,0,1,0.0
2020-04-01,Centinela (súlfuros),11.087,centinela,5543.173287128777,0.0,228.985,0,1,0.0
2020-05-01,Centinela (súlfuros),10.895,centinela,5514.664675784055,0.0,237.402,0,1,0.0
2020-06-01,Centinela (súlfuros),9.226,centinela,5486.302684593297,0.0,260.47,0,1,0.0
2020-07-01,Centinela (súlfuros),9.824,centinela,5758.086559487169,300.0,288.202,0,1,17.0
2020-08-01,Centinela (súlfuros),9.706,centinela,5728.47264642498,0.0,294.685,0,1,0.0
2020-09-01,Centinela (súlfuros),12.521,centinela,5699.011038097669,0.0,304.47,0,1,0.0
2020-10-01,Centinela (súlfuros),15.832,centinela,5669.700951200032,0.0,304.033,0,1,0.0
2020-11-01,Centinela (súlfuros),16.005,centinela,5640.541606455412,0.0,320.392,0,1,0.0
2020-12-01,Centinela (súlfuros),14.8,centinela,5611.532228594981,0.0,351.772,0,1,0.0
2021-01-01,Centinela (súlfuros),16.0,centinela,5582.672046337128,0.0,361.536,0,1,0.0
2021-02-01,Centinela (súlfuros),12.8,centinela,6001.960292366957,448.0,383.751,0,1,0.0
2021-03-01,Centinela (súlfuros),16.5,centinela,5971.092133567222,0.0,408.459,0,1,0.0
2021-04-01,Centinela (súlfuros),15.9,centinela,5940.382730104288,0.0,423.454,0,1,0.0
2021-05-01,Centinela (súlfuros),14.5,centinela,5909.8312654974225,0.0,461.937,0,1,0.0
2021-06-01,Centinela (súlfuros),14.7,centinela,5879.436927465061,0.0,436.013,0,1,0.0
2021-07-01,Centinela (súlfuros),14.8,centinela,5849.198907903215,0.0,427.901,0,1,0.0
2021-08-01,Centinela (súlfuros),16.4,centinela,5819.116402863983,0.0,424.435,0,1,0.0
2021-09-01,Centinela (súlfuros),16.4,centinela,5789.1886125341825,0.0,422.933,0,1,0.0
2021-10-01,Centinela (súlfuros),14.5,centinela,5759.414741214076,0.0,443.545,0,1,0.0
2021-11-01,Centinela (súlfuros),16.8,centinela,5729.793997296221,0.0,442.955,0,1,80.0
2021-12-01,Centinela (súlfuros),16.1,centinela,5700.325593244424,0.0,433.195,0,1,0.0
2022-01-01,Centinela (súlfuros),12.413,centinela,5671.0087455728,0.0,443.429,0,1,0.0
2022-02-01,Centinela (súlfuros),9.6,centinela,5641.8426748249385,0.0,450.932,0,1,0.0
2022-03-01,Centinela (súlfuros),10.9,centinela,5612.826605553188,0.0,464.369,0,1,0.0
2022-04-01,Centinela (súlfuros),10.4,centinela,5583.95976629803,0.0,461.899,0,1,0.0
2022-05-01,Centinela (súlfuros),11.780305991308746,centinela,5555.241389567576,0.0,424.69,0,1,0.0
2022-06-01,Centinela (súlfuros),11.174141394187815,centinela,5526.670711817156,0.0,409.736,0,1,0.0
2022-07-01,Centinela (súlfuros),12.22597924234586,centinela,5498.246973429021,0.0,341.545,0,1,0.0
2022-08-01,Centinela (súlfuros),11.273903440578154,centinela,5469.969418692143,0.0,361.104,0,1,0.0
2022-09-01,Centinela (súlfuros),14.096,centinela,5441.83729578213,0.0,350.84,0,1,0.0
2022-10-01,Centinela (súlfuros),14.262,centinela,5413.84985674123,0.0,345.693,0,1,4350.0001
2022-11-01,Centinela (súlfuros),14.39,centinela,5386.0063574584465,0.0,364.233,0,1,0.0
2022-12-01,Centinela (súlfuros),16.838,centinela,5358.306057649757,0.0,379.531,0,1,0.0
2023-01-01,Centinela (súlfuros),9.888067271067618,centinela,5330.74822083843,0.0,408.224,0,1,0.0
2023-02-01,Centinela (súlfuros),13.751698567638472,centinela,5303.332114335441,0.0,406.201,0,1,0.0
2023-03-01,Centinela (súlfuros),14.565521794319944,centinela,5276.057009219995,0.0,400.782,0,1,0.0
2023-04-01,Centinela (súlfuros),12.806759283752966,centinela,5248.922180320147,0.0,399.796,0,1,0.0
2023-05-01,Centinela (súlfuros),11.837,centinela,5221.92690619352,0.0,373.501,0,1,0.0
2023-06-01,Centinela (súlfuros),11.385,centinela,5195.0704691081255,0.0,380.393,0,1,0.0
2023-07-01,Centinela (súlfuros),14.484,centinela,5168.352155023278,0.0,383.071,0,1,0.0
2023-08-01,Centinela (súlfuros),12.501,centinela,5141.771253570613,0.0,378.83,0,1,0.0
2023-09-01,Centinela (súlfuros),15.802,centinela,5115.327058035201,0.0,375.16,0,1,0.0
2023-10-01,Centinela (súlfuros),15.955,centinela,5089.018865336755,0.0,360.137,0,1,0.0
2023-11-01,Centinela (súlfuros),15.585,centinela,5062.845976010939,0.0,370.764,0,1,0.0
2023-12-01,Centinela (súlfuros),14.12,centinela,5036.807694190771,0.0,380.75,0,1,0.0
2024-01-01,Centinela (súlfuros),6.318,centinela,5010.903327588124,0.0,378.491,1,1,0.0
2024-02-01,Centinela (súlfuros),9.169,centinela,4985.132187475314,0.0,376.969,1,1,0.0
2024-03-01,Centinela (súlfuros),7.564,centinela,4959.4935886667945,0.0,393.52,1,1,0.0
2024-04-01,Centinela (súlfuros),6.862,centinela,4933.986849500938,0.0,430.116,1,1,0.0
2024-05-01,Centinela (súlfuros),7.434,centinela,4908.611291821909,0.0,459.447,1,1,0.0
2024-06-01,Centinela (súlfuros),6.289,centinela,4883.366240961637,0.0,437.336,1,1,0.0
2024-07-01,Centinela (súlfuros),8.002,centinela,4858.251025721881,0.0,426.085,1,1,0.0
2024-08-01,Centinela (súlfuros),10.382,centinela,4833.264978356377,0.0,406.587,1,1,80.0
2024-09-01,Centinela (súlfuros),13.2,centinela,4808.407434553089,0.0,419.777,1,1,300.0
2024-10-01,Centinela (súlfuros),14.916,centinela,4783.67773341655,0.0,432.693,1,1,0.0
2024-11-01,Centinela (súlfuros),15.156,centinela,4759.075217450283,0.0,411.625,1,1,7.148
2024-12-01,Centinela (súlfuros),16.547,centinela,4734.599232539325,0.0,404.583,1,1,0.0
2025-01-01,Centinela (súlfuros),10.271,centinela,4710.249127932837,0.0,407.216,1,1,0.0
2025-02-01,Centinela (súlfuros),11.971,centinela,4693.172256226796,7.148,423.168,1,1,0.0
2025-03-01,Centinela (súlfuros),13.609,centinela,4669.035211091066,0.0,441.394,1,1,0.0
2025-04-01,Centinela (súlfuros),13.707,centinela,4645.022303088192,0.0,416.948,1,1,0.0
2025-05-01,Centinela (súlfuros),14.516,centinela,4621.132893779305,0.0,432.263,1,1,0.0
2025-06-01,Centinela (súlfuros),16.274,centinela,4597.366348009039,0.0,446.051,1,1,0.217
2025-07-01,Centinela (súlfuros),13.979,centinela,4573.722033888637,0.0,443.533,1,1,0.0
2025-08-01,Centinela (súlfuros),14.817,centinela,4550.199322779156,0.0,437.529,1,1,17.0
2025-09-01,Centinela (súlfuros),16.338,centinela,4526.797589274751,0.0,451.448,1,1,0.0
2025-10-01,Centinela (súlfuros),17.195,centinela,4503.516211186045,0.0,485.164,1,1,0.0
2025-11-01,Centinela (súlfuros),14.933,centinela,4480.3545695235925,0.0,489.915,1,1,0.0
2025-12-01,Centinela (súlfuros),16.713,centinela,4457.312048481416,0.0,535.411,1,1,0.0
2026-01-01,Centinela (súlfuros),14.005,centinela,4457.312048481416,0.0,535.411,1,1,0.0
2026-02-01,Centinela (súlfuros),7.372,centinela,4457.312048481416,0.0,535.411,1,1,0.0
2026-03-01,Centinela (súlfuros),14.371,centinela,4457.312048481416,0.0,535.411,1,1,0.0
2014-01-01,Centinela (óxidos),7.6,centinela,2654.798509944465,172.0,330.891,0,0,7.148
2014-02-01,Centinela (óxidos),7.7,centinela,2641.144847141916,0.0,324.416,0,0,0.0
2014-03-01,Centinela (óxidos),8.4,centinela,2627.5614053023623,0.0,302.448,0,0,0.0
2014-04-01,Centinela (óxidos),8.0,centinela,2614.0478232784894,0.0,302.584,0,0,0.0
2014-05-01,Centinela (óxidos),6.5,centinela,2600.6037417803695,0.0,312.247,0,1,0.0
2014-06-01,Centinela (óxidos),7.8,centinela,2587.2288033659065,0.0,308.719,0,1,0.0
2014-07-01,Centinela (óxidos),5.8,centinela,2573.9226524313335,0.0,322.255,0,1,0.0
2014-08-01,Centinela (óxidos),7.6,centinela,2560.6849352017593,0.0,317.54,0,1,0.0
2014-09-01,Centinela (óxidos),8.6,centinela,2547.515299721761,0.0,311.719,0,1,0.0
2014-10-01,Centinela (óxidos),7.6,centinela,2540.8133958460267,6.4,305.685,0,1,0.0
2014-11-01,Centinela (óxidos),8.5,centinela,2534.145959947923,6.4,303.958,0,1,0.0
2014-12-01,Centinela (óxidos),9.7,centinela,2565.1128147581985,44.0,291.34,0,1,0.0
2015-01-01,Centinela (óxidos),8.0,centinela,2631.920406636824,80.0,263.802,0,1,0.0
2015-02-01,Centinela (óxidos),6.8,centinela,2618.384406213154,0.0,258.642,0,1,0.0
2015-03-01,Centinela (óxidos),7.1,centinela,2604.9180216133545,0.0,268.792,0,1,0.0
2015-04-01,Centinela (óxidos),6.5,centinela,2591.52089480235,0.0,273.447,0,1,0.0
2015-05-01,Centinela (óxidos),6.1,centinela,2578.1926695864445,0.0,285.791,0,1,0.0
2015-06-01,Centinela (óxidos),5.5,centinela,6914.93309160385,4350.0001,264.608,0,1,0.0
2015-07-01,Centinela (óxidos),6.1,centinela,6879.369501982534,0.0,247.521,0,1,0.0
2015-08-01,Centinela (óxidos),6.1,centinela,6843.988816358986,0.0,230.83,0,1,0.0
2015-09-01,Centinela (óxidos),6.5,centinela,6808.790094055599,0.0,236.235,0,1,0.0
2015-10-01,Centinela (óxidos),6.2,centinela,6773.772399232682,0.0,236.894,0,1,0.217
2015-11-01,Centinela (óxidos),5.6,centinela,6738.93480086358,0.0,218.098,0,1,0.0
2015-12-01,Centinela (óxidos),5.4,centinela,6704.27637270992,0.0,209.968,0,1,0.0
2016-01-01,Centinela (óxidos),4.8,centinela,6669.796193296986,0.0,202.427,0,1,0.0
2016-02-01,Centinela (óxidos),3.8,centinela,6635.493345889216,0.0,208.447,0,1,0.0
2016-03-01,Centinela (óxidos),4.0,centinela,6601.366918465832,0.0,224.417,0,1,0.0
2016-04-01,Centinela (óxidos),4.4,centinela,6567.41600369659,0.0,220.043,0,1,0.0
2016-05-01,Centinela (óxidos),4.3,centinela,6533.639698917659,0.0,213.567,0,1,0.0
2016-06-01,Centinela (óxidos),3.6,centinela,6500.254106107617,0.217,210.042,0,1,0.0
2016-07-01,Centinela (óxidos),4.1,centinela,6467.050215829796,0.227,220.255,0,1,0.0
2016-08-01,Centinela (óxidos),4.6,centinela,6433.79009358574,0.0,215.829,0,1,0.0
2016-09-01,Centinela (óxidos),5.6,centinela,6400.701028577173,0.0,213.514,0,1,0.0
2016-10-01,Centinela (óxidos),5.2,centinela,6367.782141054538,0.0,214.646,0,1,0.0
2016-11-01,Centinela (óxidos),5.6,centinela,6364.032555792842,29.0,246.902,0,1,0.0
2016-12-01,Centinela (óxidos),5.8,centinela,6331.30225469626,0.0,257.017,0,1,0.0
2017-01-01,Centinela (óxidos),5.3,centinela,6758.740285958208,460.0,260.245,0,1,0.0
2017-02-01,Centinela (óxidos),5.0,centinela,6723.979997940566,0.0,269.504,0,1,0.0
2017-03-01,Centinela (óxidos),6.2,centinela,6689.398482530237,0.0,264.06,0,1,0.0
2017-04-01,Centinela (óxidos),3.9,centinela,6654.9948202974065,0.0,258.442,0,1,0.0
2017-05-01,Centinela (óxidos),5.5,centinela,6620.768096540902,0.0,253.626,0,1,0.0
2017-06-01,Centinela (óxidos),4.4,centinela,6586.717401263868,0.0,258.524,0,1,0.0
2017-07-01,Centinela (óxidos),4.3,centinela,6552.841829149576,0.0,271.185,0,1,0.0
2017-08-01,Centinela (óxidos),4.4,centinela,6519.140479537354,0.0,293.845,0,1,0.0
2017-09-01,Centinela (óxidos),4.6,centinela,6485.612456398637,0.0,298.609,0,1,0.0
2017-10-01,Centinela (óxidos),5.5,centinela,6452.256868313148,0.0,308.324,0,1,0.0
2017-11-01,Centinela (óxidos),6.9,centinela,6419.072828445195,0.0,309.603,0,1,0.0
2017-12-01,Centinela (óxidos),8.5,centinela,6386.059454520096,0.0,308.495,0,1,0.0
2018-01-01,Centinela (óxidos),7.8,centinela,6353.215868800715,0.0,321.157,0,1,0.0
2018-02-01,Centinela (óxidos),6.7,centinela,6320.541198064132,0.0,317.596,0,1,0.0
2018-03-01,Centinela (óxidos),7.5,centinela,6288.034573578422,0.0,308.251,0,1,0.0
2018-04-01,Centinela (óxidos),7.2,centinela,6255.695131079562,0.0,310.191,0,1,0.0
2018-05-01,Centinela (óxidos),7.9,centinela,6240.522010748447,17.0,309.43,0,1,0.0
2018-06-01,Centinela (óxidos),7.1,centinela,6208.426925969895,0.0,315.464,0,1,460.0
2018-07-01,Centinela (óxidos),7.1,centinela,6176.4969066241965,0.0,283.413,0,1,0.0
2018-08-01,Centinela (óxidos),7.6,centinela,6144.7311037777135,0.0,273.959,0,1,0.0
2018-09-01,Centinela (óxidos),7.5,centinela,6113.128672862883,0.0,273.064,0,1,0.0
2018-10-01,Centinela (óxidos),8.1,centinela,6081.688773655765,0.0,281.948,0,1,0.0
2018-11-01,Centinela (óxidos),8.0,centinela,6050.4105702537,0.0,280.91,0,1,0.0
2018-12-01,Centinela (óxidos),10.1,centinela,6019.293231053088,0.0,276.429,0,1,0.0
2019-01-01,Centinela (óxidos),9.1,centinela,5988.335928727277,0.0,269.072,0,1,0.290651
2019-02-01,Centinela (óxidos),7.4,centinela,5957.8284912045665,0.290651,284.774,0,1,0.0
2019-03-01,Centinela (óxidos),7.7,centinela,5927.477953824501,0.290651,292.614,0,1,0.0
2019-04-01,Centinela (óxidos),6.4,centinela,5896.992858647634,0.0,292.345,0,1,0.227
2019-05-01,Centinela (óxidos),6.2,centinela,5866.664548706442,0.0,273.44,0,1,0.0
2019-06-01,Centinela (óxidos),5.0,centinela,5836.492217652443,0.0,266.187,0,1,0.0
2019-07-01,Centinela (óxidos),5.7,centinela,5806.475063284222,0.0,269.427,0,1,0.0
2019-08-01,Centinela (óxidos),6.2,centinela,5776.612287526092,0.0,258.91,0,1,0.0
2019-09-01,Centinela (óxidos),4.7,centinela,5746.903096406879,0.0,260.611,0,1,0.0
2019-10-01,Centinela (óxidos),7.6,centinela,5717.3467000388155,0.0,260.493,0,1,0.0
2019-11-01,Centinela (óxidos),7.5,centinela,5687.942312596535,0.0,265.791,0,1,0.0
2019-12-01,Centinela (óxidos),7.6,centinela,5658.689152296182,0.0,274.987,0,1,0.0
2020-01-01,Centinela (óxidos),7.457,centinela,5629.586441374626,0.0,274.387,0,1,0.0
2020-02-01,Centinela (óxidos),7.415,centinela,5600.63340606878,0.0,257.933,0,1,29.0
2020-03-01,Centinela (óxidos),8.058,centinela,5571.829276595032,0.0,234.901,0,1,0.290651
2020-04-01,Centinela (óxidos),7.858,centinela,5543.173287128777,0.0,228.985,0,1,0.0
2020-05-01,Centinela (óxidos),7.979,centinela,5514.664675784055,0.0,237.402,0,1,0.0
2020-06-01,Centinela (óxidos),8.045,centinela,5486.302684593297,0.0,260.47,0,1,0.0
2020-07-01,Centinela (óxidos),7.874,centinela,5758.086559487169,300.0,288.202,0,1,0.0
2020-08-01,Centinela (óxidos),7.913,centinela,5728.47264642498,0.0,294.685,0,1,0.0
2020-09-01,Centinela (óxidos),7.356,centinela,5699.011038097669,0.0,304.47,0,1,0.0
2020-10-01,Centinela (óxidos),7.572,centinela,5669.700951200032,0.0,304.033,0,1,0.0
2020-11-01,Centinela (óxidos),7.76,centinela,5640.541606455412,0.0,320.392,0,1,0.0
2020-12-01,Centinela (óxidos),8.028,centinela,5611.532228594981,0.0,351.772,0,1,0.0
2021-01-01,Centinela (óxidos),7.833,centinela,5582.672046337128,0.0,361.536,0,1,0.0
2021-02-01,Centinela (óxidos),6.506,centinela,6001.960292366957,448.0,383.751,0,1,0.0
2021-03-01,Centinela (óxidos),7.178,centinela,5971.092133567222,0.0,408.459,0,1,0.0
2021-04-01,Centinela (óxidos),5.004,centinela,5940.382730104288,0.0,423.454,0,1,0.0
2021-05-01,Centinela (óxidos),7.303,centinela,5909.8312654974225,0.0,461.937,0,1,4350.0001
2021-06-01,Centinela (óxidos),7.865,centinela,5879.436927465061,0.0,436.013,0,1,0.0
2021-07-01,Centinela (óxidos),7.725,centinela,5849.198907903215,0.0,427.901,0,1,0.0
2021-08-01,Centinela (óxidos),7.602,centinela,5819.116402863983,0.0,424.435,0,1,0.0
2021-09-01,Centinela (óxidos),7.833,centinela,5789.1886125341825,0.0,422.933,0,1,0.0
2021-10-01,Centinela (óxidos),8.114,centinela,5759.414741214076,0.0,443.545,0,1,0.0
2021-11-01,Centinela (óxidos),7.877,centinela,5729.793997296221,0.0,442.955,0,1,0.0
2021-12-01,Centinela (óxidos),8.003,centinela,5700.325593244424,0.0,433.195,0,1,0.0
2022-01-01,Centinela (óxidos),7.583,centinela,5671.0087455728,0.0,443.429,0,1,0.0
2022-02-01,Centinela (óxidos),7.1,centinela,5641.8426748249385,0.0,450.932,0,1,0.0
2022-03-01,Centinela (óxidos),8.2,centinela,5612.826605553188,0.0,464.369,0,1,0.0
2022-04-01,Centinela (óxidos),8.0,centinela,5583.95976629803,0.0,461.899,0,1,0.0
2022-05-01,Centinela (óxidos),5.706,centinela,5555.241389567576,0.0,424.69,0,1,0.0
2022-06-01,Centinela (óxidos),8.534,centinela,5526.670711817156,0.0,409.736,0,1,172.0
2022-07-01,Centinela (óxidos),8.488439999999999,centinela,5498.246973429021,0.0,341.545,0,1,0.0
2022-08-01,Centinela (óxidos),8.462014999999997,centinela,5469.969418692143,0.0,361.104,0,1,0.0
2022-09-01,Centinela (óxidos),7.922,centinela,5441.83729578213,0.0,350.84,0,1,0.0
2022-10-01,Centinela (óxidos),9.618,centinela,5413.84985674123,0.0,345.693,0,1,300.0
2022-11-01,Centinela (óxidos),9.204,centinela,5386.0063574584465,0.0,364.233,0,1,0.0
2022-12-01,Centinela (óxidos),9.392,centinela,5358.306057649757,0.0,379.531,0,1,0.0
2023-01-01,Centinela (óxidos),7.836679,centinela,5330.74822083843,0.0,408.224,0,1,448.0
2023-02-01,Centinela (óxidos),5.385739,centinela,5303.332114335441,0.0,406.201,0,1,0.0
2023-03-01,Centinela (óxidos),6.302035,centinela,5276.057009219995,0.0,400.782,0,1,0.0
2023-04-01,Centinela (óxidos),6.065934,centinela,5248.922180320147,0.0,399.796,0,1,0.0
2023-05-01,Centinela (óxidos),6.011,centinela,5221.92690619352,0.0,373.501,0,1,0.0
2023-06-01,Centinela (óxidos),3.401,centinela,5195.0704691081255,0.0,380.393,0,1,0.0
2023-07-01,Centinela (óxidos),7.014,centinela,5168.352155023278,0.0,383.071,0,1,0.0
2023-08-01,Centinela (óxidos),7.013,centinela,5141.771253570613,0.0,378.83,0,1,0.0
2023-09-01,Centinela (óxidos),7.032,centinela,5115.327058035201,0.0,375.16,0,1,0.0
2023-10-01,Centinela (óxidos),7.511,centinela,5089.018865336755,0.0,360.137,0,1,0.0
2023-11-01,Centinela (óxidos),7.793,centinela,5062.845976010939,0.0,370.764,0,1,0.0
2023-12-01,Centinela (óxidos),7.925,centinela,5036.807694190771,0.0,380.75,0,1,0.0
2024-01-01,Centinela (óxidos),7.922,centinela,5010.903327588124,0.0,378.491,1,1,0.0
2024-02-01,Centinela (óxidos),7.149,centinela,4985.132187475314,0.0,376.969,1,1,0.0
2024-03-01,Centinela (óxidos),6.881,centinela,4959.4935886667945,0.0,393.52,1,1,0.0
2024-04-01,Centinela (óxidos),8.98,centinela,4933.986849500938,0.0,430.116,1,1,6.4
2024-05-01,Centinela (óxidos),9.331,centinela,4908.611291821909,0.0,459.447,1,1,0.0
2024-06-01,Centinela (óxidos),9.128,centinela,4883.366240961637,0.0,437.336,1,1,0.0
2024-07-01,Centinela (óxidos),9.04,centinela,4858.251025721881,0.0,426.085,1,1,0.0
2024-08-01,Centinela (óxidos),8.696,centinela,4833.264978356377,0.0,406.587,1,1,0.0
2024-09-01,Centinela (óxidos),8.379,centinela,4808.407434553089,0.0,419.777,1,1,0.0
2024-10-01,Centinela (óxidos),7.89,centinela,4783.67773341655,0.0,432.693,1,1,0.0
2024-11-01,Centinela (óxidos),8.701,centinela,4759.075217450283,0.0,411.625,1,1,0.0
2024-12-01,Centinela (óxidos),9.906,centinela,4734.599232539325,0.0,404.583,1,1,0.0
2025-01-01,Centinela (óxidos),6.839,centinela,4710.249127932837,0.0,407.216,1,1,0.0
2025-02-01,Centinela (óxidos),6.016,centinela,4693.172256226796,7.148,423.168,1,1,0.0
2025-03-01,Centinela (óxidos),6.913,centinela,4669.035211091066,0.0,441.394,1,1,0.0
2025-04-01,Centinela (óxidos),6.133,centinela,4645.022303088192,0.0,416.948,1,1,0.0
2025-05-01,Centinela (óxidos),3.983,centinela,4621.132893779305,0.0,432.263,1,1,0.0
2025-06-01,Centinela (óxidos),5.964,centinela,4597.366348009039,0.0,446.051,1,1,0.0
2025-07-01,Centinela (óxidos),5.917,centinela,4573.722033888637,0.0,443.533,1,1,0.0
2025-08-01,Centinela (óxidos),5.022,centinela,4550.199322779156,0.0,437.529,1,1,0.0
2025-09-01,Centinela (óxidos),5.055,centinela,4526.797589274751,0.0,451.448,1,1,0.0
2025-10-01,Centinela (óxidos),4.625,centinela,4503.516211186045,0.0,485.164,1,1,0.0
2025-11-01,Centinela (óxidos),4.349,centinela,4480.3545695235925,0.0,489.915,1,1,0.0
2025-12-01,Centinela (óxidos),5.308,centinela,4457.312048481416,0.0,535.411,1,1,0.0
2026-01-01,Centinela (óxidos),4.697,centinela,4457.312048481416,0.0,535.411,1,1,0.0
2026-02-01,Centinela (óxidos),4.015,centinela,4457.312048481416,0.0,535.411,1,1,0.0
2026-03-01,Centinela (óxidos),4.276,centinela,4457.312048481416,0.0,535.411,1,1,0.0
2014-01-01,Cerro Colorado,7.4,cerro colorado,0.0,0.0,330.891,0,0,0.0
2014-02-01,Cerro Colorado,6.8,cerro colorado,0.0,0.0,324.416,0,0,0.0
2014-03-01,Cerro Colorado,7.8,cerro colorado,0.0,0.0,302.448,0,0,0.0
2014-04-01,Cerro Colorado,6.2,cerro colorado,0.0,0.0,302.584,0,0,0.0
2014-05-01,Cerro Colorado,7.1,cerro colorado,0.0,0.0,312.247,0,0,0.0
2014-06-01,Cerro Colorado,8.1,cerro colorado,0.0,0.0,308.719,0,0,0.0
2014-07-01,Cerro Colorado,5.1,cerro colorado,0.0,0.0,322.255,0,0,0.0
2014-08-01,Cerro Colorado,5.3,cerro colorado,0.0,0.0,317.54,0,0,0.0
2014-09-01,Cerro Colorado,5.2,cerro colorado,0.0,0.0,311.719,0,0,0.0
2014-10-01,Cerro Colorado,6.6,cerro colorado,0.0,0.0,305.685,0,0,0.0
2014-11-01,Cerro Colorado,6.7,cerro colorado,0.0,0.0,303.958,0,0,0.0
2014-12-01,Cerro Colorado,7.3,cerro colorado,0.0,0.0,291.34,0,0,0.0
2015-01-01,Cerro Colorado,7.5,cerro colorado,0.0,0.0,263.802,0,0,0.0
2015-02-01,Cerro Colorado,6.7,cerro colorado,0.0,0.0,258.642,0,0,0.0
2015-03-01,Cerro Colorado,7.3,cerro colorado,0.0,0.0,268.792,0,0,0.0
2015-04-01,Cerro Colorado,7.3,cerro colorado,0.0,0.0,273.447,0,0,0.0
2015-05-01,Cerro Colorado,6.8,cerro colorado,0.0,0.0,285.791,0,0,0.0
2015-06-01,Cerro Colorado,6.3,cerro colorado,0.0,0.0,264.608,0,0,0.0
2015-07-01,Cerro Colorado,3.6,cerro colorado,0.0,0.0,247.521,0,0,0.0
2015-08-01,Cerro Colorado,4.3,cerro colorado,0.0,0.0,230.83,0,0,0.0
2015-09-01,Cerro Colorado,5.8,cerro colorado,0.0,0.0,236.235,0,0,0.0
2015-10-01,Cerro Colorado,6.0,cerro colorado,0.0,0.0,236.894,0,0,0.0
2015-11-01,Cerro Colorado,6.6,cerro colorado,0.0,0.0,218.098,0,0,0.0
2015-12-01,Cerro Colorado,6.2,cerro colorado,0.0,0.0,209.968,0,0,0.0
2016-01-01,Cerro Colorado,5.4,cerro colorado,0.0,0.0,202.427,0,0,0.0
2016-02-01,Cerro Colorado,6.8,cerro colorado,0.0,0.0,208.447,0,0,0.0
2016-03-01,Cerro Colorado,7.8,cerro colorado,0.0,0.0,224.417,0,0,0.0
2016-04-01,Cerro Colorado,8.2,cerro colorado,0.0,0.0,220.043,0,0,0.0
2016-05-01,Cerro Colorado,9.0,cerro colorado,0.0,0.0,213.567,0,0,0.0
2016-06-01,Cerro Colorado,7.6,cerro colorado,0.0,0.0,210.042,0,0,0.0
2016-07-01,Cerro Colorado,6.0,cerro colorado,0.0,0.0,220.255,0,0,0.0
2016-08-01,Cerro Colorado,5.8,cerro colorado,0.0,0.0,215.829,0,0,0.0
2016-09-01,Cerro Colorado,5.3,cerro colorado,0.0,0.0,213.514,0,0,0.0
2016-10-01,Cerro Colorado,4.1,cerro colorado,0.0,0.0,214.646,0,0,0.0
2016-11-01,Cerro Colorado,4.1,cerro colorado,0.0,0.0,246.902,0,0,0.0
2016-12-01,Cerro Colorado,3.9,cerro colorado,0.0,0.0,257.017,0,0,0.0
2017-01-01,Cerro Colorado,5.4,cerro colorado,0.0,0.0,260.245,0,0,0.0
2017-02-01,Cerro Colorado,4.9,cerro colorado,0.0,0.0,269.504,0,0,0.0
2017-03-01,Cerro Colorado,6.4,cerro colorado,0.0,0.0,264.06,0,0,0.0
2017-04-01,Cerro Colorado,6.4,cerro colorado,0.0,0.0,258.442,0,0,0.0
2017-05-01,Cerro Colorado,6.2,cerro colorado,0.0,0.0,253.626,0,0,0.0
2017-06-01,Cerro Colorado,6.2,cerro colorado,0.0,0.0,258.524,0,0,0.0
2017-07-01,Cerro Colorado,4.8,cerro colorado,0.0,0.0,271.185,0,0,0.0
2017-08-01,Cerro Colorado,4.1,cerro colorado,0.0,0.0,293.845,0,0,0.0
2017-09-01,Cerro Colorado,4.4,cerro colorado,0.0,0.0,298.609,0,0,0.0
2017-10-01,Cerro Colorado,5.1,cerro colorado,0.0,0.0,308.324,0,0,0.0
2017-11-01,Cerro Colorado,5.8,cerro colorado,0.0,0.0,309.603,0,0,0.0
2017-12-01,Cerro Colorado,6.5,cerro colorado,0.0,0.0,308.495,0,0,0.0
2018-01-01,Cerro Colorado,5.2,cerro colorado,0.0,0.0,321.157,0,0,0.0
2018-02-01,Cerro Colorado,4.3,cerro colorado,0.0,0.0,317.596,0,0,0.0
2018-03-01,Cerro Colorado,4.1,cerro colorado,0.0,0.0,308.251,0,0,0.0
2018-04-01,Cerro Colorado,6.0,cerro colorado,0.0,0.0,310.191,0,0,0.0
2018-05-01,Cerro Colorado,6.8,cerro colorado,0.0,0.0,309.43,0,0,0.0
2018-06-01,Cerro Colorado,6.2,cerro colorado,0.0,0.0,315.464,0,0,0.0
2018-07-01,Cerro Colorado,5.1,cerro colorado,0.0,0.0,283.413,0,0,0.0
2018-08-01,Cerro Colorado,5.8,cerro colorado,0.0,0.0,273.959,0,0,0.0
2018-09-01,Cerro Colorado,3.3,cerro colorado,0.0,0.0,273.064,0,0,0.0
2018-10-01,Cerro Colorado,6.8,cerro colorado,0.0,0.0,281.948,0,0,0.0
2018-11-01,Cerro Colorado,6.4,cerro colorado,0.0,0.0,280.91,0,0,0.0
2018-12-01,Cerro Colorado,6.2,cerro colorado,0.0,0.0,276.429,0,0,0.0
2019-01-01,Cerro Colorado,3.007,cerro colorado,0.0,0.0,269.072,0,0,0.0
2019-02-01,Cerro Colorado,6.653,cerro colorado,0.0,0.0,284.774,0,0,0.0
2019-03-01,Cerro Colorado,8.502,cerro colorado,0.0,0.0,292.614,0,0,0.0
2019-04-01,Cerro Colorado,8.113,cerro colorado,0.0,0.0,292.345,0,0,0.0
2019-05-01,Cerro Colorado,8.021,cerro colorado,0.0,0.0,273.44,0,0,0.0
2019-06-01,Cerro Colorado,7.218,cerro colorado,0.0,0.0,266.187,0,0,0.0
2019-07-01,Cerro Colorado,6.314,cerro colorado,0.0,0.0,269.427,0,0,0.0
2019-08-01,Cerro Colorado,5.664,cerro colorado,0.0,0.0,258.91,0,0,0.0
2019-09-01,Cerro Colorado,4.433,cerro colorado,0.0,0.0,260.611,0,0,0.0
2019-10-01,Cerro Colorado,4.516,cerro colorado,0.0,0.0,260.493,0,0,0.0
2019-11-01,Cerro Colorado,4.351,cerro colorado,0.0,0.0,265.791,0,0,0.0
2019-12-01,Cerro Colorado,4.917,cerro colorado,0.0,0.0,274.987,0,0,0.0
2020-01-01,Cerro Colorado,7.601,cerro colorado,0.0,0.0,274.387,0,0,0.0
2020-02-01,Cerro Colorado,7.154,cerro colorado,0.0,0.0,257.933,0,0,0.0
2020-03-01,Cerro Colorado,5.63,cerro colorado,0.0,0.0,234.901,0,0,0.0
2020-04-01,Cerro Colorado,5.278,cerro colorado,0.0,0.0,228.985,0,0,0.0
2020-05-01,Cerro Colorado,5.639,cerro colorado,0.0,0.0,237.402,0,0,0.0
2020-06-01,Cerro Colorado,6.005,cerro colorado,0.0,0.0,260.47,0,0,0.0
2020-07-01,Cerro Colorado,5.22,cerro colorado,0.0,0.0,288.202,0,0,0.0
2020-08-01,Cerro Colorado,5.674,cerro colorado,0.0,0.0,294.685,0,0,0.0
2020-09-01,Cerro Colorado,4.862,cerro colorado,0.0,0.0,304.47,0,0,0.0
2020-10-01,Cerro Colorado,5.448,cerro colorado,0.0,0.0,304.033,0,0,0.0
2020-11-01,Cerro Colorado,5.125,cerro colorado,0.0,0.0,320.392,0,0,0.0
2020-12-01,Cerro Colorado,5.248,cerro colorado,0.0,0.0,351.772,0,0,0.0
2021-01-01,Cerro Colorado,4.491,cerro colorado,0.0,0.0,361.536,0,0,0.0
2021-02-01,Cerro Colorado,5.008,cerro colorado,0.0,0.0,383.751,0,0,0.0
2021-03-01,Cerro Colorado,4.541,cerro colorado,0.0,0.0,408.459,0,0,0.0
2021-04-01,Cerro Colorado,4.888,cerro colorado,0.0,0.0,423.454,0,0,0.0
2021-05-01,Cerro Colorado,5.179,cerro colorado,0.0,0.0,461.937,0,0,0.0
2021-06-01,Cerro Colorado,4.599,cerro colorado,0.0,0.0,436.013,0,0,0.0
2021-07-01,Cerro Colorado,4.555,cerro colorado,0.0,0.0,427.901,0,0,0.0
2021-08-01,Cerro Colorado,4.351,cerro colorado,0.0,0.0,424.435,0,0,0.0
2021-09-01,Cerro Colorado,4.484,cerro colorado,0.0,0.0,422.933,0,0,0.0
2021-10-01,Cerro Colorado,5.045,cerro colorado,0.0,0.0,443.545,0,0,0.0
2021-11-01,Cerro Colorado,5.13,cerro colorado,0.0,0.0,442.955,0,0,0.0
2021-12-01,Cerro Colorado,5.167,cerro colorado,0.0,0.0,433.195,0,0,0.0
2022-01-01,Cerro Colorado,3.933,cerro colorado,0.0,0.0,443.429,0,0,0.0
2022-02-01,Cerro Colorado,3.5,cerro colorado,0.0,0.0,450.932,0,0,0.0
2022-03-01,Cerro Colorado,4.2,cerro colorado,0.0,0.0,464.369,0,0,0.0
2022-04-01,Cerro Colorado,4.8,cerro colorado,0.0,0.0,461.899,0,0,0.0
2022-05-01,Cerro Colorado,4.711,cerro colorado,0.0,0.0,424.69,0,0,0.0
2022-06-01,Cerro Colorado,5.224,cerro colorado,0.0,0.0,409.736,0,0,0.0
2022-07-01,Cerro Colorado,3.598,cerro colorado,0.0,0.0,341.545,0,0,0.0
2022-08-01,Cerro Colorado,5.006,cerro colorado,0.0,0.0,361.104,0,0,0.0
2022-09-01,Cerro Colorado,4.211,cerro colorado,0.0,0.0,350.84,0,0,0.0
2022-10-01,Cerro Colorado,4.357,cerro colorado,0.0,0.0,345.693,0,0,0.0
2022-11-01,Cerro Colorado,3.973,cerro colorado,0.0,0.0,364.233,0,0,0.0
2022-12-01,Cerro Colorado,3.842,cerro colorado,0.0,0.0,379.531,0,0,0.0
2023-01-01,Cerro Colorado,3.581,cerro colorado,0.0,0.0,408.224,0,0,0.0
2023-02-01,Cerro Colorado,4.265,cerro colorado,0.0,0.0,406.201,0,0,0.0
2023-03-01,Cerro Colorado,4.184,cerro colorado,0.0,0.0,400.782,0,0,0.0
2023-04-01,Cerro Colorado,4.269,cerro colorado,0.0,0.0,399.796,0,0,0.0
2023-05-01,Cerro Colorado,4.215,cerro colorado,0.0,0.0,373.501,0,0,0.0
2023-06-01,Cerro Colorado,3.734,cerro colorado,0.0,0.0,380.393,0,0,0.0
2023-07-01,Cerro Colorado,3.617,cerro colorado,0.0,0.0,383.071,0,0,0.0
2023-08-01,Cerro Colorado,3.536,cerro colorado,0.0,0.0,378.83,0,0,0.0
2023-09-01,Cerro Colorado,2.326,cerro colorado,0.0,0.0,375.16,0,0,0.0
2023-10-01,Cerro Colorado,1.256,cerro colorado,0.0,0.0,360.137,0,0,0.0
2023-11-01,Cerro Colorado,0.371,cerro colorado,0.0,0.0,370.764,0,0,0.0
2023-12-01,Cerro Colorado,0.0,cerro colorado,0.0,0.0,380.75,0,0,0.0
2024-01-01,Cerro Colorado,0.0,cerro colorado,0.0,0.0,378.491,0,0,0.0
2024-02-01,Cerro Colorado,0.0,cerro colorado,0.0,0.0,376.969,0,0,0.0
2024-03-01,Cerro Colorado,0.0,cerro colorado,0.0,0.0,393.52,0,0,0.0
2024-04-01,Cerro Colorado,0.0,cerro colorado,0.0,0.0,430.116,0,0,0.0
2024-05-01,Cerro Colorado,0.0,cerro colorado,0.0,0.0,459.447,0,0,0.0
2024-06-01,Cerro Colorado,0.0,cerro colorado,0.0,0.0,437.336,0,0,0.0
2024-07-01,Cerro Colorado,0.0,cerro colorado,0.0,0.0,426.085,0,0,0.0
2024-08-01,Cerro Colorado,0.0,cerro colorado,0.0,0.0,406.587,0,0,0.0
2024-09-01,Cerro Colorado,0.0,cerro colorado,0.0,0.0,419.777,0,0,0.0
2024-10-01,Cerro Colorado,0.0,cerro colorado,0.0,0.0,432.693,0,0,0.0
2024-11-01,Cerro Colorado,0.0,cerro colorado,0.0,0.0,411.625,0,0,0.0
2024-12-01,Cerro Colorado,0.0,cerro colorado,0.0,0.0,404.583,0,0,0.0
2025-01-01,Cerro Colorado,0.0,cerro colorado,0.0,0.0,407.216,0,0,0.0
2025-02-01,Cerro Colorado,0.0,cerro colorado,0.0,0.0,423.168,0,0,0.0
2025-03-01,Cerro Colorado,0.0,cerro colorado,0.0,0.0,441.394,0,0,0.0
2025-04-01,Cerro Colorado,0.0,cerro colorado,0.0,0.0,416.948,0,0,0.0
2025-05-01,Cerro Colorado,0.0,cerro colorado,0.0,0.0,432.263,0,0,0.0
2025-06-01,Cerro Colorado,0.0,cerro colorado,0.0,0.0,446.051,0,0,0.0
2025-07-01,Cerro Colorado,0.0,cerro colorado,0.0,0.0,443.533,0,0,0.0
2025-08-01,Cerro Colorado,0.0,cerro colorado,0.0,0.0,437.529,0,0,0.0
2025-09-01,Cerro Colorado,0.0,cerro colorado,0.0,0.0,451.448,0,0,0.0
2025-10-01,Cerro Colorado,0.0,cerro colorado,0.0,0.0,485.164,0,0,0.0
2025-11-01,Cerro Colorado,0.0,cerro colorado,0.0,0.0,489.915,0,0,0.0
2025-12-01,Cerro Colorado,0.0,cerro colorado,0.0,0.0,535.411,0,0,0.0
2026-01-01,Cerro Colorado,0.0,cerro colorado,0.0,0.0,535.411,0,0,0.0
2026-02-01,Cerro Colorado,0.0,cerro colorado,0.0,0.0,535.411,0,0,0.0
2026-03-01,Cerro Colorado,0.0,cerro colorado,0.0,0.0,535.411,0,0,0.0
2014-01-01,Cerro Negro,0.843,cerro negro,0.0,0.0,330.891,0,0,0.0
2014-02-01,Cerro Negro,0.648,cerro negro,0.0,0.0,324.416,0,0,0.0
2014-03-01,Cerro Negro,0.742,cerro negro,0.0,0.0,302.448,0,0,0.0
2014-04-01,Cerro Negro,0.633,cerro negro,0.0,0.0,302.584,0,0,0.0
2014-05-01,Cerro Negro,0.693,cerro negro,0.0,0.0,312.247,0,0,0.0
2014-06-01,Cerro Negro,0.475,cerro negro,0.0,0.0,308.719,0,0,0.0
2014-07-01,Cerro Negro,0.459,cerro negro,0.0,0.0,322.255,0,0,0.0
2014-08-01,Cerro Negro,0.429,cerro negro,0.0,0.0,317.54,0,0,0.0
2014-09-01,Cerro Negro,0.146,cerro negro,0.0,0.0,311.719,0,0,0.0
2014-10-01,Cerro Negro,0.264,cerro negro,0.0,0.0,305.685,0,0,0.0
2014-11-01,Cerro Negro,0.134,cerro negro,0.0,0.0,303.958,0,0,0.0
2014-12-01,Cerro Negro,0.513,cerro negro,0.0,0.0,291.34,0,0,0.0
2015-01-01,Cerro Negro,0.479,cerro negro,0.0,0.0,263.802,0,0,0.0
2015-02-01,Cerro Negro,0.519,cerro negro,0.0,0.0,258.642,0,0,0.0
2015-03-01,Cerro Negro,0.5,cerro negro,0.0,0.0,268.792,0,0,0.0
2015-04-01,Cerro Negro,0.436,cerro negro,0.0,0.0,273.447,0,0,0.0
2015-05-01,Cerro Negro,0.503,cerro negro,0.0,0.0,285.791,0,0,0.0
2015-06-01,Cerro Negro,0.497,cerro negro,0.0,0.0,264.608,0,0,0.0
2015-07-01,Cerro Negro,0.503,cerro negro,0.0,0.0,247.521,0,0,0.0
2015-08-01,Cerro Negro,0.385,cerro negro,0.0,0.0,230.83,0,0,0.0
2015-09-01,Cerro Negro,0.381,cerro negro,0.0,0.0,236.235,0,0,0.0
2015-10-01,Cerro Negro,0.486,cerro negro,0.0,0.0,236.894,0,0,0.0
2015-11-01,Cerro Negro,0.398,cerro negro,0.0,0.0,218.098,0,0,0.0
2015-12-01,Cerro Negro,0.386,cerro negro,0.0,0.0,209.968,0,0,0.0
2016-01-01,Cerro Negro,0.534,cerro negro,0.0,0.0,202.427,0,0,0.0
2016-02-01,Cerro Negro,0.444,cerro negro,0.0,0.0,208.447,0,0,0.0
2016-03-01,Cerro Negro,0.459,cerro negro,0.0,0.0,224.417,0,0,0.0
2016-04-01,Cerro Negro,0.496,cerro negro,0.0,0.0,220.043,0,0,0.0
2016-05-01,Cerro Negro,0.41,cerro negro,0.0,0.0,213.567,0,0,0.0
2016-06-01,Cerro Negro,0.375,cerro negro,0.0,0.0,210.042,0,0,0.0
2016-07-01,Cerro Negro,0.454,cerro negro,0.0,0.0,220.255,0,0,0.0
2016-08-01,Cerro Negro,0.35,cerro negro,0.0,0.0,215.829,0,0,0.0
2016-09-01,Cerro Negro,0.449,cerro negro,0.0,0.0,213.514,0,0,0.0
2016-10-01,Cerro Negro,0.526,cerro negro,0.0,0.0,214.646,0,0,0.0
2016-11-01,Cerro Negro,0.315,cerro negro,0.0,0.0,246.902,0,0,0.0
2016-12-01,Cerro Negro,0.417,cerro negro,0.0,0.0,257.017,0,0,0.0
2017-01-01,Cerro Negro,0.30083318798,cerro negro,0.0,0.0,260.245,0,0,0.0
2017-02-01,Cerro Negro,0.3016997184,cerro negro,0.0,0.0,269.504,0,0,0.0
2017-03-01,Cerro Negro,0.2982218849999999,cerro negro,0.0,0.0,264.06,0,0,0.0
2017-04-01,Cerro Negro,0.30399598542,cerro negro,0.0,0.0,258.442,0,0,0.0
2017-05-01,Cerro Negro,0.30055933178,cerro negro,0.0,0.0,253.626,0,0,0.0
2017-06-01,Cerro Negro,0.261464,cerro negro,0.0,0.0,258.524,0,0,0.0
2017-07-01,Cerro Negro,0.285035,cerro negro,0.0,0.0,271.185,0,0,0.0
2017-08-01,Cerro Negro,0.37968,cerro negro,0.0,0.0,293.845,0,0,0.0
2017-09-01,Cerro Negro,0.386191,cerro negro,0.0,0.0,298.609,0,0,0.0
2017-10-01,Cerro Negro,0.367913,cerro negro,0.0,0.0,308.324,0,0,0.0
2017-11-01,Cerro Negro,0.0803649999999999,cerro negro,0.0,0.0,309.603,0,0,0.0
2017-12-01,Cerro Negro,0.314365,cerro negro,0.0,0.0,308.495,0,0,0.0
2018-01-01,Cerro Negro,0.333348,cerro negro,0.0,0.0,321.157,0,0,0.0
2018-02-01,Cerro Negro,0.2925,cerro negro,0.0,0.0,317.596,0,0,0.0
2018-03-01,Cerro Negro,0.3756409999999999,cerro negro,0.0,0.0,308.251,0,0,0.0
2018-04-01,Cerro Negro,0.404634,cerro negro,0.0,0.0,310.191,0,0,0.0
2018-05-01,Cerro Negro,0.42137,cerro negro,0.0,0.0,309.43,0,0,0.0
2018-06-01,Cerro Negro,0.39799,cerro negro,0.0,0.0,315.464,0,0,0.0
2018-07-01,Cerro Negro,0.3636209999999999,cerro negro,0.0,0.0,283.413,0,0,0.0
2018-08-01,Cerro Negro,0.479209,cerro negro,0.0,0.0,273.959,0,0,0.0
2018-09-01,Cerro Negro,0.484006,cerro negro,0.0,0.0,273.064,0,0,0.0
2018-10-01,Cerro Negro,0.502375,cerro negro,0.0,0.0,281.948,0,0,0.0
2018-11-01,Cerro Negro,0.0803649999999999,cerro negro,0.0,0.0,280.91,0,0,0.0
2018-12-01,Cerro Negro,0.500868,cerro negro,0.0,0.0,276.429,0,0,0.0
2019-01-01,Cerro Negro,0.42944,cerro negro,0.0,0.0,269.072,0,0,0.0
2019-02-01,Cerro Negro,0.419485,cerro negro,0.0,0.0,284.774,0,0,0.0
2019-03-01,Cerro Negro,0.45949,cerro negro,0.0,0.0,292.614,0,0,0.0
2019-04-01,Cerro Negro,0.47874,cerro negro,0.0,0.0,292.345,0,0,0.0
2019-05-01,Cerro Negro,0.499503,cerro negro,0.0,0.0,273.44,0,0,0.0
2019-06-01,Cerro Negro,0.4940799999999999,cerro negro,0.0,0.0,266.187,0,0,0.0
2019-07-01,Cerro Negro,0.4560099999999999,cerro negro,0.0,0.0,269.427,0,0,0.0
2019-08-01,Cerro Negro,0.49903,cerro negro,0.0,0.0,258.91,0,0,0.0
2019-09-01,Cerro Negro,0.4664,cerro negro,0.0,0.0,260.611,0,0,0.0
2019-10-01,Cerro Negro,0.515,cerro negro,0.0,0.0,260.493,0,0,0.0
2019-11-01,Cerro Negro,0.0803649999999999,cerro negro,0.0,0.0,265.791,0,0,0.0
2019-12-01,Cerro Negro,0.42766,cerro negro,0.0,0.0,274.987,0,0,0.0
2020-01-01,Cerro Negro,0.408,cerro negro,0.0,0.0,274.387,0,0,0.0
2020-02-01,Cerro Negro,0.418,cerro negro,0.0,0.0,257.933,0,0,0.0
2020-03-01,Cerro Negro,0.406,cerro negro,0.0,0.0,234.901,0,0,0.0
2020-04-01,Cerro Negro,0.429,cerro negro,0.0,0.0,228.985,0,0,0.0
2020-05-01,Cerro Negro,0.37,cerro negro,0.0,0.0,237.402,0,0,0.0
2020-06-01,Cerro Negro,0.307,cerro negro,0.0,0.0,260.47,0,0,0.0
2020-07-01,Cerro Negro,0.398,cerro negro,0.0,0.0,288.202,0,0,0.0
2020-08-01,Cerro Negro,0.433,cerro negro,0.0,0.0,294.685,0,0,0.0
2020-09-01,Cerro Negro,0.401,cerro negro,0.0,0.0,304.47,0,0,0.0
2020-10-01,Cerro Negro,0.449,cerro negro,0.0,0.0,304.033,0,0,0.0
2020-11-01,Cerro Negro,0.345,cerro negro,0.0,0.0,320.392,0,0,0.0
2020-12-01,Cerro Negro,0.408,cerro negro,0.0,0.0,351.772,0,0,0.0
2021-01-01,Cerro Negro,0.387,cerro negro,0.0,0.0,361.536,0,0,0.0
2021-02-01,Cerro Negro,0.374,cerro negro,0.0,0.0,383.751,0,0,0.0
2021-03-01,Cerro Negro,0.387,cerro negro,0.0,0.0,408.459,0,0,0.0
2021-04-01,Cerro Negro,0.434,cerro negro,0.0,0.0,423.454,0,0,0.0
2021-05-01,Cerro Negro,0.396,cerro negro,0.0,0.0,461.937,0,0,0.0
2021-06-01,Cerro Negro,0.368,cerro negro,0.0,0.0,436.013,0,0,0.0
2021-07-01,Cerro Negro,0.361,cerro negro,0.0,0.0,427.901,0,0,0.0
2021-08-01,Cerro Negro,0.378,cerro negro,0.0,0.0,424.435,0,0,0.0
2021-09-01,Cerro Negro,0.359,cerro negro,0.0,0.0,422.933,0,0,0.0
2021-10-01,Cerro Negro,0.4,cerro negro,0.0,0.0,443.545,0,0,0.0
2021-11-01,Cerro Negro,0.36,cerro negro,0.0,0.0,442.955,0,0,0.0
2021-12-01,Cerro Negro,0.366,cerro negro,0.0,0.0,433.195,0,0,0.0
2022-01-01,Cerro Negro,0.341,cerro negro,0.0,0.0,443.429,0,0,0.0
2022-02-01,Cerro Negro,0.291,cerro negro,0.0,0.0,450.932,0,0,0.0
2022-03-01,Cerro Negro,0.318,cerro negro,0.0,0.0,464.369,0,0,0.0
2022-04-01,Cerro Negro,0.355,cerro negro,0.0,0.0,461.899,0,0,0.0
2022-05-01,Cerro Negro,0.328,cerro negro,0.0,0.0,424.69,0,0,0.0
2022-06-01,Cerro Negro,0.389,cerro negro,0.0,0.0,409.736,0,0,0.0
2022-07-01,Cerro Negro,0.299,cerro negro,0.0,0.0,341.545,0,0,0.0
2022-08-01,Cerro Negro,0.368,cerro negro,0.0,0.0,361.104,0,0,0.0
2022-09-01,Cerro Negro,0.305,cerro negro,0.0,0.0,350.84,0,0,0.0
2022-10-01,Cerro Negro,0.345,cerro negro,0.0,0.0,345.693,0,0,0.0
2022-11-01,Cerro Negro,0.393,cerro negro,0.0,0.0,364.233,0,0,0.0
2022-12-01,Cerro Negro,0.407,cerro negro,0.0,0.0,379.531,0,0,0.0
2023-01-01,Cerro Negro,0.388,cerro negro,0.0,0.0,408.224,0,0,0.0
2023-02-01,Cerro Negro,0.372,cerro negro,0.0,0.0,406.201,0,0,0.0
2023-03-01,Cerro Negro,0.324,cerro negro,0.0,0.0,400.782,0,0,0.0
2023-04-01,Cerro Negro,0.352,cerro negro,0.0,0.0,399.796,0,0,0.0
2023-05-01,Cerro Negro,0.343,cerro negro,0.0,0.0,373.501,0,0,0.0
2023-06-01,Cerro Negro,0.339,cerro negro,0.0,0.0,380.393,0,0,0.0
2023-07-01,Cerro Negro,0.334,cerro negro,0.0,0.0,383.071,0,0,0.0
2023-08-01,Cerro Negro,0.35,cerro negro,0.0,0.0,378.83,0,0,0.0
2023-09-01,Cerro Negro,0.324,cerro negro,0.0,0.0,375.16,0,0,0.0
2023-10-01,Cerro Negro,0.391,cerro negro,0.0,0.0,360.137,0,0,0.0
2023-11-01,Cerro Negro,0.375,cerro negro,0.0,0.0,370.764,0,0,0.0
2023-12-01,Cerro Negro,0.398,cerro negro,0.0,0.0,380.75,0,0,0.0
2024-01-01,Cerro Negro,0.355,cerro negro,0.0,0.0,378.491,0,0,0.0
2024-02-01,Cerro Negro,0.358,cerro negro,0.0,0.0,376.969,0,0,0.0
2024-03-01,Cerro Negro,0.395,cerro negro,0.0,0.0,393.52,0,0,0.0
2024-04-01,Cerro Negro,0.343,cerro negro,0.0,0.0,430.116,0,0,0.0
2024-05-01,Cerro Negro,0.358,cerro negro,0.0,0.0,459.447,0,0,0.0
2024-06-01,Cerro Negro,0.297,cerro negro,0.0,0.0,437.336,0,0,0.0
2024-07-01,Cerro Negro,0.352,cerro negro,0.0,0.0,426.085,0,0,0.0
2024-08-01,Cerro Negro,0.35,cerro negro,0.0,0.0,406.587,0,0,0.0
2024-09-01,Cerro Negro,0.307,cerro negro,0.0,0.0,419.777,0,0,0.0
2024-10-01,Cerro Negro,0.36,cerro negro,0.0,0.0,432.693,0,0,0.0
2024-11-01,Cerro Negro,0.327,cerro negro,0.0,0.0,411.625,0,0,0.0
2024-12-01,Cerro Negro,0.38,cerro negro,0.0,0.0,404.583,0,0,0.0
2025-01-01,Cerro Negro,0.354,cerro negro,0.0,0.0,407.216,0,0,0.0
2025-02-01,Cerro Negro,0.305,cerro negro,0.0,0.0,423.168,0,0,0.0
2025-03-01,Cerro Negro,0.348,cerro negro,0.0,0.0,441.394,0,0,0.0
2025-04-01,Cerro Negro,0.345,cerro negro,0.0,0.0,416.948,0,0,0.0
2025-05-01,Cerro Negro,0.322,cerro negro,0.0,0.0,432.263,0,0,0.0
2025-06-01,Cerro Negro,0.267,cerro negro,0.0,0.0,446.051,0,0,0.0
2025-07-01,Cerro Negro,0.25,cerro negro,0.0,0.0,443.533,0,0,0.0
2025-08-01,Cerro Negro,0.354,cerro negro,0.0,0.0,437.529,0,0,0.0
2025-09-01,Cerro Negro,0.375,cerro negro,0.0,0.0,451.448,0,0,0.0
2025-10-01,Cerro Negro,0.384,cerro negro,0.0,0.0,485.164,0,0,0.0
2025-11-01,Cerro Negro,0.365,cerro negro,0.0,0.0,489.915,0,0,0.0
2025-12-01,Cerro Negro,0.403,cerro negro,0.0,0.0,535.411,0,0,0.0
2026-01-01,Cerro Negro,0.362,cerro negro,0.0,0.0,535.411,0,0,0.0
2026-02-01,Cerro Negro,0.261,cerro negro,0.0,0.0,535.411,0,0,0.0
2026-03-01,Cerro Negro,0.405,cerro negro,0.0,0.0,535.411,0,0,0.0
2014-01-01,Chuquicamata,21.532,chuquicamata,2226.3751737324797,0.0,330.891,0,0,0.0
2014-02-01,Chuquicamata,23.154,chuquicamata,2214.9248976455215,0.0,324.416,0,0,0.0
2014-03-01,Chuquicamata,31.142,chuquicamata,2203.5335104754063,0.0,302.448,0,0,0.0
2014-04-01,Chuquicamata,29.571,chuquicamata,2192.2007093556795,0.0,302.584,0,0,0.0
2014-05-01,Chuquicamata,28.295,chuquicamata,2201.382192977532,20.456000000000003,312.247,0,1,0.0
2014-06-01,Chuquicamata,31.848,chuquicamata,2190.060456111302,0.0,308.719,0,1,118.241
2014-07-01,Chuquicamata,31.389,chuquicamata,2178.7969470830535,0.0,322.255,0,1,0.0
2014-08-01,Chuquicamata,30.425,chuquicamata,2167.591366426269,0.0,317.54,0,1,0.0
2014-09-01,Chuquicamata,27.777,chuquicamata,2156.44341621459,0.0,311.719,0,1,0.0
2014-10-01,Chuquicamata,27.089,chuquicamata,2145.352800053898,0.0,305.685,0,1,0.0
2014-11-01,Chuquicamata,27.147,chuquicamata,2134.3192230744335,0.0,303.958,0,1,0.0
2014-12-01,Chuquicamata,30.994,chuquicamata,2123.3423919229554,0.0,291.34,0,1,0.0
2015-01-01,Chuquicamata,17.808,chuquicamata,2112.4220147549418,0.0,263.802,0,1,0.0
2015-02-01,Chuquicamata,11.359,chuquicamata,2101.557801226832,0.0,258.642,0,1,0.0
2015-03-01,Chuquicamata,19.611,chuquicamata,2168.502462488305,77.753,268.792,0,1,0.0
2015-04-01,Chuquicamata,29.961,chuquicamata,2157.349826497888,0.0,273.447,0,1,0.0
2015-05-01,Chuquicamata,17.349,chuquicamata,2146.254548657478,0.0,285.791,0,1,0.0
2015-06-01,Chuquicamata,34.871,chuquicamata,2135.2163339733743,0.0,264.608,0,1,0.0
2015-07-01,Chuquicamata,25.21,chuquicamata,2124.234888969031,0.0,247.521,0,1,0.0
2015-08-01,Chuquicamata,23.708,chuquicamata,2113.3099216772575,0.0,230.83,0,1,0.0
2015-09-01,Chuquicamata,29.339,chuquicamata,2102.441141632453,0.0,236.235,0,1,0.0
2015-10-01,Chuquicamata,39.644,chuquicamata,2091.6282598628845,0.0,236.894,0,1,0.0
2015-11-01,Chuquicamata,31.557,chuquicamata,2080.8709888830062,0.0,218.098,0,1,0.0
2015-12-01,Chuquicamata,28.208,chuquicamata,2070.1690426858127,0.0,209.968,0,1,0.0
2016-01-01,Chuquicamata,16.846,chuquicamata,2059.522136735237,0.0,202.427,0,1,0.0
2016-02-01,Chuquicamata,22.069,chuquicamata,2048.929987958584,0.0,208.447,0,1,0.0
2016-03-01,Chuquicamata,27.252,chuquicamata,2038.3923147390065,0.0,224.417,0,1,0.0
2016-04-01,Chuquicamata,24.525,chuquicamata,2146.1498369080145,118.241,220.043,0,1,0.0
2016-05-01,Chuquicamata,24.525,chuquicamata,2135.112160757782,0.0,213.567,0,1,0.0
2016-06-01,Chuquicamata,33.92,chuquicamata,2124.1312515176237,0.0,210.042,0,1,0.0
2016-07-01,Chuquicamata,29.892,chuquicamata,2113.206817234593,0.0,220.255,0,1,0.0
2016-08-01,Chuquicamata,25.779,chuquicamata,2102.338567457259,0.0,215.829,0,1,0.0
2016-09-01,Chuquicamata,23.872,chuquicamata,2091.5262132279904,0.0,213.514,0,1,0.0
2016-10-01,Chuquicamata,25.471,chuquicamata,2080.769467075265,0.0,214.646,0,1,1400.0
2016-11-01,Chuquicamata,22.78,chuquicamata,2070.0680430060315,0.0,246.902,0,1,0.0
2016-12-01,Chuquicamata,25.078,chuquicamata,2059.4216564981048,0.0,257.017,0,1,0.0
2017-01-01,Chuquicamata,15.228,chuquicamata,2048.830024492601,0.0,260.245,0,1,0.0
2017-02-01,Chuquicamata,16.906,chuquicamata,2038.2928653864112,0.0,269.504,0,1,0.0
2017-03-01,Chuquicamata,20.947,chuquicamata,2027.809899024716,0.0,264.06,0,1,0.0
2017-04-01,Chuquicamata,22.874,chuquicamata,2017.380846693534,0.0,258.442,0,1,0.0
2017-05-01,Chuquicamata,19.737,chuquicamata,3407.0054311123154,1400.0,253.626,0,1,0.0
2017-06-01,Chuquicamata,19.901,chuquicamata,3389.483158462014,0.0,258.524,0,1,0.0
2017-07-01,Chuquicamata,27.108,chuquicamata,3372.0510030847963,0.0,271.185,0,1,0.0
2017-08-01,Chuquicamata,31.894,chuquicamata,3354.70850150637,0.0,293.845,0,1,0.0
2017-09-01,Chuquicamata,30.376,chuquicamata,3337.4551926360973,0.0,298.609,0,1,0.0
2017-10-01,Chuquicamata,44.058,chuquicamata,3320.2906177547356,0.0,308.324,0,1,0.0
2017-11-01,Chuquicamata,34.853,chuquicamata,3303.2143205022417,0.0,309.603,0,1,0.0
2017-12-01,Chuquicamata,47.031,chuquicamata,3286.2258468656373,0.0,308.495,0,1,0.0
2018-01-01,Chuquicamata,19.12,chuquicamata,3269.324745166939,0.0,321.157,0,1,0.0
2018-02-01,Chuquicamata,23.029,chuquicamata,3252.510566051149,0.0,317.596,0,1,0.0
2018-03-01,Chuquicamata,27.423,chuquicamata,3235.7828624743083,0.0,308.251,0,1,0.0
2018-04-01,Chuquicamata,24.938,chuquicamata,3219.14118969161,0.0,310.191,0,1,0.0
2018-05-01,Chuquicamata,21.122,chuquicamata,3202.5851052455764,0.0,309.43,0,1,0.0
2018-06-01,Chuquicamata,20.887,chuquicamata,3186.1141689542933,0.0,315.464,0,1,0.0
2018-07-01,Chuquicamata,16.621,chuquicamata,3169.7279428997085,0.0,283.413,0,1,0.0
2018-08-01,Chuquicamata,21.721,chuquicamata,3153.4259914159875,0.0,273.959,0,1,0.0
2018-09-01,Chuquicamata,23.42,chuquicamata,3137.2078810779312,0.0,273.064,0,1,0.0
2018-10-01,Chuquicamata,25.448,chuquicamata,3121.0731806894514,0.0,281.948,0,1,0.0
2018-11-01,Chuquicamata,42.977,chuquicamata,3105.021461272107,0.0,280.91,0,1,0.0
2018-12-01,Chuquicamata,54.039,chuquicamata,3089.0522960536987,0.0,276.429,0,1,0.0
2019-01-01,Chuquicamata,28.231,chuquicamata,3073.165260456922,0.0,269.072,0,1,0.0
2019-02-01,Chuquicamata,22.038,chuquicamata,3057.35993208808,0.0,284.774,0,1,0.0
2019-03-01,Chuquicamata,33.387,chuquicamata,3041.6358907258495,0.0,292.614,0,1,0.0
2019-04-01,Chuquicamata,28.102,chuquicamata,3025.992718310113,0.0,292.345,0,1,0.0
2019-05-01,Chuquicamata,31.377,chuquicamata,3010.4299989308415,0.0,273.44,0,1,0.0
2019-06-01,Chuquicamata,22.997,chuquicamata,2994.9473188170355,0.0,266.187,0,1,0.0
2019-07-01,Chuquicamata,24.19,chuquicamata,2979.544266325726,0.0,269.427,0,1,0.0
2019-08-01,Chuquicamata,40.709,chuquicamata,2964.220431931028,0.0,258.91,0,1,0.0
2019-09-01,Chuquicamata,31.081,chuquicamata,2948.975408213255,0.0,260.611,0,1,0.0
2019-10-01,Chuquicamata,34.7,chuquicamata,2933.808789848084,0.0,260.493,0,1,0.0
2019-11-01,Chuquicamata,37.996,chuquicamata,2918.72017359578,0.0,265.791,0,1,0.0
2019-12-01,Chuquicamata,50.523,chuquicamata,2903.7091582904764,0.0,274.987,0,1,0.0
2020-01-01,Chuquicamata,15.69,chuquicamata,2888.7753448295066,0.0,274.387,0,1,0.0
2020-02-01,Chuquicamata,24.626,chuquicamata,2873.9183361627947,0.0,257.933,0,1,0.0
2020-03-01,Chuquicamata,41.342,chuquicamata,2859.137737282298,0.0,234.901,0,1,0.0
2020-04-01,Chuquicamata,30.402,chuquicamata,2844.433155211506,0.0,228.985,0,1,4.0
2020-05-01,Chuquicamata,35.023,chuquicamata,2829.8041989949907,0.0,237.402,0,1,0.0
2020-06-01,Chuquicamata,32.45,chuquicamata,2815.250479688013,0.0,260.47,0,1,0.0
2020-07-01,Chuquicamata,37.848,chuquicamata,2800.7716103461817,0.0,288.202,0,1,0.0
2020-08-01,Chuquicamata,43.335,chuquicamata,2786.3672060151657,0.0,294.685,0,1,0.0
2020-09-01,Chuquicamata,39.037,chuquicamata,2772.036883720459,0.0,304.47,0,1,0.0
2020-10-01,Chuquicamata,38.789,chuquicamata,2757.780262457198,0.0,304.033,0,1,0.0
2020-11-01,Chuquicamata,36.37,chuquicamata,2743.5969631800326,0.0,320.392,0,1,0.0
2020-12-01,Chuquicamata,25.808,chuquicamata,2729.4866087930473,0.0,351.772,0,1,0.0
2021-01-01,Chuquicamata,29.088,chuquicamata,2715.4488241397357,0.0,361.536,0,1,0.0
2021-02-01,Chuquicamata,22.767,chuquicamata,2701.4832359930265,0.0,383.751,0,1,0.0
2021-03-01,Chuquicamata,32.662,chuquicamata,2687.5894730453597,0.0,408.459,0,1,0.0
2021-04-01,Chuquicamata,25.605,chuquicamata,2673.767165898815,0.0,423.454,0,1,0.0
2021-05-01,Chuquicamata,25.877,chuquicamata,2660.015947055291,0.0,461.937,0,1,0.0
2021-06-01,Chuquicamata,35.576,chuquicamata,2646.3354509067317,0.0,436.013,0,1,0.0
2021-07-01,Chuquicamata,13.678,chuquicamata,2637.525313725411,4.8,427.901,0,1,0.0
2021-08-01,Chuquicamata,30.341,chuquicamata,2623.960487192663,0.0,424.435,0,1,0.0
2021-09-01,Chuquicamata,23.818,chuquicamata,2610.465424736835,0.0,422.933,0,1,720.0
2021-10-01,Chuquicamata,18.941,chuquicamata,2597.039767560383,0.0,443.545,0,1,0.0
2021-11-01,Chuquicamata,28.66,chuquicamata,2583.6831587110655,0.0,442.955,0,1,0.0
2021-12-01,Chuquicamata,32.267,chuquicamata,2570.39524307245,0.0,433.195,0,1,0.0
2022-01-01,Chuquicamata,16.401,chuquicamata,2557.175667354471,0.0,443.429,0,1,0.0
2022-02-01,Chuquicamata,22.03,chuquicamata,2544.024080084042,0.0,450.932,0,1,0.0
2022-03-01,Chuquicamata,32.333,chuquicamata,2530.9401315957034,0.0,464.369,0,1,0.0
2022-04-01,Chuquicamata,21.753,chuquicamata,2517.923474022331,0.0,461.899,0,1,0.0
2022-05-01,Chuquicamata,28.319,chuquicamata,2504.9737612858858,0.0,424.69,0,1,0.0
2022-06-01,Chuquicamata,19.843,chuquicamata,2492.090649088213,0.0,409.736,0,1,0.0
2022-07-01,Chuquicamata,25.555,chuquicamata,2479.273794901886,0.0,341.545,0,1,0.0
2022-08-01,Chuquicamata,14.199,chuquicamata,2466.5228579611035,0.0,361.104,0,1,0.0
2022-09-01,Chuquicamata,19.921,chuquicamata,2453.837499252625,0.0,350.84,0,1,0.0
2022-10-01,Chuquicamata,22.285,chuquicamata,2441.2173815067604,0.0,345.693,0,1,0.0
2022-11-01,Chuquicamata,20.618,chuquicamata,2428.662169188402,0.0,364.233,0,1,0.0
2022-12-01,Chuquicamata,25.092,chuquicamata,2416.171528488103,0.0,379.531,0,1,720.0
2023-01-01,Chuquicamata,23.479,chuquicamata,2403.7451273132033,0.0,408.224,0,1,0.0
2023-02-01,Chuquicamata,17.279,chuquicamata,2391.3826352789997,0.0,406.201,0,1,0.0
2023-03-01,Chuquicamata,22.897,chuquicamata,2379.0837236999614,0.0,400.782,0,1,4.8
2023-04-01,Chuquicamata,12.386,chuquicamata,2366.8480655809913,0.0,399.796,0,1,0.0
2023-05-01,Chuquicamata,18.576,chuquicamata,2354.675335608733,0.0,373.501,0,1,0.0
2023-06-01,Chuquicamata,22.904,chuquicamata,2342.56521014292,0.0,380.393,0,1,0.0
2023-07-01,Chuquicamata,19.611,chuquicamata,2330.517367207773,0.0,383.071,0,1,0.0
2023-08-01,Chuquicamata,15.871,chuquicamata,2318.531486483437,0.0,378.83,0,1,0.0
2023-09-01,Chuquicamata,25.165,chuquicamata,2306.607249297467,0.0,375.16,0,1,77.753
2023-10-01,Chuquicamata,23.173,chuquicamata,2294.7443386163545,0.0,360.137,0,1,0.0
2023-11-01,Chuquicamata,19.599,chuquicamata,3002.9424390370978,720.0,370.764,0,1,0.0
2023-12-01,Chuquicamata,27.556,chuquicamata,2987.498267539904,0.0,380.75,0,1,0.0
2024-01-01,Chuquicamata,16.976,chuquicamata,3692.1335256148977,720.0,378.491,0,1,0.0
2024-02-01,Chuquicamata,15.968,chuquicamata,3673.144835515857,0.0,376.969,0,1,0.0
2024-03-01,Chuquicamata,19.815,chuquicamata,3654.2538044936546,0.0,393.52,0,1,0.0
2024-04-01,Chuquicamata,19.64,chuquicamata,3635.459930286406,0.0,430.116,0,1,0.0
2024-05-01,Chuquicamata,26.864,chuquicamata,3616.762713215365,0.0,459.447,0,1,0.0
2024-06-01,Chuquicamata,23.445,chuquicamata,3602.1616561716396,4.0,437.336,0,1,0.0
2024-07-01,Chuquicamata,25.849,chuquicamata,3583.6356925516484,0.0,426.085,0,1,0.0
2024-08-01,Chuquicamata,23.452,chuquicamata,3565.205008200277,0.0,406.587,0,1,0.0
2024-09-01,Chuquicamata,22.838,chuquicamata,3546.8691130950233,0.0,419.777,0,1,0.0
2024-10-01,Chuquicamata,24.782,chuquicamata,3528.627519733579,0.0,432.693,0,1,0.0
2024-11-01,Chuquicamata,26.324,chuquicamata,3510.479743120866,0.0,411.625,0,1,0.0
2024-12-01,Chuquicamata,43.06,chuquicamata,3492.4253007561406,0.0,404.583,0,1,0.0
2025-01-01,Chuquicamata,13.055,chuquicamata,3474.4637126201687,0.0,407.216,0,1,0.0
2025-02-01,Chuquicamata,13.65,chuquicamata,3456.59450116246,0.0,423.168,0,1,0.0
2025-03-01,Chuquicamata,21.856,chuquicamata,3438.8171912885728,0.0,441.394,0,1,0.0
2025-04-01,Chuquicamata,18.365,chuquicamata,3421.131310347482,0.0,416.948,0,1,0.0
2025-05-01,Chuquicamata,26.887,chuquicamata,3403.5363881190137,0.0,432.263,0,1,0.0
2025-06-01,Chuquicamata,21.523,chuquicamata,3386.0319568013415,0.0,446.051,0,1,0.0
2025-07-01,Chuquicamata,17.088,chuquicamata,3368.6175509985496,0.0,443.533,0,1,0.0
2025-08-01,Chuquicamata,16.374,chuquicamata,3351.29270770826,0.0,437.529,0,1,0.0
2025-09-01,Chuquicamata,20.803,chuquicamata,3334.0569663093215,0.0,451.448,0,1,0.0
2025-10-01,Chuquicamata,20.314,chuquicamata,3316.909868549564,0.0,485.164,0,1,0.0
2025-11-01,Chuquicamata,26.808,chuquicamata,3299.8509585336137,0.0,489.915,0,1,0.0
2025-12-01,Chuquicamata,49.033,chuquicamata,3282.879782710772,0.0,535.411,0,1,0.0
2026-01-01,Chuquicamata,13.577,chuquicamata,3282.879782710772,0.0,535.411,0,1,0.0
2026-02-01,Chuquicamata,13.958,chuquicamata,3282.879782710772,0.0,535.411,0,1,0.0
2026-03-01,Chuquicamata,16.062,chuquicamata,3282.879782710772,0.0,535.411,0,1,0.0
2014-01-01,Collahuasi,36.9,collahuasi,1910.1295996025565,0.0,330.891,0,0,0.0
2014-02-01,Collahuasi,42.8,collahuasi,1900.3057785613555,0.0,324.416,0,0,0.0
2014-03-01,Collahuasi,39.2,collahuasi,1890.5324815578272,0.0,302.448,0,0,0.0
2014-04-01,Collahuasi,41.6,collahuasi,1880.8094487461972,0.0,302.584,0,0,0.0
2014-05-01,Collahuasi,38.1,collahuasi,1941.1364216170816,70.0,312.247,0,1,0.0
2014-06-01,Collahuasi,42.1,collahuasi,1931.1531320923864,0.0,308.719,0,1,0.0
2014-07-01,Collahuasi,38.4,collahuasi,1921.22118675382,0.0,322.255,0,1,0.0
2014-08-01,Collahuasi,36.8,collahuasi,1911.340321537575,0.0,317.54,0,1,0.0
2014-09-01,Collahuasi,35.1,collahuasi,1901.5102737379264,0.0,311.719,0,1,0.0
2014-10-01,Collahuasi,40.0,collahuasi,1891.7307820002493,0.0,305.685,0,1,0.0
2014-11-01,Collahuasi,37.1,collahuasi,1882.0015863140677,0.0,303.958,0,1,0.0
2014-12-01,Collahuasi,42.3,collahuasi,1872.3224280061431,0.0,291.34,0,1,0.0
2015-01-01,Collahuasi,39.0,collahuasi,1862.6930497335975,0.0,263.802,0,1,0.0
2015-02-01,Collahuasi,30.3,collahuasi,1903.1131954770703,50.0,258.642,0,1,0.0
2015-03-01,Collahuasi,35.2,collahuasi,1893.32545989232,0.0,268.792,0,1,0.0
2015-04-01,Collahuasi,37.2,collahuasi,1883.588062757277,0.0,273.447,0,1,0.0
2015-05-01,Collahuasi,34.8,collahuasi,1873.9007451806476,0.0,285.791,0,1,0.0
2015-06-01,Collahuasi,40.1,collahuasi,1864.263249602621,0.0,264.608,0,1,0.0
2015-07-01,Collahuasi,33.3,collahuasi,1854.675319788019,0.0,247.521,0,1,0.0
2015-08-01,Collahuasi,24.7,collahuasi,1845.136700819484,0.0,230.83,0,1,0.0
2015-09-01,Collahuasi,40.8,collahuasi,1835.6471390907016,0.0,236.235,0,1,0.0
2015-10-01,Collahuasi,43.6,collahuasi,1826.2063822996593,0.0,236.894,0,1,0.0
2015-11-01,Collahuasi,43.2,collahuasi,1816.814179441935,0.0,218.098,0,1,0.0
2015-12-01,Collahuasi,53.1,collahuasi,1807.4702808040272,0.0,209.968,0,1,0.0
2016-01-01,Collahuasi,38.0,collahuasi,1798.1744379567135,0.0,202.427,0,1,0.0
2016-02-01,Collahuasi,40.1,collahuasi,1788.926403748446,0.0,208.447,0,1,0.0
2016-03-01,Collahuasi,38.0,collahuasi,1779.725932298781,0.0,224.417,0,1,0.0
2016-04-01,Collahuasi,34.0,collahuasi,1770.57277899184,0.0,220.043,0,1,0.0
2016-05-01,Collahuasi,48.2,collahuasi,1761.4667004698088,0.0,213.567,0,1,0.0
2016-06-01,Collahuasi,45.5,collahuasi,1752.4074546264635,0.0,210.042,0,1,0.0
2016-07-01,Collahuasi,46.3,collahuasi,1743.3948006007377,0.0,220.255,0,1,0.0
2016-08-01,Collahuasi,42.9,collahuasi,1734.4284987703147,0.0,215.829,0,1,0.0
2016-09-01,Collahuasi,40.5,collahuasi,1725.5083107452597,0.0,213.514,0,1,0.0
2016-10-01,Collahuasi,49.2,collahuasi,1716.6339993616796,0.0,214.646,0,1,0.0
2016-11-01,Collahuasi,43.5,collahuasi,1707.8053286754189,0.0,246.902,0,1,0.0
2016-12-01,Collahuasi,40.3,collahuasi,1699.0220639557856,0.0,257.017,0,1,0.0
2017-01-01,Collahuasi,44.4,collahuasi,1690.2839716793108,0.0,260.245,0,1,0.0
2017-02-01,Collahuasi,45.3,collahuasi,1681.5908195235395,0.0,269.504,0,1,0.0
2017-03-01,Collahuasi,41.3,collahuasi,1672.9423763608545,0.0,264.06,0,1,0.0
2017-04-01,Collahuasi,31.1,collahuasi,1664.33841225233,0.0,258.442,0,1,0.0
2017-05-01,Collahuasi,44.9,collahuasi,1655.7786984416205,0.0,253.626,0,1,0.0
2017-06-01,Collahuasi,39.9,collahuasi,1647.263007348876,0.0,258.524,0,1,0.0
2017-07-01,Collahuasi,41.1,collahuasi,1638.7911125646935,0.0,271.185,0,1,0.0
2017-08-01,Collahuasi,43.6,collahuasi,1630.362788844096,0.0,293.845,0,1,0.0
2017-09-01,Collahuasi,48.0,collahuasi,1923.9778121005445,302.0,298.609,0,1,0.0
2017-10-01,Collahuasi,48.0,collahuasi,1914.0827695247683,0.0,308.324,0,1,0.0
2017-11-01,Collahuasi,47.6,collahuasi,1904.2386172799315,0.0,309.603,0,1,0.0
2017-12-01,Collahuasi,48.8,collahuasi,1894.445093636408,0.0,308.495,0,1,0.0
2018-01-01,Collahuasi,54.1,collahuasi,1884.701938210652,0.0,321.157,0,1,0.0
2018-02-01,Collahuasi,42.5,collahuasi,1875.0088919582731,0.0,317.596,0,1,0.0
2018-03-01,Collahuasi,41.0,collahuasi,1865.3656971671496,0.0,308.251,0,1,0.0
2018-04-01,Collahuasi,43.5,collahuasi,1855.772097450577,0.0,310.191,0,1,0.0
2018-05-01,Collahuasi,39.6,collahuasi,1846.227837740449,0.0,309.43,0,1,0.0
2018-06-01,Collahuasi,41.4,collahuasi,1836.7326642804817,0.0,315.464,0,1,0.0
2018-07-01,Collahuasi,43.2,collahuasi,1827.2863246194584,0.0,283.413,0,1,0.0
2018-08-01,Collahuasi,45.4,collahuasi,1817.888567604526,0.0,273.959,0,1,0.0
2018-09-01,Collahuasi,51.1,collahuasi,1808.5391433745117,0.0,273.064,0,1,0.0
2018-10-01,Collahuasi,49.1,collahuasi,1799.2378033532823,0.0,281.948,0,1,0.0
2018-11-01,Collahuasi,51.7,collahuasi,1789.9843002431355,0.0,280.91,0,1,0.0
2018-12-01,Collahuasi,56.6,collahuasi,4980.778388018223,3200.0,276.429,0,1,0.0
2019-01-01,Collahuasi,44.49,collahuasi,8155.1621808561795,3200.0,269.072,0,1,0.0
2019-02-01,Collahuasi,38.493,collahuasi,8113.220077114439,0.0,284.774,0,1,0.0
2019-03-01,Collahuasi,47.192,collahuasi,8071.493682150436,0.0,292.614,0,1,0.0
2019-04-01,Collahuasi,37.052,collahuasi,8029.981886571159,0.0,292.345,0,1,0.0
2019-05-01,Collahuasi,43.017,collahuasi,7988.683586689217,0.0,273.44,0,1,0.0
2019-06-01,Collahuasi,44.367,collahuasi,7947.597684493501,0.0,266.187,0,1,0.0
2019-07-01,Collahuasi,47.341,collahuasi,7906.723087619985,0.0,269.427,0,1,0.0
2019-08-01,Collahuasi,50.528,collahuasi,7866.058709322684,0.0,258.91,0,1,0.0
2019-09-01,Collahuasi,48.759,collahuasi,7825.603468444765,0.0,260.611,0,1,0.0
2019-10-01,Collahuasi,50.957,collahuasi,7785.356289389795,0.0,260.493,0,1,0.0
2019-11-01,Collahuasi,56.703,collahuasi,7745.31610209315,0.0,265.791,0,1,0.0
2019-12-01,Collahuasi,56.536,collahuasi,7705.48184199356,0.0,274.987,0,1,0.0
2020-01-01,Collahuasi,53.542,collahuasi,7665.852450004809,0.0,274.387,0,1,0.0
2020-02-01,Collahuasi,47.073,collahuasi,7626.426872487573,0.0,257.933,0,1,0.0
2020-03-01,Collahuasi,50.425,collahuasi,7587.20406122141,0.0,234.901,0,1,0.0
2020-04-01,Collahuasi,54.085,collahuasi,7548.182973376889,0.0,228.985,0,1,0.0
2020-05-01,Collahuasi,60.059,collahuasi,7509.362571487864,0.0,237.402,0,1,302.0
2020-06-01,Collahuasi,57.831,collahuasi,7470.741823423891,0.0,260.47,0,1,0.0
2020-07-01,Collahuasi,58.119,collahuasi,7432.319702362785,0.0,288.202,0,1,0.0
2020-08-01,Collahuasi,60.038,collahuasi,7394.095186763323,0.0,294.685,0,1,0.0
2020-09-01,Collahuasi,53.32,collahuasi,7356.067260338079,0.0,304.47,0,1,0.0
2020-10-01,Collahuasi,42.228,collahuasi,7318.234912026408,0.0,304.033,0,1,0.0
2020-11-01,Collahuasi,48.143,collahuasi,7280.597135967561,0.0,320.392,0,1,0.0
2020-12-01,Collahuasi,44.236,collahuasi,7243.152931473946,0.0,351.772,0,1,0.0
2021-01-01,Collahuasi,57.029,collahuasi,7205.90130300452,0.0,361.536,0,1,0.0
2021-02-01,Collahuasi,52.79,collahuasi,7168.841260138318,0.0,383.751,0,1,0.0
2021-03-01,Collahuasi,53.021,collahuasi,7131.971817548125,0.0,408.459,0,1,0.0
2021-04-01,Collahuasi,57.022,collahuasi,7095.291994974275,0.0,423.454,0,1,0.0
2021-05-01,Collahuasi,57.925,collahuasi,7058.800817198592,0.0,461.937,0,1,0.0
2021-06-01,Collahuasi,53.82,collahuasi,7022.4973140184575,0.0,436.013,0,1,0.0
2021-07-01,Collahuasi,54.03,collahuasi,6986.380520221019,0.0,427.901,0,1,0.0
2021-08-01,Collahuasi,48.14,collahuasi,6950.449475557524,0.0,424.435,0,1,0.0
2021-09-01,Collahuasi,46.137,collahuasi,6914.703224717795,0.0,422.933,0,1,0.0
2021-10-01,Collahuasi,49.525,collahuasi,6879.140817304824,0.0,443.545,0,1,0.0
2021-11-01,Collahuasi,50.665,collahuasi,6843.761307809508,0.0,442.955,0,1,0.0
2021-12-01,Collahuasi,49.937,collahuasi,6808.563755585511,0.0,433.195,0,1,0.0
2022-01-01,Collahuasi,51.336,collahuasi,6773.54722482425,0.0,443.429,0,1,3200.0
2022-02-01,Collahuasi,46.9,collahuasi,6738.710784530021,0.0,450.932,0,1,0.0
2022-03-01,Collahuasi,51.2,collahuasi,6704.053508495239,0.0,464.369,0,1,0.0
2022-04-01,Collahuasi,41.9,collahuasi,6669.57447527582,0.0,461.899,0,1,0.0
2022-05-01,Collahuasi,48.99339029042563,collahuasi,6635.272768166677,0.0,424.69,0,1,0.0
2022-06-01,Collahuasi,50.15234837866056,collahuasi,6601.147475177351,0.0,409.736,0,1,0.0
2022-07-01,Collahuasi,47.262,collahuasi,6567.1976890077585,0.0,341.545,0,1,0.0
2022-08-01,Collahuasi,45.626,collahuasi,6533.422507024074,0.0,361.104,0,1,0.0
2022-09-01,Collahuasi,44.507,collahuasi,6499.821031234728,0.0,350.84,0,1,0.0
2022-10-01,Collahuasi,44.931,collahuasi,6466.392368266535,0.0,345.693,0,1,0.0
2022-11-01,Collahuasi,46.685,collahuasi,6433.135629340939,0.0,364.233,0,1,0.0
2022-12-01,Collahuasi,51.291,collahuasi,6400.049930250381,0.0,379.531,0,1,0.0
2023-01-01,Collahuasi,42.903,collahuasi,6367.134391334796,0.0,408.224,0,1,0.0
2023-02-01,Collahuasi,44.053,collahuasi,6334.388137458221,0.0,406.201,0,1,0.0
2023-03-01,Collahuasi,42.85,collahuasi,6301.810297985526,0.0,400.782,0,1,0.0
2023-04-01,Collahuasi,41.541,collahuasi,6269.400006759272,0.0,399.796,0,1,0.0
2023-05-01,Collahuasi,43.23,collahuasi,6237.156402076678,0.0,373.501,0,1,0.0
2023-06-01,Collahuasi,45.373,collahuasi,6205.078626666711,0.0,380.393,0,1,0.0
2023-07-01,Collahuasi,50.014,collahuasi,6178.165827667293,5.0,383.071,0,1,0.0
2023-08-01,Collahuasi,55.033,collahuasi,6146.391441538471,0.0,378.83,0,1,0.0
2023-09-01,Collahuasi,45.108,collahuasi,6114.780471485232,0.0,375.16,0,1,0.0
2023-10-01,Collahuasi,54.803,collahuasi,6083.332077056603,0.0,360.137,0,1,0.0
2023-11-01,Collahuasi,47.958,collahuasi,6052.045422124061,0.0,370.764,0,1,0.0
2023-12-01,Collahuasi,60.316,collahuasi,6020.919674859301,0.0,380.75,0,1,0.0
2024-01-01,Collahuasi,52.15,collahuasi,5989.954007712125,0.0,378.491,1,1,0.0
2024-02-01,Collahuasi,45.213,collahuasi,5959.147597388432,0.0,376.969,1,1,70.0
2024-03-01,Collahuasi,49.777,collahuasi,5928.499624828336,0.0,393.52,1,1,0.0
2024-04-01,Collahuasi,42.269,collahuasi,5898.009275184387,0.0,430.116,1,1,50.0
2024-05-01,Collahuasi,46.232,collahuasi,5867.675737799903,0.0,459.447,1,1,0.0
2024-06-01,Collahuasi,48.403,collahuasi,5837.498206187422,0.0,437.336,1,1,0.0
2024-07-01,Collahuasi,46.985,collahuasi,5807.475878007256,0.0,426.085,1,1,0.0
2024-08-01,Collahuasi,48.763,collahuasi,5777.607955046163,0.0,406.587,1,1,0.0
2024-09-01,Collahuasi,51.385,collahuasi,5747.893643196118,0.0,419.777,1,1,0.0
2024-10-01,Collahuasi,49.545,collahuasi,5718.332152433207,0.0,432.693,1,1,0.0
2024-11-01,Collahuasi,36.694,collahuasi,5688.922696796617,0.0,411.625,1,1,0.0
2024-12-01,Collahuasi,41.195,collahuasi,5659.664494367743,0.0,404.583,1,1,0.0
2025-01-01,Collahuasi,28.019,collahuasi,5630.556767249397,0.0,407.216,1,1,0.0
2025-02-01,Collahuasi,16.981,collahuasi,5601.598741545126,0.0,423.168,1,1,0.0
2025-03-01,Collahuasi,35.236,collahuasi,5572.789647338636,0.0,441.394,1,1,0.0
2025-04-01,Collahuasi,36.567,collahuasi,5544.128718673323,0.0,416.948,1,1,0.0
2025-05-01,Collahuasi,38.387,collahuasi,5515.6151935319085,0.0,432.263,1,1,0.0
2025-06-01,Collahuasi,34.286,collahuasi,5487.248313816176,0.0,446.051,1,1,0.0
2025-07-01,Collahuasi,34.232,collahuasi,5459.027325326821,0.0,443.533,1,1,0.0
2025-08-01,Collahuasi,35.427,collahuasi,5430.951477743392,0.0,437.529,1,1,0.0
2025-09-01,Collahuasi,38.003,collahuasi,5403.0200246043505,0.0,451.448,1,1,0.0
2025-10-01,Collahuasi,35.015,collahuasi,5375.232223287214,0.0,485.164,1,1,0.0
2025-11-01,Collahuasi,37.704,collahuasi,5347.58733498882,0.0,489.915,1,1,0.0
2025-12-01,Collahuasi,36.159,collahuasi,5320.084624705678,0.0,535.411,1,1,0.0
2026-01-01,Collahuasi,30.19,collahuasi,5320.084624705678,0.0,535.411,1,1,0.0
2026-02-01,Collahuasi,26.649,collahuasi,5320.084624705678,0.0,535.411,1,1,0.0
2026-03-01,Collahuasi,31.426,collahuasi,5320.084624705678,0.0,535.411,1,1,0.0
2014-01-01,El Abra,14.0,el abra,0.0,0.0,330.891,0,0,0.0
2014-02-01,El Abra,12.8,el abra,0.0,0.0,324.416,0,0,0.0
2014-03-01,El Abra,14.9,el abra,0.0,0.0,302.448,0,0,0.0
2014-04-01,El Abra,14.2,el abra,0.0,0.0,302.584,0,0,0.0
2014-05-01,El Abra,14.2,el abra,0.0,0.0,312.247,0,0,0.0
2014-06-01,El Abra,13.9,el abra,0.0,0.0,308.719,0,0,0.0
2014-07-01,El Abra,13.7,el abra,0.0,0.0,322.255,0,0,0.0
2014-08-01,El Abra,13.7,el abra,0.0,0.0,317.54,0,0,0.0
2014-09-01,El Abra,13.3,el abra,0.0,0.0,311.719,0,0,0.0
2014-10-01,El Abra,13.6,el abra,0.0,0.0,305.685,0,0,0.0
2014-11-01,El Abra,13.8,el abra,0.0,0.0,303.958,0,0,0.0
2014-12-01,El Abra,14.3,el abra,0.0,0.0,291.34,0,0,0.0
2015-01-01,El Abra,14.0,el abra,0.0,0.0,263.802,0,0,0.0
2015-02-01,El Abra,12.2,el abra,0.0,0.0,258.642,0,0,0.0
2015-03-01,El Abra,12.7,el abra,0.0,0.0,268.792,0,0,0.0
2015-04-01,El Abra,13.2,el abra,0.0,0.0,273.447,0,0,0.0
2015-05-01,El Abra,12.9,el abra,0.0,0.0,285.791,0,0,0.0
2015-06-01,El Abra,12.0,el abra,0.0,0.0,264.608,0,0,0.0
2015-07-01,El Abra,12.2,el abra,0.0,0.0,247.521,0,0,0.0
2015-08-01,El Abra,12.5,el abra,0.0,0.0,230.83,0,0,0.0
2015-09-01,El Abra,12.3,el abra,0.0,0.0,236.235,0,0,0.0
2015-10-01,El Abra,11.3,el abra,0.0,0.0,236.894,0,0,0.0
2015-11-01,El Abra,10.7,el abra,0.0,0.0,218.098,0,0,0.0
2015-12-01,El Abra,11.2,el abra,0.0,0.0,209.968,0,0,0.0
2016-01-01,El Abra,9.9,el abra,0.0,0.0,202.427,0,0,0.0
2016-02-01,El Abra,9.3,el abra,0.0,0.0,208.447,0,0,0.0
2016-03-01,El Abra,9.2,el abra,0.0,0.0,224.417,0,0,0.0
2016-04-01,El Abra,8.1,el abra,0.0,0.0,220.043,0,0,0.0
2016-05-01,El Abra,8.9,el abra,0.0,0.0,213.567,0,0,0.0
2016-06-01,El Abra,8.3,el abra,0.0,0.0,210.042,0,0,0.0
2016-07-01,El Abra,8.3,el abra,0.0,0.0,220.255,0,0,0.0
2016-08-01,El Abra,7.7,el abra,0.0,0.0,215.829,0,0,0.0
2016-09-01,El Abra,7.8,el abra,0.0,0.0,213.514,0,0,0.0
2016-10-01,El Abra,7.6,el abra,0.0,0.0,214.646,0,0,0.0
2016-11-01,El Abra,7.3,el abra,0.0,0.0,246.902,0,0,0.0
2016-12-01,El Abra,7.5,el abra,0.0,0.0,257.017,0,0,0.0
2017-01-01,El Abra,6.9,el abra,0.0,0.0,260.245,0,0,0.0
2017-02-01,El Abra,6.2,el abra,0.0,0.0,269.504,0,0,0.0
2017-03-01,El Abra,6.3,el abra,0.0,0.0,264.06,0,0,0.0
2017-04-01,El Abra,5.6,el abra,0.0,0.0,258.442,0,0,0.0
2017-05-01,El Abra,6.1,el abra,0.0,0.0,253.626,0,0,0.0
2017-06-01,El Abra,6.1,el abra,0.0,0.0,258.524,0,0,0.0
2017-07-01,El Abra,6.8,el abra,0.0,0.0,271.185,0,0,0.0
2017-08-01,El Abra,6.8,el abra,0.0,0.0,293.845,0,0,0.0
2017-09-01,El Abra,6.6,el abra,0.0,0.0,298.609,0,0,0.0
2017-10-01,El Abra,7.1,el abra,0.0,0.0,308.324,0,0,0.0
2017-11-01,El Abra,6.5,el abra,0.0,0.0,309.603,0,0,0.0
2017-12-01,El Abra,7.4,el abra,0.0,0.0,308.495,0,0,0.0
2018-01-01,El Abra,7.2,el abra,0.0,0.0,321.157,0,0,0.0
2018-02-01,El Abra,7.2,el abra,0.0,0.0,317.596,0,0,0.0
2018-03-01,El Abra,8.2,el abra,0.0,0.0,308.251,0,0,0.0
2018-04-01,El Abra,7.6,el abra,0.0,0.0,310.191,0,0,0.0
2018-05-01,El Abra,7.9,el abra,0.0,0.0,309.43,0,0,0.0
2018-06-01,El Abra,7.7,el abra,0.0,0.0,315.464,0,0,0.0
2018-07-01,El Abra,7.7,el abra,0.0,0.0,283.413,0,0,0.0
2018-08-01,El Abra,7.7,el abra,0.0,0.0,273.959,0,0,0.0
2018-09-01,El Abra,7.4,el abra,0.0,0.0,273.064,0,0,0.0
2018-10-01,El Abra,7.6,el abra,0.0,0.0,281.948,0,0,0.0
2018-11-01,El Abra,8.1,el abra,0.0,0.0,280.91,0,0,0.0
2018-12-01,El Abra,7.0,el abra,0.0,0.0,276.429,0,0,0.0
2019-01-01,El Abra,6.353,el abra,0.0,0.0,269.072,0,0,0.0
2019-02-01,El Abra,4.699,el abra,0.0,0.0,284.774,0,0,0.0
2019-03-01,El Abra,6.102,el abra,0.0,0.0,292.614,0,0,0.0
2019-04-01,El Abra,6.704,el abra,0.0,0.0,292.345,0,0,0.0
2019-05-01,El Abra,6.453,el abra,0.0,0.0,273.44,0,0,0.0
2019-06-01,El Abra,6.169,el abra,0.0,0.0,266.187,0,0,0.0
2019-07-01,El Abra,6.704,el abra,0.0,0.0,269.427,0,0,0.0
2019-08-01,El Abra,6.892,el abra,0.0,0.0,258.91,0,0,0.0
2019-09-01,El Abra,8.386,el abra,0.0,0.0,260.611,0,0,0.0
2019-10-01,El Abra,8.366,el abra,0.0,0.0,260.493,0,0,0.0
2019-11-01,El Abra,7.433,el abra,0.0,0.0,265.791,0,0,0.0
2019-12-01,El Abra,7.664,el abra,0.0,0.0,274.987,0,0,0.0
2020-01-01,El Abra,7.0169,el abra,0.0,0.0,274.387,0,0,0.0
2020-02-01,El Abra,5.811554,el abra,0.0,0.0,257.933,0,0,0.0
2020-03-01,El Abra,6.203,el abra,0.0,0.0,234.901,0,0,0.0
2020-04-01,El Abra,6.075,el abra,0.0,0.0,228.985,0,0,0.0
2020-05-01,El Abra,6.454,el abra,0.0,0.0,237.402,0,0,0.0
2020-06-01,El Abra,5.548,el abra,0.0,0.0,260.47,0,0,0.0
2020-07-01,El Abra,5.236,el abra,0.0,0.0,288.202,0,0,0.0
2020-08-01,El Abra,5.268,el abra,0.0,0.0,294.685,0,0,0.0
2020-09-01,El Abra,5.42,el abra,0.0,0.0,304.47,0,0,0.0
2020-10-01,El Abra,5.749,el abra,0.0,0.0,304.033,0,0,0.0
2020-11-01,El Abra,6.096,el abra,0.0,0.0,320.392,0,0,0.0
2020-12-01,El Abra,7.016,el abra,0.0,0.0,351.772,0,0,0.0
2021-01-01,El Abra,6.746,el abra,0.0,0.0,361.536,0,0,0.0
2021-02-01,El Abra,5.893,el abra,0.0,0.0,383.751,0,0,0.0
2021-03-01,El Abra,6.609,el abra,0.0,0.0,408.459,0,0,0.0
2021-04-01,El Abra,6.061,el abra,0.0,0.0,423.454,0,0,0.0
2021-05-01,El Abra,5.864,el abra,0.0,0.0,461.937,0,0,0.0
2021-06-01,El Abra,5.436,el abra,0.0,0.0,436.013,0,0,0.0
2021-07-01,El Abra,5.504,el abra,0.0,0.0,427.901,0,0,0.0
2021-08-01,El Abra,5.592,el abra,0.0,0.0,424.435,0,0,0.0
2021-09-01,El Abra,4.475,el abra,0.0,0.0,422.933,0,0,0.0
2021-10-01,El Abra,7.751,el abra,0.0,0.0,443.545,0,0,0.0
2021-11-01,El Abra,6.706,el abra,0.0,0.0,442.955,0,0,0.0
2021-12-01,El Abra,6.017,el abra,0.0,0.0,433.195,0,0,0.0
2022-01-01,El Abra,5.718,el abra,0.0,0.0,443.429,0,0,0.0
2022-02-01,El Abra,5.4,el abra,0.0,0.0,450.932,0,0,0.0
2022-03-01,El Abra,5.9,el abra,0.0,0.0,464.369,0,0,0.0
2022-04-01,El Abra,5.6,el abra,0.0,0.0,461.899,0,0,0.0
2022-05-01,El Abra,6.125,el abra,0.0,0.0,424.69,0,0,0.0
2022-06-01,El Abra,8.306,el abra,0.0,0.0,409.736,0,0,0.0
2022-07-01,El Abra,9.284,el abra,0.0,0.0,341.545,0,0,0.0
2022-08-01,El Abra,9.76,el abra,0.0,0.0,361.104,0,0,0.0
2022-09-01,El Abra,8.381,el abra,0.0,0.0,350.84,0,0,0.0
2022-10-01,El Abra,9.299,el abra,0.0,0.0,345.693,0,0,0.0
2022-11-01,El Abra,8.011,el abra,0.0,0.0,364.233,0,0,0.0
2022-12-01,El Abra,9.897,el abra,0.0,0.0,379.531,0,0,0.0
2023-01-01,El Abra,8.718,el abra,0.0,0.0,408.224,0,0,0.0
2023-02-01,El Abra,8.009,el abra,0.0,0.0,406.201,0,0,0.0
2023-03-01,El Abra,10.011,el abra,0.0,0.0,400.782,0,0,0.0
2023-04-01,El Abra,8.209,el abra,0.0,0.0,399.796,0,0,0.0
2023-05-01,El Abra,6.6663689999999995,el abra,0.0,0.0,373.501,0,0,0.0
2023-06-01,El Abra,8.16162,el abra,0.0,0.0,380.393,0,0,0.0
2023-07-01,El Abra,8.024889,el abra,0.0,0.0,383.071,0,0,0.0
2023-08-01,El Abra,7.455,el abra,0.0,0.0,378.83,0,0,0.0
2023-09-01,El Abra,7.524,el abra,0.0,0.0,375.16,0,0,0.0
2023-10-01,El Abra,8.137,el abra,0.0,0.0,360.137,0,0,0.0
2023-11-01,El Abra,8.431,el abra,0.0,0.0,370.764,0,0,0.0
2023-12-01,El Abra,9.066,el abra,0.0,0.0,380.75,0,0,0.0
2024-01-01,El Abra,8.841,el abra,0.0,0.0,378.491,0,0,0.0
2024-02-01,El Abra,7.147,el abra,0.0,0.0,376.969,0,0,0.0
2024-03-01,El Abra,7.953,el abra,0.0,0.0,393.52,0,0,0.0
2024-04-01,El Abra,7.871,el abra,0.0,0.0,430.116,0,0,0.0
2024-05-01,El Abra,8.613,el abra,0.0,0.0,459.447,0,0,0.0
2024-06-01,El Abra,8.683,el abra,0.0,0.0,437.336,0,0,0.0
2024-07-01,El Abra,7.983,el abra,0.0,0.0,426.085,0,0,0.0
2024-08-01,El Abra,7.614,el abra,0.0,0.0,406.587,0,0,0.0
2024-09-01,El Abra,8.249,el abra,0.0,0.0,419.777,0,0,0.0
2024-10-01,El Abra,9.686,el abra,0.0,0.0,432.693,0,0,0.0
2024-11-01,El Abra,7.772,el abra,0.0,0.0,411.625,0,0,0.0
2024-12-01,El Abra,8.685,el abra,0.0,0.0,404.583,0,0,0.0
2025-01-01,El Abra,9.701,el abra,0.0,0.0,407.216,0,0,0.0
2025-02-01,El Abra,8.135,el abra,0.0,0.0,423.168,0,0,0.0
2025-03-01,El Abra,9.562,el abra,0.0,0.0,441.394,0,0,0.0
2025-04-01,El Abra,8.357,el abra,0.0,0.0,416.948,0,0,0.0
2025-05-01,El Abra,8.297,el abra,0.0,0.0,432.263,0,0,0.0
2025-06-01,El Abra,7.056,el abra,0.0,0.0,446.051,0,0,0.0
2025-07-01,El Abra,6.984,el abra,0.0,0.0,443.533,0,0,0.0
2025-08-01,El Abra,6.389,el abra,0.0,0.0,437.529,0,0,0.0
2025-09-01,El Abra,6.234,el abra,0.0,0.0,451.448,0,0,0.0
2025-10-01,El Abra,6.321,el abra,0.0,0.0,485.164,0,0,0.0
2025-11-01,El Abra,6.72,el abra,0.0,0.0,489.915,0,0,0.0
2025-12-01,El Abra,7.62,el abra,0.0,0.0,535.411,0,0,0.0
2026-01-01,El Abra,7.465,el abra,0.0,0.0,535.411,0,0,0.0
2026-02-01,El Abra,6.781,el abra,0.0,0.0,535.411,0,0,0.0
2026-03-01,El Abra,7.809,el abra,0.0,0.0,535.411,0,0,0.0
2014-01-01,El Soldado,3.002,el soldado,0.0,0.0,330.891,0,0,0.0
2014-02-01,El Soldado,3.305,el soldado,0.0,0.0,324.416,0,0,0.0
2014-03-01,El Soldado,3.657,el soldado,0.0,0.0,302.448,0,0,0.0
2014-04-01,El Soldado,3.222,el soldado,0.0,0.0,302.584,0,0,0.0
2014-05-01,El Soldado,2.896,el soldado,0.0,0.0,312.247,0,0,0.0
2014-06-01,El Soldado,2.221,el soldado,0.0,0.0,308.719,0,0,0.0
2014-07-01,El Soldado,2.164,el soldado,0.0,0.0,322.255,0,0,0.0
2014-08-01,El Soldado,2.431,el soldado,0.0,0.0,317.54,0,0,0.0
2014-09-01,El Soldado,2.115,el soldado,0.0,0.0,311.719,0,0,0.0
2014-10-01,El Soldado,2.26,el soldado,0.0,0.0,305.685,0,0,0.0
2014-11-01,El Soldado,2.108,el soldado,0.0,0.0,303.958,0,0,0.0
2014-12-01,El Soldado,3.032,el soldado,0.0,0.0,291.34,0,0,0.0
2015-01-01,El Soldado,1.713,el soldado,0.0,0.0,263.802,0,0,0.0
2015-02-01,El Soldado,2.196,el soldado,0.0,0.0,258.642,0,0,0.0
2015-03-01,El Soldado,2.267,el soldado,0.0,0.0,268.792,0,0,0.0
2015-04-01,El Soldado,2.606,el soldado,0.0,0.0,273.447,0,0,0.0
2015-05-01,El Soldado,3.833,el soldado,0.0,0.0,285.791,0,0,0.0
2015-06-01,El Soldado,3.602,el soldado,0.0,0.0,264.608,0,0,0.0
2015-07-01,El Soldado,2.707,el soldado,0.0,0.0,247.521,0,0,0.0
2015-08-01,El Soldado,4.557,el soldado,0.0,0.0,230.83,0,0,0.0
2015-09-01,El Soldado,3.701,el soldado,0.0,0.0,236.235,0,0,0.0
2015-10-01,El Soldado,2.623,el soldado,0.0,0.0,236.894,0,0,0.0
2015-11-01,El Soldado,3.165,el soldado,0.0,0.0,218.098,0,0,0.0
2015-12-01,El Soldado,3.097,el soldado,0.0,0.0,209.968,0,0,0.0
2016-01-01,El Soldado,3.726,el soldado,0.0,0.0,202.427,0,0,0.0
2016-02-01,El Soldado,3.309,el soldado,0.0,0.0,208.447,0,0,0.0
2016-03-01,El Soldado,3.21,el soldado,0.0,0.0,224.417,0,0,0.0
2016-04-01,El Soldado,4.021,el soldado,0.0,0.0,220.043,0,0,0.0
2016-05-01,El Soldado,3.827,el soldado,0.0,0.0,213.567,0,0,0.0
2016-06-01,El Soldado,4.472,el soldado,0.0,0.0,210.042,0,0,0.0
2016-07-01,El Soldado,1.819,el soldado,0.0,0.0,220.255,0,0,0.0
2016-08-01,El Soldado,4.36,el soldado,0.0,0.0,215.829,0,0,0.0
2016-09-01,El Soldado,4.517,el soldado,0.0,0.0,213.514,0,0,0.0
2016-10-01,El Soldado,4.003,el soldado,0.0,0.0,214.646,0,0,0.0
2016-11-01,El Soldado,4.6,el soldado,0.0,0.0,246.902,0,0,0.0
2016-12-01,El Soldado,5.147,el soldado,0.0,0.0,257.017,0,0,0.0
2017-01-01,El Soldado,3.6,el soldado,0.0,0.0,260.245,0,0,0.0
2017-02-01,El Soldado,3.209,el soldado,0.0,0.0,269.504,0,0,0.0
2017-03-01,El Soldado,2.252,el soldado,0.0,0.0,264.06,0,0,0.0
2017-04-01,El Soldado,2.186,el soldado,0.0,0.0,258.442,0,0,0.0
2017-05-01,El Soldado,4.592,el soldado,0.0,0.0,253.626,0,0,0.0
2017-06-01,El Soldado,4.07,el soldado,0.0,0.0,258.524,0,0,0.0
2017-07-01,El Soldado,3.734,el soldado,0.0,0.0,271.185,0,0,0.0
2017-08-01,El Soldado,3.866,el soldado,0.0,0.0,293.845,0,0,0.0
2017-09-01,El Soldado,3.269,el soldado,0.0,0.0,298.609,0,0,0.0
2017-10-01,El Soldado,3.176,el soldado,0.0,0.0,308.324,0,0,0.0
2017-11-01,El Soldado,3.305,el soldado,0.0,0.0,309.603,0,0,0.0
2017-12-01,El Soldado,3.204,el soldado,0.0,0.0,308.495,0,0,0.0
2018-01-01,El Soldado,2.763,el soldado,0.0,0.0,321.157,0,0,0.0
2018-02-01,El Soldado,2.817,el soldado,0.0,0.0,317.596,0,0,0.0
2018-03-01,El Soldado,3.708,el soldado,0.0,0.0,308.251,0,0,0.0
2018-04-01,El Soldado,4.207,el soldado,0.0,0.0,310.191,0,0,0.0
2018-05-01,El Soldado,5.221,el soldado,0.0,0.0,309.43,0,0,0.0
2018-06-01,El Soldado,4.154,el soldado,0.0,0.0,315.464,0,0,0.0
2018-07-01,El Soldado,5.218,el soldado,0.0,0.0,283.413,0,0,0.0
2018-08-01,El Soldado,4.602,el soldado,0.0,0.0,273.959,0,0,0.0
2018-09-01,El Soldado,4.702,el soldado,0.0,0.0,273.064,0,0,0.0
2018-10-01,El Soldado,5.442,el soldado,0.0,0.0,281.948,0,0,0.0
2018-11-01,El Soldado,5.015,el soldado,0.0,0.0,280.91,0,0,0.0
2018-12-01,El Soldado,4.86,el soldado,0.0,0.0,276.429,0,0,0.0
2019-01-01,El Soldado,4.322,el soldado,0.0,0.0,269.072,0,0,0.0
2019-02-01,El Soldado,3.78,el soldado,0.0,0.0,284.774,0,0,0.0
2019-03-01,El Soldado,4.01,el soldado,0.0,0.0,292.614,0,0,0.0
2019-04-01,El Soldado,4.53,el soldado,0.0,0.0,292.345,0,0,0.0
2019-05-01,El Soldado,4.502,el soldado,0.0,0.0,273.44,0,0,0.0
2019-06-01,El Soldado,4.169,el soldado,0.0,0.0,266.187,0,0,0.0
2019-07-01,El Soldado,4.214,el soldado,0.0,0.0,269.427,0,0,0.0
2019-08-01,El Soldado,5.004,el soldado,0.0,0.0,258.91,0,0,0.0
2019-09-01,El Soldado,4.763,el soldado,0.0,0.0,260.611,0,0,0.0
2019-10-01,El Soldado,4.242,el soldado,0.0,0.0,260.493,0,0,0.0
2019-11-01,El Soldado,5.542,el soldado,0.0,0.0,265.791,0,0,0.0
2019-12-01,El Soldado,5.11,el soldado,0.0,0.0,274.987,0,0,0.0
2020-01-01,El Soldado,3.923,el soldado,0.0,0.0,274.387,0,0,0.0
2020-02-01,El Soldado,3.601,el soldado,0.0,0.0,257.933,0,0,0.0
2020-03-01,El Soldado,4.409,el soldado,0.0,0.0,234.901,0,0,0.0
2020-04-01,El Soldado,3.659,el soldado,0.0,0.0,228.985,0,0,0.0
2020-05-01,El Soldado,3.657,el soldado,0.0,0.0,237.402,0,0,0.0
2020-06-01,El Soldado,3.058,el soldado,0.0,0.0,260.47,0,0,0.0
2020-07-01,El Soldado,2.856,el soldado,0.0,0.0,288.202,0,0,0.0
2020-08-01,El Soldado,3.806,el soldado,0.0,0.0,294.685,0,0,0.0
2020-09-01,El Soldado,4.14,el soldado,0.0,0.0,304.47,0,0,0.0
2020-10-01,El Soldado,4.457,el soldado,0.0,0.0,304.033,0,0,0.0
2020-11-01,El Soldado,3.975,el soldado,0.0,0.0,320.392,0,0,0.0
2020-12-01,El Soldado,4.274,el soldado,0.0,0.0,351.772,0,0,0.0
2021-01-01,El Soldado,3.724,el soldado,0.0,0.0,361.536,0,0,0.0
2021-02-01,El Soldado,3.068,el soldado,0.0,0.0,383.751,0,0,0.0
2021-03-01,El Soldado,3.101,el soldado,0.0,0.0,408.459,0,0,0.0
2021-04-01,El Soldado,3.26,el soldado,0.0,0.0,423.454,0,0,0.0
2021-05-01,El Soldado,4.436,el soldado,0.0,0.0,461.937,0,0,0.0
2021-06-01,El Soldado,3.318,el soldado,0.0,0.0,436.013,0,0,0.0
2021-07-01,El Soldado,4.427,el soldado,0.0,0.0,427.901,0,0,0.0
2021-08-01,El Soldado,3.877,el soldado,0.0,0.0,424.435,0,0,0.0
2021-09-01,El Soldado,3.278,el soldado,0.0,0.0,422.933,0,0,0.0
2021-10-01,El Soldado,3.529,el soldado,0.0,0.0,443.545,0,0,0.0
2021-11-01,El Soldado,3.704,el soldado,0.0,0.0,442.955,0,0,0.0
2021-12-01,El Soldado,2.54,el soldado,0.0,0.0,433.195,0,0,0.0
2022-01-01,El Soldado,2.894,el soldado,0.0,0.0,443.429,0,0,0.0
2022-02-01,El Soldado,2.61,el soldado,0.0,0.0,450.932,0,0,0.0
2022-03-01,El Soldado,2.856,el soldado,0.0,0.0,464.369,0,0,0.0
2022-04-01,El Soldado,2.278,el soldado,0.0,0.0,461.899,0,0,0.0
2022-05-01,El Soldado,2.551,el soldado,0.0,0.0,424.69,0,0,0.0
2022-06-01,El Soldado,2.74,el soldado,0.0,0.0,409.736,0,0,0.0
2022-07-01,El Soldado,2.57,el soldado,0.0,0.0,341.545,0,0,0.0
2022-08-01,El Soldado,3.165,el soldado,0.0,0.0,361.104,0,0,0.0
2022-09-01,El Soldado,3.451,el soldado,0.0,0.0,350.84,0,0,0.0
2022-10-01,El Soldado,5.035,el soldado,0.0,0.0,345.693,0,0,0.0
2022-11-01,El Soldado,4.533,el soldado,0.0,0.0,364.233,0,0,0.0
2022-12-01,El Soldado,5.498,el soldado,0.0,0.0,379.531,0,0,0.0
2023-01-01,El Soldado,4.074,el soldado,0.0,0.0,408.224,0,0,0.0
2023-02-01,El Soldado,1.386,el soldado,0.0,0.0,406.201,0,0,0.0
2023-03-01,El Soldado,3.345,el soldado,0.0,0.0,400.782,0,0,0.0
2023-04-01,El Soldado,3.913,el soldado,0.0,0.0,399.796,0,0,0.0
2023-05-01,El Soldado,5.169,el soldado,0.0,0.0,373.501,0,0,0.0
2023-06-01,El Soldado,4.595,el soldado,0.0,0.0,380.393,0,0,0.0
2023-07-01,El Soldado,5.044,el soldado,0.0,0.0,383.071,0,0,0.0
2023-08-01,El Soldado,2.445,el soldado,0.0,0.0,378.83,0,0,0.0
2023-09-01,El Soldado,2.26,el soldado,0.0,0.0,375.16,0,0,0.0
2023-10-01,El Soldado,2.476,el soldado,0.0,0.0,360.137,0,0,0.0
2023-11-01,El Soldado,2.857,el soldado,0.0,0.0,370.764,0,0,0.0
2023-12-01,El Soldado,1.941,el soldado,0.0,0.0,380.75,0,0,0.0
2024-01-01,El Soldado,4.915,el soldado,0.0,0.0,378.491,0,0,0.0
2024-02-01,El Soldado,3.657,el soldado,0.0,0.0,376.969,0,0,0.0
2024-03-01,El Soldado,4.138,el soldado,0.0,0.0,393.52,0,0,0.0
2024-04-01,El Soldado,4.14,el soldado,0.0,0.0,430.116,0,0,0.0
2024-05-01,El Soldado,4.428,el soldado,0.0,0.0,459.447,0,0,0.0
2024-06-01,El Soldado,3.124,el soldado,0.0,0.0,437.336,0,0,0.0
2024-07-01,El Soldado,3.715,el soldado,0.0,0.0,426.085,0,0,0.0
2024-08-01,El Soldado,3.3,el soldado,0.0,0.0,406.587,0,0,0.0
2024-09-01,El Soldado,4.231,el soldado,0.0,0.0,419.777,0,0,0.0
2024-10-01,El Soldado,4.194,el soldado,0.0,0.0,432.693,0,0,0.0
2024-11-01,El Soldado,4.046,el soldado,0.0,0.0,411.625,0,0,0.0
2024-12-01,El Soldado,4.282,el soldado,0.0,0.0,404.583,0,0,0.0
2025-01-01,El Soldado,3.638,el soldado,0.0,0.0,407.216,0,0,0.0
2025-02-01,El Soldado,3.793,el soldado,0.0,0.0,423.168,0,0,0.0
2025-03-01,El Soldado,2.866,el soldado,0.0,0.0,441.394,0,0,0.0
2025-04-01,El Soldado,3.975,el soldado,0.0,0.0,416.948,0,0,0.0
2025-05-01,El Soldado,4.157,el soldado,0.0,0.0,432.263,0,0,0.0
2025-06-01,El Soldado,3.501,el soldado,0.0,0.0,446.051,0,0,0.0
2025-07-01,El Soldado,4.07,el soldado,0.0,0.0,443.533,0,0,0.0
2025-08-01,El Soldado,3.479,el soldado,0.0,0.0,437.529,0,0,0.0
2025-09-01,El Soldado,3.427,el soldado,0.0,0.0,451.448,0,0,0.0
2025-10-01,El Soldado,2.765,el soldado,0.0,0.0,485.164,0,0,0.0
2025-11-01,El Soldado,3.621,el soldado,0.0,0.0,489.915,0,0,0.0
2025-12-01,El Soldado,3.312,el soldado,0.0,0.0,535.411,0,0,0.0
2026-01-01,El Soldado,3.147,el soldado,0.0,0.0,535.411,0,0,0.0
2026-02-01,El Soldado,3.146,el soldado,0.0,0.0,535.411,0,0,0.0
2026-03-01,El Soldado,3.344,el soldado,0.0,0.0,535.411,0,0,0.0
2014-01-01,El Teniente,34.8,el teniente,3402.192057028359,0.0,330.891,0,0,0.0
2014-02-01,El Teniente,32.9,el teniente,3384.694539622736,0.0,324.416,0,0,0.0
2014-03-01,El Teniente,38.4,el teniente,3367.2870121736555,0.0,302.448,0,0,0.0
2014-04-01,El Teniente,29.5,el teniente,3349.969011861616,0.0,302.584,0,0,0.0
2014-05-01,El Teniente,41.2,el teniente,3332.7400782474024,0.0,312.247,0,0,0.0
2014-06-01,El Teniente,37.4,el teniente,3315.5997532598453,0.0,308.719,0,0,0.0
2014-07-01,El Teniente,40.9,el teniente,3298.547581183641,0.0,322.255,0,0,0.0
2014-08-01,El Teniente,42.9,el teniente,3281.583108647235,0.0,317.54,0,0,0.0
2014-09-01,El Teniente,42.0,el teniente,3264.705884610769,0.0,311.719,0,0,0.0
2014-10-01,El Teniente,43.6,el teniente,3247.915460354088,0.0,305.685,0,0,0.0
2014-11-01,El Teniente,39.5,el teniente,3231.2113894648105,0.0,303.958,0,0,0.0
2014-12-01,El Teniente,32.4,el teniente,3277.0932278264604,62.5,291.34,0,0,0.0
2015-01-01,El Teniente,42.3,el teniente,3260.239095304669,0.0,263.802,0,0,92.0
2015-02-01,El Teniente,32.1,el teniente,3243.4716438027062,0.0,258.642,0,0,0.0
2015-03-01,El Teniente,43.1,el teniente,3226.790427518975,0.0,268.792,0,0,0.0
2015-04-01,El Teniente,34.0,el teniente,3210.195002944641,0.0,273.447,0,0,0.0
2015-05-01,El Teniente,48.5,el teniente,3193.684928851843,0.0,285.791,0,0,0.0
2015-06-01,El Teniente,38.9,el teniente,3662.2597662819585,485.0,264.608,0,0,0.0
2015-07-01,El Teniente,39.1,el teniente,3715.424717310502,72.0,247.521,0,0,0.0
2015-08-01,El Teniente,39.2,el teniente,3696.316240313701,0.0,230.83,0,0,0.0
2015-09-01,El Teniente,38.3,el teniente,3677.306038459292,0.0,236.235,0,0,0.0
2015-10-01,El Teniente,41.3,el teniente,3935.393606316956,277.0,236.894,0,0,0.0
2015-11-01,El Teniente,38.1,el teniente,3915.153826501394,0.0,218.098,0,0,0.0
2015-12-01,El Teniente,36.3,el teniente,3895.018140133137,0.0,209.968,0,0,0.0
2016-01-01,El Teniente,38.7,el teniente,3874.986011858249,0.0,202.427,0,0,0.0
2016-02-01,El Teniente,42.5,el teniente,3855.056909076128,0.0,208.447,0,0,0.0
2016-03-01,El Teniente,46.6,el teniente,3835.230301925342,0.0,224.417,0,0,0.0
2016-04-01,El Teniente,25.9,el teniente,3815.505663269544,0.0,220.043,0,0,0.0
2016-05-01,El Teniente,39.0,el teniente,3795.882468683455,0.0,213.567,0,0,0.0
2016-06-01,El Teniente,40.6,el teniente,3776.360196438925,0.0,210.042,0,0,0.0
2016-07-01,El Teniente,36.2,el teniente,3806.9383274910538,50.0,220.255,0,0,0.0
2016-08-01,El Teniente,40.9,el teniente,3787.3591948228086,0.0,215.829,0,0,0.0
2016-09-01,El Teniente,42.3,el teniente,3767.880757885112,0.0,213.514,0,0,0.0
2016-10-01,El Teniente,41.4,el teniente,3748.5024987985303,0.0,214.646,0,0,0.0
2016-11-01,El Teniente,43.7,el teniente,3729.2239023470897,0.0,246.902,0,0,0.0
2016-12-01,El Teniente,37.5,el teniente,3710.0444559645775,0.0,257.017,0,0,0.0
2017-01-01,El Teniente,36.6,el teniente,3690.963649720918,0.0,260.245,0,0,0.0
2017-02-01,El Teniente,36.5,el teniente,3671.9809763086114,0.0,269.504,0,0,0.0
2017-03-01,El Teniente,28.4,el teniente,3653.0959310292465,0.0,264.06,0,0,0.0
2017-04-01,El Teniente,35.5,el teniente,3634.308011780083,0.0,258.442,0,0,0.0
2017-05-01,El Teniente,41.4,el teniente,3615.616719040701,0.0,253.626,0,0,25.0
2017-06-01,El Teniente,40.7,el teniente,3597.021555859721,0.0,258.524,0,0,0.0
2017-07-01,El Teniente,43.4,el teniente,4928.522027841591,1350.0,271.185,0,0,0.0
2017-08-01,El Teniente,43.0,el teniente,4903.17457581048,0.0,293.845,0,0,0.0
2017-09-01,El Teniente,40.7,el teniente,4877.957486050418,0.0,298.609,0,0,0.0
2017-10-01,El Teniente,40.6,el teniente,4863.870088106574,11.0,308.324,0,0,0.0
2017-11-01,El Teniente,37.6,el teniente,4838.855141831123,0.0,309.603,0,0,0.0
2017-12-01,El Teniente,39.9,el teniente,4813.968847745353,0.0,308.495,0,0,0.0
2018-01-01,El Teniente,36.7,el teniente,4789.210544189403,0.0,321.157,0,0,0.0
2018-02-01,El Teniente,37.9,el teniente,4764.579572906335,0.0,317.596,0,0,0.0
2018-03-01,El Teniente,39.6,el teniente,4740.075279024636,0.0,308.251,0,0,0.0
2018-04-01,El Teniente,34.7,el teniente,4715.697011040806,0.0,310.191,0,0,0.0
2018-05-01,El Teniente,40.0,el teniente,4691.4441208020335,0.0,309.43,0,0,0.0
2018-06-01,El Teniente,35.7,el teniente,4667.315963488968,0.0,315.464,0,0,0.0
2018-07-01,El Teniente,42.6,el teniente,4643.311897598573,0.0,283.413,0,0,0.0
2018-08-01,El Teniente,41.5,el teniente,4619.431284927067,0.0,273.959,0,0,473.0
2018-09-01,El Teniente,39.7,el teniente,4595.673490552963,0.0,273.064,0,0,0.0
2018-10-01,El Teniente,39.0,el teniente,4572.03788282018,0.0,281.948,0,0,0.0
2018-11-01,El Teniente,42.8,el teniente,4548.523833321256,0.0,280.91,0,0,0.0
2018-12-01,El Teniente,34.8,el teniente,4525.130716880632,0.0,276.429,0,0,0.0
2019-01-01,El Teniente,32.994,el teniente,4501.857911538038,0.0,269.072,0,0,0.0
2019-02-01,El Teniente,34.62,el teniente,4478.704798531954,0.0,284.774,0,0,0.0
2019-03-01,El Teniente,26.274,el teniente,4455.670762283157,0.0,292.614,0,0,0.0
2019-04-01,El Teniente,34.684,el teniente,4432.755190378357,0.0,292.345,0,0,0.0
2019-05-01,El Teniente,38.246,el teniente,4409.957473553911,0.0,273.44,0,0,0.0
2019-06-01,El Teniente,36.118,el teniente,4387.27700567963,0.0,266.187,0,0,0.0
2019-07-01,El Teniente,39.561,el teniente,4364.713183742658,0.0,269.427,0,0,0.0
2019-08-01,El Teniente,40.628,el teniente,4342.265407831443,0.0,258.91,0,0,0.0
2019-09-01,El Teniente,40.772,el teniente,4319.933081119784,0.0,260.611,0,0,0.0
2019-10-01,El Teniente,41.849,el teniente,4297.715609850969,0.0,260.493,0,0,0.0
2019-11-01,El Teniente,41.571,el teniente,4275.612403321979,0.0,265.791,0,0,0.0
2019-12-01,El Teniente,52.428,el teniente,4253.622873867793,0.0,274.987,0,0,72.0
2020-01-01,El Teniente,33.386,el teniente,4231.746436845755,0.0,274.387,0,0,0.0
2020-02-01,El Teniente,32.256,el teniente,4209.982510620036,0.0,257.933,0,0,0.0
2020-03-01,El Teniente,36.573,el teniente,4188.330516546167,0.0,234.901,0,0,0.0
2020-04-01,El Teniente,36.605,el teniente,4191.789878955655,25.0,228.985,0,0,0.0
2020-05-01,El Teniente,37.728,el teniente,4170.23144981988,0.0,237.402,0,0,0.0
2020-06-01,El Teniente,29.67,el teniente,4148.783895961785,0.0,260.47,0,0,0.0
2020-07-01,El Teniente,30.462,el teniente,4127.446647148393,0.0,288.202,0,0,0.0
2020-08-01,El Teniente,36.82,el teniente,4579.219136079444,473.0,294.685,0,0,0.0
2020-09-01,El Teniente,39.462,el teniente,4555.668153302859,0.0,304.47,0,0,0.0
2020-10-01,El Teniente,42.38,el teniente,4532.238293532895,0.0,304.033,0,0,0.0
2020-11-01,El Teniente,43.428,el teniente,4508.928933832376,0.0,320.392,0,0,0.0
2020-12-01,El Teniente,44.452,el teniente,4485.739454467898,0.0,351.772,0,0,485.0
2021-01-01,El Teniente,39.124,el teniente,4462.669238893355,0.0,361.536,0,0,0.0
2021-02-01,El Teniente,32.278,el teniente,4439.717673733545,0.0,383.751,0,0,0.0
2021-03-01,El Teniente,37.582,el teniente,4416.884148767862,0.0,408.459,0,0,0.0
2021-04-01,El Teniente,36.139,el teniente,4394.1680569140735,0.0,423.454,0,0,0.0
2021-05-01,El Teniente,44.062,el teniente,4371.568794212178,0.0,461.937,0,0,0.0
2021-06-01,El Teniente,37.311,el teniente,4349.085759808348,0.0,436.013,0,0,0.0
2021-07-01,El Teniente,41.2,el teniente,4326.718355938955,0.0,427.901,0,0,0.0
2021-08-01,El Teniente,39.375,el teniente,4304.4659879146775,0.0,424.435,0,0,0.0
2021-09-01,El Teniente,34.809,el teniente,4282.328064104687,0.0,422.933,0,0,0.0
2021-10-01,El Teniente,37.414,el teniente,4352.303995920921,92.0,443.545,0,0,0.0
2021-11-01,El Teniente,41.143,el teniente,4329.920040621905,0.0,442.955,0,0,50.0
2021-12-01,El Teniente,39.381,el teniente,4307.651206292219,0.0,433.195,0,0,0.0
2022-01-01,El Teniente,34.199,el teniente,4285.496900863241,0.0,443.429,0,0,0.0
2022-02-01,El Teniente,33.269,el teniente,4263.456535311364,0.0,450.932,0,0,0.0
2022-03-01,El Teniente,32.307,el teniente,4241.529523642338,0.0,464.369,0,0,0.0
2022-04-01,El Teniente,31.567,el teniente,4219.71528287569,0.0,461.899,0,0,0.0
2022-05-01,El Teniente,37.496,el teniente,4198.013233029221,0.0,424.69,0,0,0.0
2022-06-01,El Teniente,35.636,el teniente,4176.422797103589,0.0,409.736,0,0,0.0
2022-07-01,El Teniente,28.068,el teniente,4154.943401066967,0.0,341.545,0,0,0.0
2022-08-01,El Teniente,23.74,el teniente,4133.574473839782,0.0,361.104,0,0,0.0
2022-09-01,El Teniente,34.807,el teniente,4112.315447279528,0.0,350.84,0,0,0.0
2022-10-01,El Teniente,38.725,el teniente,4091.1657561656657,0.0,345.693,0,0,0.0
2022-11-01,El Teniente,37.199,el teniente,4070.1248381845903,0.0,364.233,0,0,0.0
2022-12-01,El Teniente,38.415,el teniente,4049.192133914686,0.0,379.531,0,0,62.5
2023-01-01,El Teniente,32.758,el teniente,4028.3670868114464,0.0,408.224,0,0,0.0
2023-02-01,El Teniente,28.893,el teniente,4007.649143192682,0.0,406.201,0,0,0.0
2023-03-01,El Teniente,34.1,el teniente,3987.0377522237977,0.0,400.782,0,0,0.0
2023-04-01,El Teniente,26.417,el teniente,3966.532365903148,0.0,399.796,0,0,0.0
2023-05-01,El Teniente,23.763,el teniente,3946.1324390474674,0.0,373.501,0,0,0.0
2023-06-01,El Teniente,28.071,el teniente,3925.8374292773738,0.0,380.393,0,0,0.0
2023-07-01,El Teniente,31.799,el teniente,3905.646797002949,0.0,383.071,0,0,0.0
2023-08-01,El Teniente,27.893,el teniente,3885.560005409395,0.0,378.83,0,0,0.0
2023-09-01,El Teniente,27.997,el teniente,3865.576520442756,0.0,375.16,0,0,0.0
2023-10-01,El Teniente,31.479,el teniente,3845.6958107957257,0.0,360.137,0,0,0.0
2023-11-01,El Teniente,28.487,el teniente,3825.9173478935154,0.0,370.764,0,0,0.0
2023-12-01,El Teniente,30.217,el teniente,3806.240605879805,0.0,380.75,0,0,0.0
2024-01-01,El Teniente,26.984,el teniente,3786.66506160276,0.0,378.491,0,0,0.0
2024-02-01,El Teniente,25.939,el teniente,3767.1901946011208,0.0,376.969,0,0,0.0
2024-03-01,El Teniente,32.728,el teniente,3747.8154870903695,0.0,393.52,0,0,0.0
2024-04-01,El Teniente,17.851,el teniente,3728.540423948959,0.0,430.116,0,0,0.0
2024-05-01,El Teniente,22.876,el teniente,3709.364492704619,0.0,459.447,0,0,0.0
2024-06-01,El Teniente,22.157,el teniente,3690.28718352073,0.0,437.336,0,0,0.0
2024-07-01,El Teniente,26.477,el teniente,3671.307989182772,0.0,426.085,0,0,0.0
2024-08-01,El Teniente,35.951,el teniente,3652.426405084831,0.0,406.587,0,0,0.0
2024-09-01,El Teniente,34.521,el teniente,3633.641929216191,0.0,419.777,0,0,0.0
2024-10-01,El Teniente,35.989,el teniente,3614.9540621479823,0.0,432.693,0,0,0.0
2024-11-01,El Teniente,33.554,el teniente,3596.3623070199046,0.0,411.625,0,0,0.0
2024-12-01,El Teniente,41.346,el teniente,3577.866169527017,0.0,404.583,0,0,0.0
2025-01-01,El Teniente,25.733,el teniente,3559.4651579065944,0.0,407.216,0,0,0.0
2025-02-01,El Teniente,26.986,el teniente,3541.1587829250543,0.0,423.168,0,0,0.0
2025-03-01,El Teniente,27.403,el teniente,3522.9465578649483,0.0,441.394,0,0,0.0
2025-04-01,El Teniente,31.068,el teniente,3504.8279985120225,0.0,416.948,0,0,0.0
2025-05-01,El Teniente,30.171,el teniente,3486.802623142343,0.0,432.263,0,0,0.0
2025-06-01,El Teniente,30.685,el teniente,3468.869952509488,0.0,446.051,0,0,0.0
2025-07-01,El Teniente,30.507,el teniente,3451.0295098318065,0.0,443.533,0,0,0.0
2025-08-01,El Teniente,11.534,el teniente,3433.280820779742,0.0,437.529,0,0,0.0
2025-09-01,El Teniente,20.246,el teniente,3415.62341346322,0.0,451.448,0,0,0.0
2025-10-01,El Teniente,22.708,el teniente,3398.056818419104,0.0,485.164,0,0,0.0
2025-11-01,El Teniente,24.518,el teniente,3380.580568598711,0.0,489.915,0,0,0.0
2025-12-01,El Teniente,28.587,el teniente,3363.1941993553964,0.0,535.411,0,0,0.0
2026-01-01,El Teniente,18.148,el teniente,3363.1941993553964,0.0,535.411,0,0,0.0
2026-02-01,El Teniente,21.553,el teniente,3363.1941993553964,0.0,535.411,0,0,0.0
2026-03-01,El Teniente,19.397,el teniente,3363.1941993553964,0.0,535.411,0,0,0.0
2014-01-01,Escondida,87.9,escondida,5196.603577820515,0.0,330.891,0,0,0.0
2014-02-01,Escondida,92.5,escondida,5169.877378937887,0.0,324.416,0,0,0.0
2014-03-01,Escondida,92.4,escondida,5143.288633239059,0.0,302.448,0,0,0.0
2014-04-01,Escondida,104.5,escondida,5116.836633800542,0.0,302.584,0,0,0.0
2014-05-01,Escondida,104.9,escondida,5090.5206773345635,0.0,312.247,0,1,0.0
2014-06-01,Escondida,116.9,escondida,5064.340064170372,0.0,308.719,0,1,0.0
2014-07-01,Escondida,83.2,escondida,5038.294098235629,0.0,322.255,0,1,0.0
2014-08-01,Escondida,96.2,escondida,5012.382087037905,0.0,317.54,0,1,0.0
2014-09-01,Escondida,96.1,escondida,4986.60334164627,0.0,311.719,0,1,0.0
2014-10-01,Escondida,84.9,escondida,4960.957176672971,0.0,305.685,0,1,0.0
2014-11-01,Escondida,93.8,escondida,4935.4429102552185,0.0,303.958,0,1,0.0
2014-12-01,Escondida,112.1,escondida,4910.059864037046,0.0,291.34,0,1,0.0
2015-01-01,Escondida,126.6,escondida,4884.807363151285,0.0,263.802,0,1,0.0
2015-02-01,Escondida,104.8,escondida,4859.684736201615,0.0,258.642,0,1,0.0
2015-03-01,Escondida,115.7,escondida,4834.691315244716,0.0,268.792,0,1,0.0
2015-04-01,Escondida,94.9,escondida,4809.826435772509,0.0,273.447,0,1,0.0
2015-05-01,Escondida,127.6,escondida,4785.08943669449,0.0,285.791,0,1,0.0
2015-06-01,Escondida,121.5,escondida,4760.47966032015,0.0,264.608,0,1,0.0
2015-07-01,Escondida,78.6,escondida,4735.996452341492,0.0,247.521,0,1,0.0
2015-08-01,Escondida,82.9,escondida,4711.639161815631,0.0,230.83,0,1,0.0
2015-09-01,Escondida,75.1,escondida,4687.407141147494,0.0,236.235,0,1,0.0
2015-10-01,Escondida,74.9,escondida,4663.299746072594,0.0,236.894,0,1,0.0
2015-11-01,Escondida,75.0,escondida,4639.316335639905,0.0,218.098,0,1,0.0
2015-12-01,Escondida,74.9,escondida,4615.456272194823,0.0,209.968,0,1,0.0
2016-01-01,Escondida,92.7,escondida,4591.718921362208,0.0,202.427,0,1,0.0
2016-02-01,Escondida,81.0,escondida,4568.103652029517,0.0,208.447,0,1,0.0
2016-03-01,Escondida,91.9,escondida,4544.6098363300325,0.0,224.417,0,1,0.0
2016-04-01,Escondida,88.1,escondida,4521.236849626159,0.0,220.043,0,1,0.0
2016-05-01,Escondida,95.5,escondida,4497.984070492821,0.0,213.567,0,1,9.2
2016-06-01,Escondida,90.6,escondida,4474.850880700941,0.0,210.042,0,1,0.0
2016-07-01,Escondida,70.1,escondida,4451.836665201002,0.0,220.255,0,1,0.0
2016-08-01,Escondida,75.5,escondida,4428.940812106694,0.0,215.829,0,1,0.0
2016-09-01,Escondida,77.0,escondida,4406.162712678644,0.0,213.514,0,1,0.0
2016-10-01,Escondida,58.2,escondida,4383.501761308238,0.0,214.646,0,1,0.0
2016-11-01,Escondida,86.1,escondida,4360.957355501511,0.0,246.902,0,1,0.0
2016-12-01,Escondida,95.3,escondida,4338.5288958631345,0.0,257.017,0,1,0.0
2017-01-01,Escondida,77.1,escondida,4316.2157860804755,0.0,260.245,0,1,0.0
2017-02-01,Escondida,20.0,escondida,4294.017432907747,0.0,269.504,0,1,0.0
2017-03-01,Escondida,0.0,escondida,4271.933246150231,0.0,264.06,0,1,0.0
2017-04-01,Escondida,64.0,escondida,4249.962638648589,0.0,258.442,0,1,0.0
2017-05-01,Escondida,82.7,escondida,4228.105026263251,0.0,253.626,0,1,0.0
2017-06-01,Escondida,84.1,escondida,4206.359827858883,0.0,258.524,0,1,0.0
2017-07-01,Escondida,81.4,escondida,4184.726465288941,0.0,271.185,0,1,0.0
2017-08-01,Escondida,97.8,escondida,4163.2043633802905,0.0,293.845,0,1,0.0
2017-09-01,Escondida,95.6,escondida,4141.7929499179245,0.0,298.609,0,1,0.0
2017-10-01,Escondida,109.6,escondida,4120.491655629743,0.0,308.324,0,1,0.0
2017-11-01,Escondida,106.2,escondida,4107.49991417142,8.2,309.603,0,1,0.0
2017-12-01,Escondida,106.9,escondida,4086.374989406124,0.0,308.495,0,1,0.0
2018-01-01,Escondida,107.0,escondida,4065.358710399969,0.0,321.157,0,1,0.0
2018-02-01,Escondida,103.0,escondida,4044.450518386418,0.0,317.596,0,1,0.0
2018-03-01,Escondida,112.7,escondida,4023.649857472684,0.0,308.251,0,1,0.0
2018-04-01,Escondida,109.2,escondida,4002.956174624939,0.0,310.191,0,1,0.0
2018-05-01,Escondida,113.7,escondida,3982.3689196536184,0.0,309.43,0,1,0.0
2018-06-01,Escondida,101.7,escondida,3961.887545198787,0.0,315.464,0,1,0.0
2018-07-01,Escondida,110.9,escondida,3941.5115067155903,0.0,283.413,0,1,0.0
2018-08-01,Escondida,84.6,escondida,3921.2402624597744,0.0,273.959,0,1,0.0
2018-09-01,Escondida,108.1,escondida,3901.073273473283,0.0,273.064,0,1,0.0
2018-10-01,Escondida,95.9,escondida,3881.010003569928,0.0,281.948,0,1,0.0
2018-11-01,Escondida,104.8,escondida,3861.049919321135,0.0,280.91,0,1,0.0
2018-12-01,Escondida,91.1,escondida,3841.1924900417575,0.0,276.429,0,1,0.0
2019-01-01,Escondida,91.845,escondida,3821.437187775971,0.0,269.072,0,1,0.0
2019-02-01,Escondida,82.093,escondida,3810.9834872832334,9.2,284.774,0,1,0.0
2019-03-01,Escondida,100.868,escondida,3791.3835503062705,0.0,292.614,0,1,0.0
2019-04-01,Escondida,92.115,escondida,3771.884416056683,0.0,292.345,0,1,0.0
2019-05-01,Escondida,98.914,escondida,3752.4855661047504,0.0,273.44,0,1,470.0
2019-06-01,Escondida,104.125,escondida,3733.186484687043,0.0,266.187,0,1,0.0
2019-07-01,Escondida,97.228,escondida,3713.98665869271,0.0,269.427,0,1,0.0
2019-08-01,Escondida,103.681,escondida,3694.8855776498344,0.0,258.91,0,1,0.0
2019-09-01,Escondida,100.1,escondida,3675.882733711864,0.0,260.611,0,1,0.0
2019-10-01,Escondida,108.036,escondida,3656.9776216441073,0.0,260.493,0,1,0.0
2019-11-01,Escondida,103.154,escondida,3638.1697388103025,0.0,265.791,0,1,0.0
2019-12-01,Escondida,105.656,escondida,3619.458585159251,0.0,274.987,0,1,0.0
2020-01-01,Escondida,100.944,escondida,3600.8436632115254,0.0,274.387,0,1,0.0
2020-02-01,Escondida,94.504,escondida,3582.32447804624,0.0,257.933,0,1,0.0
2020-03-01,Escondida,101.772,escondida,3563.9005372878946,0.0,234.901,0,1,0.0
2020-04-01,Escondida,102.641,escondida,3545.5713510932824,0.0,228.985,0,1,0.0
2020-05-01,Escondida,93.357,escondida,3527.3364321384656,0.0,237.402,0,1,0.0
2020-06-01,Escondida,105.839,escondida,3509.195295605821,0.0,260.47,0,1,0.0
2020-07-01,Escondida,103.74,escondida,3491.147459171147,0.0,288.202,0,1,0.0
2020-08-01,Escondida,94.82,escondida,3473.192442990844,0.0,294.685,0,1,0.0
2020-09-01,Escondida,94.132,escondida,3455.329769689152,0.0,304.47,0,1,0.0
2020-10-01,Escondida,99.887,escondida,3437.5589643454605,0.0,304.033,0,1,0.0
2020-11-01,Escondida,90.801,escondida,3419.879554481684,0.0,320.392,0,1,0.0
2020-12-01,Escondida,104.879,escondida,3402.291070049696,0.0,351.772,0,1,42.836616
2021-01-01,Escondida,84.669,escondida,3384.793043418834,0.0,361.536,0,1,0.0
2021-02-01,Escondida,81.612,escondida,3367.3850093634655,0.0,383.751,0,1,0.0
2021-03-01,Escondida,89.947,escondida,3350.066505050621,0.0,408.459,0,1,0.0
2021-04-01,Escondida,85.661,escondida,3332.8370700276855,0.0,423.454,0,1,0.0
2021-05-01,Escondida,84.743,escondida,3315.696246210158,0.0,461.937,0,1,0.0
2021-06-01,Escondida,82.972,escondida,3298.643577869472,0.0,436.013,0,1,0.0
2021-07-01,Escondida,86.258,escondida,3281.6786116208787,0.0,427.901,0,1,0.0
2021-08-01,Escondida,81.556,escondida,3264.8008964113938,0.0,424.435,0,1,0.0
2021-09-01,Escondida,82.606,escondida,3248.009983507803,0.0,422.933,0,1,0.0
2021-10-01,Escondida,84.651,escondida,3701.3054264847337,470.0,443.545,0,1,0.0
2021-11-01,Escondida,80.281,escondida,3682.2695651818262,0.0,442.955,0,1,0.0
2021-12-01,Escondida,86.371,escondida,3663.331605557865,0.0,433.195,0,1,0.0
2022-01-01,Escondida,81.0,escondida,3644.491044103258,0.0,443.429,0,1,0.0
2022-02-01,Escondida,69.9,escondida,3625.7473798979713,0.0,450.932,0,1,0.0
2022-03-01,Escondida,81.4,escondida,3607.100114598208,0.0,464.369,0,1,0.0
2022-04-01,Escondida,87.9,escondida,3588.548752423159,0.0,461.899,0,1,0.0
2022-05-01,Escondida,106.927,escondida,3570.092800141824,0.0,424.69,0,1,0.0
2022-06-01,Escondida,102.455,escondida,3551.731767059896,0.0,409.736,0,1,0.0
2022-07-01,Escondida,81.399,escondida,3533.4651650067135,0.0,341.545,0,1,0.0
2022-08-01,Escondida,92.678,escondida,3515.2925083222844,0.0,361.104,0,1,0.0
2022-09-01,Escondida,85.509,escondida,3497.213313844372,0.0,350.84,0,1,0.0
2022-10-01,Escondida,99.734,escondida,3479.227100895648,0.0,345.693,0,1,0.0
2022-11-01,Escondida,79.801,escondida,3461.333391270916,0.0,364.233,0,1,0.0
2022-12-01,Escondida,85.545,escondida,3443.531709224392,0.0,379.531,0,1,0.0
2023-01-01,Escondida,93.319,escondida,4015.821581457062,590.0,408.224,0,1,0.0
2023-02-01,Escondida,72.704,escondida,3995.168159533317,0.0,406.201,0,1,0.0
2023-03-01,Escondida,92.374,escondida,3974.620958423546,0.0,400.782,0,1,0.0
2023-04-01,Escondida,105.142,escondida,3954.179431832742,0.0,399.796,0,1,0.0
2023-05-01,Escondida,83.855,escondida,3933.843036275496,0.0,373.501,0,1,0.0
2023-06-01,Escondida,111.446,escondida,3913.6112310615536,0.0,380.393,0,1,0.0
2023-07-01,Escondida,82.383,escondida,3893.483478281438,0.0,383.071,0,1,0.0
2023-08-01,Escondida,91.154,escondida,3916.2958587921457,42.836616,378.83,0,1,0.0
2023-09-01,Escondida,107.3,escondida,3896.154298937163,0.0,375.16,0,1,0.0
2023-10-01,Escondida,88.354,escondida,3876.116327382967,0.0,360.137,0,1,0.0
2023-11-01,Escondida,84.79,escondida,3856.181411373598,0.0,370.764,0,1,0.0
2023-12-01,Escondida,88.54,escondida,3836.3490208930666,0.0,380.75,0,1,0.0
2024-01-01,Escondida,97.522,escondida,3816.618628651262,0.0,378.491,0,1,0.0
2024-02-01,Escondida,97.523,escondida,3796.989710069934,0.0,376.969,0,1,0.0
2024-03-01,Escondida,101.354,escondida,3777.4617432687446,0.0,393.52,0,1,0.0
2024-04-01,Escondida,97.98,escondida,3758.034209051393,0.0,430.116,0,1,0.0
2024-05-01,Escondida,106.071,escondida,3738.706590891812,0.0,459.447,0,1,0.0
2024-06-01,Escondida,113.996311,escondida,3719.4783749204344,0.0,437.336,0,1,0.0
2024-07-01,Escondida,106.47,escondida,3700.3490499105305,0.0,426.085,0,1,590.0
2024-08-01,Escondida,105.293,escondida,3681.3181072646166,0.0,406.587,0,1,0.0
2024-09-01,Escondida,101.515,escondida,3662.3850410009327,0.0,419.777,0,1,0.0
2024-10-01,Escondida,107.976,escondida,3643.5493477399887,0.0,432.693,0,1,0.0
2024-11-01,Escondida,108.225,escondida,3624.8105266911816,0.0,411.625,0,1,0.0
2024-12-01,Escondida,133.614,escondida,3606.168079639482,0.0,404.583,0,1,0.0
2025-01-01,Escondida,109.412,escondida,3587.621510932186,0.0,407.216,0,1,0.0
2025-02-01,Escondida,113.37,escondida,3569.170327465738,0.0,423.168,0,1,0.0
2025-03-01,Escondida,120.617,escondida,5901.81413867262,2351.0001,441.394,0,1,0.0
2025-04-01,Escondida,128.36,escondida,5871.4610328263925,0.0,416.948,0,1,0.0
2025-05-01,Escondida,131.974,escondida,5841.264033393018,0.0,432.263,0,1,0.0
2025-06-01,Escondida,76.408,escondida,5811.222337515212,0.0,446.051,0,1,0.0
2025-07-01,Escondida,114.78,escondida,5781.335146464795,0.0,443.533,0,1,0.0
2025-08-01,Escondida,105.062,escondida,5751.601665621458,0.0,437.529,0,1,0.0
2025-09-01,Escondida,118.599,escondida,5722.021104451633,0.0,451.448,0,1,0.0
2025-10-01,Escondida,120.612,escondida,6992.592676487477,1300.0,485.164,0,1,0.0
2025-11-01,Escondida,94.403,escondida,6956.629682624591,0.0,489.915,0,1,0.0
2025-12-01,Escondida,111.535,escondida,6920.851646900612,0.0,535.411,0,1,0.0
2026-01-01,Escondida,104.984,escondida,6920.851646900612,0.0,535.411,0,1,0.0
2026-02-01,Escondida,105.02,escondida,6920.851646900612,0.0,535.411,0,1,0.0
2026-03-01,Escondida,101.627,escondida,6920.851646900612,0.0,535.411,0,1,0.0
2014-01-01,Franke,1.8,franke,0.0,0.0,330.891,0,0,0.0
2014-02-01,Franke,1.6,franke,0.0,0.0,324.416,0,0,0.0
2014-03-01,Franke,1.6,franke,0.0,0.0,302.448,0,0,0.0
2014-04-01,Franke,1.6,franke,0.0,0.0,302.584,0,0,0.0
2014-05-01,Franke,1.2,franke,0.0,0.0,312.247,0,0,0.0
2014-06-01,Franke,1.5,franke,0.0,0.0,308.719,0,0,0.0
2014-07-01,Franke,1.9,franke,0.0,0.0,322.255,0,0,0.0
2014-08-01,Franke,1.7,franke,0.0,0.0,317.54,0,0,0.0
2014-09-01,Franke,1.6,franke,0.0,0.0,311.719,0,0,0.0
2014-10-01,Franke,1.6,franke,0.0,0.0,305.685,0,0,0.0
2014-11-01,Franke,1.3,franke,0.0,0.0,303.958,0,0,0.0
2014-12-01,Franke,1.8,franke,0.0,0.0,291.34,0,0,0.0
2015-01-01,Franke,1.4,franke,0.0,0.0,263.802,0,0,0.0
2015-02-01,Franke,1.3,franke,0.0,0.0,258.642,0,0,0.0
2015-03-01,Franke,1.5,franke,0.0,0.0,268.792,0,0,0.0
2015-04-01,Franke,1.3,franke,0.0,0.0,273.447,0,0,0.0
2015-05-01,Franke,1.6,franke,0.0,0.0,285.791,0,0,0.0
2015-06-01,Franke,1.8,franke,0.0,0.0,264.608,0,0,0.0
2015-07-01,Franke,1.8,franke,0.0,0.0,247.521,0,0,0.0
2015-08-01,Franke,1.8,franke,0.0,0.0,230.83,0,0,0.0
2015-09-01,Franke,1.9,franke,0.0,0.0,236.235,0,0,0.0
2015-10-01,Franke,2.0,franke,0.0,0.0,236.894,0,0,0.0
2015-11-01,Franke,1.8,franke,0.0,0.0,218.098,0,0,0.0
2015-12-01,Franke,1.9,franke,0.0,0.0,209.968,0,0,0.0
2016-01-01,Franke,1.8,franke,0.0,0.0,202.427,0,0,0.0
2016-02-01,Franke,1.4,franke,0.0,0.0,208.447,0,0,0.0
2016-03-01,Franke,1.6,franke,0.0,0.0,224.417,0,0,0.0
2016-04-01,Franke,1.4,franke,0.0,0.0,220.043,0,0,0.0
2016-05-01,Franke,1.4,franke,0.0,0.0,213.567,0,0,0.0
2016-06-01,Franke,1.4,franke,0.0,0.0,210.042,0,0,0.0
2016-07-01,Franke,1.5,franke,0.0,0.0,220.255,0,0,0.0
2016-08-01,Franke,1.4,franke,0.0,0.0,215.829,0,0,0.0
2016-09-01,Franke,1.4,franke,0.0,0.0,213.514,0,0,0.0
2016-10-01,Franke,1.2,franke,0.0,0.0,214.646,0,0,0.0
2016-11-01,Franke,1.5,franke,0.0,0.0,246.902,0,0,0.0
2016-12-01,Franke,1.8,franke,0.0,0.0,257.017,0,0,0.0
2017-01-01,Franke,1.7,franke,0.0,0.0,260.245,0,0,0.0
2017-02-01,Franke,1.4,franke,0.0,0.0,269.504,0,0,0.0
2017-03-01,Franke,1.6,franke,0.0,0.0,264.06,0,0,0.0
2017-04-01,Franke,1.5,franke,0.0,0.0,258.442,0,0,0.0
2017-05-01,Franke,1.4,franke,0.0,0.0,253.626,0,0,0.0
2017-06-01,Franke,1.7,franke,0.0,0.0,258.524,0,0,0.0
2017-07-01,Franke,1.7,franke,0.0,0.0,271.185,0,0,0.0
2017-08-01,Franke,1.7,franke,0.0,0.0,293.845,0,0,0.0
2017-09-01,Franke,1.6,franke,0.0,0.0,298.609,0,0,0.0
2017-10-01,Franke,1.8,franke,0.0,0.0,308.324,0,0,0.0
2017-11-01,Franke,1.8,franke,0.0,0.0,309.603,0,0,0.0
2017-12-01,Franke,1.7,franke,0.0,0.0,308.495,0,0,0.0
2018-01-01,Franke,1.1,franke,0.0,0.0,321.157,0,0,0.0
2018-02-01,Franke,1.2,franke,0.0,0.0,317.596,0,0,0.0
2018-03-01,Franke,1.5,franke,0.0,0.0,308.251,0,0,0.0
2018-04-01,Franke,1.3,franke,0.0,0.0,310.191,0,0,0.0
2018-05-01,Franke,1.8,franke,0.0,0.0,309.43,0,0,0.0
2018-06-01,Franke,1.9,franke,0.0,0.0,315.464,0,0,0.0
2018-07-01,Franke,1.8,franke,0.0,0.0,283.413,0,0,0.0
2018-08-01,Franke,1.9,franke,0.0,0.0,273.959,0,0,0.0
2018-09-01,Franke,2.0,franke,0.0,0.0,273.064,0,0,0.0
2018-10-01,Franke,1.9,franke,0.0,0.0,281.948,0,0,0.0
2018-11-01,Franke,1.9,franke,0.0,0.0,280.91,0,0,0.0
2018-12-01,Franke,1.8,franke,0.0,0.0,276.429,0,0,0.0
2019-01-01,Franke,1.793,franke,0.0,0.0,269.072,0,0,0.0
2019-02-01,Franke,1.601,franke,0.0,0.0,284.774,0,0,0.0
2019-03-01,Franke,1.481,franke,0.0,0.0,292.614,0,0,0.0
2019-04-01,Franke,1.604,franke,0.0,0.0,292.345,0,0,0.0
2019-05-01,Franke,1.606,franke,0.0,0.0,273.44,0,0,0.0
2019-06-01,Franke,1.658,franke,0.0,0.0,266.187,0,0,0.0
2019-07-01,Franke,1.65,franke,0.0,0.0,269.427,0,0,0.0
2019-08-01,Franke,1.657,franke,0.0,0.0,258.91,0,0,0.0
2019-09-01,Franke,1.276,franke,0.0,0.0,260.611,0,0,0.0
2019-10-01,Franke,1.468,franke,0.0,0.0,260.493,0,0,0.0
2019-11-01,Franke,1.511,franke,0.0,0.0,265.791,0,0,0.0
2019-12-01,Franke,1.72,franke,0.0,0.0,274.987,0,0,0.0
2020-01-01,Franke,1.101,franke,0.0,0.0,274.387,0,0,0.0
2020-02-01,Franke,1.026,franke,0.0,0.0,257.933,0,0,0.0
2020-03-01,Franke,1.071,franke,0.0,0.0,234.901,0,0,0.0
2020-04-01,Franke,1.125,franke,0.0,0.0,228.985,0,0,0.0
2020-05-01,Franke,0.195,franke,0.0,0.0,237.402,0,0,0.0
2020-06-01,Franke,1.208,franke,0.0,0.0,260.47,0,0,0.0
2020-07-01,Franke,1.243,franke,0.0,0.0,288.202,0,0,0.0
2020-08-01,Franke,1.093,franke,0.0,0.0,294.685,0,0,0.0
2020-09-01,Franke,1.186,franke,0.0,0.0,304.47,0,0,0.0
2020-10-01,Franke,1.045,franke,0.0,0.0,304.033,0,0,0.0
2020-11-01,Franke,1.02,franke,0.0,0.0,320.392,0,0,0.0
2020-12-01,Franke,1.188,franke,0.0,0.0,351.772,0,0,0.0
2021-01-01,Franke,1.088,franke,0.0,0.0,361.536,0,0,0.0
2021-02-01,Franke,0.791,franke,0.0,0.0,383.751,0,0,0.0
2021-03-01,Franke,0.672,franke,0.0,0.0,408.459,0,0,0.0
2021-04-01,Franke,0.821,franke,0.0,0.0,423.454,0,0,0.0
2021-05-01,Franke,0.801,franke,0.0,0.0,461.937,0,0,0.0
2021-06-01,Franke,0.852,franke,0.0,0.0,436.013,0,0,0.0
2021-07-01,Franke,0.887,franke,0.0,0.0,427.901,0,0,0.0
2021-08-01,Franke,0.936,franke,0.0,0.0,424.435,0,0,0.0
2021-09-01,Franke,1.015,franke,0.0,0.0,422.933,0,0,0.0
2021-10-01,Franke,1.04,franke,0.0,0.0,443.545,0,0,0.0
2021-11-01,Franke,0.964,franke,0.0,0.0,442.955,0,0,0.0
2021-12-01,Franke,0.868,franke,0.0,0.0,433.195,0,0,0.0
2022-01-01,Franke,0.864,franke,0.0,0.0,443.429,0,0,0.0
2022-02-01,Franke,0.71,franke,0.0,0.0,450.932,0,0,0.0
2022-03-01,Franke,0.69,franke,0.0,0.0,464.369,0,0,0.0
2022-04-01,Franke,0.661,franke,0.0,0.0,461.899,0,0,0.0
2022-05-01,Franke,0.617994,franke,0.0,0.0,424.69,0,0,0.0
2022-06-01,Franke,0.5839030000000001,franke,0.0,0.0,409.736,0,0,0.0
2022-07-01,Franke,0.760445,franke,0.0,0.0,341.545,0,0,0.0
2022-08-01,Franke,0.94061,franke,0.0,0.0,361.104,0,0,0.0
2022-09-01,Franke,1.173,franke,0.0,0.0,350.84,0,0,0.0
2022-10-01,Franke,1.233,franke,0.0,0.0,345.693,0,0,0.0
2022-11-01,Franke,1.165806,franke,0.0,0.0,364.233,0,0,0.0
2022-12-01,Franke,1.263099,franke,0.0,0.0,379.531,0,0,0.0
2023-01-01,Franke,1.251,franke,0.0,0.0,408.224,0,0,0.0
2023-02-01,Franke,1.219,franke,0.0,0.0,406.201,0,0,0.0
2023-03-01,Franke,1.254,franke,0.0,0.0,400.782,0,0,0.0
2023-04-01,Franke,1.171,franke,0.0,0.0,399.796,0,0,0.0
2023-05-01,Franke,0.969,franke,0.0,0.0,373.501,0,0,0.0
2023-06-01,Franke,1.001,franke,0.0,0.0,380.393,0,0,0.0
2023-07-01,Franke,0.951,franke,0.0,0.0,383.071,0,0,0.0
2023-08-01,Franke,1.061,franke,0.0,0.0,378.83,0,0,0.0
2023-09-01,Franke,1.071,franke,0.0,0.0,375.16,0,0,0.0
2023-10-01,Franke,1.16,franke,0.0,0.0,360.137,0,0,0.0
2023-11-01,Franke,1.1,franke,0.0,0.0,370.764,0,0,0.0
2023-12-01,Franke,1.013,franke,0.0,0.0,380.75,0,0,0.0
2024-01-01,Franke,1.114,franke,0.0,0.0,378.491,0,0,0.0
2024-02-01,Franke,1.063,franke,0.0,0.0,376.969,0,0,0.0
2024-03-01,Franke,1.087,franke,0.0,0.0,393.52,0,0,0.0
2024-04-01,Franke,0.971,franke,0.0,0.0,430.116,0,0,0.0
2024-05-01,Franke,0.996,franke,0.0,0.0,459.447,0,0,0.0
2024-06-01,Franke,0.985,franke,0.0,0.0,437.336,0,0,0.0
2024-07-01,Franke,0.901,franke,0.0,0.0,426.085,0,0,0.0
2024-08-01,Franke,0.931,franke,0.0,0.0,406.587,0,0,0.0
2024-09-01,Franke,1.054,franke,0.0,0.0,419.777,0,0,0.0
2024-10-01,Franke,1.159,franke,0.0,0.0,432.693,0,0,0.0
2024-11-01,Franke,1.026,franke,0.0,0.0,411.625,0,0,0.0
2024-12-01,Franke,0.902,franke,0.0,0.0,404.583,0,0,0.0
2025-01-01,Franke,0.892,franke,0.0,0.0,407.216,0,0,0.0
2025-02-01,Franke,0.803,franke,0.0,0.0,423.168,0,0,0.0
2025-03-01,Franke,0.976,franke,0.0,0.0,441.394,0,0,0.0
2025-04-01,Franke,1.002,franke,0.0,0.0,416.948,0,0,0.0
2025-05-01,Franke,1.02,franke,0.0,0.0,432.263,0,0,0.0
2025-06-01,Franke,0.906,franke,0.0,0.0,446.051,0,0,0.0
2025-07-01,Franke,0.943,franke,0.0,0.0,443.533,0,0,0.0
2025-08-01,Franke,0.895,franke,0.0,0.0,437.529,0,0,0.0
2025-09-01,Franke,0.884,franke,0.0,0.0,451.448,0,0,0.0
2025-10-01,Franke,0.841,franke,0.0,0.0,485.164,0,0,0.0
2025-11-01,Franke,0.9,franke,0.0,0.0,489.915,0,0,0.0
2025-12-01,Franke,0.832,franke,0.0,0.0,535.411,0,0,0.0
2026-01-01,Franke,0.915,franke,0.0,0.0,535.411,0,0,0.0
2026-02-01,Franke,0.736,franke,0.0,0.0,535.411,0,0,0.0
2026-03-01,Franke,0.722,franke,0.0,0.0,535.411,0,0,0.0
2014-01-01,Gabriela Mistral,8.3,gabriela mistral,310.7428719945423,0.0,330.891,0,0,0.0
2014-02-01,Gabriela Mistral,7.3,gabriela mistral,309.1447174164769,0.0,324.416,0,0,0.0
2014-03-01,Gabriela Mistral,9.1,gabriela mistral,307.5547821679137,0.0,302.448,0,0,0.0
2014-04-01,Gabriela Mistral,9.4,gabriela mistral,305.9730239767356,0.0,302.584,0,0,0.0
2014-05-01,Gabriela Mistral,10.1,gabriela mistral,304.39940078823156,0.0,312.247,0,0,0.0
2014-06-01,Gabriela Mistral,9.5,gabriela mistral,302.8338707639785,0.0,308.719,0,0,0.0
2014-07-01,Gabriela Mistral,10.1,gabriela mistral,301.2763922807287,0.0,322.255,0,0,0.0
2014-08-01,Gabriela Mistral,10.0,gabriela mistral,299.7269239293036,0.0,317.54,0,0,0.0
2014-09-01,Gabriela Mistral,11.1,gabriela mistral,298.18542451349236,0.0,311.719,0,0,0.0
2014-10-01,Gabriela Mistral,12.5,gabriela mistral,296.6518530489569,0.0,305.685,0,0,0.0
2014-11-01,Gabriela Mistral,11.3,gabriela mistral,295.1261687621421,0.0,303.958,0,0,0.0
2014-12-01,Gabriela Mistral,12.3,gabriela mistral,293.6083310891916,0.0,291.34,0,0,0.0
2015-01-01,Gabriela Mistral,11.2,gabriela mistral,292.0982996748698,0.0,263.802,0,0,0.0
2015-02-01,Gabriela Mistral,10.3,gabriela mistral,290.59603437148826,0.0,258.642,0,0,0.0
2015-03-01,Gabriela Mistral,10.7,gabriela mistral,289.10149523783883,0.0,268.792,0,0,0.0
2015-04-01,Gabriela Mistral,10.5,gabriela mistral,287.6146425381314,0.0,273.447,0,0,0.0
2015-05-01,Gabriela Mistral,10.5,gabriela mistral,286.1354367409376,0.0,285.791,0,0,0.0
2015-06-01,Gabriela Mistral,9.1,gabriela mistral,284.6638385181397,0.0,264.608,0,0,0.0
2015-07-01,Gabriela Mistral,8.8,gabriela mistral,283.19980874388494,0.0,247.521,0,0,0.0
2015-08-01,Gabriela Mistral,10.5,gabriela mistral,281.7433084935453,0.0,230.83,0,0,0.0
2015-09-01,Gabriela Mistral,9.8,gabriela mistral,280.2942990426828,0.0,236.235,0,0,0.0
2015-10-01,Gabriela Mistral,11.1,gabriela mistral,278.85274186601947,0.0,236.894,0,0,0.0
2015-11-01,Gabriela Mistral,11.2,gabriela mistral,277.41859863641355,0.0,218.098,0,0,0.0
2015-12-01,Gabriela Mistral,11.3,gabriela mistral,275.9918312238401,0.0,209.968,0,0,0.0
2016-01-01,Gabriela Mistral,9.6,gabriela mistral,274.57240169437756,0.0,202.427,0,0,0.0
2016-02-01,Gabriela Mistral,9.6,gabriela mistral,273.16027230919894,0.0,208.447,0,0,0.0
2016-03-01,Gabriela Mistral,10.4,gabriela mistral,271.75540552356847,0.0,224.417,0,0,0.0
2016-04-01,Gabriela Mistral,10.3,gabriela mistral,270.3577639858435,0.0,220.043,0,0,0.0
2016-05-01,Gabriela Mistral,9.7,gabriela mistral,268.96731053648136,0.0,213.567,0,0,0.0
2016-06-01,Gabriela Mistral,9.3,gabriela mistral,267.58400820705134,0.0,210.042,0,0,0.0
2016-07-01,Gabriela Mistral,10.5,gabriela mistral,266.20782021925186,0.0,220.255,0,0,0.0
2016-08-01,Gabriela Mistral,11.0,gabriela mistral,264.83870998393263,0.0,215.829,0,0,0.0
2016-09-01,Gabriela Mistral,11.2,gabriela mistral,263.4766411001218,0.0,213.514,0,0,0.0
2016-10-01,Gabriela Mistral,10.2,gabriela mistral,262.1215773540583,0.0,214.646,0,0,0.0
2016-11-01,Gabriela Mistral,9.5,gabriela mistral,260.7734827182287,0.0,246.902,0,0,0.0
2016-12-01,Gabriela Mistral,10.4,gabriela mistral,259.4323213504097,0.0,257.017,0,0,0.0
2017-01-01,Gabriela Mistral,7.2,gabriela mistral,258.09805759271495,0.0,260.245,0,0,0.0
2017-02-01,Gabriela Mistral,8.8,gabriela mistral,256.77065597064706,0.0,269.504,0,0,0.0
2017-03-01,Gabriela Mistral,11.3,gabriela mistral,255.4500811921544,0.0,264.06,0,0,0.0
2017-04-01,Gabriela Mistral,9.7,gabriela mistral,254.13629814669295,0.0,258.442,0,0,0.0
2017-05-01,Gabriela Mistral,12.0,gabriela mistral,252.82927190429257,0.0,253.626,0,0,0.0
2017-06-01,Gabriela Mistral,10.7,gabriela mistral,251.52896771462832,0.0,258.524,0,0,0.0
2017-07-01,Gabriela Mistral,11.5,gabriela mistral,250.2353510060968,0.0,271.185,0,0,0.0
2017-08-01,Gabriela Mistral,10.1,gabriela mistral,248.94838738489673,0.0,293.845,0,0,0.0
2017-09-01,Gabriela Mistral,10.7,gabriela mistral,247.66804263411456,0.0,298.609,0,0,0.0
2017-10-01,Gabriela Mistral,10.6,gabriela mistral,246.39428271281488,0.0,308.324,0,0,0.0
2017-11-01,Gabriela Mistral,10.0,gabriela mistral,245.12707375513503,0.0,309.603,0,0,868.0
2017-12-01,Gabriela Mistral,10.1,gabriela mistral,243.86638206938517,0.0,308.495,0,0,0.0
2018-01-01,Gabriela Mistral,8.7,gabriela mistral,242.6121741371521,0.0,321.157,0,0,0.0
2018-02-01,Gabriela Mistral,9.2,gabriela mistral,241.36441661240823,0.0,317.596,0,0,0.0
2018-03-01,Gabriela Mistral,6.8,gabriela mistral,240.1230763206252,0.0,308.251,0,0,0.0
2018-04-01,Gabriela Mistral,8.2,gabriela mistral,238.88812025789144,0.0,310.191,0,0,0.0
2018-05-01,Gabriela Mistral,8.6,gabriela mistral,237.65951559003503,0.0,309.43,0,0,0.0
2018-06-01,Gabriela Mistral,8.4,gabriela mistral,236.43722965175064,0.0,315.464,0,0,0.0
2018-07-01,Gabriela Mistral,9.3,gabriela mistral,235.221229945731,0.0,283.413,0,0,0.0
2018-08-01,Gabriela Mistral,9.1,gabriela mistral,234.01148414180295,0.0,273.959,0,0,0.0
2018-09-01,Gabriela Mistral,9.0,gabriela mistral,232.80796007606773,0.0,273.064,0,0,0.0
2018-10-01,Gabriela Mistral,10.2,gabriela mistral,231.610625750046,0.0,281.948,0,0,0.0
2018-11-01,Gabriela Mistral,9.0,gabriela mistral,230.41944932982696,0.0,280.91,0,0,0.0
2018-12-01,Gabriela Mistral,10.8,gabriela mistral,229.23439914522208,0.0,276.429,0,0,0.0
2019-01-01,Gabriela Mistral,6.053,gabriela mistral,228.055443688923,0.0,269.072,0,0,0.0
2019-02-01,Gabriela Mistral,5.818,gabriela mistral,226.88255161566377,0.0,284.774,0,0,0.0
2019-03-01,Gabriela Mistral,6.716,gabriela mistral,225.71569174138767,0.0,292.614,0,0,0.0
2019-04-01,Gabriela Mistral,8.152,gabriela mistral,224.55483304241793,0.0,292.345,0,0,0.0
2019-05-01,Gabriela Mistral,8.448,gabriela mistral,657.9229546546329,434.52301,273.44,0,0,0.0
2019-06-01,Gabriela Mistral,7.097,gabriela mistral,654.5392484564933,0.0,266.187,0,0,0.0
2019-07-01,Gabriela Mistral,9.379,gabriela mistral,651.1729447027498,0.0,269.427,0,0,0.0
2019-08-01,Gabriela Mistral,9.732,gabriela mistral,647.8239538924075,0.0,258.91,0,0,0.0
2019-09-01,Gabriela Mistral,10.788,gabriela mistral,644.4921869847766,0.0,260.611,0,0,0.0
2019-10-01,Gabriela Mistral,10.93,gabriela mistral,641.1775553971042,0.0,260.493,0,0,0.0
2019-11-01,Gabriela Mistral,9.871,gabriela mistral,637.87997100222,0.0,265.791,0,0,0.0
2019-12-01,Gabriela Mistral,11.104,gabriela mistral,634.5993461261928,0.0,274.987,0,0,0.0
2020-01-01,Gabriela Mistral,8.929,gabriela mistral,631.3355935459994,0.0,274.387,0,0,0.0
2020-02-01,Gabriela Mistral,8.342,gabriela mistral,628.0886264872057,0.0,257.933,0,0,0.0
2020-03-01,Gabriela Mistral,9.933,gabriela mistral,624.8583586216599,0.0,234.901,0,0,0.0
2020-04-01,Gabriela Mistral,8.541,gabriela mistral,621.644704065197,0.0,228.985,0,0,0.0
2020-05-01,Gabriela Mistral,7.973,gabriela mistral,618.4475773753549,0.0,237.402,0,0,0.0
2020-06-01,Gabriela Mistral,5.869,gabriela mistral,615.2668935491035,0.0,260.47,0,0,0.0
2020-07-01,Gabriela Mistral,8.177,gabriela mistral,612.1025680205846,0.0,288.202,0,0,0.0
2020-08-01,Gabriela Mistral,7.495,gabriela mistral,608.954516658863,0.0,294.685,0,0,0.0
2020-09-01,Gabriela Mistral,8.966,gabriela mistral,605.8226557656899,0.0,304.47,0,0,0.0
2020-10-01,Gabriela Mistral,9.503,gabriela mistral,602.7069020732779,0.0,304.033,0,0,0.0
2020-11-01,Gabriela Mistral,9.532,gabriela mistral,599.6071727420867,0.0,320.392,0,0,0.0
2020-12-01,Gabriela Mistral,8.819,gabriela mistral,596.5233853586211,0.0,351.772,0,0,0.0
2021-01-01,Gabriela Mistral,6.399,gabriela mistral,593.4554579332392,0.0,361.536,0,0,0.0
2021-02-01,Gabriela Mistral,4.388,gabriela mistral,590.4033088979733,0.0,383.751,0,0,0.0
2021-03-01,Gabriela Mistral,4.983,gabriela mistral,587.3668571043603,0.0,408.459,0,0,0.0
2021-04-01,Gabriela Mistral,7.917,gabriela mistral,584.346021821285,0.0,423.454,0,0,0.0
2021-05-01,Gabriela Mistral,10.228,gabriela mistral,581.3407227328335,0.0,461.937,0,0,0.0
2021-06-01,Gabriela Mistral,8.604,gabriela mistral,578.3508799361573,0.0,436.013,0,0,0.0
2021-07-01,Gabriela Mistral,10.068,gabriela mistral,585.9824139393495,10.606,427.901,0,0,0.0
2021-08-01,Gabriela Mistral,7.413,gabriela mistral,582.9686988652369,0.0,424.435,0,0,0.0
2021-09-01,Gabriela Mistral,8.805,gabriela mistral,579.9704833664218,0.0,422.933,0,0,0.0
2021-10-01,Gabriela Mistral,9.616,gabriela mistral,576.9876877283898,0.0,443.545,0,0,0.0
2021-11-01,Gabriela Mistral,10.831,gabriela mistral,574.0202326465989,0.0,442.955,0,0,0.0
2021-12-01,Gabriela Mistral,11.657,gabriela mistral,571.0680392243714,0.0,433.195,0,0,0.0
2022-01-01,Gabriela Mistral,10.29,gabriela mistral,568.1310289707965,0.0,443.429,0,0,0.0
2022-02-01,Gabriela Mistral,8.83,gabriela mistral,565.2091237986428,0.0,450.932,0,0,0.0
2022-03-01,Gabriela Mistral,9.942,gabriela mistral,562.302246022283,0.0,464.369,0,0,434.52301
2022-04-01,Gabriela Mistral,10.25,gabriela mistral,559.4103183556276,0.0,461.899,0,0,0.0
2022-05-01,Gabriela Mistral,10.423,gabriela mistral,556.5332639100704,0.0,424.69,0,0,0.0
2022-06-01,Gabriela Mistral,9.474,gabriela mistral,553.6710061924447,0.0,409.736,0,0,0.0
2022-07-01,Gabriela Mistral,9.132,gabriela mistral,550.8234691029886,0.0,341.545,0,0,0.0
2022-08-01,Gabriela Mistral,6.853,gabriela mistral,547.9905769333227,0.0,361.104,0,0,0.0
2022-09-01,Gabriela Mistral,9.03,gabriela mistral,545.1722543644365,0.0,350.84,0,0,0.0
2022-10-01,Gabriela Mistral,7.042,gabriela mistral,542.3684264646864,0.0,345.693,0,0,0.0
2022-11-01,Gabriela Mistral,7.655,gabriela mistral,692.8249986878029,153.24598,364.233,0,0,0.0
2022-12-01,Gabriela Mistral,10.583,gabriela mistral,689.2617908293438,0.0,379.531,0,0,0.0
2023-01-01,Gabriela Mistral,7.517,gabriela mistral,685.7169085946232,0.0,408.224,0,0,0.0
2023-02-01,Gabriela Mistral,7.004,gabriela mistral,682.1902577347231,0.0,406.201,0,0,0.0
2023-03-01,Gabriela Mistral,8.394,gabriela mistral,678.6817444854488,0.0,400.782,0,0,0.0
2023-04-01,Gabriela Mistral,7.794,gabriela mistral,675.1912755648361,0.0,399.796,0,0,0.0
2023-05-01,Gabriela Mistral,8.551,gabriela mistral,671.7187581706713,0.0,373.501,0,0,0.0
2023-06-01,Gabriela Mistral,9.212,gabriela mistral,668.2640999780234,0.0,380.393,0,0,0.0
2023-07-01,Gabriela Mistral,8.658,gabriela mistral,664.8272091367899,0.0,383.071,0,0,0.0
2023-08-01,Gabriela Mistral,9.317,gabriela mistral,661.4079942692543,0.0,378.83,0,0,0.0
2023-09-01,Gabriela Mistral,7.365,gabriela mistral,658.0063644676572,0.0,375.16,0,0,0.0
2023-10-01,Gabriela Mistral,10.527,gabriela mistral,654.6222292917789,0.0,360.137,0,0,0.0
2023-11-01,Gabriela Mistral,8.108,gabriela mistral,651.2554987665347,0.0,370.764,0,0,0.0
2023-12-01,Gabriela Mistral,13.378,gabriela mistral,647.9060833795832,0.0,380.75,0,0,0.0
2024-01-01,Gabriela Mistral,9.013,gabriela mistral,644.5738940789458,0.0,378.491,0,0,0.0
2024-02-01,Gabriela Mistral,7.82,gabriela mistral,641.2588422706398,0.0,376.969,0,0,0.0
2024-03-01,Gabriela Mistral,8.372,gabriela mistral,637.9608398163219,0.0,393.52,0,0,0.0
2024-04-01,Gabriela Mistral,10.19,gabriela mistral,634.679799030946,0.0,430.116,0,0,0.0
2024-05-01,Gabriela Mistral,8.565,gabriela mistral,631.415632680431,0.0,459.447,0,0,0.0
2024-06-01,Gabriela Mistral,7.313,gabriela mistral,628.168253979342,0.0,437.336,0,0,0.0
2024-07-01,Gabriela Mistral,9.931,gabriela mistral,624.9375765885825,0.0,426.085,0,0,0.0
2024-08-01,Gabriela Mistral,8.707,gabriela mistral,621.723514613099,0.0,406.587,0,0,0.0
2024-09-01,Gabriela Mistral,7.221,gabriela mistral,618.5259825995978,0.0,419.777,0,0,0.0
2024-10-01,Gabriela Mistral,9.403,gabriela mistral,615.3448955342722,0.0,432.693,0,0,153.24598
2024-11-01,Gabriela Mistral,8.074,gabriela mistral,612.1801688405426,0.0,411.625,0,0,0.0
2024-12-01,Gabriela Mistral,8.466,gabriela mistral,1477.0317183768082,868.0,404.583,0,0,0.0
2025-01-01,Gabriela Mistral,6.874,gabriela mistral,1469.4353252961866,0.0,407.216,0,0,0.0
2025-02-01,Gabriela Mistral,5.326,gabriela mistral,1461.8780005626545,0.0,423.168,0,0,0.0
2025-03-01,Gabriela Mistral,6.62,gabriela mistral,1454.3595432472011,0.0,441.394,0,0,0.0
2025-04-01,Gabriela Mistral,6.616,gabriela mistral,1446.8797534541966,0.0,416.948,0,0,0.0
2025-05-01,Gabriela Mistral,7.056,gabriela mistral,1439.4384323160768,0.0,432.263,0,0,0.0
2025-06-01,Gabriela Mistral,6.329,gabriela mistral,1432.035381988056,0.0,446.051,0,0,0.0
2025-07-01,Gabriela Mistral,6.26,gabriela mistral,1424.670405642867,0.0,443.533,0,0,0.0
2025-08-01,Gabriela Mistral,6.318,gabriela mistral,1417.3433074655277,0.0,437.529,0,0,0.0
2025-09-01,Gabriela Mistral,7.451,gabriela mistral,1410.0538926481338,0.0,451.448,0,0,0.0
2025-10-01,Gabriela Mistral,7.258,gabriela mistral,1402.8019673846825,0.0,485.164,0,0,0.0
2025-11-01,Gabriela Mistral,7.507,gabriela mistral,1395.5873388659163,0.0,489.915,0,0,0.0
2025-12-01,Gabriela Mistral,8.049,gabriela mistral,1388.4098152741994,0.0,535.411,0,0,0.0
2026-01-01,Gabriela Mistral,5.478,gabriela mistral,1388.4098152741994,0.0,535.411,0,0,0.0
2026-02-01,Gabriela Mistral,3.657,gabriela mistral,1388.4098152741994,0.0,535.411,0,0,0.0
2026-03-01,Gabriela Mistral,7.077,gabriela mistral,1388.4098152741994,0.0,535.411,0,0,0.0
2014-01-01,Haldeman,1.0,haldeman,0.0,0.0,330.891,0,0,0.0
2014-02-01,Haldeman,0.9,haldeman,0.0,0.0,324.416,0,0,0.0
2014-03-01,Haldeman,0.9,haldeman,0.0,0.0,302.448,0,0,0.0
2014-04-01,Haldeman,0.6,haldeman,0.0,0.0,302.584,0,0,0.0
2014-05-01,Haldeman,0.8,haldeman,0.0,0.0,312.247,0,0,0.0
2014-06-01,Haldeman,0.9,haldeman,0.0,0.0,308.719,0,0,0.0
2014-07-01,Haldeman,0.8,haldeman,0.0,0.0,322.255,0,0,0.0
2014-08-01,Haldeman,0.9,haldeman,0.0,0.0,317.54,0,0,0.0
2014-09-01,Haldeman,0.8,haldeman,0.0,0.0,311.719,0,0,0.0
2014-10-01,Haldeman,0.8,haldeman,0.0,0.0,305.685,0,0,0.0
2014-11-01,Haldeman,0.8,haldeman,0.0,0.0,303.958,0,0,0.0
2014-12-01,Haldeman,0.8,haldeman,0.0,0.0,291.34,0,0,0.0
2015-01-01,Haldeman,0.9,haldeman,0.0,0.0,263.802,0,0,0.0
2015-02-01,Haldeman,0.7,haldeman,0.0,0.0,258.642,0,0,0.0
2015-03-01,Haldeman,0.8,haldeman,0.0,0.0,268.792,0,0,0.0
2015-04-01,Haldeman,0.8,haldeman,0.0,0.0,273.447,0,0,0.0
2015-05-01,Haldeman,0.9,haldeman,0.0,0.0,285.791,0,0,0.0
2015-06-01,Haldeman,0.8,haldeman,0.0,0.0,264.608,0,0,0.0
2015-07-01,Haldeman,0.8,haldeman,0.0,0.0,247.521,0,0,0.0
2015-08-01,Haldeman,0.8,haldeman,0.0,0.0,230.83,0,0,0.0
2015-09-01,Haldeman,0.7,haldeman,0.0,0.0,236.235,0,0,0.0
2015-10-01,Haldeman,0.8,haldeman,0.0,0.0,236.894,0,0,0.0
2015-11-01,Haldeman,0.9,haldeman,0.0,0.0,218.098,0,0,0.0
2015-12-01,Haldeman,0.8,haldeman,0.0,0.0,209.968,0,0,0.0
2016-01-01,Haldeman,0.2,haldeman,0.0,0.0,202.427,0,0,0.0
2016-02-01,Haldeman,0.0,haldeman,0.0,0.0,208.447,0,0,0.0
2016-03-01,Haldeman,0.0,haldeman,0.0,0.0,224.417,0,0,0.0
2016-04-01,Haldeman,0.0,haldeman,0.0,0.0,220.043,0,0,0.0
2016-05-01,Haldeman,0.0,haldeman,0.0,0.0,213.567,0,0,0.0
2016-06-01,Haldeman,0.0,haldeman,0.0,0.0,210.042,0,0,0.0
2016-07-01,Haldeman,0.0,haldeman,0.0,0.0,220.255,0,0,0.0
2016-08-01,Haldeman,0.0,haldeman,0.0,0.0,215.829,0,0,0.0
2016-09-01,Haldeman,0.0,haldeman,0.0,0.0,213.514,0,0,0.0
2016-10-01,Haldeman,0.0,haldeman,0.0,0.0,214.646,0,0,0.0
2016-11-01,Haldeman,0.0,haldeman,0.0,0.0,246.902,0,0,0.0
2016-12-01,Haldeman,0.0,haldeman,0.0,0.0,257.017,0,0,0.0
2017-01-01,Haldeman,0.0,haldeman,0.0,0.0,260.245,0,0,0.0
2017-02-01,Haldeman,0.0,haldeman,0.0,0.0,269.504,0,0,0.0
2017-03-01,Haldeman,0.0,haldeman,0.0,0.0,264.06,0,0,0.0
2017-04-01,Haldeman,0.0,haldeman,0.0,0.0,258.442,0,0,0.0
2017-05-01,Haldeman,0.0,haldeman,0.0,0.0,253.626,0,0,0.0
2017-06-01,Haldeman,0.0,haldeman,0.0,0.0,258.524,0,0,0.0
2017-07-01,Haldeman,0.0,haldeman,0.0,0.0,271.185,0,0,0.0
2017-08-01,Haldeman,0.0,haldeman,0.0,0.0,293.845,0,0,0.0
2017-09-01,Haldeman,0.0,haldeman,0.0,0.0,298.609,0,0,0.0
2017-10-01,Haldeman,0.0,haldeman,0.0,0.0,308.324,0,0,0.0
2017-11-01,Haldeman,0.0,haldeman,0.0,0.0,309.603,0,0,0.0
2017-12-01,Haldeman,0.0,haldeman,0.0,0.0,308.495,0,0,0.0
2018-01-01,Haldeman,0.0,haldeman,0.0,0.0,321.157,0,0,0.0
2018-02-01,Haldeman,0.0,haldeman,0.0,0.0,317.596,0,0,0.0
2018-03-01,Haldeman,0.0,haldeman,0.0,0.0,308.251,0,0,0.0
2018-04-01,Haldeman,0.0,haldeman,0.0,0.0,310.191,0,0,0.0
2018-05-01,Haldeman,0.0,haldeman,0.0,0.0,309.43,0,0,0.0
2018-06-01,Haldeman,0.0,haldeman,0.0,0.0,315.464,0,0,0.0
2018-07-01,Haldeman,0.0,haldeman,0.0,0.0,283.413,0,0,0.0
2018-08-01,Haldeman,0.0,haldeman,0.0,0.0,273.959,0,0,0.0
2018-09-01,Haldeman,0.0,haldeman,0.0,0.0,273.064,0,0,0.0
2018-10-01,Haldeman,0.0,haldeman,0.0,0.0,281.948,0,0,0.0
2018-11-01,Haldeman,0.0,haldeman,0.0,0.0,280.91,0,0,0.0
2018-12-01,Haldeman,0.0,haldeman,0.0,0.0,276.429,0,0,0.0
2019-01-01,Haldeman,0.0,haldeman,0.0,0.0,269.072,0,0,0.0
2019-02-01,Haldeman,0.0,haldeman,0.0,0.0,284.774,0,0,0.0
2019-03-01,Haldeman,0.0,haldeman,0.0,0.0,292.614,0,0,0.0
2019-04-01,Haldeman,0.0,haldeman,0.0,0.0,292.345,0,0,0.0
2019-05-01,Haldeman,0.0,haldeman,0.0,0.0,273.44,0,0,0.0
2019-06-01,Haldeman,0.0,haldeman,0.0,0.0,266.187,0,0,0.0
2019-07-01,Haldeman,0.0,haldeman,0.0,0.0,269.427,0,0,0.0
2019-08-01,Haldeman,0.0,haldeman,0.0,0.0,258.91,0,0,0.0
2019-09-01,Haldeman,0.0,haldeman,0.0,0.0,260.611,0,0,0.0
2019-10-01,Haldeman,0.0,haldeman,0.0,0.0,260.493,0,0,0.0
2019-11-01,Haldeman,0.0,haldeman,0.0,0.0,265.791,0,0,0.0
2019-12-01,Haldeman,0.0,haldeman,0.0,0.0,274.987,0,0,0.0
2020-01-01,Haldeman,0.0,haldeman,0.0,0.0,274.387,0,0,0.0
2020-02-01,Haldeman,0.0,haldeman,0.0,0.0,257.933,0,0,0.0
2020-03-01,Haldeman,0.0,haldeman,0.0,0.0,234.901,0,0,0.0
2020-04-01,Haldeman,0.0,haldeman,0.0,0.0,228.985,0,0,0.0
2020-05-01,Haldeman,0.0,haldeman,0.0,0.0,237.402,0,0,0.0
2020-06-01,Haldeman,0.0,haldeman,0.0,0.0,260.47,0,0,0.0
2020-07-01,Haldeman,0.0,haldeman,0.0,0.0,288.202,0,0,0.0
2020-08-01,Haldeman,0.0,haldeman,0.0,0.0,294.685,0,0,0.0
2020-09-01,Haldeman,0.0,haldeman,0.0,0.0,304.47,0,0,0.0
2020-10-01,Haldeman,0.0,haldeman,0.0,0.0,304.033,0,0,0.0
2020-11-01,Haldeman,0.0,haldeman,0.0,0.0,320.392,0,0,0.0
2020-12-01,Haldeman,0.0,haldeman,0.0,0.0,351.772,0,0,0.0
2021-01-01,Haldeman,0.0,haldeman,0.0,0.0,361.536,0,0,0.0
2021-02-01,Haldeman,0.0,haldeman,0.0,0.0,383.751,0,0,0.0
2021-03-01,Haldeman,0.0,haldeman,0.0,0.0,408.459,0,0,0.0
2021-04-01,Haldeman,0.0,haldeman,0.0,0.0,423.454,0,0,0.0
2021-05-01,Haldeman,0.0,haldeman,0.0,0.0,461.937,0,0,0.0
2021-06-01,Haldeman,0.0,haldeman,0.0,0.0,436.013,0,0,0.0
2021-07-01,Haldeman,0.0,haldeman,0.0,0.0,427.901,0,0,0.0
2021-08-01,Haldeman,0.0,haldeman,0.0,0.0,424.435,0,0,0.0
2021-09-01,Haldeman,0.0,haldeman,0.0,0.0,422.933,0,0,0.0
2021-10-01,Haldeman,0.0,haldeman,0.0,0.0,443.545,0,0,0.0
2021-11-01,Haldeman,0.0,haldeman,0.0,0.0,442.955,0,0,0.0
2021-12-01,Haldeman,0.0,haldeman,0.0,0.0,433.195,0,0,0.0
2022-01-01,Haldeman,0.0,haldeman,0.0,0.0,443.429,0,0,0.0
2022-02-01,Haldeman,0.0,haldeman,0.0,0.0,450.932,0,0,0.0
2022-03-01,Haldeman,0.0,haldeman,0.0,0.0,464.369,0,0,0.0
2022-04-01,Haldeman,0.0,haldeman,0.0,0.0,461.899,0,0,0.0
2022-05-01,Haldeman,0.0,haldeman,0.0,0.0,424.69,0,0,0.0
2022-06-01,Haldeman,0.0,haldeman,0.0,0.0,409.736,0,0,0.0
2022-07-01,Haldeman,0.0,haldeman,0.0,0.0,341.545,0,0,0.0
2022-08-01,Haldeman,0.0,haldeman,0.0,0.0,361.104,0,0,0.0
2022-09-01,Haldeman,0.0,haldeman,0.0,0.0,350.84,0,0,0.0
2022-10-01,Haldeman,0.0,haldeman,0.0,0.0,345.693,0,0,0.0
2022-11-01,Haldeman,0.0,haldeman,0.0,0.0,364.233,0,0,0.0
2022-12-01,Haldeman,0.0,haldeman,0.0,0.0,379.531,0,0,0.0
2023-01-01,Haldeman,0.0,haldeman,0.0,0.0,408.224,0,0,0.0
2023-02-01,Haldeman,0.0,haldeman,0.0,0.0,406.201,0,0,0.0
2023-03-01,Haldeman,0.0,haldeman,0.0,0.0,400.782,0,0,0.0
2023-04-01,Haldeman,0.0,haldeman,0.0,0.0,399.796,0,0,0.0
2023-05-01,Haldeman,0.0,haldeman,0.0,0.0,373.501,0,0,0.0
2023-06-01,Haldeman,0.0,haldeman,0.0,0.0,380.393,0,0,0.0
2023-07-01,Haldeman,0.0,haldeman,0.0,0.0,383.071,0,0,0.0
2023-08-01,Haldeman,0.0,haldeman,0.0,0.0,378.83,0,0,0.0
2023-09-01,Haldeman,0.0,haldeman,0.0,0.0,375.16,0,0,0.0
2023-10-01,Haldeman,0.0,haldeman,0.0,0.0,360.137,0,0,0.0
2023-11-01,Haldeman,0.0,haldeman,0.0,0.0,370.764,0,0,0.0
2023-12-01,Haldeman,0.0,haldeman,0.0,0.0,380.75,0,0,0.0
2024-01-01,Haldeman,0.0,haldeman,0.0,0.0,378.491,0,0,0.0
2024-02-01,Haldeman,0.0,haldeman,0.0,0.0,376.969,0,0,0.0
2024-03-01,Haldeman,0.0,haldeman,0.0,0.0,393.52,0,0,0.0
2024-04-01,Haldeman,0.0,haldeman,0.0,0.0,430.116,0,0,0.0
2024-05-01,Haldeman,0.0,haldeman,0.0,0.0,459.447,0,0,0.0
2024-06-01,Haldeman,0.0,haldeman,0.0,0.0,437.336,0,0,0.0
2024-07-01,Haldeman,0.0,haldeman,0.0,0.0,426.085,0,0,0.0
2024-08-01,Haldeman,0.0,haldeman,0.0,0.0,406.587,0,0,0.0
2024-09-01,Haldeman,0.0,haldeman,0.0,0.0,419.777,0,0,0.0
2024-10-01,Haldeman,0.0,haldeman,0.0,0.0,432.693,0,0,0.0
2024-11-01,Haldeman,0.0,haldeman,0.0,0.0,411.625,0,0,0.0
2024-12-01,Haldeman,0.0,haldeman,0.0,0.0,404.583,0,0,0.0
2025-01-01,Haldeman,0.0,haldeman,0.0,0.0,407.216,0,0,0.0
2025-02-01,Haldeman,0.0,haldeman,0.0,0.0,423.168,0,0,0.0
2025-03-01,Haldeman,0.0,haldeman,0.0,0.0,441.394,0,0,0.0
2025-04-01,Haldeman,0.0,haldeman,0.0,0.0,416.948,0,0,0.0
2025-05-01,Haldeman,0.0,haldeman,0.0,0.0,432.263,0,0,0.0
2025-06-01,Haldeman,0.0,haldeman,0.0,0.0,446.051,0,0,0.0
2025-07-01,Haldeman,0.0,haldeman,0.0,0.0,443.533,0,0,0.0
2025-08-01,Haldeman,0.0,haldeman,0.0,0.0,437.529,0,0,0.0
2025-09-01,Haldeman,0.0,haldeman,0.0,0.0,451.448,0,0,0.0
2025-10-01,Haldeman,0.0,haldeman,0.0,0.0,485.164,0,0,0.0
2025-11-01,Haldeman,0.0,haldeman,0.0,0.0,489.915,0,0,0.0
2025-12-01,Haldeman,0.0,haldeman,0.0,0.0,535.411,0,0,0.0
2026-01-01,Haldeman,0.0,haldeman,0.0,0.0,535.411,0,0,0.0
2026-02-01,Haldeman,0.0,haldeman,0.0,0.0,535.411,0,0,0.0
2026-03-01,Haldeman,0.0,haldeman,0.0,0.0,535.411,0,0,0.0
2014-01-01,Lomas Bayas,6.2,lomas bayas,0.0,0.0,330.891,0,0,0.0
2014-02-01,Lomas Bayas,5.6,lomas bayas,0.0,0.0,324.416,0,0,0.0
2014-03-01,Lomas Bayas,6.2,lomas bayas,0.0,0.0,302.448,0,0,0.0
2014-04-01,Lomas Bayas,6.1,lomas bayas,0.0,0.0,302.584,0,0,0.0
2014-05-01,Lomas Bayas,6.1,lomas bayas,0.0,0.0,312.247,0,0,0.0
2014-06-01,Lomas Bayas,4.9,lomas bayas,0.0,0.0,308.719,0,0,0.0
2014-07-01,Lomas Bayas,5.2,lomas bayas,0.0,0.0,322.255,0,0,0.0
2014-08-01,Lomas Bayas,5.4,lomas bayas,0.0,0.0,317.54,0,0,0.0
2014-09-01,Lomas Bayas,4.7,lomas bayas,0.0,0.0,311.719,0,0,0.0
2014-10-01,Lomas Bayas,5.2,lomas bayas,0.0,0.0,305.685,0,0,0.0
2014-11-01,Lomas Bayas,5.3,lomas bayas,0.0,0.0,303.958,0,0,0.0
2014-12-01,Lomas Bayas,5.5,lomas bayas,0.0,0.0,291.34,0,0,0.0
2015-01-01,Lomas Bayas,5.6,lomas bayas,0.0,0.0,263.802,0,0,0.0
2015-02-01,Lomas Bayas,5.7,lomas bayas,0.0,0.0,258.642,0,0,0.0
2015-03-01,Lomas Bayas,5.9,lomas bayas,0.0,0.0,268.792,0,0,0.0
2015-04-01,Lomas Bayas,5.8,lomas bayas,0.0,0.0,273.447,0,0,0.0
2015-05-01,Lomas Bayas,5.7,lomas bayas,0.0,0.0,285.791,0,0,0.0
2015-06-01,Lomas Bayas,5.6,lomas bayas,0.0,0.0,264.608,0,0,0.0
2015-07-01,Lomas Bayas,5.8,lomas bayas,0.0,0.0,247.521,0,0,0.0
2015-08-01,Lomas Bayas,5.6,lomas bayas,0.0,0.0,230.83,0,0,0.0
2015-09-01,Lomas Bayas,5.5,lomas bayas,0.0,0.0,236.235,0,0,0.0
2015-10-01,Lomas Bayas,6.5,lomas bayas,0.0,0.0,236.894,0,0,0.0
2015-11-01,Lomas Bayas,6.3,lomas bayas,0.0,0.0,218.098,0,0,0.0
2015-12-01,Lomas Bayas,6.6,lomas bayas,0.0,0.0,209.968,0,0,0.0
2016-01-01,Lomas Bayas,6.2,lomas bayas,0.0,0.0,202.427,0,0,0.0
2016-02-01,Lomas Bayas,6.1,lomas bayas,0.0,0.0,208.447,0,0,0.0
2016-03-01,Lomas Bayas,6.1,lomas bayas,0.0,0.0,224.417,0,0,0.0
2016-04-01,Lomas Bayas,6.8,lomas bayas,0.0,0.0,220.043,0,0,0.0
2016-05-01,Lomas Bayas,7.1,lomas bayas,0.0,0.0,213.567,0,0,0.0
2016-06-01,Lomas Bayas,7.0,lomas bayas,0.0,0.0,210.042,0,0,0.0
2016-07-01,Lomas Bayas,6.1,lomas bayas,0.0,0.0,220.255,0,0,0.0
2016-08-01,Lomas Bayas,6.8,lomas bayas,0.0,0.0,215.829,0,0,0.0
2016-09-01,Lomas Bayas,6.8,lomas bayas,0.0,0.0,213.514,0,0,0.0
2016-10-01,Lomas Bayas,7.1,lomas bayas,0.0,0.0,214.646,0,0,0.0
2016-11-01,Lomas Bayas,7.1,lomas bayas,0.0,0.0,246.902,0,0,0.0
2016-12-01,Lomas Bayas,6.9,lomas bayas,0.0,0.0,257.017,0,0,0.0
2017-01-01,Lomas Bayas,7.2,lomas bayas,0.0,0.0,260.245,0,0,0.0
2017-02-01,Lomas Bayas,6.4,lomas bayas,0.0,0.0,269.504,0,0,0.0
2017-03-01,Lomas Bayas,6.7,lomas bayas,0.0,0.0,264.06,0,0,0.0
2017-04-01,Lomas Bayas,6.7,lomas bayas,0.0,0.0,258.442,0,0,0.0
2017-05-01,Lomas Bayas,7.3,lomas bayas,0.0,0.0,253.626,0,0,0.0
2017-06-01,Lomas Bayas,6.7,lomas bayas,0.0,0.0,258.524,0,0,0.0
2017-07-01,Lomas Bayas,6.5,lomas bayas,0.0,0.0,271.185,0,0,0.0
2017-08-01,Lomas Bayas,6.5,lomas bayas,0.0,0.0,293.845,0,0,0.0
2017-09-01,Lomas Bayas,6.8,lomas bayas,0.0,0.0,298.609,0,0,0.0
2017-10-01,Lomas Bayas,6.2,lomas bayas,0.0,0.0,308.324,0,0,0.0
2017-11-01,Lomas Bayas,5.7,lomas bayas,0.0,0.0,309.603,0,0,0.0
2017-12-01,Lomas Bayas,5.3,lomas bayas,0.0,0.0,308.495,0,0,0.0
2018-01-01,Lomas Bayas,5.5,lomas bayas,0.0,0.0,321.157,0,0,0.0
2018-02-01,Lomas Bayas,5.6,lomas bayas,0.0,0.0,317.596,0,0,0.0
2018-03-01,Lomas Bayas,5.9,lomas bayas,0.0,0.0,308.251,0,0,0.0
2018-04-01,Lomas Bayas,5.4,lomas bayas,0.0,0.0,310.191,0,0,0.0
2018-05-01,Lomas Bayas,5.6,lomas bayas,0.0,0.0,309.43,0,0,0.0
2018-06-01,Lomas Bayas,5.7,lomas bayas,0.0,0.0,315.464,0,0,0.0
2018-07-01,Lomas Bayas,6.3,lomas bayas,0.0,0.0,283.413,0,0,0.0
2018-08-01,Lomas Bayas,6.5,lomas bayas,0.0,0.0,273.959,0,0,0.0
2018-09-01,Lomas Bayas,6.4,lomas bayas,0.0,0.0,273.064,0,0,0.0
2018-10-01,Lomas Bayas,6.5,lomas bayas,0.0,0.0,281.948,0,0,0.0
2018-11-01,Lomas Bayas,6.2,lomas bayas,0.0,0.0,280.91,0,0,0.0
2018-12-01,Lomas Bayas,7.1,lomas bayas,0.0,0.0,276.429,0,0,0.0
2019-01-01,Lomas Bayas,6.839,lomas bayas,0.0,0.0,269.072,0,0,0.0
2019-02-01,Lomas Bayas,6.162,lomas bayas,0.0,0.0,284.774,0,0,0.0
2019-03-01,Lomas Bayas,6.859,lomas bayas,0.0,0.0,292.614,0,0,0.0
2019-04-01,Lomas Bayas,6.66,lomas bayas,0.0,0.0,292.345,0,0,0.0
2019-05-01,Lomas Bayas,6.904,lomas bayas,0.0,0.0,273.44,0,0,0.0
2019-06-01,Lomas Bayas,6.455,lomas bayas,0.0,0.0,266.187,0,0,0.0
2019-07-01,Lomas Bayas,6.701,lomas bayas,0.0,0.0,269.427,0,0,0.0
2019-08-01,Lomas Bayas,6.743,lomas bayas,0.0,0.0,258.91,0,0,0.0
2019-09-01,Lomas Bayas,6.299,lomas bayas,0.0,0.0,260.611,0,0,0.0
2019-10-01,Lomas Bayas,6.229,lomas bayas,0.0,0.0,260.493,0,0,0.0
2019-11-01,Lomas Bayas,6.178,lomas bayas,0.0,0.0,265.791,0,0,0.0
2019-12-01,Lomas Bayas,6.909,lomas bayas,0.0,0.0,274.987,0,0,0.0
2020-01-01,Lomas Bayas,6.551,lomas bayas,0.0,0.0,274.387,0,0,0.0
2020-02-01,Lomas Bayas,6.032,lomas bayas,0.0,0.0,257.933,0,0,0.0
2020-03-01,Lomas Bayas,6.219,lomas bayas,0.0,0.0,234.901,0,0,0.0
2020-04-01,Lomas Bayas,6.091,lomas bayas,0.0,0.0,228.985,0,0,0.0
2020-05-01,Lomas Bayas,6.121,lomas bayas,0.0,0.0,237.402,0,0,0.0
2020-06-01,Lomas Bayas,5.641,lomas bayas,0.0,0.0,260.47,0,0,0.0
2020-07-01,Lomas Bayas,6.463,lomas bayas,0.0,0.0,288.202,0,0,0.0
2020-08-01,Lomas Bayas,6.632,lomas bayas,0.0,0.0,294.685,0,0,0.0
2020-09-01,Lomas Bayas,6.031,lomas bayas,0.0,0.0,304.47,0,0,0.0
2020-10-01,Lomas Bayas,6.002,lomas bayas,0.0,0.0,304.033,0,0,0.0
2020-11-01,Lomas Bayas,5.831,lomas bayas,0.0,0.0,320.392,0,0,0.0
2020-12-01,Lomas Bayas,6.254,lomas bayas,0.0,0.0,351.772,0,0,0.0
2021-01-01,Lomas Bayas,5.4,lomas bayas,0.0,0.0,361.536,0,0,0.0
2021-02-01,Lomas Bayas,5.0,lomas bayas,0.0,0.0,383.751,0,0,0.0
2021-03-01,Lomas Bayas,5.4,lomas bayas,0.0,0.0,408.459,0,0,0.0
2021-04-01,Lomas Bayas,5.2,lomas bayas,0.0,0.0,423.454,0,0,0.0
2021-05-01,Lomas Bayas,5.7,lomas bayas,0.0,0.0,461.937,0,0,0.0
2021-06-01,Lomas Bayas,5.4,lomas bayas,0.0,0.0,436.013,0,0,0.0
2021-07-01,Lomas Bayas,5.5,lomas bayas,0.0,0.0,427.901,0,0,0.0
2021-08-01,Lomas Bayas,5.1,lomas bayas,0.0,0.0,424.435,0,0,0.0
2021-09-01,Lomas Bayas,5.1,lomas bayas,0.0,0.0,422.933,0,0,0.0
2021-10-01,Lomas Bayas,5.3,lomas bayas,0.0,0.0,443.545,0,0,0.0
2021-11-01,Lomas Bayas,5.6,lomas bayas,0.0,0.0,442.955,0,0,0.0
2021-12-01,Lomas Bayas,5.6,lomas bayas,0.0,0.0,433.195,0,0,0.0
2022-01-01,Lomas Bayas,6.004,lomas bayas,0.0,0.0,443.429,0,0,0.0
2022-02-01,Lomas Bayas,5.6,lomas bayas,0.0,0.0,450.932,0,0,0.0
2022-03-01,Lomas Bayas,6.0,lomas bayas,0.0,0.0,464.369,0,0,0.0
2022-04-01,Lomas Bayas,5.491,lomas bayas,0.0,0.0,461.899,0,0,0.0
2022-05-01,Lomas Bayas,5.964,lomas bayas,0.0,0.0,424.69,0,0,0.0
2022-06-01,Lomas Bayas,5.746,lomas bayas,0.0,0.0,409.736,0,0,0.0
2022-07-01,Lomas Bayas,6.064031,lomas bayas,0.0,0.0,341.545,0,0,0.0
2022-08-01,Lomas Bayas,6.400155,lomas bayas,0.0,0.0,361.104,0,0,0.0
2022-09-01,Lomas Bayas,5.801,lomas bayas,0.0,0.0,350.84,0,0,0.0
2022-10-01,Lomas Bayas,5.87,lomas bayas,0.0,0.0,345.693,0,0,0.0
2022-11-01,Lomas Bayas,6.434,lomas bayas,0.0,0.0,364.233,0,0,0.0
2022-12-01,Lomas Bayas,7.135,lomas bayas,0.0,0.0,379.531,0,0,0.0
2023-01-01,Lomas Bayas,7.232,lomas bayas,0.0,0.0,408.224,0,0,0.0
2023-02-01,Lomas Bayas,5.406,lomas bayas,0.0,0.0,406.201,0,0,0.0
2023-03-01,Lomas Bayas,5.219,lomas bayas,0.0,0.0,400.782,0,0,0.0
2023-04-01,Lomas Bayas,4.378,lomas bayas,0.0,0.0,399.796,0,0,0.0
2023-05-01,Lomas Bayas,4.021,lomas bayas,0.0,0.0,373.501,0,0,0.0
2023-06-01,Lomas Bayas,3.541,lomas bayas,0.0,0.0,380.393,0,0,0.0
2023-07-01,Lomas Bayas,4.8,lomas bayas,0.0,0.0,383.071,0,0,0.0
2023-08-01,Lomas Bayas,5.503,lomas bayas,0.0,0.0,378.83,0,0,0.0
2023-09-01,Lomas Bayas,5.2,lomas bayas,0.0,0.0,375.16,0,0,0.0
2023-10-01,Lomas Bayas,6.002,lomas bayas,0.0,0.0,360.137,0,0,0.0
2023-11-01,Lomas Bayas,7.25,lomas bayas,0.0,0.0,370.764,0,0,0.0
2023-12-01,Lomas Bayas,7.253,lomas bayas,0.0,0.0,380.75,0,0,0.0
2024-01-01,Lomas Bayas,6.55,lomas bayas,0.0,0.0,378.491,0,0,0.0
2024-02-01,Lomas Bayas,5.726,lomas bayas,0.0,0.0,376.969,0,0,0.0
2024-03-01,Lomas Bayas,6.454,lomas bayas,0.0,0.0,393.52,0,0,0.0
2024-04-01,Lomas Bayas,5.7,lomas bayas,0.0,0.0,430.116,0,0,0.0
2024-05-01,Lomas Bayas,6.705,lomas bayas,0.0,0.0,459.447,0,0,0.0
2024-06-01,Lomas Bayas,6.387,lomas bayas,0.0,0.0,437.336,0,0,0.0
2024-07-01,Lomas Bayas,5.55,lomas bayas,0.0,0.0,426.085,0,0,0.0
2024-08-01,Lomas Bayas,6.075,lomas bayas,0.0,0.0,406.587,0,0,0.0
2024-09-01,Lomas Bayas,5.936,lomas bayas,0.0,0.0,419.777,0,0,0.0
2024-10-01,Lomas Bayas,6.359,lomas bayas,0.0,0.0,432.693,0,0,0.0
2024-11-01,Lomas Bayas,6.556,lomas bayas,0.0,0.0,411.625,0,0,0.0
2024-12-01,Lomas Bayas,6.395,lomas bayas,0.0,0.0,404.583,0,0,0.0
2025-01-01,Lomas Bayas,6.242,lomas bayas,0.0,0.0,407.216,0,0,0.0
2025-02-01,Lomas Bayas,4.135,lomas bayas,0.0,0.0,423.168,0,0,0.0
2025-03-01,Lomas Bayas,5.472,lomas bayas,0.0,0.0,441.394,0,0,0.0
2025-04-01,Lomas Bayas,5.221,lomas bayas,0.0,0.0,416.948,0,0,0.0
2025-05-01,Lomas Bayas,4.519,lomas bayas,0.0,0.0,432.263,0,0,0.0
2025-06-01,Lomas Bayas,4.414,lomas bayas,0.0,0.0,446.051,0,0,0.0
2025-07-01,Lomas Bayas,4.78,lomas bayas,0.0,0.0,443.533,0,0,0.0
2025-08-01,Lomas Bayas,4.557,lomas bayas,0.0,0.0,437.529,0,0,0.0
2025-09-01,Lomas Bayas,4.623,lomas bayas,0.0,0.0,451.448,0,0,0.0
2025-10-01,Lomas Bayas,5.617,lomas bayas,0.0,0.0,485.164,0,0,0.0
2025-11-01,Lomas Bayas,5.189,lomas bayas,0.0,0.0,489.915,0,0,0.0
2025-12-01,Lomas Bayas,5.809,lomas bayas,0.0,0.0,535.411,0,0,0.0
2026-01-01,Lomas Bayas,4.876,lomas bayas,0.0,0.0,535.411,0,0,0.0
2026-02-01,Lomas Bayas,4.322,lomas bayas,0.0,0.0,535.411,0,0,0.0
2026-03-01,Lomas Bayas,4.7,lomas bayas,0.0,0.0,535.411,0,0,0.0
2014-01-01,Los Bronces,40.192,los bronces,0.0,0.0,330.891,0,0,0.0
2014-02-01,Los Bronces,40.035,los bronces,0.0,0.0,324.416,0,0,0.0
2014-03-01,Los Bronces,35.332,los bronces,0.0,0.0,302.448,0,0,0.0
2014-04-01,Los Bronces,32.447,los bronces,0.0,0.0,302.584,0,0,0.0
2014-05-01,Los Bronces,36.995,los bronces,0.0,0.0,312.247,0,0,0.0
2014-06-01,Los Bronces,36.604,los bronces,0.0,0.0,308.719,0,0,0.0
2014-07-01,Los Bronces,37.792,los bronces,0.0,0.0,322.255,0,0,0.0
2014-08-01,Los Bronces,28.282,los bronces,0.0,0.0,317.54,0,0,0.0
2014-09-01,Los Bronces,29.603,los bronces,0.0,0.0,311.719,0,0,0.0
2014-10-01,Los Bronces,33.483,los bronces,0.0,0.0,305.685,0,0,0.0
2014-11-01,Los Bronces,28.579,los bronces,0.0,0.0,303.958,0,0,0.0
2014-12-01,Los Bronces,25.167,los bronces,0.0,0.0,291.34,0,0,0.0
2015-01-01,Los Bronces,34.299,los bronces,0.0,0.0,263.802,0,0,0.0
2015-02-01,Los Bronces,31.154,los bronces,0.0,0.0,258.642,0,0,0.0
2015-03-01,Los Bronces,29.207,los bronces,0.0,0.0,268.792,0,0,0.0
2015-04-01,Los Bronces,34.111,los bronces,0.0,0.0,273.447,0,0,0.0
2015-05-01,Los Bronces,30.794,los bronces,0.0,0.0,285.791,0,0,0.0
2015-06-01,Los Bronces,32.518,los bronces,0.0,0.0,264.608,0,0,0.0
2015-07-01,Los Bronces,33.877,los bronces,0.0,0.0,247.521,0,0,0.0
2015-08-01,Los Bronces,28.966,los bronces,0.0,0.0,230.83,0,0,0.0
2015-09-01,Los Bronces,35.715,los bronces,0.0,0.0,236.235,0,0,0.0
2015-10-01,Los Bronces,39.728,los bronces,0.0,0.0,236.894,0,0,0.0
2015-11-01,Los Bronces,33.833,los bronces,0.0,0.0,218.098,0,0,0.0
2015-12-01,Los Bronces,37.515,los bronces,0.0,0.0,209.968,0,0,0.0
2016-01-01,Los Bronces,28.813,los bronces,0.0,0.0,202.427,0,0,0.0
2016-02-01,Los Bronces,24.746,los bronces,0.0,0.0,208.447,0,0,0.0
2016-03-01,Los Bronces,31.581,los bronces,0.0,0.0,224.417,0,0,0.0
2016-04-01,Los Bronces,25.979,los bronces,0.0,0.0,220.043,0,0,0.0
2016-05-01,Los Bronces,26.832,los bronces,0.0,0.0,213.567,0,0,0.0
2016-06-01,Los Bronces,22.875,los bronces,0.0,0.0,210.042,0,0,0.0
2016-07-01,Los Bronces,26.305,los bronces,0.0,0.0,220.255,0,0,0.0
2016-08-01,Los Bronces,24.282,los bronces,0.0,0.0,215.829,0,0,0.0
2016-09-01,Los Bronces,21.483,los bronces,0.0,0.0,213.514,0,0,0.0
2016-10-01,Los Bronces,26.398,los bronces,0.0,0.0,214.646,0,0,0.0
2016-11-01,Los Bronces,23.744,los bronces,0.0,0.0,246.902,0,0,0.0
2016-12-01,Los Bronces,24.129,los bronces,0.0,0.0,257.017,0,0,0.0
2017-01-01,Los Bronces,20.858,los bronces,0.0,0.0,260.245,0,0,0.0
2017-02-01,Los Bronces,26.409,los bronces,0.0,0.0,269.504,0,0,0.0
2017-03-01,Los Bronces,28.577,los bronces,0.0,0.0,264.06,0,0,0.0
2017-04-01,Los Bronces,29.922,los bronces,0.0,0.0,258.442,0,0,0.0
2017-05-01,Los Bronces,26.406,los bronces,0.0,0.0,253.626,0,0,0.0
2017-06-01,Los Bronces,22.619,los bronces,0.0,0.0,258.524,0,0,0.0
2017-07-01,Los Bronces,28.21,los bronces,0.0,0.0,271.185,0,0,0.0
2017-08-01,Los Bronces,28.202,los bronces,0.0,0.0,293.845,0,0,0.0
2017-09-01,Los Bronces,21.709,los bronces,0.0,0.0,298.609,0,0,0.0
2017-10-01,Los Bronces,22.69,los bronces,0.0,0.0,308.324,0,0,0.0
2017-11-01,Los Bronces,22.652,los bronces,0.0,0.0,309.603,0,0,0.0
2017-12-01,Los Bronces,30.014,los bronces,0.0,0.0,308.495,0,0,0.0
2018-01-01,Los Bronces,25.981,los bronces,0.0,0.0,321.157,0,0,0.0
2018-02-01,Los Bronces,28.046,los bronces,0.0,0.0,317.596,0,0,0.0
2018-03-01,Los Bronces,31.025,los bronces,0.0,0.0,308.251,0,0,0.0
2018-04-01,Los Bronces,26.521,los bronces,0.0,0.0,310.191,0,0,0.0
2018-05-01,Los Bronces,30.563,los bronces,0.0,0.0,309.43,0,0,0.0
2018-06-01,Los Bronces,32.59,los bronces,0.0,0.0,315.464,0,0,0.0
2018-07-01,Los Bronces,33.943,los bronces,0.0,0.0,283.413,0,0,0.0
2018-08-01,Los Bronces,32.988,los bronces,0.0,0.0,273.959,0,0,0.0
2018-09-01,Los Bronces,28.9,los bronces,0.0,0.0,273.064,0,0,0.0
2018-10-01,Los Bronces,33.259,los bronces,0.0,0.0,281.948,0,0,0.0
2018-11-01,Los Bronces,31.323,los bronces,0.0,0.0,280.91,0,0,0.0
2018-12-01,Los Bronces,34.399,los bronces,0.0,0.0,276.429,0,0,0.0
2019-01-01,Los Bronces,30.232,los bronces,0.0,0.0,269.072,0,0,0.0
2019-02-01,Los Bronces,32.385,los bronces,0.0,0.0,284.774,0,0,0.0
2019-03-01,Los Bronces,29.101,los bronces,0.0,0.0,292.614,0,0,0.0
2019-04-01,Los Bronces,30.698,los bronces,0.0,0.0,292.345,0,0,0.0
2019-05-01,Los Bronces,29.738,los bronces,0.0,0.0,273.44,0,0,0.0
2019-06-01,Los Bronces,30.742,los bronces,0.0,0.0,266.187,0,0,0.0
2019-07-01,Los Bronces,29.657,los bronces,0.0,0.0,269.427,0,0,0.0
2019-08-01,Los Bronces,26.688,los bronces,0.0,0.0,258.91,0,0,0.0
2019-09-01,Los Bronces,24.092,los bronces,0.0,0.0,260.611,0,0,0.0
2019-10-01,Los Bronces,28.743,los bronces,0.0,0.0,260.493,0,0,0.0
2019-11-01,Los Bronces,17.25,los bronces,0.0,0.0,265.791,0,0,0.0
2019-12-01,Los Bronces,25.677,los bronces,0.0,0.0,274.987,0,0,0.0
2020-01-01,Los Bronces,20.815,los bronces,0.0,0.0,274.387,0,0,0.0
2020-02-01,Los Bronces,23.007,los bronces,0.0,0.0,257.933,0,0,0.0
2020-03-01,Los Bronces,24.867,los bronces,0.0,0.0,234.901,0,0,0.0
2020-04-01,Los Bronces,24.731,los bronces,0.0,0.0,228.985,0,0,0.0
2020-05-01,Los Bronces,29.544,los bronces,0.0,0.0,237.402,0,0,0.0
2020-06-01,Los Bronces,26.485,los bronces,0.0,0.0,260.47,0,0,0.0
2020-07-01,Los Bronces,27.661,los bronces,0.0,0.0,288.202,0,0,0.0
2020-08-01,Los Bronces,26.907,los bronces,0.0,0.0,294.685,0,0,0.0
2020-09-01,Los Bronces,24.822,los bronces,0.0,0.0,304.47,0,0,0.0
2020-10-01,Los Bronces,31.067,los bronces,0.0,0.0,304.033,0,0,0.0
2020-11-01,Los Bronces,32.168,los bronces,0.0,0.0,320.392,0,0,0.0
2020-12-01,Los Bronces,32.645,los bronces,0.0,0.0,351.772,0,0,0.0
2021-01-01,Los Bronces,24.529,los bronces,0.0,0.0,361.536,0,0,0.0
2021-02-01,Los Bronces,24.098,los bronces,0.0,0.0,383.751,0,0,0.0
2021-03-01,Los Bronces,30.116,los bronces,0.0,0.0,408.459,0,0,0.0
2021-04-01,Los Bronces,26.765,los bronces,0.0,0.0,423.454,0,0,0.0
2021-05-01,Los Bronces,27.02,los bronces,0.0,0.0,461.937,0,0,0.0
2021-06-01,Los Bronces,30.539,los bronces,0.0,0.0,436.013,0,0,0.0
2021-07-01,Los Bronces,26.301,los bronces,0.0,0.0,427.901,0,0,0.0
2021-08-01,Los Bronces,27.85,los bronces,0.0,0.0,424.435,0,0,0.0
2021-09-01,Los Bronces,25.537,los bronces,0.0,0.0,422.933,0,0,0.0
2021-10-01,Los Bronces,27.684,los bronces,0.0,0.0,443.545,0,0,0.0
2021-11-01,Los Bronces,28.29,los bronces,0.0,0.0,442.955,0,0,0.0
2021-12-01,Los Bronces,28.991,los bronces,0.0,0.0,433.195,0,0,0.0
2022-01-01,Los Bronces,20.04,los bronces,0.0,0.0,443.429,0,0,0.0
2022-02-01,Los Bronces,21.913,los bronces,0.0,0.0,450.932,0,0,0.0
2022-03-01,Los Bronces,23.459,los bronces,0.0,0.0,464.369,0,0,0.0
2022-04-01,Los Bronces,16.419,los bronces,0.0,0.0,461.899,0,0,0.0
2022-05-01,Los Bronces,24.136,los bronces,0.0,0.0,424.69,0,0,0.0
2022-06-01,Los Bronces,23.82,los bronces,0.0,0.0,409.736,0,0,0.0
2022-07-01,Los Bronces,16.49,los bronces,0.0,0.0,341.545,0,0,0.0
2022-08-01,Los Bronces,21.635,los bronces,0.0,0.0,361.104,0,0,0.0
2022-09-01,Los Bronces,18.755,los bronces,0.0,0.0,350.84,0,0,0.0
2022-10-01,Los Bronces,29.719,los bronces,0.0,0.0,345.693,0,0,0.0
2022-11-01,Los Bronces,27.043,los bronces,0.0,0.0,364.233,0,0,0.0
2022-12-01,Los Bronces,27.426,los bronces,0.0,0.0,379.531,0,0,0.0
2023-01-01,Los Bronces,16.369,los bronces,0.0,0.0,408.224,0,0,0.0
2023-02-01,Los Bronces,14.652,los bronces,0.0,0.0,406.201,0,0,0.0
2023-03-01,Los Bronces,21.615,los bronces,0.0,0.0,400.782,0,0,0.0
2023-04-01,Los Bronces,19.842,los bronces,0.0,0.0,399.796,0,0,0.0
2023-05-01,Los Bronces,18.637,los bronces,0.0,0.0,373.501,0,0,0.0
2023-06-01,Los Bronces,21.39,los bronces,0.0,0.0,380.393,0,0,0.0
2023-07-01,Los Bronces,16.377,los bronces,0.0,0.0,383.071,0,0,0.0
2023-08-01,Los Bronces,15.397,los bronces,0.0,0.0,378.83,0,0,0.0
2023-09-01,Los Bronces,14.067,los bronces,0.0,0.0,375.16,0,0,0.0
2023-10-01,Los Bronces,20.227,los bronces,0.0,0.0,360.137,0,0,0.0
2023-11-01,Los Bronces,18.145,los bronces,0.0,0.0,370.764,0,0,0.0
2023-12-01,Los Bronces,18.819,los bronces,0.0,0.0,380.75,0,0,0.0
2024-01-01,Los Bronces,14.981,los bronces,0.0,0.0,378.491,0,0,0.0
2024-02-01,Los Bronces,15.825,los bronces,0.0,0.0,376.969,0,0,0.0
2024-03-01,Los Bronces,17.836,los bronces,0.0,0.0,393.52,0,0,0.0
2024-04-01,Los Bronces,18.82,los bronces,0.0,0.0,430.116,0,0,0.0
2024-05-01,Los Bronces,16.927,los bronces,0.0,0.0,459.447,0,0,0.0
2024-06-01,Los Bronces,12.765,los bronces,0.0,0.0,437.336,0,0,0.0
2024-07-01,Los Bronces,12.965,los bronces,0.0,0.0,426.085,0,0,0.0
2024-08-01,Los Bronces,12.278,los bronces,0.0,0.0,406.587,0,0,0.0
2024-09-01,Los Bronces,11.326,los bronces,0.0,0.0,419.777,0,0,0.0
2024-10-01,Los Bronces,12.035,los bronces,0.0,0.0,432.693,0,0,0.0
2024-11-01,Los Bronces,12.625,los bronces,0.0,0.0,411.625,0,0,0.0
2024-12-01,Los Bronces,14.062,los bronces,0.0,0.0,404.583,0,0,0.0
2025-01-01,Los Bronces,18.115,los bronces,0.0,0.0,407.216,0,0,0.0
2025-02-01,Los Bronces,11.875,los bronces,0.0,0.0,423.168,0,0,0.0
2025-03-01,Los Bronces,13.359,los bronces,0.0,0.0,441.394,0,0,0.0
2025-04-01,Los Bronces,12.278,los bronces,0.0,0.0,416.948,0,0,0.0
2025-05-01,Los Bronces,12.146,los bronces,0.0,0.0,432.263,0,0,0.0
2025-06-01,Los Bronces,12.555,los bronces,0.0,0.0,446.051,0,0,0.0
2025-07-01,Los Bronces,12.726,los bronces,0.0,0.0,443.533,0,0,0.0
2025-08-01,Los Bronces,14.572,los bronces,0.0,0.0,437.529,0,0,0.0
2025-09-01,Los Bronces,14.481,los bronces,0.0,0.0,451.448,0,0,0.0
2025-10-01,Los Bronces,14.25,los bronces,0.0,0.0,485.164,0,0,0.0
2025-11-01,Los Bronces,14.81,los bronces,0.0,0.0,489.915,0,0,0.0
2025-12-01,Los Bronces,13.436,los bronces,0.0,0.0,535.411,0,0,0.0
2026-01-01,Los Bronces,15.759,los bronces,0.0,0.0,535.411,0,0,0.0
2026-02-01,Los Bronces,15.22,los bronces,0.0,0.0,535.411,0,0,0.0
2026-03-01,Los Bronces,17.549,los bronces,0.0,0.0,535.411,0,0,0.0
2014-01-01,Los Pelambres,33.8,los pelambres,1178.081337294042,0.0,330.891,0,0,2000.0
2014-02-01,Los Pelambres,27.8,los pelambres,1172.0224498594075,0.0,324.416,0,0,0.0
2014-03-01,Los Pelambres,37.4,los pelambres,1165.994723360596,0.0,302.448,0,0,0.0
2014-04-01,Los Pelambres,35.0,los pelambres,1159.9979975365147,0.0,302.584,0,0,0.0
2014-05-01,Los Pelambres,35.5,los pelambres,1154.0321129502954,0.0,312.247,0,1,1100.0
2014-06-01,Los Pelambres,33.8,los pelambres,1148.0969109850562,0.0,308.719,0,1,0.0
2014-07-01,Los Pelambres,31.8,los pelambres,1142.1922338396837,0.0,322.255,0,1,0.0
2014-08-01,Los Pelambres,34.4,los pelambres,1136.3179245246376,0.0,317.54,0,1,0.0
2014-09-01,Los Pelambres,32.0,los pelambres,1130.473826857777,0.0,311.719,0,1,0.0
2014-10-01,Los Pelambres,33.1,los pelambres,1124.6597854602076,0.0,305.685,0,1,0.0
2014-11-01,Los Pelambres,34.5,los pelambres,1118.8756457521504,0.0,303.958,0,1,0.0
2014-12-01,Los Pelambres,35.5,los pelambres,1113.1212539488329,0.0,291.34,0,1,0.0
2015-01-01,Los Pelambres,31.1,los pelambres,1107.3964570563992,0.0,263.802,0,1,0.0
2015-02-01,Los Pelambres,23.9,los pelambres,1136.7011028678428,35.0,258.642,0,1,0.0
2015-03-01,Los Pelambres,26.5,los pelambres,1165.8550345098463,35.0,268.792,0,1,0.0
2015-04-01,Los Pelambres,33.8,los pelambres,1159.8590271073167,0.0,273.447,0,1,0.0
2015-05-01,Los Pelambres,29.5,los pelambres,1153.893857247798,0.0,285.791,0,1,0.0
2015-06-01,Los Pelambres,30.5,los pelambres,1147.9593663334108,0.0,264.608,0,1,0.0
2015-07-01,Los Pelambres,33.5,los pelambres,1142.0553965819468,0.0,247.521,0,1,0.0
2015-08-01,Los Pelambres,32.4,los pelambres,1136.1817910226732,0.0,230.83,0,1,0.0
2015-09-01,Los Pelambres,33.0,los pelambres,1130.33839349216,0.0,236.235,0,1,0.0
2015-10-01,Los Pelambres,28.4,los pelambres,1124.5250486301277,0.0,236.894,0,1,0.0
2015-11-01,Los Pelambres,35.1,los pelambres,1118.7416018753163,0.0,218.098,0,1,0.0
2015-12-01,Los Pelambres,38.1,los pelambres,1112.9878994613775,0.0,209.968,0,1,0.0
2016-01-01,Los Pelambres,29.5,los pelambres,1150.263788412784,43.0,202.427,0,1,0.0
2016-02-01,Los Pelambres,28.0,los pelambres,1144.3479669889955,0.0,208.447,0,1,0.0
2016-03-01,Los Pelambres,27.6,los pelambres,1138.462570710701,0.0,224.417,0,1,0.0
2016-04-01,Los Pelambres,32.8,los pelambres,1132.6074431009856,0.0,220.043,0,1,0.0
2016-05-01,Los Pelambres,30.8,los pelambres,2226.782428487699,1100.0,213.567,0,1,0.0
2016-06-01,Los Pelambres,29.4,los pelambres,2215.3300578843086,0.0,210.042,0,1,0.0
2016-07-01,Los Pelambres,28.6,los pelambres,3303.936586969887,1100.0,220.255,0,1,0.0
2016-08-01,Los Pelambres,30.6,los pelambres,3286.9443987075715,0.0,215.829,0,1,0.0
2016-09-01,Los Pelambres,31.1,los pelambres,3270.03960148753,0.0,213.514,0,1,0.0
2016-10-01,Los Pelambres,33.8,los pelambres,3253.2217458565106,0.0,214.646,0,1,0.0
2016-11-01,Los Pelambres,30.2,los pelambres,3236.4903846728052,0.0,246.902,0,1,0.0
2016-12-01,Los Pelambres,35.4,los pelambres,3219.8450730943614,0.0,257.017,0,1,0.0
2017-01-01,Los Pelambres,28.1,los pelambres,3203.285368566955,0.0,260.245,0,1,0.0
2017-02-01,Los Pelambres,26.3,los pelambres,3186.8108308124247,0.0,269.504,0,1,0.0
2017-03-01,Los Pelambres,31.5,los pelambres,3170.421021816964,0.0,264.06,0,1,0.0
2017-04-01,Los Pelambres,24.9,los pelambres,3154.115505819478,0.0,258.442,0,1,0.0
2017-05-01,Los Pelambres,31.3,los pelambres,3137.893849299997,0.0,253.626,0,1,0.0
2017-06-01,Los Pelambres,28.1,los pelambres,3121.755620968149,0.0,258.524,0,1,0.0
2017-07-01,Los Pelambres,29.4,los pelambres,3105.700391751694,0.0,271.185,0,1,0.0
2017-08-01,Los Pelambres,30.1,los pelambres,3089.7277347851177,0.0,293.845,0,1,0.0
2017-09-01,Los Pelambres,30.5,los pelambres,3073.8372253982784,0.0,298.609,0,1,0.0
2017-10-01,Los Pelambres,31.1,los pelambres,3058.02844110512,0.0,308.324,0,1,0.0
2017-11-01,Los Pelambres,31.4,los pelambres,3042.300961592437,0.0,309.603,0,1,0.0
2017-12-01,Los Pelambres,33.6,los pelambres,3026.6543687086996,0.0,308.495,0,1,43.0
2018-01-01,Los Pelambres,27.4,los pelambres,3011.0882464529377,0.0,321.157,0,1,0.0
2018-02-01,Los Pelambres,26.6,los pelambres,2995.602180963679,0.0,317.596,0,1,0.0
2018-03-01,Los Pelambres,30.0,los pelambres,2980.195760507946,0.0,308.251,0,1,0.0
2018-04-01,Los Pelambres,14.0,los pelambres,2964.868575470309,0.0,310.191,0,1,0.0
2018-05-01,Los Pelambres,32.8,los pelambres,2949.620218341997,0.0,309.43,0,1,0.0
2018-06-01,Los Pelambres,34.1,los pelambres,2934.4502837100595,0.0,315.464,0,1,0.0
2018-07-01,Los Pelambres,35.2,los pelambres,2934.5957062465923,15.237338,283.413,0,1,0.0
2018-08-01,Los Pelambres,35.7,los pelambres,2919.5030428731534,0.0,273.959,0,1,0.0
2018-09-01,Los Pelambres,31.2,los pelambres,2904.48800126111,0.0,273.064,0,1,0.0
2018-10-01,Los Pelambres,32.6,los pelambres,2889.550182200749,0.0,281.948,0,1,0.0
2018-11-01,Los Pelambres,33.3,los pelambres,2874.6891885354944,0.0,280.91,0,1,0.0
2018-12-01,Los Pelambres,37.6,los pelambres,2859.9046251513537,0.0,276.429,0,1,0.0
2019-01-01,Los Pelambres,30.455,los pelambres,2845.1960989664103,0.0,269.072,0,1,0.0
2019-02-01,Los Pelambres,29.414,los pelambres,2830.5632189203734,0.0,284.774,0,1,0.0
2019-03-01,Los Pelambres,31.762,los pelambres,2816.00559596418,0.0,292.614,0,1,0.0
2019-04-01,Los Pelambres,33.313,los pelambres,2801.522843049651,0.0,292.345,0,1,0.0
2019-05-01,Los Pelambres,32.06,los pelambres,2787.1145751192016,0.0,273.44,0,1,0.0
2019-06-01,Los Pelambres,29.01,los pelambres,2772.780409095603,0.0,266.187,0,1,0.0
2019-07-01,Los Pelambres,31.541,los pelambres,2758.519963871797,0.0,269.427,0,1,0.0
2019-08-01,Los Pelambres,32.209,los pelambres,2744.3328603007644,0.0,258.91,0,1,0.0
2019-09-01,Los Pelambres,30.436,los pelambres,2730.2187211854443,0.0,260.611,0,1,0.0
2019-10-01,Los Pelambres,24.898,los pelambres,2716.177171268705,0.0,260.493,0,1,0.0
2019-11-01,Los Pelambres,33.893,los pelambres,2702.207837223365,0.0,265.791,0,1,0.0
2019-12-01,Los Pelambres,36.948,los pelambres,2688.3103476422725,0.0,274.987,0,1,0.0
2020-01-01,Los Pelambres,29.774,los pelambres,2674.4843330284257,0.0,274.387,0,1,35.0
2020-02-01,Los Pelambres,33.024,los pelambres,2660.729425785151,0.0,257.933,0,1,1000.0
2020-03-01,Los Pelambres,33.672,los pelambres,2647.0452602063287,0.0,234.901,0,1,0.0
2020-04-01,Los Pelambres,31.17,los pelambres,2633.4314724666715,0.0,228.985,0,1,0.0
2020-05-01,Los Pelambres,35.023,los pelambres,2619.8877006120492,0.0,237.402,0,1,0.0
2020-06-01,Los Pelambres,25.796,los pelambres,2606.4135845498663,0.0,260.47,0,1,0.0
2020-07-01,Los Pelambres,27.137,los pelambres,2593.008766039489,0.0,288.202,0,1,0.0
2020-08-01,Los Pelambres,33.268,los pelambres,2579.672888682718,0.0,294.685,0,1,0.0
2020-09-01,Los Pelambres,29.334,los pelambres,2566.4055979143172,0.0,304.47,0,1,0.0
2020-10-01,Los Pelambres,29.904,los pelambres,2553.2065409925817,0.0,304.033,0,1,0.0
2020-11-01,Los Pelambres,31.852,los pelambres,2540.0753669899627,0.0,320.392,0,1,0.0
2020-12-01,Los Pelambres,32.102,los pelambres,2527.011726783736,0.0,351.772,0,1,0.0
2021-01-01,Los Pelambres,28.8,los pelambres,2514.0152730467203,0.0,361.536,0,1,0.0
2021-02-01,Los Pelambres,26.593,los pelambres,2501.0856602380422,0.0,383.751,0,1,0.0
2021-03-01,Los Pelambres,32.45,los pelambres,2488.22254459395,0.0,408.459,0,1,1100.0
2021-04-01,Los Pelambres,29.249,los pelambres,3475.425584118672,1000.0,423.454,0,1,0.0
2021-05-01,Los Pelambres,28.451,los pelambres,3457.551425743504,0.0,461.937,0,1,0.0
2021-06-01,Los Pelambres,29.869,los pelambres,3439.7691943942173,0.0,436.013,0,1,0.0
2021-07-01,Los Pelambres,27.911,los pelambres,3422.0784172889385,0.0,427.901,0,1,0.0
2021-08-01,Los Pelambres,30.116,los pelambres,3404.478624077317,0.0,424.435,0,1,0.0
2021-09-01,Los Pelambres,26.015,los pelambres,3386.96934682802,0.0,422.933,0,1,0.0
2021-10-01,Los Pelambres,20.373,los pelambres,3369.550120016293,0.0,443.545,0,1,0.0
2021-11-01,Los Pelambres,29.292,los pelambres,3352.2204805115784,0.0,442.955,0,1,0.0
2021-12-01,Los Pelambres,27.219,los pelambres,3334.9799675652075,0.0,433.195,0,1,0.0
2022-01-01,Los Pelambres,18.115,los pelambres,3317.828122798147,0.0,443.429,0,1,0.0
2022-02-01,Los Pelambres,16.3,los pelambres,3300.764490188813,0.0,450.932,0,1,0.0
2022-03-01,Los Pelambres,21.3,los pelambres,3283.7886160609464,0.0,464.369,0,1,0.0
2022-04-01,Los Pelambres,20.1,los pelambres,3266.9000490715507,0.0,461.899,0,1,0.0
2022-05-01,Los Pelambres,22.26440011877604,los pelambres,3250.098340198893,0.0,424.69,0,1,0.0
2022-06-01,Los Pelambres,15.015,los pelambres,3233.3830427305634,0.0,409.736,0,1,0.0
2022-07-01,Los Pelambres,23.391121186549768,los pelambres,3216.7537122516014,0.0,341.545,0,1,0.0
2022-08-01,Los Pelambres,28.338,los pelambres,3200.2099066326773,0.0,361.104,0,1,0.0
2022-09-01,Los Pelambres,27.821,los pelambres,3183.7511860183386,0.0,350.84,0,1,0.0
2022-10-01,Los Pelambres,30.96,los pelambres,3167.377112815315,0.0,345.693,0,1,0.0
2022-11-01,Los Pelambres,28.845,los pelambres,3151.087251680883,0.0,364.233,0,1,0.0
2022-12-01,Los Pelambres,31.699,los pelambres,3134.8811695112945,0.0,379.531,0,1,0.0
2023-01-01,Los Pelambres,17.369,los pelambres,3118.7584354302576,0.0,408.224,1,1,0.0
2023-02-01,Los Pelambres,20.787,los pelambres,3102.718620777484,0.0,406.201,1,1,0.0
2023-03-01,Los Pelambres,22.888,los pelambres,3086.7612990972893,0.0,400.782,1,1,0.0
2023-04-01,Los Pelambres,19.068,los pelambres,3070.8860461272575,0.0,399.796,1,1,0.0
2023-05-01,Los Pelambres,27.121,los pelambres,3055.092439786959,0.0,373.501,1,1,0.0
2023-06-01,Los Pelambres,27.849,los pelambres,3039.3800601667294,0.0,380.393,1,1,0.0
2023-07-01,Los Pelambres,27.769,los pelambres,3023.7484895165053,0.0,383.071,1,1,0.0
2023-08-01,Los Pelambres,26.519,los pelambres,3008.1973122347167,0.0,378.83,1,1,0.0
2023-09-01,Los Pelambres,28.101,los pelambres,2992.7261148572384,0.0,375.16,1,1,0.0
2023-10-01,Los Pelambres,28.023,los pelambres,2977.334486046396,0.0,360.137,1,1,0.0
2023-11-01,Los Pelambres,29.887,los pelambres,2962.02201658003,0.0,370.764,1,1,0.0
2023-12-01,Los Pelambres,35.182,los pelambres,2946.788299340617,0.0,380.75,1,1,0.0
2024-01-01,Los Pelambres,28.087,los pelambres,2931.6329293044423,0.0,378.491,1,1,0.0
2024-02-01,Los Pelambres,27.529,los pelambres,2916.555503530835,0.0,376.969,1,1,0.0
2024-03-01,Los Pelambres,23.611,los pelambres,2901.555621151452,0.0,393.52,1,1,0.0
2024-04-01,Los Pelambres,27.865,los pelambres,2886.6328833596217,0.0,430.116,1,1,0.0
2024-05-01,Los Pelambres,27.447,los pelambres,2871.786893399741,0.0,459.447,1,1,0.0
2024-06-01,Los Pelambres,27.112,los pelambres,2857.0172565567254,0.0,437.336,1,1,0.0
2024-07-01,Los Pelambres,26.73,los pelambres,2842.323580145515,0.0,426.085,1,1,0.0
2024-08-01,Los Pelambres,27.253,los pelambres,2827.7054735006336,0.0,406.587,1,1,0.0
2024-09-01,Los Pelambres,28.15,los pelambres,2813.1625479658037,0.0,419.777,1,1,0.0
2024-10-01,Los Pelambres,30.123,los pelambres,2798.6944168836117,0.0,432.693,1,1,0.0
2024-11-01,Los Pelambres,27.647,los pelambres,2784.300695585228,0.0,411.625,1,1,0.0
2024-12-01,Los Pelambres,29.674,los pelambres,4769.98100138018,2000.0,404.583,1,1,0.0
2025-01-01,Los Pelambres,23.954,los pelambres,4745.4489278825295,0.0,407.216,1,1,0.0
2025-02-01,Los Pelambres,22.519,los pelambres,4721.043023153669,0.0,423.168,1,1,0.0
2025-03-01,Los Pelambres,26.579,los pelambres,4696.7626383060015,0.0,441.394,1,1,0.0
2025-04-01,Los Pelambres,24.881,los pelambres,4672.607127789167,0.0,416.948,1,1,0.0
2025-05-01,Los Pelambres,24.999,los pelambres,4648.57584937288,0.0,432.263,1,1,0.0
2025-06-01,Los Pelambres,25.757,los pelambres,4624.668164129853,0.0,446.051,1,1,0.0
2025-07-01,Los Pelambres,25.051,los pelambres,4600.88343641881,0.0,443.533,1,1,0.0
2025-08-01,Los Pelambres,26.762,los pelambres,4577.221033867586,0.0,437.529,1,1,0.0
2025-09-01,Los Pelambres,24.981,los pelambres,4553.680327356315,0.0,451.448,1,1,0.0
2025-10-01,Los Pelambres,26.943,los pelambres,4530.260691000702,0.0,485.164,1,1,0.0
2025-11-01,Los Pelambres,24.67,los pelambres,4506.961502135382,0.0,489.915,1,1,0.0
2025-12-01,Los Pelambres,28.777,los pelambres,4483.782141297368,0.0,535.411,1,1,35.0
2026-01-01,Los Pelambres,18.959,los pelambres,4483.782141297368,0.0,535.411,1,1,35.0
2026-02-01,Los Pelambres,22.927,los pelambres,4483.782141297368,0.0,535.411,1,1,35.0
2026-03-01,Los Pelambres,27.683,los pelambres,4483.782141297368,0.0,535.411,1,1,35.0
2014-01-01,Mantos Blancos,4.663,mantos blancos,2.6257610685748523,0.0,330.891,0,0,0.0
2014-02-01,Mantos Blancos,4.42,mantos blancos,2.6122567457058707,0.0,324.416,0,0,0.0
2014-03-01,Mantos Blancos,3.864,mantos blancos,2.5988218757426895,0.0,302.448,0,0,0.0
2014-04-01,Mantos Blancos,3.497,mantos blancos,2.5854561014881225,0.0,302.584,0,0,0.0
2014-05-01,Mantos Blancos,4.431,mantos blancos,2.5721590675820543,0.0,312.247,0,0,0.0
2014-06-01,Mantos Blancos,4.382,mantos blancos,2.55893042049199,0.0,308.719,0,0,0.0
2014-07-01,Mantos Blancos,4.303,mantos blancos,2.5457698085036573,0.0,322.255,0,0,0.0
2014-08-01,Mantos Blancos,3.967,mantos blancos,2.5326768817116556,0.0,317.54,0,0,0.0
2014-09-01,Mantos Blancos,4.73,mantos blancos,2.5196512920101513,0.0,311.719,0,0,0.0
2014-10-01,Mantos Blancos,4.45,mantos blancos,2.506692693083624,0.0,305.685,0,0,0.0
2014-11-01,Mantos Blancos,4.71,mantos blancos,2.493800740397658,0.0,303.958,0,0,0.0
2014-12-01,Mantos Blancos,5.001,mantos blancos,2.480975091189783,0.0,291.34,0,0,0.0
2015-01-01,Mantos Blancos,4.742,mantos blancos,2.468215404460361,0.0,263.802,0,0,0.0
2015-02-01,Mantos Blancos,4.418,mantos blancos,2.4555213409635184,0.0,258.642,0,0,0.0
2015-03-01,Mantos Blancos,4.469,mantos blancos,2.442892563198128,0.0,268.792,0,0,0.0
2015-04-01,Mantos Blancos,4.906,mantos blancos,2.430328735398835,0.0,273.447,0,0,0.0
2015-05-01,Mantos Blancos,5.24,mantos blancos,2.4178295235271308,0.0,285.791,0,0,0.0
2015-06-01,Mantos Blancos,5.185,mantos blancos,2.4053945952624702,0.0,264.608,0,0,0.0
2015-07-01,Mantos Blancos,4.842,mantos blancos,2.393023619993438,0.0,247.521,0,0,0.0
2015-08-01,Mantos Blancos,4.65,mantos blancos,2.380716268808956,0.0,230.83,0,0,0.0
2015-09-01,Mantos Blancos,4.453,mantos blancos,2.368472214489542,0.0,236.235,0,0,0.0
2015-10-01,Mantos Blancos,4.555,mantos blancos,2.356291131498606,0.0,236.894,0,0,0.0
2015-11-01,Mantos Blancos,4.304,mantos blancos,2.344172695973798,0.0,218.098,0,0,0.0
2015-12-01,Mantos Blancos,4.835,mantos blancos,2.3321165857183956,0.0,209.968,0,0,0.0
2016-01-01,Mantos Blancos,4.258,mantos blancos,2.320122480192739,0.0,202.427,0,0,0.0
2016-02-01,Mantos Blancos,3.753,mantos blancos,2.308190060505707,0.0,208.447,0,0,0.0
2016-03-01,Mantos Blancos,4.232,mantos blancos,2.29631900940624,0.0,224.417,0,0,0.0
2016-04-01,Mantos Blancos,3.744,mantos blancos,2.2845090112749045,0.0,220.043,0,0,0.0
2016-05-01,Mantos Blancos,4.392,mantos blancos,2.2727597521155025,0.0,213.567,0,0,0.0
2016-06-01,Mantos Blancos,4.276,mantos blancos,2.2610709195467216,0.0,210.042,0,0,0.0
2016-07-01,Mantos Blancos,4.152,mantos blancos,2.2494422027938312,0.0,220.255,0,0,0.0
2016-08-01,Mantos Blancos,4.234,mantos blancos,2.2378732926804186,0.0,215.829,0,0,0.0
2016-09-01,Mantos Blancos,3.949,mantos blancos,2.2263638816201694,0.0,213.514,0,0,0.0
2016-10-01,Mantos Blancos,4.376,mantos blancos,2.21491366360869,0.0,214.646,0,0,0.0
2016-11-01,Mantos Blancos,3.837,mantos blancos,2.2035223342153705,0.0,246.902,0,0,0.0
2016-12-01,Mantos Blancos,4.177,mantos blancos,2.192189590575292,0.0,257.017,0,0,0.0
2017-01-01,Mantos Blancos,3.569,mantos blancos,2.1809151313811745,0.0,260.245,0,0,0.0
2017-02-01,Mantos Blancos,3.227,mantos blancos,2.169698656875364,0.0,269.504,0,0,0.0
2017-03-01,Mantos Blancos,4.081,mantos blancos,2.1585398688418653,0.0,264.06,0,0,0.0
2017-04-01,Mantos Blancos,3.642,mantos blancos,2.14743847059841,0.0,258.442,0,0,0.0
2017-05-01,Mantos Blancos,3.779,mantos blancos,2.1363941669885724,0.0,253.626,0,0,0.0
2017-06-01,Mantos Blancos,3.56,mantos blancos,2.1254066643739185,0.0,258.524,0,0,0.0
2017-07-01,Mantos Blancos,4.053,mantos blancos,2.1144756706262013,0.0,271.185,0,0,0.0
2017-08-01,Mantos Blancos,4.28,mantos blancos,2.1036008951195933,0.0,293.845,0,0,0.0
2017-09-01,Mantos Blancos,3.657,mantos blancos,2.092782048722959,0.0,298.609,0,0,0.0
2017-10-01,Mantos Blancos,4.018,mantos blancos,2.0820188437921683,0.0,308.324,0,0,0.0
2017-11-01,Mantos Blancos,3.779,mantos blancos,2.071310994162448,0.0,309.603,0,0,0.0
2017-12-01,Mantos Blancos,4.053,mantos blancos,2.060658215140774,0.0,308.495,0,0,0.0
2018-01-01,Mantos Blancos,3.505,mantos blancos,2.050060223498304,0.0,321.157,0,0,0.0
2018-02-01,Mantos Blancos,3.242,mantos blancos,2.0395167374628427,0.0,317.596,0,0,0.0
2018-03-01,Mantos Blancos,3.301,mantos blancos,2.0290274767113536,0.0,308.251,0,0,0.0
2018-04-01,Mantos Blancos,2.97,mantos blancos,2.0185921623625056,0.0,310.191,0,0,0.0
2018-05-01,Mantos Blancos,3.527,mantos blancos,2.008210516969258,0.0,309.43,0,0,0.0
2018-06-01,Mantos Blancos,3.598,mantos blancos,1.9978822645114835,0.0,315.464,0,0,0.0
2018-07-01,Mantos Blancos,3.926,mantos blancos,1.9876071303886296,0.0,283.413,0,0,0.0
2018-08-01,Mantos Blancos,3.705,mantos blancos,1.977384841412418,0.0,273.959,0,0,0.0
2018-09-01,Mantos Blancos,3.448,mantos blancos,1.9672151257995816,0.0,273.064,0,0,0.0
2018-10-01,Mantos Blancos,3.558,mantos blancos,1.9570977131646383,0.0,281.948,0,0,0.0
2018-11-01,Mantos Blancos,3.674,mantos blancos,1.9470323345127012,0.0,280.91,0,0,0.0
2018-12-01,Mantos Blancos,3.272,mantos blancos,1.937018722232328,0.0,276.429,0,0,0.0
2019-01-01,Mantos Blancos,3.31,mantos blancos,1.927056610088406,0.0,269.072,0,0,0.0
2019-02-01,Mantos Blancos,2.638,mantos blancos,1.917145733215072,0.0,284.774,0,0,0.0
2019-03-01,Mantos Blancos,3.553,mantos blancos,1.9072858281086724,0.0,292.614,0,0,0.0
2019-04-01,Mantos Blancos,3.253,mantos blancos,1.8974766326207555,0.0,292.345,0,0,0.0
2019-05-01,Mantos Blancos,3.584,mantos blancos,1.8877178859511028,0.0,273.44,0,0,0.0
2019-06-01,Mantos Blancos,3.176,mantos blancos,1.8780093286407944,0.0,266.187,0,0,0.0
2019-07-01,Mantos Blancos,3.835,mantos blancos,1.868350702565312,0.0,269.427,0,0,0.0
2019-08-01,Mantos Blancos,4.104,mantos blancos,1.8587417509276731,0.0,258.91,0,0,0.0
2019-09-01,Mantos Blancos,3.851,mantos blancos,1.8491822182516071,0.0,260.611,0,0,0.0
2019-10-01,Mantos Blancos,3.965,mantos blancos,1.83967185037476,0.0,260.493,0,0,0.0
2019-11-01,Mantos Blancos,3.787,mantos blancos,1.8302103944419392,0.0,265.791,0,0,0.0
2019-12-01,Mantos Blancos,4.256,mantos blancos,1.8207975988983889,0.0,274.987,0,0,0.0
2020-01-01,Mantos Blancos,3.554,mantos blancos,1.8114332134831024,0.0,274.387,0,0,0.0
2020-02-01,Mantos Blancos,2.685,mantos blancos,1.802116989222168,0.0,257.933,0,0,0.0
2020-03-01,Mantos Blancos,2.958,mantos blancos,1.7928486784221525,0.0,234.901,0,0,0.0
2020-04-01,Mantos Blancos,3.282,mantos blancos,1.7836280346635105,0.0,228.985,0,0,0.0
2020-05-01,Mantos Blancos,3.318,mantos blancos,1.774454812794037,0.0,237.402,0,0,0.0
2020-06-01,Mantos Blancos,2.894,mantos blancos,1.7653287689223471,0.0,260.47,0,0,0.0
2020-07-01,Mantos Blancos,2.862,mantos blancos,1.7562496604113933,0.0,288.202,0,0,0.0
2020-08-01,Mantos Blancos,3.758,mantos blancos,1.7472172458720128,0.0,294.685,0,0,0.0
2020-09-01,Mantos Blancos,3.919,mantos blancos,1.7382312851565107,0.0,304.47,0,0,0.0
2020-10-01,Mantos Blancos,4.129,mantos blancos,1.7292915393522748,0.0,304.033,0,0,0.0
2020-11-01,Mantos Blancos,3.894,mantos blancos,1.7203977707754232,0.0,320.392,0,0,0.0
2020-12-01,Mantos Blancos,4.729,mantos blancos,1.7115497429644857,0.0,351.772,0,0,0.0
2021-01-01,Mantos Blancos,3.705,mantos blancos,1.702747220674116,0.0,361.536,0,0,0.0
2021-02-01,Mantos Blancos,3.062,mantos blancos,1.6939899698688383,0.0,383.751,0,0,0.0
2021-03-01,Mantos Blancos,3.771,mantos blancos,1.6852777577168234,0.0,408.459,0,0,0.0
2021-04-01,Mantos Blancos,4.151,mantos blancos,1.6766103525837,0.0,423.454,0,0,0.0
2021-05-01,Mantos Blancos,4.055,mantos blancos,1.6679875240263948,0.0,461.937,0,0,0.0
2021-06-01,Mantos Blancos,3.444,mantos blancos,1.6594090427870063,0.0,436.013,0,0,0.0
2021-07-01,Mantos Blancos,4.27,mantos blancos,1.6508746807867098,0.0,427.901,0,0,0.0
2021-08-01,Mantos Blancos,4.258,mantos blancos,1.6423842111196922,0.0,424.435,0,0,0.0
2021-09-01,Mantos Blancos,4.057,mantos blancos,1.6339374080471205,0.0,422.933,0,0,0.0
2021-10-01,Mantos Blancos,3.53,mantos blancos,1.6255340469911383,0.0,443.545,0,0,0.0
2021-11-01,Mantos Blancos,3.568,mantos blancos,1.6171739045288978,0.0,442.955,0,0,0.0
2021-12-01,Mantos Blancos,3.833,mantos blancos,1.6088567583866165,0.0,433.195,0,0,0.0
2022-01-01,Mantos Blancos,3.453,mantos blancos,1.600582387433669,0.0,443.429,0,0,0.0
2022-02-01,Mantos Blancos,3.448,mantos blancos,1.592350571676708,0.0,450.932,0,0,0.0
2022-03-01,Mantos Blancos,3.564,mantos blancos,1.584161092253814,0.0,464.369,0,0,0.0
2022-04-01,Mantos Blancos,4.141,mantos blancos,1.576013731428678,0.0,461.899,0,0,0.0
2022-05-01,Mantos Blancos,3.965,mantos blancos,1.567908272584811,0.0,424.69,0,0,0.0
2022-06-01,Mantos Blancos,4.292,mantos blancos,1.559844500219786,0.0,409.736,0,0,0.0
2022-07-01,Mantos Blancos,4.136,mantos blancos,1.5518221999395072,0.0,341.545,0,0,0.0
2022-08-01,Mantos Blancos,5.277,mantos blancos,1.543841158452511,0.0,361.104,0,0,0.0
2022-09-01,Mantos Blancos,4.186,mantos blancos,1.535901163564293,0.0,350.84,0,0,0.0
2022-10-01,Mantos Blancos,4.532,mantos blancos,1.52800200417167,0.0,345.693,0,0,0.0
2022-11-01,Mantos Blancos,4.724,mantos blancos,1.520143470257164,0.0,364.233,0,0,0.0
2022-12-01,Mantos Blancos,4.949,mantos blancos,1.5123253528834195,0.0,379.531,0,0,0.0
2023-01-01,Mantos Blancos,4.134,mantos blancos,1.504547444187649,0.0,408.224,0,0,0.0
2023-02-01,Mantos Blancos,5.03,mantos blancos,1.4968095373761054,0.0,406.201,0,0,0.0
2023-03-01,Mantos Blancos,4.958,mantos blancos,1.4891114267185852,0.0,400.782,0,0,0.0
2023-04-01,Mantos Blancos,4.25,mantos blancos,1.4814529075429574,0.0,399.796,0,0,0.0
2023-05-01,Mantos Blancos,4.145,mantos blancos,1.473833776229723,0.0,373.501,0,0,0.0
2023-06-01,Mantos Blancos,3.847,mantos blancos,1.466253830206599,0.0,380.393,0,0,0.0
2023-07-01,Mantos Blancos,3.742,mantos blancos,1.458712867943137,0.0,383.071,0,0,0.0
2023-08-01,Mantos Blancos,4.164,mantos blancos,1.4512106889453602,0.0,378.83,0,0,0.0
2023-09-01,Mantos Blancos,4.255,mantos blancos,1.4437470937504355,0.0,375.16,0,0,0.0
2023-10-01,Mantos Blancos,4.045,mantos blancos,1.43632188392137,0.0,360.137,0,0,0.0
2023-11-01,Mantos Blancos,3.065,mantos blancos,1.4289348620417344,0.0,370.764,0,0,0.0
2023-12-01,Mantos Blancos,4.477,mantos blancos,1.4215858317104146,0.0,380.75,0,0,0.0
2024-01-01,Mantos Blancos,3.874,mantos blancos,1.4142745975363902,0.0,378.491,0,0,0.0
2024-02-01,Mantos Blancos,3.575,mantos blancos,1.4070009651335391,0.0,376.969,0,0,0.0
2024-03-01,Mantos Blancos,3.516,mantos blancos,1.3997647411154703,0.0,393.52,0,0,0.0
2024-04-01,Mantos Blancos,3.39,mantos blancos,1.3925657330903802,0.0,430.116,0,0,0.0
2024-05-01,Mantos Blancos,3.683,mantos blancos,1.3854037496559397,0.0,459.447,0,0,0.0
2024-06-01,Mantos Blancos,2.996,mantos blancos,1.3782786003942034,0.0,437.336,0,0,0.0
2024-07-01,Mantos Blancos,2.503,mantos blancos,1.371190095866549,0.0,426.085,0,0,0.0
2024-08-01,Mantos Blancos,3.641,mantos blancos,1.3641380476086389,0.0,406.587,0,0,0.0
2024-09-01,Mantos Blancos,3.829,mantos blancos,1.3571222681254098,0.0,419.777,0,0,0.0
2024-10-01,Mantos Blancos,4.463,mantos blancos,1.350142570886088,0.0,432.693,0,0,0.0
2024-11-01,Mantos Blancos,4.645,mantos blancos,1.3431987703192303,0.0,411.625,0,0,0.0
2024-12-01,Mantos Blancos,4.455,mantos blancos,1.33629068180779,0.0,404.583,0,0,0.0
2025-01-01,Mantos Blancos,4.736,mantos blancos,1.3294181216842071,0.0,407.216,0,0,0.0
2025-02-01,Mantos Blancos,3.966,mantos blancos,1.3225809072255272,0.0,423.168,0,0,0.0
2025-03-01,Mantos Blancos,5.143,mantos blancos,1.3157788566485422,0.0,441.394,0,0,0.0
2025-04-01,Mantos Blancos,5.369,mantos blancos,1.3090117891049575,0.0,416.948,0,0,0.0
2025-05-01,Mantos Blancos,5.077,mantos blancos,1.3022795246765833,0.0,432.263,0,0,0.0
2025-06-01,Mantos Blancos,5.349,mantos blancos,1.295581884370551,0.0,446.051,0,0,0.0
2025-07-01,Mantos Blancos,4.871,mantos blancos,1.2889186901145562,0.0,443.533,0,0,0.0
2025-08-01,Mantos Blancos,4.367,mantos blancos,1.2822897647521203,0.0,437.529,0,0,0.0
2025-09-01,Mantos Blancos,6.179,mantos blancos,1.2756949320378852,0.0,451.448,0,0,0.0
2025-10-01,Mantos Blancos,6.011,mantos blancos,1.2691340166329228,0.0,485.164,0,0,0.0
2025-11-01,Mantos Blancos,5.818,mantos blancos,1.2626068441000766,0.0,489.915,0,0,0.0
2025-12-01,Mantos Blancos,5.033,mantos blancos,1.2561132408993223,0.0,535.411,0,0,0.0
2026-01-01,Mantos Blancos,4.587,mantos blancos,1.2561132408993223,0.0,535.411,0,0,0.0
2026-02-01,Mantos Blancos,3.871,mantos blancos,1.2561132408993223,0.0,535.411,0,0,0.0
2026-03-01,Mantos Blancos,3.843,mantos blancos,1.2561132408993223,0.0,535.411,0,0,0.0
2014-01-01,Mantoverde,4.533,mantoverde,148.570981156668,0.0,330.891,0,0,0.0
2014-02-01,Mantoverde,4.202,mantoverde,147.80687869414274,0.0,324.416,0,0,0.0
2014-03-01,Mantoverde,4.405,mantoverde,147.04670602038706,0.0,302.448,0,0,0.0
2014-04-01,Mantoverde,4.251,mantoverde,146.29044292444692,0.0,302.584,0,0,0.0
2014-05-01,Mantoverde,4.115,mantoverde,145.53806929931343,0.0,312.247,0,0,0.0
2014-06-01,Mantoverde,3.818,mantoverde,144.78956514138832,0.0,308.719,0,0,0.0
2014-07-01,Mantoverde,4.636,mantoverde,144.0449105499521,0.0,322.255,0,0,0.0
2014-08-01,Mantoverde,4.201,mantoverde,143.30408572663492,0.0,317.54,0,0,0.0
2014-09-01,Mantoverde,4.201,mantoverde,142.5670709748902,0.0,311.719,0,0,0.0
2014-10-01,Mantoverde,4.655,mantoverde,141.8338466994709,0.0,305.685,0,0,0.0
2014-11-01,Mantoverde,4.388,mantoverde,141.10439340590872,0.0,303.958,0,0,0.0
2014-12-01,Mantoverde,4.392,mantoverde,140.37869169999553,0.0,291.34,0,0,0.0
2015-01-01,Mantoverde,4.323,mantoverde,139.65672228726794,0.0,263.802,0,0,0.0
2015-02-01,Mantoverde,3.749,mantoverde,138.9384659724942,0.0,258.642,0,0,0.0
2015-03-01,Mantoverde,3.246,mantoverde,138.22390365916385,0.0,268.792,0,0,0.0
2015-04-01,Mantoverde,3.615,mantoverde,137.5130163489801,0.0,273.447,0,0,0.0
2015-05-01,Mantoverde,4.376,mantoverde,136.80578514135462,0.0,285.791,0,0,0.0
2015-06-01,Mantoverde,4.47,mantoverde,136.10219123290503,0.0,264.608,0,0,0.0
2015-07-01,Mantoverde,4.332,mantoverde,135.402215916955,0.0,247.521,0,0,0.0
2015-08-01,Mantoverde,4.165,mantoverde,134.70584058303683,0.0,230.83,0,0,0.0
2015-09-01,Mantoverde,4.33,mantoverde,224.0130467163968,90.0,236.235,0,0,0.0
2015-10-01,Mantoverde,3.822,mantoverde,222.8609447426386,0.0,236.894,0,0,0.0
2015-11-01,Mantoverde,4.741,mantoverde,221.71476804411503,0.0,218.098,0,0,0.0
2015-12-01,Mantoverde,4.525,mantoverde,220.5744861470595,0.0,209.968,0,0,0.0
2016-01-01,Mantoverde,4.646,mantoverde,219.44006873443243,0.0,202.427,0,0,0.0
2016-02-01,Mantoverde,4.232,mantoverde,218.3114856451151,0.0,208.447,0,0,0.0
2016-03-01,Mantoverde,4.828,mantoverde,217.188706873108,0.0,224.417,0,0,0.0
2016-04-01,Mantoverde,4.556,mantoverde,216.07170256673257,0.0,220.043,0,0,0.0
2016-05-01,Mantoverde,4.636,mantoverde,214.960443027838,0.0,213.567,0,0,0.0
2016-06-01,Mantoverde,3.94,mantoverde,213.8548987110115,0.0,210.042,0,0,0.0
2016-07-01,Mantoverde,3.702,mantoverde,212.75504022279256,0.0,220.255,0,0,0.0
2016-08-01,Mantoverde,4.004,mantoverde,211.66083832089177,0.0,215.829,0,0,0.0
2016-09-01,Mantoverde,3.805,mantoverde,210.572263913413,0.0,213.514,0,0,0.0
2016-10-01,Mantoverde,4.14,mantoverde,209.48928805808032,0.0,214.646,0,0,0.0
2016-11-01,Mantoverde,3.551,mantoverde,208.41188196146817,0.0,246.902,0,0,150.0
2016-12-01,Mantoverde,3.699,mantoverde,207.340016978236,0.0,257.017,0,0,0.0
2017-01-01,Mantoverde,3.065,mantoverde,206.27366461036652,0.0,260.245,0,0,0.0
2017-02-01,Mantoverde,2.824,mantoverde,1037.2127965064085,832.0,269.504,0,0,0.0
2017-03-01,Mantoverde,3.255,mantoverde,1031.878397784645,0.0,264.06,0,0,0.0
2017-04-01,Mantoverde,3.65,mantoverde,1026.5714339439576,0.0,258.442,0,0,0.0
2017-05-01,Mantoverde,3.602,mantoverde,1021.2917638864008,0.0,253.626,0,0,0.0
2017-06-01,Mantoverde,3.519,mantoverde,1016.039247239698,0.0,258.524,0,0,0.0
2017-07-01,Mantoverde,3.908,mantoverde,1010.8137443535086,0.0,271.185,0,0,0.0
2017-08-01,Mantoverde,4.007,mantoverde,1005.6151162957154,0.0,293.845,0,0,0.0
2017-09-01,Mantoverde,4.06,mantoverde,1000.4432248487316,0.0,298.609,0,0,150.0
2017-10-01,Mantoverde,3.479,mantoverde,995.297932505824,0.0,308.324,0,0,0.0
2017-11-01,Mantoverde,3.44,mantoverde,990.1791024674598,0.0,309.603,0,0,0.0
2017-12-01,Mantoverde,3.304,mantoverde,985.0865986376668,0.0,308.495,0,0,0.0
2018-01-01,Mantoverde,2.861,mantoverde,980.0202856204164,0.0,321.157,0,0,0.0
2018-02-01,Mantoverde,2.8,mantoverde,974.980028716024,0.0,317.596,0,0,0.0
2018-03-01,Mantoverde,3.152,mantoverde,969.9656939175662,0.0,308.251,0,0,0.0
2018-04-01,Mantoverde,3.254,mantoverde,964.9771479073202,0.0,310.191,0,0,0.0
2018-05-01,Mantoverde,3.962,mantoverde,960.0142580532168,0.0,309.43,0,0,0.0
2018-06-01,Mantoverde,3.327,mantoverde,955.076892405316,0.0,315.464,0,0,0.0
2018-07-01,Mantoverde,3.601,mantoverde,950.164919692298,0.0,283.413,0,0,0.0
2018-08-01,Mantoverde,3.555,mantoverde,945.2782093179724,0.0,273.959,0,0,0.0
2018-09-01,Mantoverde,3.822,mantoverde,940.4166313578075,0.0,273.064,0,0,0.0
2018-10-01,Mantoverde,4.147,mantoverde,935.5800565554746,0.0,281.948,0,0,0.0
2018-11-01,Mantoverde,3.727,mantoverde,930.7683563194122,0.0,280.91,0,0,80.0
2018-12-01,Mantoverde,3.564,mantoverde,925.9814027194068,0.0,276.429,0,0,0.0
2019-01-01,Mantoverde,3.566,mantoverde,921.2190684831912,0.0,269.072,0,0,0.0
2019-02-01,Mantoverde,3.292,mantoverde,916.4812269930624,0.0,284.774,0,0,0.0
2019-03-01,Mantoverde,3.722,mantoverde,911.767752282512,0.0,292.614,0,0,0.0
2019-04-01,Mantoverde,3.765,mantoverde,907.0785190328808,0.0,292.345,0,0,0.0
2019-05-01,Mantoverde,3.231,mantoverde,902.4134025700235,0.0,273.44,0,0,0.0
2019-06-01,Mantoverde,3.539,mantoverde,897.7722788609971,0.0,266.187,0,0,0.0
2019-07-01,Mantoverde,3.52,mantoverde,893.15502451076,0.0,269.427,0,0,0.0
2019-08-01,Mantoverde,3.66,mantoverde,888.561516758894,0.0,258.91,0,0,0.0
2019-09-01,Mantoverde,3.612,mantoverde,883.991633476339,0.0,260.611,0,0,0.0
2019-10-01,Mantoverde,3.915,mantoverde,879.4452531621461,0.0,260.493,0,0,0.0
2019-11-01,Mantoverde,3.513,mantoverde,874.9222549402474,0.0,265.791,0,0,0.0
2019-12-01,Mantoverde,3.603,mantoverde,870.4225185562423,0.0,274.987,0,0,832.0
2020-01-01,Mantoverde,3.299,mantoverde,865.9459243741999,0.0,274.387,0,0,0.0
2020-02-01,Mantoverde,2.796,mantoverde,861.4923533734786,0.0,257.933,0,0,0.0
2020-03-01,Mantoverde,2.522,mantoverde,857.0616871455615,0.0,234.901,0,0,0.0
2020-04-01,Mantoverde,3.235,mantoverde,852.653807890908,0.0,228.985,0,0,0.0
2020-05-01,Mantoverde,2.956,mantoverde,848.2685984158223,0.0,237.402,0,0,0.0
2020-06-01,Mantoverde,2.96,mantoverde,843.9059421293373,0.0,260.47,0,0,0.0
2020-07-01,Mantoverde,3.159,mantoverde,839.5657230401144,0.0,288.202,0,0,0.0
2020-08-01,Mantoverde,3.196,mantoverde,835.2478257533604,0.0,294.685,0,0,0.0
2020-09-01,Mantoverde,3.182,mantoverde,830.9521354677587,0.0,304.47,0,0,0.0
2020-10-01,Mantoverde,3.062,mantoverde,906.6785379724172,80.0,304.033,0,0,0.0
2020-11-01,Mantoverde,3.003,mantoverde,902.0154786172868,0.0,320.392,0,0,0.0
2020-12-01,Mantoverde,3.271,mantoverde,897.376401436255,0.0,351.772,0,0,0.0
2021-01-01,Mantoverde,3.144,mantoverde,892.7611830886933,0.0,361.536,0,0,0.0
2021-02-01,Mantoverde,2.751,mantoverde,888.1697008683147,0.0,383.751,0,0,0.0
2021-03-01,Mantoverde,3.591,mantoverde,883.6018326999126,0.0,408.459,0,0,0.0
2021-04-01,Mantoverde,3.681,mantoverde,879.0574571361147,0.0,423.454,0,0,0.0
2021-05-01,Mantoverde,3.77,mantoverde,874.5364533541541,0.0,461.937,0,0,0.0
2021-06-01,Mantoverde,4.21,mantoverde,870.0387011526568,0.0,436.013,0,0,0.0
2021-07-01,Mantoverde,4.3,mantoverde,865.5640809484461,0.0,427.901,0,0,0.0
2021-08-01,Mantoverde,4.23,mantoverde,861.1124737733631,0.0,424.435,0,0,0.0
2021-09-01,Mantoverde,4.846,mantoverde,856.6837612711039,0.0,422.933,0,0,0.0
2021-10-01,Mantoverde,4.92,mantoverde,852.2778256940722,0.0,443.545,0,0,0.0
2021-11-01,Mantoverde,4.561,mantoverde,847.8945499002494,0.0,442.955,0,0,0.0
2021-12-01,Mantoverde,5.01,mantoverde,843.5338173500797,0.0,433.195,0,0,0.0
2022-01-01,Mantoverde,4.106,mantoverde,839.1955121033717,0.0,443.429,0,0,0.0
2022-02-01,Mantoverde,4.004,mantoverde,834.8795188162159,0.0,450.932,0,0,0.0
2022-03-01,Mantoverde,4.162,mantoverde,830.5857227379179,0.0,464.369,0,0,0.0
2022-04-01,Mantoverde,4.271,mantoverde,826.3140097079478,0.0,461.899,0,0,0.0
2022-05-01,Mantoverde,4.291,mantoverde,822.0642661529047,0.0,424.69,0,0,0.0
2022-06-01,Mantoverde,4.486,mantoverde,817.8363790834971,0.0,409.736,0,0,0.0
2022-07-01,Mantoverde,4.103,mantoverde,813.6302360915391,0.0,341.545,0,0,0.0
2022-08-01,Mantoverde,3.808,mantoverde,809.4457253469612,0.0,361.104,0,0,0.0
2022-09-01,Mantoverde,3.67,mantoverde,805.2827355948376,0.0,350.84,0,0,0.0
2022-10-01,Mantoverde,3.311,mantoverde,801.1411561524279,0.0,345.693,0,0,0.0
2022-11-01,Mantoverde,3.629,mantoverde,797.0208769062345,0.0,364.233,0,0,0.0
2022-12-01,Mantoverde,3.523,mantoverde,792.921788309075,0.0,379.531,0,0,0.0
2023-01-01,Mantoverde,3.34,mantoverde,788.8437813771695,0.0,408.224,0,0,0.0
2023-02-01,Mantoverde,2.622,mantoverde,784.7867476872431,0.0,406.201,0,0,0.0
2023-03-01,Mantoverde,2.57,mantoverde,780.750579373643,0.0,400.782,0,0,0.0
2023-04-01,Mantoverde,2.846,mantoverde,776.7351691254711,0.0,399.796,0,0,0.0
2023-05-01,Mantoverde,2.411,mantoverde,772.7404101837307,0.0,373.501,0,0,0.0
2023-06-01,Mantoverde,3.032,mantoverde,768.7661963384876,0.0,380.393,0,0,0.0
2023-07-01,Mantoverde,3.03,mantoverde,764.812421926047,0.0,383.071,0,0,0.0
2023-08-01,Mantoverde,2.849,mantoverde,760.8789818261438,0.0,378.83,0,0,0.0
2023-09-01,Mantoverde,2.681,mantoverde,756.9657714591475,0.0,375.16,0,0,0.0
2023-10-01,Mantoverde,3.007,mantoverde,753.0726867832824,0.0,360.137,0,0,0.0
2023-11-01,Mantoverde,3.201,mantoverde,749.1996242918606,0.0,370.764,0,0,0.0
2023-12-01,Mantoverde,3.811,mantoverde,745.3464810105306,0.0,380.75,0,0,0.0
2024-01-01,Mantoverde,3.394,mantoverde,741.5131544945394,0.0,378.491,0,0,0.0
2024-02-01,Mantoverde,2.782,mantoverde,737.6995428260085,0.0,376.969,0,0,0.0
2024-03-01,Mantoverde,3.3,mantoverde,883.9055446112244,150.0,393.52,0,0,0.0
2024-04-01,Mantoverde,2.62,mantoverde,1029.3596070531694,150.0,430.116,0,0,0.0
2024-05-01,Mantoverde,3.012,mantoverde,1024.0655973855346,0.0,459.447,0,0,0.0
2024-06-01,Mantoverde,3.088,mantoverde,1018.7988148775524,0.0,437.336,0,0,0.0
2024-07-01,Mantoverde,5.144,mantoverde,1163.559119499591,150.0,426.085,0,0,0.0
2024-08-01,Mantoverde,5.215,mantoverde,1157.5749200174198,0.0,406.587,0,0,0.0
2024-09-01,Mantoverde,7.121727491749543,mantoverde,1151.621497349974,0.0,419.777,0,0,0.0
2024-10-01,Mantoverde,6.30192595419825,mantoverde,1145.6986932116995,0.0,432.693,0,0,0.0
2024-11-01,Mantoverde,7.739573671225882,mantoverde,1139.8063501311092,0.0,411.625,0,0,0.0
2024-12-01,Mantoverde,7.98761024473751,mantoverde,1133.9443114465917,0.0,404.583,0,0,0.0
2025-01-01,Mantoverde,8.905,mantoverde,1128.1124213022492,0.0,407.216,0,0,0.0
2025-02-01,Mantoverde,6.155,mantoverde,1122.3105246437528,0.0,423.168,0,0,0.0
2025-03-01,Mantoverde,7.48,mantoverde,1116.5384672142202,0.0,441.394,0,0,0.0
2025-04-01,Mantoverde,7.329,mantoverde,1110.7960955501137,0.0,416.948,0,0,0.0
2025-05-01,Mantoverde,8.056,mantoverde,1105.0832569771603,0.0,432.263,0,0,0.0
2025-06-01,Mantoverde,9.601,mantoverde,1099.399799606294,0.0,446.051,0,0,0.0
2025-07-01,Mantoverde,7.76,mantoverde,1093.7455723296152,0.0,443.533,0,0,0.0
2025-08-01,Mantoverde,8.808,mantoverde,1088.1204248163745,0.0,437.529,0,0,0.0
2025-09-01,Mantoverde,7.201608166697615,mantoverde,1082.5242075089752,0.0,451.448,0,0,0.0
2025-10-01,Mantoverde,5.935392883080209,mantoverde,1076.9567716189977,0.0,485.164,0,0,0.0
2025-11-01,Mantoverde,7.136656605034246,mantoverde,1071.4179691232423,0.0,489.915,0,0,0.0
2025-12-01,Mantoverde,10.747262013042231,mantoverde,1065.907652759796,0.0,535.411,0,0,0.0
2026-01-01,Mantoverde,4.669,mantoverde,1065.907652759796,0.0,535.411,0,0,0.0
2026-02-01,Mantoverde,6.458,mantoverde,1065.907652759796,0.0,535.411,0,0,0.0
2026-03-01,Mantoverde,7.892,mantoverde,1065.907652759796,0.0,535.411,0,0,0.0
2014-01-01,Michilla,3.6,michilla,0.0,0.0,330.891,0,0,0.0
2014-02-01,Michilla,3.1,michilla,0.0,0.0,324.416,0,0,0.0
2014-03-01,Michilla,4.1,michilla,0.0,0.0,302.448,0,0,0.0
2014-04-01,Michilla,4.1,michilla,0.0,0.0,302.584,0,0,0.0
2014-05-01,Michilla,4.1,michilla,0.0,0.0,312.247,0,0,0.0
2014-06-01,Michilla,4.2,michilla,0.0,0.0,308.719,0,0,0.0
2014-07-01,Michilla,3.4,michilla,0.0,0.0,322.255,0,0,0.0
2014-08-01,Michilla,3.8,michilla,0.0,0.0,317.54,0,0,0.0
2014-09-01,Michilla,3.7,michilla,0.0,0.0,311.719,0,0,0.0
2014-10-01,Michilla,4.0,michilla,0.0,0.0,305.685,0,0,0.0
2014-11-01,Michilla,4.2,michilla,0.0,0.0,303.958,0,0,0.0
2014-12-01,Michilla,4.7,michilla,0.0,0.0,291.34,0,0,0.0
2015-01-01,Michilla,2.4,michilla,0.0,0.0,263.802,0,0,0.0
2015-02-01,Michilla,2.4,michilla,0.0,0.0,258.642,0,0,0.0
2015-03-01,Michilla,2.5,michilla,0.0,0.0,268.792,0,0,0.0
2015-04-01,Michilla,2.8,michilla,0.0,0.0,273.447,0,0,0.0
2015-05-01,Michilla,2.8,michilla,0.0,0.0,285.791,0,0,0.0
2015-06-01,Michilla,2.7,michilla,0.0,0.0,264.608,0,0,0.0
2015-07-01,Michilla,2.6,michilla,0.0,0.0,247.521,0,0,0.0
2015-08-01,Michilla,2.7,michilla,0.0,0.0,230.83,0,0,0.0
2015-09-01,Michilla,2.7,michilla,0.0,0.0,236.235,0,0,0.0
2015-10-01,Michilla,2.8,michilla,0.0,0.0,236.894,0,0,0.0
2015-11-01,Michilla,2.3,michilla,0.0,0.0,218.098,0,0,0.0
2015-12-01,Michilla,0.7,michilla,0.0,0.0,209.968,0,0,0.0
2016-01-01,Michilla,0.0,michilla,0.0,0.0,202.427,0,0,0.0
2016-02-01,Michilla,0.0,michilla,0.0,0.0,208.447,0,0,0.0
2016-03-01,Michilla,0.0,michilla,0.0,0.0,224.417,0,0,0.0
2016-04-01,Michilla,0.0,michilla,0.0,0.0,220.043,0,0,0.0
2016-05-01,Michilla,0.0,michilla,0.0,0.0,213.567,0,0,0.0
2016-06-01,Michilla,0.0,michilla,0.0,0.0,210.042,0,0,0.0
2016-07-01,Michilla,0.0,michilla,0.0,0.0,220.255,0,0,0.0
2016-08-01,Michilla,0.0,michilla,0.0,0.0,215.829,0,0,0.0
2016-09-01,Michilla,0.0,michilla,0.0,0.0,213.514,0,0,0.0
2016-10-01,Michilla,0.0,michilla,0.0,0.0,214.646,0,0,0.0
2016-11-01,Michilla,0.0,michilla,0.0,0.0,246.902,0,0,0.0
2016-12-01,Michilla,0.0,michilla,0.0,0.0,257.017,0,0,0.0
2017-01-01,Michilla,0.0,michilla,0.0,0.0,260.245,0,0,0.0
2017-02-01,Michilla,0.0,michilla,0.0,0.0,269.504,0,0,0.0
2017-03-01,Michilla,0.0,michilla,0.0,0.0,264.06,0,0,0.0
2017-04-01,Michilla,0.0,michilla,0.0,0.0,258.442,0,0,0.0
2017-05-01,Michilla,0.0,michilla,0.0,0.0,253.626,0,0,0.0
2017-06-01,Michilla,0.0,michilla,0.0,0.0,258.524,0,0,0.0
2017-07-01,Michilla,0.0,michilla,0.0,0.0,271.185,0,0,0.0
2017-08-01,Michilla,0.0,michilla,0.0,0.0,293.845,0,0,0.0
2017-09-01,Michilla,0.0,michilla,0.0,0.0,298.609,0,0,0.0
2017-10-01,Michilla,0.0,michilla,0.0,0.0,308.324,0,0,0.0
2017-11-01,Michilla,0.0,michilla,0.0,0.0,309.603,0,0,0.0
2017-12-01,Michilla,0.0,michilla,0.0,0.0,308.495,0,0,0.0
2018-01-01,Michilla,0.0,michilla,0.0,0.0,321.157,0,0,0.0
2018-02-01,Michilla,0.0,michilla,0.0,0.0,317.596,0,0,0.0
2018-03-01,Michilla,0.0,michilla,0.0,0.0,308.251,0,0,0.0
2018-04-01,Michilla,0.0,michilla,0.0,0.0,310.191,0,0,0.0
2018-05-01,Michilla,0.0,michilla,0.0,0.0,309.43,0,0,0.0
2018-06-01,Michilla,0.0,michilla,0.0,0.0,315.464,0,0,0.0
2018-07-01,Michilla,0.0,michilla,0.0,0.0,283.413,0,0,0.0
2018-08-01,Michilla,0.0,michilla,0.0,0.0,273.959,0,0,0.0
2018-09-01,Michilla,0.0,michilla,0.0,0.0,273.064,0,0,0.0
2018-10-01,Michilla,0.0,michilla,0.0,0.0,281.948,0,0,0.0
2018-11-01,Michilla,0.0,michilla,0.0,0.0,280.91,0,0,0.0
2018-12-01,Michilla,0.0,michilla,0.0,0.0,276.429,0,0,0.0
2019-01-01,Michilla,0.0,michilla,0.0,0.0,269.072,0,0,0.0
2019-02-01,Michilla,0.200273,michilla,0.0,0.0,284.774,0,0,0.0
2019-03-01,Michilla,0.87058,michilla,0.0,0.0,292.614,0,0,0.0
2019-04-01,Michilla,1.001169,michilla,0.0,0.0,292.345,0,0,0.0
2019-05-01,Michilla,0.70012,michilla,0.0,0.0,273.44,0,0,0.0
2019-06-01,Michilla,1.04413,michilla,0.0,0.0,266.187,0,0,0.0
2019-07-01,Michilla,1.146347,michilla,0.0,0.0,269.427,0,0,0.0
2019-08-01,Michilla,1.204516,michilla,0.0,0.0,258.91,0,0,0.0
2019-09-01,Michilla,1.4013,michilla,0.0,0.0,260.611,0,0,0.0
2019-10-01,Michilla,1.600703,michilla,0.0,0.0,260.493,0,0,0.0
2019-11-01,Michilla,1.667654,michilla,0.0,0.0,265.791,0,0,0.0
2019-12-01,Michilla,1.7201099999999998,michilla,0.0,0.0,274.987,0,0,0.0
2020-01-01,Michilla,1.610147,michilla,0.0,0.0,274.387,0,0,0.0
2020-02-01,Michilla,1.605029,michilla,0.0,0.0,257.933,0,0,0.0
2020-03-01,Michilla,1.6000029999999998,michilla,0.0,0.0,234.901,0,0,0.0
2020-04-01,Michilla,1.469887,michilla,0.0,0.0,228.985,0,0,0.0
2020-05-01,Michilla,1.455546,michilla,0.0,0.0,237.402,0,0,0.0
2020-06-01,Michilla,1.358702,michilla,0.0,0.0,260.47,0,0,0.0
2020-07-01,Michilla,1.25225,michilla,0.0,0.0,288.202,0,0,0.0
2020-08-01,Michilla,1.7100909999999998,michilla,0.0,0.0,294.685,0,0,0.0
2020-09-01,Michilla,1.668296,michilla,0.0,0.0,304.47,0,0,0.0
2020-10-01,Michilla,1.833024,michilla,0.0,0.0,304.033,0,0,0.0
2020-11-01,Michilla,1.902203,michilla,0.0,0.0,320.392,0,0,0.0
2020-12-01,Michilla,1.972032,michilla,0.0,0.0,351.772,0,0,0.0
2021-01-01,Michilla,1.7197159999999998,michilla,0.0,0.0,361.536,0,0,0.0
2021-02-01,Michilla,1.744179,michilla,0.0,0.0,383.751,0,0,0.0
2021-03-01,Michilla,1.861881,michilla,0.0,0.0,408.459,0,0,0.0
2021-04-01,Michilla,2.055603,michilla,0.0,0.0,423.454,0,0,0.0
2021-05-01,Michilla,2.102095,michilla,0.0,0.0,461.937,0,0,0.0
2021-06-01,Michilla,2.054167,michilla,0.0,0.0,436.013,0,0,0.0
2021-07-01,Michilla,1.950138,michilla,0.0,0.0,427.901,0,0,0.0
2021-08-01,Michilla,1.855081,michilla,0.0,0.0,424.435,0,0,0.0
2021-09-01,Michilla,1.1258979999999998,michilla,0.0,0.0,422.933,0,0,0.0
2021-10-01,Michilla,1.425153,michilla,0.0,0.0,443.545,0,0,0.0
2021-11-01,Michilla,1.61136,michilla,0.0,0.0,442.955,0,0,0.0
2021-12-01,Michilla,1.722932,michilla,0.0,0.0,433.195,0,0,0.0
2022-01-01,Michilla,1.302273,michilla,0.0,0.0,443.429,0,0,0.0
2022-02-01,Michilla,1.2173900000000002,michilla,0.0,0.0,450.932,0,0,0.0
2022-03-01,Michilla,1.500339,michilla,0.0,0.0,464.369,0,0,0.0
2022-04-01,Michilla,1.1532829999999998,michilla,0.0,0.0,461.899,0,0,0.0
2022-05-01,Michilla,1.371269,michilla,0.0,0.0,424.69,0,0,0.0
2022-06-01,Michilla,1.501502,michilla,0.0,0.0,409.736,0,0,0.0
2022-07-01,Michilla,1.369552,michilla,0.0,0.0,341.545,0,0,0.0
2022-08-01,Michilla,1.2520440000000002,michilla,0.0,0.0,361.104,0,0,0.0
2022-09-01,Michilla,1.28144,michilla,0.0,0.0,350.84,0,0,0.0
2022-10-01,Michilla,1.306167,michilla,0.0,0.0,345.693,0,0,0.0
2022-11-01,Michilla,1.3531099999999998,michilla,0.0,0.0,364.233,0,0,0.0
2022-12-01,Michilla,1.40057,michilla,0.0,0.0,379.531,0,0,0.0
2023-01-01,Michilla,1.3,michilla,0.0,0.0,408.224,0,0,0.0
2023-02-01,Michilla,1.221,michilla,0.0,0.0,406.201,0,0,0.0
2023-03-01,Michilla,1.511,michilla,0.0,0.0,400.782,0,0,0.0
2023-04-01,Michilla,1.606,michilla,0.0,0.0,399.796,0,0,0.0
2023-05-01,Michilla,1.763,michilla,0.0,0.0,373.501,0,0,0.0
2023-06-01,Michilla,1.702,michilla,0.0,0.0,380.393,0,0,0.0
2023-07-01,Michilla,1.911,michilla,0.0,0.0,383.071,0,0,0.0
2023-08-01,Michilla,1.701,michilla,0.0,0.0,378.83,0,0,0.0
2023-09-01,Michilla,1.535,michilla,0.0,0.0,375.16,0,0,0.0
2023-10-01,Michilla,1.601,michilla,0.0,0.0,360.137,0,0,0.0
2023-11-01,Michilla,1.566,michilla,0.0,0.0,370.764,0,0,0.0
2023-12-01,Michilla,1.651,michilla,0.0,0.0,380.75,0,0,0.0
2024-01-01,Michilla,1.753,michilla,0.0,0.0,378.491,0,0,0.0
2024-02-01,Michilla,1.754,michilla,0.0,0.0,376.969,0,0,0.0
2024-03-01,Michilla,1.902,michilla,0.0,0.0,393.52,0,0,0.0
2024-04-01,Michilla,1.702,michilla,0.0,0.0,430.116,0,0,0.0
2024-05-01,Michilla,1.811,michilla,0.0,0.0,459.447,0,0,0.0
2024-06-01,Michilla,1.603,michilla,0.0,0.0,437.336,0,0,0.0
2024-07-01,Michilla,1.503,michilla,0.0,0.0,426.085,0,0,0.0
2024-08-01,Michilla,1.502,michilla,0.0,0.0,406.587,0,0,0.0
2024-09-01,Michilla,1.553,michilla,0.0,0.0,419.777,0,0,0.0
2024-10-01,Michilla,1.546,michilla,0.0,0.0,432.693,0,0,0.0
2024-11-01,Michilla,1.516,michilla,0.0,0.0,411.625,0,0,0.0
2024-12-01,Michilla,1.768,michilla,0.0,0.0,404.583,0,0,0.0
2025-01-01,Michilla,1.472,michilla,0.0,0.0,407.216,0,0,0.0
2025-02-01,Michilla,1.4,michilla,0.0,0.0,423.168,0,0,0.0
2025-03-01,Michilla,1.561,michilla,0.0,0.0,441.394,0,0,0.0
2025-04-01,Michilla,1.601,michilla,0.0,0.0,416.948,0,0,0.0
2025-05-01,Michilla,1.426,michilla,0.0,0.0,432.263,0,0,0.0
2025-06-01,Michilla,1.361,michilla,0.0,0.0,446.051,0,0,0.0
2025-07-01,Michilla,1.357,michilla,0.0,0.0,443.533,0,0,0.0
2025-08-01,Michilla,1.1,michilla,0.0,0.0,437.529,0,0,0.0
2025-09-01,Michilla,1.402,michilla,0.0,0.0,451.448,0,0,0.0
2025-10-01,Michilla,1.556,michilla,0.0,0.0,485.164,0,0,0.0
2025-11-01,Michilla,1.187,michilla,0.0,0.0,489.915,0,0,0.0
2025-12-01,Michilla,1.456,michilla,0.0,0.0,535.411,0,0,0.0
2026-01-01,Michilla,0.979,michilla,0.0,0.0,535.411,0,0,0.0
2026-02-01,Michilla,1.039,michilla,0.0,0.0,535.411,0,0,0.0
2026-03-01,Michilla,1.15,michilla,0.0,0.0,535.411,0,0,0.0
2014-01-01,Ministro Hales,8.5,ministro hales,1924.225428892698,0.0,330.891,0,0,0.0
2014-02-01,Ministro Hales,7.3,ministro hales,1914.3291128205828,0.0,324.416,0,0,0.0
2014-03-01,Ministro Hales,13.7,ministro hales,1904.4836936290144,0.0,302.448,0,0,0.0
2014-04-01,Ministro Hales,16.2,ministro hales,1894.6889095546828,0.0,302.584,0,0,0.0
2014-05-01,Ministro Hales,15.6,ministro hales,1884.9445001805304,0.0,312.247,0,0,0.0
2014-06-01,Ministro Hales,4.5,ministro hales,1875.250206428828,0.0,308.719,0,0,0.0
2014-07-01,Ministro Hales,14.2,ministro hales,1865.6057705542855,0.0,322.255,0,0,0.0
2014-08-01,Ministro Hales,19.2,ministro hales,1856.0109361372024,0.0,317.54,0,0,0.0
2014-09-01,Ministro Hales,10.1,ministro hales,1846.4654480766449,0.0,311.719,0,0,0.0
2014-10-01,Ministro Hales,16.5,ministro hales,1836.969052583669,0.0,305.685,0,0,0.0
2014-11-01,Ministro Hales,1.5,ministro hales,1827.5214971745695,0.0,303.958,0,0,0.0
2014-12-01,Ministro Hales,13.9,ministro hales,1818.1225306641684,0.0,291.34,0,0,0.0
2015-01-01,Ministro Hales,21.3,ministro hales,1808.771903159136,0.0,263.802,0,0,0.0
2015-02-01,Ministro Hales,13.2,ministro hales,1799.4693660513478,0.0,258.642,0,0,0.0
2015-03-01,Ministro Hales,16.7,ministro hales,1790.2146720112737,0.0,268.792,0,0,62.816
2015-04-01,Ministro Hales,19.0,ministro hales,1781.0075749814018,0.0,273.447,0,0,0.0
2015-05-01,Ministro Hales,19.6,ministro hales,1771.847830169699,0.0,285.791,0,0,0.0
2015-06-01,Ministro Hales,17.8,ministro hales,1762.7351940430983,0.0,264.608,0,0,0.0
2015-07-01,Ministro Hales,21.8,ministro hales,1753.6694243210288,0.0,247.521,0,0,0.0
2015-08-01,Ministro Hales,19.5,ministro hales,1744.6502799689702,0.0,230.83,0,0,0.0
2015-09-01,Ministro Hales,23.5,ministro hales,1735.6775211920462,0.0,236.235,0,0,0.0
2015-10-01,Ministro Hales,22.4,ministro hales,1726.7509094286488,0.0,236.894,0,0,0.0
2015-11-01,Ministro Hales,22.2,ministro hales,1717.8702073440954,0.0,218.098,0,0,0.0
2015-12-01,Ministro Hales,21.3,ministro hales,1709.0351788243183,0.0,209.968,0,0,0.0
2016-01-01,Ministro Hales,18.6,ministro hales,1700.245588969588,0.0,202.427,0,0,0.0
2016-02-01,Ministro Hales,21.5,ministro hales,1691.501204088267,0.0,208.447,0,0,0.0
2016-03-01,Ministro Hales,22.9,ministro hales,1682.8017916905972,0.0,224.417,0,0,0.0
2016-04-01,Ministro Hales,19.2,ministro hales,1674.1471204825175,0.0,220.043,0,0,0.0
2016-05-01,Ministro Hales,18.5,ministro hales,1665.5369603595168,0.0,213.567,0,0,0.0
2016-06-01,Ministro Hales,23.5,ministro hales,1656.9710824005124,0.0,210.042,0,0,0.0
2016-07-01,Ministro Hales,18.2,ministro hales,1742.364258861767,93.915,220.255,0,0,0.0
2016-08-01,Ministro Hales,17.0,ministro hales,1733.4032571207313,0.0,215.829,0,0,0.0
2016-09-01,Ministro Hales,24.2,ministro hales,1724.4883419266357,0.0,213.514,0,0,0.0
2016-10-01,Ministro Hales,17.9,ministro hales,1715.619276255778,0.0,214.646,0,0,0.0
2016-11-01,Ministro Hales,17.8,ministro hales,1706.7958243034718,0.0,246.902,0,0,0.0
2016-12-01,Ministro Hales,17.7,ministro hales,1698.0177514777772,0.0,257.017,0,0,0.0
2017-01-01,Ministro Hales,23.8,ministro hales,1689.2848243932638,0.0,260.245,0,0,0.0
2017-02-01,Ministro Hales,18.4,ministro hales,1680.596810864805,0.0,269.504,0,0,0.0
2017-03-01,Ministro Hales,19.8,ministro hales,1671.9534799014068,0.0,264.06,0,0,0.0
2017-04-01,Ministro Hales,15.5,ministro hales,1663.3546017000629,0.0,258.442,0,0,0.0
2017-05-01,Ministro Hales,19.7,ministro hales,1654.7999476396476,0.0,253.626,0,0,0.0
2017-06-01,Ministro Hales,15.6,ministro hales,1646.289290274837,0.0,258.524,0,0,0.0
2017-07-01,Ministro Hales,16.7,ministro hales,1637.8224033300608,0.0,271.185,0,0,0.0
2017-08-01,Ministro Hales,17.5,ministro hales,1629.399061693487,0.0,293.845,0,0,52.0
2017-09-01,Ministro Hales,16.1,ministro hales,1621.0190414110373,0.0,298.609,0,0,0.0
2017-10-01,Ministro Hales,17.6,ministro hales,1612.682119680431,0.0,308.324,0,0,0.0
2017-11-01,Ministro Hales,16.8,ministro hales,1604.3880748452632,0.0,309.603,0,0,0.0
2017-12-01,Ministro Hales,17.6,ministro hales,1596.1366863891103,0.0,308.495,0,0,0.0
2018-01-01,Ministro Hales,16.7,ministro hales,1587.9277349296678,0.0,321.157,0,0,0.0
2018-02-01,Ministro Hales,16.3,ministro hales,1579.761002212917,0.0,317.596,0,0,0.0
2018-03-01,Ministro Hales,14.9,ministro hales,1571.6362711073225,0.0,308.251,0,0,0.0
2018-04-01,Ministro Hales,16.3,ministro hales,1563.5533255980592,0.0,310.191,0,0,0.0
2018-05-01,Ministro Hales,15.4,ministro hales,1555.511950781269,0.0,309.43,0,0,0.0
2018-06-01,Ministro Hales,17.4,ministro hales,1547.5119328583469,0.0,315.464,0,0,0.0
2018-07-01,Ministro Hales,15.6,ministro hales,1539.5530591302572,0.0,283.413,0,0,0.0
2018-08-01,Ministro Hales,14.0,ministro hales,1531.635117991878,0.0,273.959,0,0,0.0
2018-09-01,Ministro Hales,15.6,ministro hales,1523.7578989263752,0.0,273.064,0,0,0.0
2018-10-01,Ministro Hales,16.7,ministro hales,1875.9211924996052,360.0,281.948,0,0,0.0
2018-11-01,Ministro Hales,15.7,ministro hales,1866.273305735091,0.0,280.91,0,0,0.0
2018-12-01,Ministro Hales,20.9,ministro hales,1856.6750381760069,0.0,276.429,0,0,0.0
2019-01-01,Ministro Hales,6.951,ministro hales,1847.1261346301424,0.0,269.072,0,0,0.0
2019-02-01,Ministro Hales,10.645,ministro hales,1837.626341217744,0.0,284.774,0,0,0.0
2019-03-01,Ministro Hales,14.875,ministro hales,1828.1754053647653,0.0,292.614,0,0,0.0
2019-04-01,Ministro Hales,12.258,ministro hales,1818.7730757961513,0.0,292.345,0,0,0.0
2019-05-01,Ministro Hales,13.889,ministro hales,1809.4191025291575,0.0,273.44,0,0,0.0
2019-06-01,Ministro Hales,13.634,ministro hales,1800.1132368667045,0.0,266.187,0,0,0.0
2019-07-01,Ministro Hales,13.609,ministro hales,1842.8552313907649,52.0,269.427,0,0,0.0
2019-08-01,Ministro Hales,12.347,ministro hales,1833.37740328853,0.0,258.91,0,0,0.0
2019-09-01,Ministro Hales,12.38,ministro hales,1823.9483197778427,0.0,260.611,0,0,0.0
2019-10-01,Ministro Hales,15.143,ministro hales,1814.5677301646433,0.0,260.493,0,0,0.0
2019-11-01,Ministro Hales,13.055,ministro hales,1805.2353850441948,0.0,265.791,0,0,0.0
2019-12-01,Ministro Hales,13.053,ministro hales,1858.7670362944516,62.816,274.987,0,0,0.0
2020-01-01,Ministro Hales,14.335,ministro hales,1849.20737357542,0.0,274.387,0,0,0.0
2020-02-01,Ministro Hales,8.736,ministro hales,1839.6968763244197,0.0,257.933,0,0,0.0
2020-03-01,Ministro Hales,6.435,ministro hales,1830.2352916828183,0.0,234.901,0,0,0.0
2020-04-01,Ministro Hales,10.118,ministro hales,1820.8223680924384,0.0,228.985,0,0,0.0
2020-05-01,Ministro Hales,12.487,ministro hales,1811.457855288869,0.0,237.402,0,0,0.0
2020-06-01,Ministro Hales,12.213,ministro hales,1802.141504294812,0.0,260.47,0,0,0.0
2020-07-01,Ministro Hales,9.861,ministro hales,1792.873067413463,0.0,288.202,0,0,0.0
2020-08-01,Ministro Hales,16.668,ministro hales,1783.652298221926,0.0,294.685,0,0,0.0
2020-09-01,Ministro Hales,21.949,ministro hales,1774.47895156466,0.0,304.47,0,0,0.0
2020-10-01,Ministro Hales,18.275,ministro hales,1765.352783546963,0.0,304.033,0,0,0.0
2020-11-01,Ministro Hales,21.408,ministro hales,1756.273551528487,0.0,320.392,0,0,0.0
2020-12-01,Ministro Hales,18.122,ministro hales,1747.2410141167843,0.0,351.772,0,0,0.0
2021-01-01,Ministro Hales,17.82,ministro hales,1738.2549311608946,0.0,361.536,0,0,0.0
2021-02-01,Ministro Hales,17.932,ministro hales,1729.3150637449546,0.0,383.751,0,0,0.0
2021-03-01,Ministro Hales,16.608,ministro hales,1720.4211741818497,0.0,408.459,0,0,0.0
2021-04-01,Ministro Hales,15.362,ministro hales,1711.5730260068924,0.0,423.454,0,0,0.0
2021-05-01,Ministro Hales,16.226,ministro hales,1702.7703839715368,0.0,461.937,0,0,0.0
2021-06-01,Ministro Hales,14.868,ministro hales,1694.0130140371232,0.0,436.013,0,0,0.0
2021-07-01,Ministro Hales,16.5,ministro hales,1685.3006833686552,0.0,427.901,0,0,0.0
2021-08-01,Ministro Hales,15.951,ministro hales,1676.6331603286103,0.0,424.435,0,0,0.0
2021-09-01,Ministro Hales,12.702,ministro hales,1668.0102144707805,0.0,422.933,0,0,0.0
2021-10-01,Ministro Hales,12.222,ministro hales,1659.4316165341456,0.0,443.545,0,0,0.0
2021-11-01,Ministro Hales,12.704,ministro hales,1650.8971384367778,0.0,442.955,0,0,0.0
2021-12-01,Ministro Hales,12.81,ministro hales,1642.4065532697778,0.0,433.195,0,0,0.0
2022-01-01,Ministro Hales,11.635,ministro hales,1633.9596352912413,0.0,443.429,0,0,0.0
2022-02-01,Ministro Hales,10.452,ministro hales,1625.5561599202576,0.0,450.932,0,0,0.0
2022-03-01,Ministro Hales,15.323,ministro hales,1617.1959037309389,0.0,464.369,0,0,2500.0
2022-04-01,Ministro Hales,12.149,ministro hales,1608.8786444464793,0.0,461.899,0,0,0.0
2022-05-01,Ministro Hales,13.936,ministro hales,1600.604160933245,0.0,424.69,0,0,0.0
2022-06-01,Ministro Hales,11.963,ministro hales,1592.372233194896,0.0,409.736,0,0,0.0
2022-07-01,Ministro Hales,13.17,ministro hales,1584.182642366536,0.0,341.545,0,0,0.0
2022-08-01,Ministro Hales,9.049,ministro hales,1576.035170708894,0.0,361.104,0,0,0.0
2022-09-01,Ministro Hales,11.177,ministro hales,1567.929601602534,0.0,350.84,0,0,0.0
2022-10-01,Ministro Hales,14.433,ministro hales,1559.865719542097,0.0,345.693,0,0,0.0
2022-11-01,Ministro Hales,15.461,ministro hales,1551.8433101305711,0.0,364.233,0,0,0.0
2022-12-01,Ministro Hales,13.419,ministro hales,1543.862160073591,0.0,379.531,0,0,0.0
2023-01-01,Ministro Hales,10.731,ministro hales,1535.9220571737667,0.0,408.224,0,0,0.0
2023-02-01,Ministro Hales,9.369,ministro hales,1528.022790325042,0.0,406.201,0,0,0.0
2023-03-01,Ministro Hales,4.938,ministro hales,1520.1641495070824,0.0,400.782,0,0,0.0
2023-04-01,Ministro Hales,11.182,ministro hales,1512.34592577969,0.0,399.796,0,0,0.0
2023-05-01,Ministro Hales,5.781,ministro hales,1504.56791127725,0.0,373.501,0,0,0.0
2023-06-01,Ministro Hales,6.358,ministro hales,1496.829899203202,0.0,380.393,0,0,0.0
2023-07-01,Ministro Hales,10.005,ministro hales,1489.131683824544,0.0,383.071,0,0,0.0
2023-08-01,Ministro Hales,10.953,ministro hales,3981.47306046636,2500.0,378.83,0,0,0.0
2023-09-01,Ministro Hales,11.337,ministro hales,3960.996293426824,0.0,375.16,0,0,0.0
2023-10-01,Ministro Hales,14.909,ministro hales,3940.624838662927,0.0,360.137,0,0,0.0
2023-11-01,Ministro Hales,13.974,ministro hales,3920.358154552283,0.0,370.764,0,0,0.0
2023-12-01,Ministro Hales,16.473,ministro hales,3900.195702258078,0.0,380.75,0,0,0.0
2024-01-01,Ministro Hales,3.779,ministro hales,3880.136945714745,0.0,378.491,0,0,0.0
2024-02-01,Ministro Hales,6.847,ministro hales,3860.181351613704,0.0,376.969,0,0,0.0
2024-03-01,Ministro Hales,6.859,ministro hales,3840.3283893891903,0.0,393.52,0,0,0.0
2024-04-01,Ministro Hales,6.202,ministro hales,3820.577531204148,0.0,430.116,0,0,0.0
2024-05-01,Ministro Hales,5.832,ministro hales,3800.928251936191,0.0,459.447,0,0,0.0
2024-06-01,Ministro Hales,6.095,ministro hales,3781.380029163645,0.0,437.336,0,0,0.0
2024-07-01,Ministro Hales,3.745,ministro hales,3761.9323431516577,0.0,426.085,0,0,0.0
2024-08-01,Ministro Hales,12.664,ministro hales,3742.5846768383785,0.0,406.587,0,0,0.0
2024-09-01,Ministro Hales,12.642,ministro hales,3723.336515821215,0.0,419.777,0,0,0.0
2024-10-01,Ministro Hales,13.816,ministro hales,3704.1873483431514,0.0,432.693,0,0,0.0
2024-11-01,Ministro Hales,19.02,ministro hales,3685.136665279146,0.0,411.625,0,0,0.0
2024-12-01,Ministro Hales,24.707,ministro hales,3666.1839601225943,0.0,404.583,0,0,0.0
2025-01-01,Ministro Hales,11.2,ministro hales,3647.328728971861,0.0,407.216,0,0,0.0
2025-02-01,Ministro Hales,9.1,ministro hales,3628.570470516882,0.0,423.168,0,0,0.0
2025-03-01,Ministro Hales,12.417,ministro hales,3609.90868602584,0.0,441.394,0,0,0.0
2025-04-01,Ministro Hales,10.381,ministro hales,3591.3428793319,0.0,416.948,0,0,0.0
2025-05-01,Ministro Hales,13.796,ministro hales,3572.87255682002,0.0,432.263,0,0,0.0
2025-06-01,Ministro Hales,9.921,ministro hales,3554.4972274138263,0.0,446.051,0,0,0.0
2025-07-01,Ministro Hales,14.81,ministro hales,3536.216402562558,0.0,443.533,0,0,0.0
2025-08-01,Ministro Hales,11.592,ministro hales,3518.029596228076,0.0,437.529,0,0,0.0
2025-09-01,Ministro Hales,12.045,ministro hales,3499.9363248719424,0.0,451.448,0,0,0.0
2025-10-01,Ministro Hales,13.223,ministro hales,3481.936107442563,0.0,485.164,0,0,0.0
2025-11-01,Ministro Hales,13.654,ministro hales,3464.028465362398,0.0,489.915,0,0,0.0
2025-12-01,Ministro Hales,20.749,ministro hales,3446.2129225152394,0.0,535.411,0,0,0.0
2026-01-01,Ministro Hales,8.983,ministro hales,3446.2129225152394,0.0,535.411,0,0,0.0
2026-02-01,Ministro Hales,9.048,ministro hales,3446.2129225152394,0.0,535.411,0,0,0.0
2026-03-01,Ministro Hales,8.812,ministro hales,3446.2129225152394,0.0,535.411,0,0,0.0
2014-01-01,Ojos del Salado,1.6,ojos del salado,0.0,0.0,330.891,0,0,0.0
2014-02-01,Ojos del Salado,2.2,ojos del salado,0.0,0.0,324.416,0,0,0.0
2014-03-01,Ojos del Salado,1.9,ojos del salado,0.0,0.0,302.448,0,0,0.0
2014-04-01,Ojos del Salado,2.0,ojos del salado,0.0,0.0,302.584,0,0,0.0
2014-05-01,Ojos del Salado,1.4,ojos del salado,0.0,0.0,312.247,0,0,0.0
2014-06-01,Ojos del Salado,2.5,ojos del salado,0.0,0.0,308.719,0,0,0.0
2014-07-01,Ojos del Salado,1.7,ojos del salado,0.0,0.0,322.255,0,0,0.0
2014-08-01,Ojos del Salado,1.7,ojos del salado,0.0,0.0,317.54,0,0,0.0
2014-09-01,Ojos del Salado,1.8,ojos del salado,0.0,0.0,311.719,0,0,0.0
2014-10-01,Ojos del Salado,1.5,ojos del salado,0.0,0.0,305.685,0,0,0.0
2014-11-01,Ojos del Salado,1.9,ojos del salado,0.0,0.0,303.958,0,0,0.0
2014-12-01,Ojos del Salado,1.8,ojos del salado,0.0,0.0,291.34,0,0,0.0
2015-01-01,Ojos del Salado,2.1,ojos del salado,0.0,0.0,263.802,0,0,0.0
2015-02-01,Ojos del Salado,2.1,ojos del salado,0.0,0.0,258.642,0,0,0.0
2015-03-01,Ojos del Salado,1.5,ojos del salado,0.0,0.0,268.792,0,0,0.0
2015-04-01,Ojos del Salado,1.6,ojos del salado,0.0,0.0,273.447,0,0,0.0
2015-05-01,Ojos del Salado,2.6,ojos del salado,0.0,0.0,285.791,0,0,0.0
2015-06-01,Ojos del Salado,2.2,ojos del salado,0.0,0.0,264.608,0,0,0.0
2015-07-01,Ojos del Salado,2.4,ojos del salado,0.0,0.0,247.521,0,0,0.0
2015-08-01,Ojos del Salado,2.2,ojos del salado,0.0,0.0,230.83,0,0,0.0
2015-09-01,Ojos del Salado,2.3,ojos del salado,0.0,0.0,236.235,0,0,0.0
2015-10-01,Ojos del Salado,2.1,ojos del salado,0.0,0.0,236.894,0,0,0.0
2015-11-01,Ojos del Salado,1.9,ojos del salado,0.0,0.0,218.098,0,0,0.0
2015-12-01,Ojos del Salado,1.7,ojos del salado,0.0,0.0,209.968,0,0,0.0
2016-01-01,Ojos del Salado,1.9,ojos del salado,0.0,0.0,202.427,0,0,0.0
2016-02-01,Ojos del Salado,1.9,ojos del salado,0.0,0.0,208.447,0,0,0.0
2016-03-01,Ojos del Salado,2.2,ojos del salado,0.0,0.0,224.417,0,0,0.0
2016-04-01,Ojos del Salado,2.0,ojos del salado,0.0,0.0,220.043,0,0,0.0
2016-05-01,Ojos del Salado,2.4,ojos del salado,0.0,0.0,213.567,0,0,0.0
2016-06-01,Ojos del Salado,2.4,ojos del salado,0.0,0.0,210.042,0,0,0.0
2016-07-01,Ojos del Salado,2.3,ojos del salado,0.0,0.0,220.255,0,0,0.0
2016-08-01,Ojos del Salado,2.0,ojos del salado,0.0,0.0,215.829,0,0,0.0
2016-09-01,Ojos del Salado,2.2,ojos del salado,0.0,0.0,213.514,0,0,0.0
2016-10-01,Ojos del Salado,2.1,ojos del salado,0.0,0.0,214.646,0,0,0.0
2016-11-01,Ojos del Salado,2.0,ojos del salado,0.0,0.0,246.902,0,0,0.0
2016-12-01,Ojos del Salado,2.0,ojos del salado,0.0,0.0,257.017,0,0,0.0
2017-01-01,Ojos del Salado,2.1,ojos del salado,0.0,0.0,260.245,0,0,0.0
2017-02-01,Ojos del Salado,1.7,ojos del salado,0.0,0.0,269.504,0,0,0.0
2017-03-01,Ojos del Salado,2.4,ojos del salado,0.0,0.0,264.06,0,0,0.0
2017-04-01,Ojos del Salado,2.0,ojos del salado,0.0,0.0,258.442,0,0,0.0
2017-05-01,Ojos del Salado,2.6,ojos del salado,0.0,0.0,253.626,0,0,0.0
2017-06-01,Ojos del Salado,2.0,ojos del salado,0.0,0.0,258.524,0,0,0.0
2017-07-01,Ojos del Salado,2.6,ojos del salado,0.0,0.0,271.185,0,0,0.0
2017-08-01,Ojos del Salado,2.5,ojos del salado,0.0,0.0,293.845,0,0,0.0
2017-09-01,Ojos del Salado,2.2,ojos del salado,0.0,0.0,298.609,0,0,0.0
2017-10-01,Ojos del Salado,2.7,ojos del salado,0.0,0.0,308.324,0,0,0.0
2017-11-01,Ojos del Salado,2.2,ojos del salado,0.0,0.0,309.603,0,0,0.0
2017-12-01,Ojos del Salado,2.1,ojos del salado,0.0,0.0,308.495,0,0,0.0
2018-01-01,Ojos del Salado,2.0,ojos del salado,0.0,0.0,321.157,0,0,0.0
2018-02-01,Ojos del Salado,1.9,ojos del salado,0.0,0.0,317.596,0,0,0.0
2018-03-01,Ojos del Salado,2.0,ojos del salado,0.0,0.0,308.251,0,0,0.0
2018-04-01,Ojos del Salado,2.0,ojos del salado,0.0,0.0,310.191,0,0,0.0
2018-05-01,Ojos del Salado,2.3,ojos del salado,0.0,0.0,309.43,0,0,0.0
2018-06-01,Ojos del Salado,2.4,ojos del salado,0.0,0.0,315.464,0,0,0.0
2018-07-01,Ojos del Salado,2.8,ojos del salado,0.0,0.0,283.413,0,0,0.0
2018-08-01,Ojos del Salado,2.6,ojos del salado,0.0,0.0,273.959,0,0,0.0
2018-09-01,Ojos del Salado,2.4,ojos del salado,0.0,0.0,273.064,0,0,0.0
2018-10-01,Ojos del Salado,2.5,ojos del salado,0.0,0.0,281.948,0,0,0.0
2018-11-01,Ojos del Salado,2.7,ojos del salado,0.0,0.0,280.91,0,0,0.0
2018-12-01,Ojos del Salado,2.7,ojos del salado,0.0,0.0,276.429,0,0,0.0
2019-01-01,Ojos del Salado,2.601,ojos del salado,0.0,0.0,269.072,0,0,0.0
2019-02-01,Ojos del Salado,2.335,ojos del salado,0.0,0.0,284.774,0,0,0.0
2019-03-01,Ojos del Salado,2.614,ojos del salado,0.0,0.0,292.614,0,0,0.0
2019-04-01,Ojos del Salado,2.334,ojos del salado,0.0,0.0,292.345,0,0,0.0
2019-05-01,Ojos del Salado,2.342,ojos del salado,0.0,0.0,273.44,0,0,0.0
2019-06-01,Ojos del Salado,2.363,ojos del salado,0.0,0.0,266.187,0,0,0.0
2019-07-01,Ojos del Salado,2.251,ojos del salado,0.0,0.0,269.427,0,0,0.0
2019-08-01,Ojos del Salado,2.636,ojos del salado,0.0,0.0,258.91,0,0,0.0
2019-09-01,Ojos del Salado,2.583,ojos del salado,0.0,0.0,260.611,0,0,0.0
2019-10-01,Ojos del Salado,2.585,ojos del salado,0.0,0.0,260.493,0,0,0.0
2019-11-01,Ojos del Salado,2.53,ojos del salado,0.0,0.0,265.791,0,0,0.0
2019-12-01,Ojos del Salado,2.744,ojos del salado,0.0,0.0,274.987,0,0,0.0
2020-01-01,Ojos del Salado,2.573,ojos del salado,0.0,0.0,274.387,0,0,0.0
2020-02-01,Ojos del Salado,2.22,ojos del salado,0.0,0.0,257.933,0,0,0.0
2020-03-01,Ojos del Salado,2.142,ojos del salado,0.0,0.0,234.901,0,0,0.0
2020-04-01,Ojos del Salado,2.08,ojos del salado,0.0,0.0,228.985,0,0,0.0
2020-05-01,Ojos del Salado,2.31,ojos del salado,0.0,0.0,237.402,0,0,0.0
2020-06-01,Ojos del Salado,2.229,ojos del salado,0.0,0.0,260.47,0,0,0.0
2020-07-01,Ojos del Salado,2.351,ojos del salado,0.0,0.0,288.202,0,0,0.0
2020-08-01,Ojos del Salado,2.684,ojos del salado,0.0,0.0,294.685,0,0,0.0
2020-09-01,Ojos del Salado,2.668,ojos del salado,0.0,0.0,304.47,0,0,0.0
2020-10-01,Ojos del Salado,1.683,ojos del salado,0.0,0.0,304.033,0,0,0.0
2020-11-01,Ojos del Salado,1.477,ojos del salado,0.0,0.0,320.392,0,0,0.0
2020-12-01,Ojos del Salado,3.187,ojos del salado,0.0,0.0,351.772,0,0,0.0
2021-01-01,Ojos del Salado,2.335,ojos del salado,0.0,0.0,361.536,0,0,0.0
2021-02-01,Ojos del Salado,2.311,ojos del salado,0.0,0.0,383.751,0,0,0.0
2021-03-01,Ojos del Salado,2.343,ojos del salado,0.0,0.0,408.459,0,0,0.0
2021-04-01,Ojos del Salado,2.606,ojos del salado,0.0,0.0,423.454,0,0,0.0
2021-05-01,Ojos del Salado,2.286,ojos del salado,0.0,0.0,461.937,0,0,0.0
2021-06-01,Ojos del Salado,2.609,ojos del salado,0.0,0.0,436.013,0,0,0.0
2021-07-01,Ojos del Salado,2.121,ojos del salado,0.0,0.0,427.901,0,0,0.0
2021-08-01,Ojos del Salado,2.005,ojos del salado,0.0,0.0,424.435,0,0,0.0
2021-09-01,Ojos del Salado,2.484,ojos del salado,0.0,0.0,422.933,0,0,0.0
2021-10-01,Ojos del Salado,2.402,ojos del salado,0.0,0.0,443.545,0,0,0.0
2021-11-01,Ojos del Salado,2.223,ojos del salado,0.0,0.0,442.955,0,0,0.0
2021-12-01,Ojos del Salado,2.118,ojos del salado,0.0,0.0,433.195,0,0,0.0
2022-01-01,Ojos del Salado,2.323,ojos del salado,0.0,0.0,443.429,0,0,0.0
2022-02-01,Ojos del Salado,1.792,ojos del salado,0.0,0.0,450.932,0,0,0.0
2022-03-01,Ojos del Salado,2.131,ojos del salado,0.0,0.0,464.369,0,0,0.0
2022-04-01,Ojos del Salado,1.503,ojos del salado,0.0,0.0,461.899,0,0,0.0
2022-05-01,Ojos del Salado,2.122,ojos del salado,0.0,0.0,424.69,0,0,0.0
2022-06-01,Ojos del Salado,2.1752048793751695,ojos del salado,0.0,0.0,409.736,0,0,0.0
2022-07-01,Ojos del Salado,1.858,ojos del salado,0.0,0.0,341.545,0,0,0.0
2022-08-01,Ojos del Salado,1.404761528643025,ojos del salado,0.0,0.0,361.104,0,0,0.0
2022-09-01,Ojos del Salado,1.1988757073199583,ojos del salado,0.0,0.0,350.84,0,0,0.0
2022-10-01,Ojos del Salado,1.1384098842376669,ojos del salado,0.0,0.0,345.693,0,0,0.0
2022-11-01,Ojos del Salado,1.348742518812506,ojos del salado,0.0,0.0,364.233,0,0,0.0
2022-12-01,Ojos del Salado,1.386404097039135,ojos del salado,0.0,0.0,379.531,0,0,0.0
2023-01-01,Ojos del Salado,1.382,ojos del salado,0.0,0.0,408.224,0,0,0.0
2023-02-01,Ojos del Salado,1.156,ojos del salado,0.0,0.0,406.201,0,0,0.0
2023-03-01,Ojos del Salado,1.339,ojos del salado,0.0,0.0,400.782,0,0,0.0
2023-04-01,Ojos del Salado,1.243,ojos del salado,0.0,0.0,399.796,0,0,0.0
2023-05-01,Ojos del Salado,1.397,ojos del salado,0.0,0.0,373.501,0,0,0.0
2023-06-01,Ojos del Salado,1.249,ojos del salado,0.0,0.0,380.393,0,0,0.0
2023-07-01,Ojos del Salado,1.368,ojos del salado,0.0,0.0,383.071,0,0,0.0
2023-08-01,Ojos del Salado,1.309,ojos del salado,0.0,0.0,378.83,0,0,0.0
2023-09-01,Ojos del Salado,1.383,ojos del salado,0.0,0.0,375.16,0,0,0.0
2023-10-01,Ojos del Salado,1.385,ojos del salado,0.0,0.0,360.137,0,0,0.0
2023-11-01,Ojos del Salado,1.428,ojos del salado,0.0,0.0,370.764,0,0,0.0
2023-12-01,Ojos del Salado,1.142,ojos del salado,0.0,0.0,380.75,0,0,0.0
2024-01-01,Ojos del Salado,1.052,ojos del salado,0.0,0.0,378.491,0,0,0.0
2024-02-01,Ojos del Salado,0.962,ojos del salado,0.0,0.0,376.969,0,0,0.0
2024-03-01,Ojos del Salado,1.024,ojos del salado,0.0,0.0,393.52,0,0,0.0
2024-04-01,Ojos del Salado,0.707,ojos del salado,0.0,0.0,430.116,0,0,0.0
2024-05-01,Ojos del Salado,0.945,ojos del salado,0.0,0.0,459.447,0,0,0.0
2024-06-01,Ojos del Salado,0.968,ojos del salado,0.0,0.0,437.336,0,0,0.0
2024-07-01,Ojos del Salado,1.033,ojos del salado,0.0,0.0,426.085,0,0,0.0
2024-08-01,Ojos del Salado,1.333,ojos del salado,0.0,0.0,406.587,0,0,0.0
2024-09-01,Ojos del Salado,1.666,ojos del salado,0.0,0.0,419.777,0,0,0.0
2024-10-01,Ojos del Salado,1.683,ojos del salado,0.0,0.0,432.693,0,0,0.0
2024-11-01,Ojos del Salado,1.747,ojos del salado,0.0,0.0,411.625,0,0,0.0
2024-12-01,Ojos del Salado,1.615,ojos del salado,0.0,0.0,404.583,0,0,0.0
2025-01-01,Ojos del Salado,1.343,ojos del salado,0.0,0.0,407.216,0,0,0.0
2025-02-01,Ojos del Salado,1.185,ojos del salado,0.0,0.0,423.168,0,0,0.0
2025-03-01,Ojos del Salado,1.294,ojos del salado,0.0,0.0,441.394,0,0,0.0
2025-04-01,Ojos del Salado,1.854,ojos del salado,0.0,0.0,416.948,0,0,0.0
2025-05-01,Ojos del Salado,1.293,ojos del salado,0.0,0.0,432.263,0,0,0.0
2025-06-01,Ojos del Salado,1.242,ojos del salado,0.0,0.0,446.051,0,0,0.0
2025-07-01,Ojos del Salado,1.023,ojos del salado,0.0,0.0,443.533,0,0,0.0
2025-08-01,Ojos del Salado,1.228,ojos del salado,0.0,0.0,437.529,0,0,0.0
2025-09-01,Ojos del Salado,0.941,ojos del salado,0.0,0.0,451.448,0,0,0.0
2025-10-01,Ojos del Salado,1.335,ojos del salado,0.0,0.0,485.164,0,0,0.0
2025-11-01,Ojos del Salado,1.128,ojos del salado,0.0,0.0,489.915,0,0,0.0
2025-12-01,Ojos del Salado,1.335,ojos del salado,0.0,0.0,535.411,0,0,0.0
2026-01-01,Ojos del Salado,0.727,ojos del salado,0.0,0.0,535.411,0,0,0.0
2026-02-01,Ojos del Salado,0.692,ojos del salado,0.0,0.0,535.411,0,0,0.0
2026-03-01,Ojos del Salado,0.68,ojos del salado,0.0,0.0,535.411,0,0,0.0
2014-01-01,Otros,15.403,otros,0.0,0.0,330.891,0,0,0.0
2014-02-01,Otros,15.082999999999998,otros,0.0,0.0,324.416,0,0,0.0
2014-03-01,Otros,12.048,otros,0.0,0.0,302.448,0,0,0.0
2014-04-01,Otros,15.869,otros,0.0,0.0,302.584,0,0,0.0
2014-05-01,Otros,15.791,otros,0.0,0.0,312.247,0,0,0.0
2014-06-01,Otros,11.744,otros,0.0,0.0,308.719,0,0,0.0
2014-07-01,Otros,14.437,otros,0.0,0.0,322.255,0,0,0.0
2014-08-01,Otros,13.564,otros,0.0,0.0,317.54,0,0,0.0
2014-09-01,Otros,14.466,otros,0.0,0.0,311.719,0,0,0.0
2014-10-01,Otros,13.614999999999998,otros,0.0,0.0,305.685,0,0,0.0
2014-11-01,Otros,14.438,otros,0.0,0.0,303.958,0,0,0.0
2014-12-01,Otros,16.887,otros,0.0,0.0,291.34,0,0,0.0
2015-01-01,Otros,14.799,otros,0.0,0.0,263.802,0,0,0.0
2015-02-01,Otros,13.34,otros,0.0,0.0,258.642,0,0,0.0
2015-03-01,Otros,10.622,otros,0.0,0.0,268.792,0,0,0.0
2015-04-01,Otros,8.536999999999999,otros,0.0,0.0,273.447,0,0,0.0
2015-05-01,Otros,11.042000000000002,otros,0.0,0.0,285.791,0,0,0.0
2015-06-01,Otros,9.851,otros,0.0,0.0,264.608,0,0,0.0
2015-07-01,Otros,13.125,otros,0.0,0.0,247.521,0,0,0.0
2015-08-01,Otros,13.719,otros,0.0,0.0,230.83,0,0,0.0
2015-09-01,Otros,12.868000000000002,otros,0.0,0.0,236.235,0,0,0.0
2015-10-01,Otros,11.558,otros,0.0,0.0,236.894,0,0,0.0
2015-11-01,Otros,12.384,otros,0.0,0.0,218.098,0,0,0.0
2015-12-01,Otros,12.475,otros,0.0,0.0,209.968,0,0,0.0
2016-01-01,Otros,12.534,otros,0.0,0.0,202.427,0,0,0.0
2016-02-01,Otros,11.96,otros,0.0,0.0,208.447,0,0,0.0
2016-03-01,Otros,12.172,otros,0.0,0.0,224.417,0,0,0.0
2016-04-01,Otros,12.318,otros,0.0,0.0,220.043,0,0,0.0
2016-05-01,Otros,11.632,otros,0.0,0.0,213.567,0,0,0.0
2016-06-01,Otros,8.296,otros,0.0,0.0,210.042,0,0,0.0
2016-07-01,Otros,12.074,otros,0.0,0.0,220.255,0,0,0.0
2016-08-01,Otros,11.906,otros,0.0,0.0,215.829,0,0,0.0
2016-09-01,Otros,12.298,otros,0.0,0.0,213.514,0,0,0.0
2016-10-01,Otros,10.028,otros,0.0,0.0,214.646,0,0,0.0
2016-11-01,Otros,11.363,otros,0.0,0.0,246.902,0,0,0.0
2016-12-01,Otros,10.491,otros,0.0,0.0,257.017,0,0,0.0
2017-01-01,Otros,11.749,otros,0.0,0.0,260.245,0,0,0.0
2017-02-01,Otros,9.603,otros,0.0,0.0,269.504,0,0,0.0
2017-03-01,Otros,11.434,otros,0.0,0.0,264.06,0,0,0.0
2017-04-01,Otros,10.528,otros,0.0,0.0,258.442,0,0,0.0
2017-05-01,Otros,11.177,otros,0.0,0.0,253.626,0,0,0.0
2017-06-01,Otros,8.811,otros,0.0,0.0,258.524,0,0,0.0
2017-07-01,Otros,11.347,otros,0.0,0.0,271.185,0,0,0.0
2017-08-01,Otros,12.948,otros,0.0,0.0,293.845,0,0,0.0
2017-09-01,Otros,12.815,otros,0.0,0.0,298.609,0,0,0.0
2017-10-01,Otros,11.991,otros,0.0,0.0,308.324,0,0,0.0
2017-11-01,Otros,11.602,otros,0.0,0.0,309.603,0,0,0.0
2017-12-01,Otros,9.449,otros,0.0,0.0,308.495,0,0,0.0
2018-01-01,Otros,11.038,otros,0.0,0.0,321.157,0,0,0.0
2018-02-01,Otros,10.771,otros,0.0,0.0,317.596,0,0,0.0
2018-03-01,Otros,8.704,otros,0.0,0.0,308.251,0,0,0.0
2018-04-01,Otros,9.4,otros,0.0,0.0,310.191,0,0,0.0
2018-05-01,Otros,13.542,otros,0.0,0.0,309.43,0,0,0.0
2018-06-01,Otros,7.999,otros,0.0,0.0,315.464,0,0,0.0
2018-07-01,Otros,10.832,otros,0.0,0.0,283.413,0,0,0.0
2018-08-01,Otros,12.835,otros,0.0,0.0,273.959,0,0,0.0
2018-09-01,Otros,11.332,otros,0.0,0.0,273.064,0,0,0.0
2018-10-01,Otros,12.572,otros,0.0,0.0,281.948,0,0,0.0
2018-11-01,Otros,13.756,otros,0.0,0.0,280.91,0,0,0.0
2018-12-01,Otros,10.135475,otros,0.0,0.0,276.429,0,0,0.0
2019-01-01,Otros,13.72075,otros,0.0,0.0,269.072,0,0,0.0
2019-02-01,Otros,13.483,otros,0.0,0.0,284.774,0,0,0.0
2019-03-01,Otros,12.559553,otros,0.0,0.0,292.614,0,0,0.0
2019-04-01,Otros,12.201237,otros,0.0,0.0,292.345,0,0,0.0
2019-05-01,Otros,12.181407,otros,0.0,0.0,273.44,0,0,0.0
2019-06-01,Otros,9.666212,otros,0.0,0.0,266.187,0,0,0.0
2019-07-01,Otros,13.251566999999998,otros,0.0,0.0,269.427,0,0,0.0
2019-08-01,Otros,12.636195,otros,0.0,0.0,258.91,0,0,0.0
2019-09-01,Otros,11.561965,otros,0.0,0.0,260.611,0,0,0.0
2019-10-01,Otros,11.847238,otros,0.0,0.0,260.493,0,0,0.0
2019-11-01,Otros,11.680197,otros,0.0,0.0,265.791,0,0,0.0
2019-12-01,Otros,14.016765,otros,0.0,0.0,274.987,0,0,0.0
2020-01-01,Otros,8.901,otros,0.0,0.0,274.387,0,0,0.0
2020-02-01,Otros,12.235,otros,0.0,0.0,257.933,0,0,0.0
2020-03-01,Otros,12.854,otros,0.0,0.0,234.901,0,0,0.0
2020-04-01,Otros,12.587,otros,0.0,0.0,228.985,0,0,0.0
2020-05-01,Otros,13.469,otros,0.0,0.0,237.402,0,0,0.0
2020-06-01,Otros,11.244,otros,0.0,0.0,260.47,0,0,0.0
2020-07-01,Otros,12.753,otros,0.0,0.0,288.202,0,0,0.0
2020-08-01,Otros,12.199842579999997,otros,0.0,0.0,294.685,0,0,0.0
2020-09-01,Otros,11.338,otros,0.0,0.0,304.47,0,0,0.0
2020-10-01,Otros,11.164,otros,0.0,0.0,304.033,0,0,0.0
2020-11-01,Otros,8.799,otros,0.0,0.0,320.392,0,0,0.0
2020-12-01,Otros,9.958999999999998,otros,0.0,0.0,351.772,0,0,0.0
2021-01-01,Otros,9.332877,otros,0.0,0.0,361.536,0,0,0.0
2021-02-01,Otros,11.523736,otros,0.0,0.0,383.751,0,0,0.0
2021-03-01,Otros,13.293981000000002,otros,0.0,0.0,408.459,0,0,0.0
2021-04-01,Otros,11.06465804,otros,0.0,0.0,423.454,0,0,0.0
2021-05-01,Otros,11.325444,otros,0.0,0.0,461.937,0,0,0.0
2021-06-01,Otros,8.278815999999999,otros,0.0,0.0,436.013,0,0,0.0
2021-07-01,Otros,10.465720999999998,otros,0.0,0.0,427.901,0,0,0.0
2021-08-01,Otros,12.086239,otros,0.0,0.0,424.435,0,0,0.0
2021-09-01,Otros,11.377262,otros,0.0,0.0,422.933,0,0,0.0
2021-10-01,Otros,12.480114,otros,0.0,0.0,443.545,0,0,0.0
2021-11-01,Otros,12.976209,otros,0.0,0.0,442.955,0,0,0.0
2021-12-01,Otros,12.095457,otros,0.0,0.0,433.195,0,0,0.0
2022-01-01,Otros,11.546456999999998,otros,0.0,0.0,443.429,0,0,0.0
2022-02-01,Otros,9.615291,otros,0.0,0.0,450.932,0,0,0.0
2022-03-01,Otros,10.871,otros,0.0,0.0,464.369,0,0,0.0
2022-04-01,Otros,11.941515,otros,0.0,0.0,461.899,0,0,0.0
2022-05-01,Otros,9.875118538637365,otros,0.0,0.0,424.69,0,0,0.0
2022-06-01,Otros,8.1067249267,otros,0.0,0.0,409.736,0,0,0.0
2022-07-01,Otros,10.002399353990002,otros,0.0,0.0,341.545,0,0,0.0
2022-08-01,Otros,8.550477418832653,otros,0.0,0.0,361.104,0,0,0.0
2022-09-01,Otros,11.00265050460898,otros,0.0,0.0,350.84,0,0,0.0
2022-10-01,Otros,9.450314989185712,otros,0.0,0.0,345.693,0,0,0.0
2022-11-01,Otros,9.819457914866668,otros,0.0,0.0,364.233,0,0,0.0
2022-12-01,Otros,16.79253744151869,otros,0.0,0.0,379.531,0,0,0.0
2023-01-01,Otros,12.32280417175306,otros,0.0,0.0,408.224,0,0,0.0
2023-02-01,Otros,11.422502276212963,otros,0.0,0.0,406.201,0,0,0.0
2023-03-01,Otros,13.130392653681666,otros,0.0,0.0,400.782,0,0,0.0
2023-04-01,Otros,11.856488506198836,otros,0.0,0.0,399.796,0,0,0.0
2023-05-01,Otros,11.91750882055194,otros,0.0,0.0,373.501,0,0,0.0
2023-06-01,Otros,9.60429671086093,otros,0.0,0.0,380.393,0,0,0.0
2023-07-01,Otros,8.587133571000003,otros,0.0,0.0,383.071,0,0,0.0
2023-08-01,Otros,10.293012472512162,otros,0.0,0.0,378.83,0,0,0.0
2023-09-01,Otros,12.493394718861865,otros,0.0,0.0,375.16,0,0,0.0
2023-10-01,Otros,12.753735280653318,otros,0.0,0.0,360.137,0,0,0.0
2023-11-01,Otros,12.479874605913857,otros,0.0,0.0,370.764,0,0,0.0
2023-12-01,Otros,12.66388659268,otros,0.0,0.0,380.75,0,0,0.0
2024-01-01,Otros,12.176000000000002,otros,0.0,0.0,378.491,0,0,0.0
2024-02-01,Otros,10.177,otros,0.0,0.0,376.969,0,0,0.0
2024-03-01,Otros,9.566,otros,0.0,0.0,393.52,0,0,0.0
2024-04-01,Otros,9.066,otros,0.0,0.0,430.116,0,0,0.0
2024-05-01,Otros,9.556,otros,0.0,0.0,459.447,0,0,0.0
2024-06-01,Otros,8.625,otros,0.0,0.0,437.336,0,0,0.0
2024-07-01,Otros,8.933000000000002,otros,0.0,0.0,426.085,0,0,0.0
2024-08-01,Otros,9.112,otros,0.0,0.0,406.587,0,0,0.0
2024-09-01,Otros,9.867,otros,0.0,0.0,419.777,0,0,0.0
2024-10-01,Otros,9.861,otros,0.0,0.0,432.693,0,0,0.0
2024-11-01,Otros,10.553,otros,0.0,0.0,411.625,0,0,0.0
2024-12-01,Otros,10.667,otros,0.0,0.0,404.583,0,0,0.0
2025-01-01,Otros,9.494,otros,0.0,0.0,407.216,0,0,0.0
2025-02-01,Otros,8.399000000000001,otros,0.0,0.0,423.168,0,0,0.0
2025-03-01,Otros,9.596,otros,0.0,0.0,441.394,0,0,0.0
2025-04-01,Otros,8.842999999999998,otros,0.0,0.0,416.948,0,0,0.0
2025-05-01,Otros,9.595,otros,0.0,0.0,432.263,0,0,0.0
2025-06-01,Otros,8.345,otros,0.0,0.0,446.051,0,0,0.0
2025-07-01,Otros,8.628,otros,0.0,0.0,443.533,0,0,0.0
2025-08-01,Otros,8.687,otros,0.0,0.0,437.529,0,0,0.0
2025-09-01,Otros,8.779,otros,0.0,0.0,451.448,0,0,0.0
2025-10-01,Otros,9.988,otros,0.0,0.0,485.164,0,0,0.0
2025-11-01,Otros,9.495,otros,0.0,0.0,489.915,0,0,0.0
2025-12-01,Otros,10.176,otros,0.0,0.0,535.411,0,0,0.0
2014-01-01,Pampa Camarones,0.0,pampa camarones,72.62548127596871,0.0,330.891,0,0,0.0
2014-02-01,Pampa Camarones,0.0,pampa camarones,72.25196749384908,0.0,324.416,0,0,0.0
2014-03-01,Pampa Camarones,0.0,pampa camarones,71.88037469790376,0.0,302.448,0,0,0.0
2014-04-01,Pampa Camarones,0.0,pampa camarones,71.5106930084762,0.0,302.584,0,0,0.0
2014-05-01,Pampa Camarones,0.0,pampa camarones,71.14291259672105,0.0,312.247,0,0,0.0
2014-06-01,Pampa Camarones,0.0,pampa camarones,70.77702368434285,0.0,308.719,0,0,0.0
2014-07-01,Pampa Camarones,0.01,pampa camarones,70.41301654333604,0.0,322.255,0,0,0.0
2014-08-01,Pampa Camarones,0.414,pampa camarones,70.0508814957263,0.0,317.54,0,0,0.0
2014-09-01,Pampa Camarones,0.42,pampa camarones,69.69060891331327,0.0,311.719,0,0,0.0
2014-10-01,Pampa Camarones,0.501,pampa camarones,69.33218921741455,0.0,305.685,0,0,0.0
2014-11-01,Pampa Camarones,0.385,pampa camarones,68.97561287861102,0.0,303.958,0,0,0.0
2014-12-01,Pampa Camarones,0.308,pampa camarones,68.62087041649347,0.0,291.34,0,0,0.0
2015-01-01,Pampa Camarones,0.31,pampa camarones,68.26795239941059,0.0,263.802,0,0,0.0
2015-02-01,Pampa Camarones,0.333,pampa camarones,67.91684944421814,0.0,258.642,0,0,0.0
2015-03-01,Pampa Camarones,0.412,pampa camarones,67.56755221602954,0.0,268.792,0,0,0.0
2015-04-01,Pampa Camarones,0.42,pampa camarones,67.22005142796763,0.0,273.447,0,0,0.0
2015-05-01,Pampa Camarones,0.541,pampa camarones,66.8743378409178,0.0,285.791,0,0,0.0
2015-06-01,Pampa Camarones,0.609,pampa camarones,66.5304022632823,0.0,264.608,0,0,0.0
2015-07-01,Pampa Camarones,0.383,pampa camarones,66.1882355507359,0.0,247.521,0,0,0.0
2015-08-01,Pampa Camarones,0.532,pampa camarones,65.84782860598274,0.0,230.83,0,0,0.0
2015-09-01,Pampa Camarones,0.471,pampa camarones,65.50917237851449,0.0,236.235,0,0,0.0
2015-10-01,Pampa Camarones,0.526,pampa camarones,65.1722578643697,0.0,236.894,0,0,0.0
2015-11-01,Pampa Camarones,0.482,pampa camarones,64.83707610589437,0.0,218.098,0,0,0.0
2015-12-01,Pampa Camarones,0.517,pampa camarones,64.50361819150388,0.0,209.968,0,0,0.0
2016-01-01,Pampa Camarones,0.424,pampa camarones,64.17187525544597,0.0,202.427,0,0,0.0
2016-02-01,Pampa Camarones,0.284,pampa camarones,63.84183847756507,0.0,208.447,0,0,0.0
2016-03-01,Pampa Camarones,0.432,pampa camarones,63.513499083067785,0.0,224.417,0,0,0.0
2016-04-01,Pampa Camarones,0.275,pampa camarones,63.18684834228959,0.0,220.043,0,0,0.0
2016-05-01,Pampa Camarones,0.131,pampa camarones,62.861877570462745,0.0,213.567,0,0,0.0
2016-06-01,Pampa Camarones,0.062,pampa camarones,62.53857812748537,0.0,210.042,0,0,0.0
2016-07-01,Pampa Camarones,0.036,pampa camarones,62.21694141769176,0.0,220.255,0,0,0.0
2016-08-01,Pampa Camarones,0.078,pampa camarones,61.89695888962379,0.0,215.829,0,0,0.0
2016-09-01,Pampa Camarones,0.067,pampa camarones,61.57862203580364,0.0,213.514,0,0,0.0
2016-10-01,Pampa Camarones,0.043,pampa camarones,61.26192239250753,0.0,214.646,0,0,0.0
2016-11-01,Pampa Camarones,0.031,pampa camarones,60.94685153954072,0.0,246.902,0,0,0.0
2016-12-01,Pampa Camarones,0.084,pampa camarones,60.63340110001366,0.0,257.017,0,0,0.0
2017-01-01,Pampa Camarones,0.083,pampa camarones,60.32156274011922,0.0,260.245,0,0,0.0
2017-02-01,Pampa Camarones,0.084,pampa camarones,60.01132816891117,0.0,269.504,0,0,0.0
2017-03-01,Pampa Camarones,0.079,pampa camarones,59.70268913808372,0.0,264.06,0,0,0.0
2017-04-01,Pampa Camarones,0.065,pampa camarones,59.39563744175222,0.0,258.442,0,0,0.0
2017-05-01,Pampa Camarones,0.0,pampa camarones,59.09016491623498,0.0,253.626,0,0,0.0
2017-06-01,Pampa Camarones,0.0,pampa camarones,58.786263439836254,0.0,258.524,0,0,0.0
2017-07-01,Pampa Camarones,0.0,pampa camarones,58.48392493263025,0.0,271.185,0,0,0.0
2017-08-01,Pampa Camarones,0.0,pampa camarones,67.68314135624637,9.5,293.845,0,0,0.0
2017-09-01,Pampa Camarones,0.0,pampa camarones,67.3350460917531,0.0,298.609,0,0,0.0
2017-10-01,Pampa Camarones,0.0,pampa camarones,66.98874108567182,0.0,308.324,0,0,0.0
2017-11-01,Pampa Camarones,0.0,pampa camarones,66.64421713068054,0.0,309.603,0,0,0.0
2017-12-01,Pampa Camarones,0.0,pampa camarones,66.30146506681066,0.0,308.495,0,0,0.0
2018-01-01,Pampa Camarones,0.0,pampa camarones,65.9604757812034,0.0,321.157,0,0,0.0
2018-02-01,Pampa Camarones,0.0,pampa camarones,65.62124020786753,0.0,317.596,0,0,0.0
2018-03-01,Pampa Camarones,0.0,pampa camarones,65.28374932743833,0.0,308.251,0,0,0.0
2018-04-01,Pampa Camarones,0.0,pampa camarones,64.9479941669378,0.0,310.191,0,0,0.0
2018-05-01,Pampa Camarones,0.0,pampa camarones,64.61396579953607,0.0,309.43,0,0,0.0
2018-06-01,Pampa Camarones,0.0,pampa camarones,64.28165534431409,0.0,315.464,0,0,0.0
2018-07-01,Pampa Camarones,0.0,pampa camarones,63.95105396602746,0.0,283.413,0,0,0.0
2018-08-01,Pampa Camarones,0.0,pampa camarones,63.62215287487158,0.0,273.959,0,0,0.0
2018-09-01,Pampa Camarones,0.0,pampa camarones,63.29494332624792,0.0,273.064,0,0,0.0
2018-10-01,Pampa Camarones,0.0,pampa camarones,62.96941662053152,0.0,281.948,0,0,0.0
2018-11-01,Pampa Camarones,0.0,pampa camarones,62.64556410283972,0.0,280.91,0,0,0.0
2018-12-01,Pampa Camarones,0.0,pampa camarones,62.32337716280203,0.0,276.429,0,0,0.0
2019-01-01,Pampa Camarones,0.0,pampa camarones,62.0028472343312,0.0,269.072,0,0,0.0
2019-02-01,Pampa Camarones,0.0,pampa camarones,61.68396579539547,0.0,284.774,0,0,0.0
2019-03-01,Pampa Camarones,0.0,pampa camarones,61.366724367792024,0.0,292.614,0,0,0.0
2019-04-01,Pampa Camarones,0.0,pampa camarones,61.05111451692153,0.0,292.345,0,0,0.0
2019-05-01,Pampa Camarones,0.0,pampa camarones,60.73712785156391,0.0,273.44,0,0,0.0
2019-06-01,Pampa Camarones,0.0,pampa camarones,60.42475602365525,0.0,266.187,0,0,0.0
2019-07-01,Pampa Camarones,0.371,pampa camarones,60.11399072806582,0.0,269.427,0,0,0.0
2019-08-01,Pampa Camarones,0.307,pampa camarones,59.804823702379295,0.0,258.91,0,0,0.0
2019-09-01,Pampa Camarones,0.301,pampa camarones,59.49724672667305,0.0,260.611,0,0,0.0
2019-10-01,Pampa Camarones,0.454,pampa camarones,59.191251623299635,0.0,260.493,0,0,0.0
2019-11-01,Pampa Camarones,0.427,pampa camarones,58.88683025666934,0.0,265.791,0,0,0.0
2019-12-01,Pampa Camarones,0.513,pampa camarones,58.58397453303391,0.0,274.987,0,0,0.0
2020-01-01,Pampa Camarones,0.601,pampa camarones,58.28267640027133,0.0,274.387,0,0,0.0
2020-02-01,Pampa Camarones,0.453,pampa camarones,57.982927847671746,0.0,257.933,0,0,0.0
2020-03-01,Pampa Camarones,0.603,pampa camarones,57.684720905724504,0.0,234.901,0,0,0.0
2020-04-01,Pampa Camarones,0.55,pampa camarones,57.38804764590624,0.0,228.985,0,0,0.0
2020-05-01,Pampa Camarones,0.501,pampa camarones,57.09290018047008,0.0,237.402,0,0,0.0
2020-06-01,Pampa Camarones,0.502,pampa camarones,56.79927066223594,0.0,260.47,0,0,0.0
2020-07-01,Pampa Camarones,0.616,pampa camarones,56.50715128438188,0.0,288.202,0,0,0.0
2020-08-01,Pampa Camarones,0.67,pampa camarones,56.21653428023654,0.0,294.685,0,0,0.0
2020-09-01,Pampa Camarones,0.677,pampa camarones,55.92741192307267,0.0,304.47,0,0,0.0
2020-10-01,Pampa Camarones,0.717,pampa camarones,55.63977652590166,0.0,304.033,0,0,0.0
2020-11-01,Pampa Camarones,0.7,pampa camarones,55.353620441269186,0.0,320.392,0,0,0.0
2020-12-01,Pampa Camarones,0.635,pampa camarones,55.06893606105188,0.0,351.772,0,0,0.0
2021-01-01,Pampa Camarones,0.704,pampa camarones,54.78571581625505,0.0,361.536,0,0,0.0
2021-02-01,Pampa Camarones,0.655,pampa camarones,54.503952176811445,0.0,383.751,0,0,0.0
2021-03-01,Pampa Camarones,0.61,pampa camarones,54.22363765138104,0.0,408.459,0,0,0.0
2021-04-01,Pampa Camarones,0.604,pampa camarones,53.94476478715187,0.0,423.454,0,0,0.0
2021-05-01,Pampa Camarones,0.501,pampa camarones,53.667326169641875,0.0,461.937,0,0,0.0
2021-06-01,Pampa Camarones,0.606,pampa camarones,53.39131442250178,0.0,436.013,0,0,0.0
2021-07-01,Pampa Camarones,0.6,pampa camarones,53.11672220731896,0.0,427.901,0,0,0.0
2021-08-01,Pampa Camarones,0.52,pampa camarones,52.84354222342234,0.0,424.435,0,0,0.0
2021-09-01,Pampa Camarones,0.5,pampa camarones,52.5717672076883,0.0,422.933,0,0,0.0
2021-10-01,Pampa Camarones,0.464,pampa camarones,52.301389934347554,0.0,443.545,0,0,0.0
2021-11-01,Pampa Camarones,0.462,pampa camarones,52.03240321479303,0.0,442.955,0,0,0.0
2021-12-01,Pampa Camarones,0.47,pampa camarones,51.76479989738876,0.0,433.195,0,0,0.0
2022-01-01,Pampa Camarones,0.402,pampa camarones,51.49857286727975,0.0,443.429,0,0,0.0
2022-02-01,Pampa Camarones,0.401,pampa camarones,51.23371504620276,0.0,450.932,0,0,0.0
2022-03-01,Pampa Camarones,0.55,pampa camarones,50.970219392298176,0.0,464.369,0,0,0.0
2022-04-01,Pampa Camarones,0.583,pampa camarones,50.708078899922754,0.0,461.899,0,0,0.0
2022-05-01,Pampa Camarones,0.597,pampa camarones,50.44728659946336,0.0,424.69,0,0,0.0
2022-06-01,Pampa Camarones,0.563,pampa camarones,50.18783555715167,0.0,409.736,0,0,0.0
2022-07-01,Pampa Camarones,0.577,pampa camarones,49.92971887487982,0.0,341.545,0,0,0.0
2022-08-01,Pampa Camarones,0.506,pampa camarones,49.672929690017,0.0,361.104,0,0,0.0
2022-09-01,Pampa Camarones,0.638,pampa camarones,49.41746117522701,0.0,350.84,0,0,0.0
2022-10-01,Pampa Camarones,0.572,pampa camarones,49.1633065382867,0.0,345.693,0,0,0.0
2022-11-01,Pampa Camarones,0.402,pampa camarones,48.910459021905446,0.0,364.233,0,0,0.0
2022-12-01,Pampa Camarones,0.434,pampa camarones,48.65891190354544,0.0,379.531,0,0,0.0
2023-01-01,Pampa Camarones,0.501,pampa camarones,48.50865849524296,0.1,408.224,0,0,0.0
2023-02-01,Pampa Camarones,0.409,pampa camarones,48.25917784214741,0.0,406.201,0,0,0.0
2023-03-01,Pampa Camarones,0.472,pampa camarones,48.010980271252016,0.0,400.782,0,0,0.0
2023-04-01,Pampa Camarones,0.485,pampa camarones,47.76405918364857,0.0,399.796,0,0,0.0
2023-05-01,Pampa Camarones,0.403,pampa camarones,47.51840801436711,0.0,373.501,0,0,0.0
2023-06-01,Pampa Camarones,0.39,pampa camarones,47.27402023220142,0.0,380.393,0,0,0.0
2023-07-01,Pampa Camarones,0.435,pampa camarones,47.03088933953536,0.0,383.071,0,0,0.0
2023-08-01,Pampa Camarones,0.443,pampa camarones,46.78900887217008,0.0,378.83,0,0,0.0
2023-09-01,Pampa Camarones,0.376,pampa camarones,46.54837239915223,0.0,375.16,0,0,0.0
2023-10-01,Pampa Camarones,0.365,pampa camarones,46.30897352260291,0.0,360.137,0,0,0.0
2023-11-01,Pampa Camarones,0.355,pampa camarones,46.07080587754761,0.0,370.764,0,0,0.0
2023-12-01,Pampa Camarones,0.32,pampa camarones,45.83386313174696,0.0,380.75,0,0,0.0
2024-01-01,Pampa Camarones,0.445,pampa camarones,45.598138985528365,0.0,378.491,0,0,0.0
2024-02-01,Pampa Camarones,0.39,pampa camarones,45.363627171618546,0.0,376.969,0,0,0.0
2024-03-01,Pampa Camarones,0.445,pampa camarones,45.13032145497688,0.0,393.52,0,0,0.0
2024-04-01,Pampa Camarones,0.482,pampa camarones,44.89821563262963,0.0,430.116,0,0,0.0
2024-05-01,Pampa Camarones,0.473,pampa camarones,44.66730353350507,0.0,459.447,0,0,0.0
2024-06-01,Pampa Camarones,0.35,pampa camarones,44.437579018269325,0.0,437.336,0,0,0.0
2024-07-01,Pampa Camarones,0.383,pampa camarones,44.20903597916322,0.0,426.085,0,0,0.0
2024-08-01,Pampa Camarones,0.352,pampa camarones,43.98166833983986,0.0,406.587,0,0,0.0
2024-09-01,Pampa Camarones,0.361,pampa camarones,43.75547005520308,0.0,419.777,0,0,0.0
2024-10-01,Pampa Camarones,0.33,pampa camarones,43.53043511124672,0.0,432.693,0,0,0.0
2024-11-01,Pampa Camarones,0.27,pampa camarones,43.30655752489475,0.0,411.625,0,0,0.0
2024-12-01,Pampa Camarones,0.365,pampa camarones,43.083831343842135,0.0,404.583,0,0,0.0
2025-01-01,Pampa Camarones,0.313,pampa camarones,42.86225064639666,0.0,407.216,0,0,0.0
2025-02-01,Pampa Camarones,0.245,pampa camarones,42.64180954132143,0.0,423.168,0,0,0.0
2025-03-01,Pampa Camarones,0.311,pampa camarones,42.42250216767826,0.0,441.394,0,0,0.0
2025-04-01,Pampa Camarones,0.237,pampa camarones,42.20432269467185,0.0,416.948,0,0,0.0
2025-05-01,Pampa Camarones,0.269,pampa camarones,41.98726532149476,0.0,432.263,0,0,9.5
2025-06-01,Pampa Camarones,0.287,pampa camarones,41.77132427717316,0.0,446.051,0,0,0.0
2025-07-01,Pampa Camarones,0.249,pampa camarones,41.556493820413415,0.0,443.533,0,0,0.0
2025-08-01,Pampa Camarones,0.256,pampa camarones,41.342768239449455,0.0,437.529,0,0,0.0
2025-09-01,Pampa Camarones,0.338,pampa camarones,41.13014185189088,0.0,451.448,0,0,0.0
2025-10-01,Pampa Camarones,0.376,pampa camarones,40.91860900457191,0.0,485.164,0,0,0.0
2025-11-01,Pampa Camarones,0.4,pampa camarones,40.70816407340105,0.0,489.915,0,0,0.0
2025-12-01,Pampa Camarones,0.362,pampa camarones,40.49880146321159,0.0,535.411,0,0,0.0
2026-01-01,Pampa Camarones,0.347,pampa camarones,40.49880146321159,0.0,535.411,0,0,0.0
2026-02-01,Pampa Camarones,0.348,pampa camarones,40.49880146321159,0.0,535.411,0,0,0.0
2026-03-01,Pampa Camarones,0.323,pampa camarones,40.49880146321159,0.0,535.411,0,0,0.0
2014-01-01,Quebrada Blanca,5.0,quebrada blanca,10083.532032878316,0.0,330.891,0,0,0.0
2014-02-01,Quebrada Blanca,4.4,quebrada blanca,10031.672298243126,0.0,324.416,0,0,0.0
2014-03-01,Quebrada Blanca,4.6,quebrada blanca,9980.07927888862,0.0,302.448,0,0,0.0
2014-04-01,Quebrada Blanca,3.8,quebrada blanca,9928.751603094684,0.0,302.584,0,0,0.0
2014-05-01,Quebrada Blanca,2.7,quebrada blanca,9877.687906195986,0.0,312.247,0,1,70.0
2014-06-01,Quebrada Blanca,3.9,quebrada blanca,9826.886830545678,0.0,308.719,0,1,0.0
2014-07-01,Quebrada Blanca,3.5,quebrada blanca,9941.34702547931,165.0,322.255,0,1,0.0
2014-08-01,Quebrada Blanca,4.0,quebrada blanca,9890.218550161666,0.0,317.54,0,1,0.0
2014-09-01,Quebrada Blanca,3.8,quebrada blanca,9839.35302924865,0.0,311.719,0,1,0.0
2014-10-01,Quebrada Blanca,3.9,quebrada blanca,9788.749110362389,0.0,305.685,0,1,0.0
2014-11-01,Quebrada Blanca,3.9,quebrada blanca,9738.4054480803,0.0,303.958,0,1,0.0
2014-12-01,Quebrada Blanca,4.6,quebrada blanca,9688.320703899328,0.0,291.34,0,1,0.0
2015-01-01,Quebrada Blanca,4.0,quebrada blanca,9638.493546200358,0.0,263.802,0,1,0.0
2015-02-01,Quebrada Blanca,4.0,quebrada blanca,9588.922650212806,0.0,258.642,0,1,0.0
2015-03-01,Quebrada Blanca,4.2,quebrada blanca,9539.606697979403,0.0,268.792,0,1,0.0
2015-04-01,Quebrada Blanca,4.3,quebrada blanca,9490.54437832115,0.0,273.447,0,1,0.0
2015-05-01,Quebrada Blanca,3.6,quebrada blanca,9441.73438680246,0.0,285.791,0,1,0.0
2015-06-01,Quebrada Blanca,3.5,quebrada blanca,9393.17542569647,0.0,264.608,0,1,0.0
2015-07-01,Quebrada Blanca,1.0,quebrada blanca,9344.866203950549,0.0,247.521,0,1,0.0
2015-08-01,Quebrada Blanca,2.2,quebrada blanca,9296.805437151965,0.0,230.83,0,1,0.0
2015-09-01,Quebrada Blanca,3.0,quebrada blanca,9248.99184749373,0.0,236.235,0,1,0.0
2015-10-01,Quebrada Blanca,3.1,quebrada blanca,9201.424163740645,0.0,236.894,0,1,0.0
2015-11-01,Quebrada Blanca,3.1,quebrada blanca,9154.10112119548,0.0,218.098,0,1,0.0
2015-12-01,Quebrada Blanca,3.1,quebrada blanca,9107.021461665368,0.0,209.968,0,1,0.0
2016-01-01,Quebrada Blanca,3.2,quebrada blanca,9060.183933428334,0.0,202.427,0,1,0.0
2016-02-01,Quebrada Blanca,2.5,quebrada blanca,9013.587291200036,0.0,208.447,0,1,0.0
2016-03-01,Quebrada Blanca,3.1,quebrada blanca,8967.230296100637,0.0,224.417,0,1,0.0
2016-04-01,Quebrada Blanca,2.9,quebrada blanca,8921.11171562188,0.0,220.043,0,1,0.0
2016-05-01,Quebrada Blanca,2.7,quebrada blanca,8875.23032359431,0.0,213.567,0,1,0.0
2016-06-01,Quebrada Blanca,2.8,quebrada blanca,8829.584900154681,0.0,210.042,0,1,0.0
2016-07-01,Quebrada Blanca,2.9,quebrada blanca,8784.174231713516,0.0,220.255,0,1,0.0
2016-08-01,Quebrada Blanca,2.8,quebrada blanca,8738.997110922845,0.0,215.829,0,1,0.0
2016-09-01,Quebrada Blanca,3.0,quebrada blanca,8694.052336644105,0.0,213.514,0,1,0.0
2016-10-01,Quebrada Blanca,3.1,quebrada blanca,13649.338713916204,5000.0,214.646,0,1,0.0
2016-11-01,Quebrada Blanca,2.9,quebrada blanca,13579.139989764635,0.0,246.902,0,1,0.0
2016-12-01,Quebrada Blanca,2.8,quebrada blanca,13509.302298552157,0.0,257.017,0,1,0.0
2017-01-01,Quebrada Blanca,2.4,quebrada blanca,13439.823783481726,0.0,260.245,0,1,0.0
2017-02-01,Quebrada Blanca,2.3,quebrada blanca,13370.70259730584,0.0,269.504,0,1,0.0
2017-03-01,Quebrada Blanca,2.2,quebrada blanca,13301.936902277408,0.0,264.06,0,1,0.0
2017-04-01,Quebrada Blanca,1.9,quebrada blanca,13233.524870100897,0.0,258.442,0,1,0.0
2017-05-01,Quebrada Blanca,1.9,quebrada blanca,13165.46468188372,0.0,253.626,0,1,0.0
2017-06-01,Quebrada Blanca,1.6,quebrada blanca,13097.754528087878,0.0,258.524,0,1,0.0
2017-07-01,Quebrada Blanca,1.7,quebrada blanca,13030.392608481856,0.0,271.185,0,1,0.0
2017-08-01,Quebrada Blanca,1.7,quebrada blanca,12963.377132092744,0.0,293.845,0,1,0.0
2017-09-01,Quebrada Blanca,1.6,quebrada blanca,12896.706317158629,0.0,298.609,0,1,0.0
2017-10-01,Quebrada Blanca,1.9,quebrada blanca,12830.378391081227,0.0,308.324,0,1,0.0
2017-11-01,Quebrada Blanca,2.0,quebrada blanca,12764.391590378757,0.0,309.603,0,1,0.0
2017-12-01,Quebrada Blanca,2.2,quebrada blanca,12698.744160639024,0.0,308.495,0,1,0.0
2018-01-01,Quebrada Blanca,2.1,quebrada blanca,12633.43435647282,0.0,321.157,0,1,0.0
2018-02-01,Quebrada Blanca,1.8,quebrada blanca,12568.460441467489,0.0,317.596,0,1,0.0
2018-03-01,Quebrada Blanca,2.2,quebrada blanca,12503.820688140762,0.0,308.251,0,1,0.0
2018-04-01,Quebrada Blanca,2.3,quebrada blanca,12439.51337789484,0.0,310.191,0,1,0.0
2018-05-01,Quebrada Blanca,2.3,quebrada blanca,12375.536800970694,0.0,309.43,0,1,0.0
2018-06-01,Quebrada Blanca,2.2,quebrada blanca,12311.889256402605,0.0,315.464,0,1,0.0
2018-07-01,Quebrada Blanca,2.4,quebrada blanca,12248.569051972943,0.0,283.413,0,1,0.0
2018-08-01,Quebrada Blanca,2.2,quebrada blanca,12185.574504167176,0.0,273.959,0,1,0.0
2018-09-01,Quebrada Blanca,2.0,quebrada blanca,12122.90393812911,0.0,273.064,0,1,0.0
2018-10-01,Quebrada Blanca,2.1,quebrada blanca,12060.555687616354,0.0,281.948,0,1,0.0
2018-11-01,Quebrada Blanca,1.9,quebrada blanca,11998.528094956027,0.0,280.91,0,1,0.0
2018-12-01,Quebrada Blanca,2.0,quebrada blanca,11936.81951100068,0.0,276.429,0,1,0.0
2019-01-01,Quebrada Blanca,2.149,quebrada blanca,11875.428295084448,0.0,269.072,0,1,0.0
2019-02-01,Quebrada Blanca,1.37,quebrada blanca,11814.352814979437,0.0,284.774,0,1,0.0
2019-03-01,Quebrada Blanca,2.102,quebrada blanca,11753.591446852311,0.0,292.614,0,1,0.0
2019-04-01,Quebrada Blanca,1.887,quebrada blanca,11693.142575221143,0.0,292.345,0,1,0.0
2019-05-01,Quebrada Blanca,1.837,quebrada blanca,11633.004592912448,0.0,273.44,0,1,3000.0
2019-06-01,Quebrada Blanca,1.769,quebrada blanca,11573.175901018443,0.0,266.187,0,1,0.0
2019-07-01,Quebrada Blanca,1.587,quebrada blanca,11513.654908854562,0.0,269.427,0,1,0.0
2019-08-01,Quebrada Blanca,1.342,quebrada blanca,11454.44003391714,0.0,258.91,0,1,0.0
2019-09-01,Quebrada Blanca,1.841,quebrada blanca,11395.529701841358,0.0,260.611,0,1,0.0
2019-10-01,Quebrada Blanca,1.807,quebrada blanca,11336.922346359368,0.0,260.493,0,1,0.0
2019-11-01,Quebrada Blanca,1.662,quebrada blanca,11278.616409258662,0.0,265.791,0,1,0.0
2019-12-01,Quebrada Blanca,1.78,quebrada blanca,11220.610340340636,0.0,274.987,0,1,0.0
2020-01-01,Quebrada Blanca,1.119,quebrada blanca,11162.90259737938,0.0,274.387,0,1,0.0
2020-02-01,Quebrada Blanca,1.163,quebrada blanca,11105.491646080667,0.0,257.933,0,1,0.0
2020-03-01,Quebrada Blanca,1.041,quebrada blanca,11048.375960041172,0.0,234.901,0,1,0.0
2020-04-01,Quebrada Blanca,1.152,quebrada blanca,10991.554020707876,0.0,228.985,0,1,0.0
2020-05-01,Quebrada Blanca,1.202,quebrada blanca,10935.0243173377,0.0,237.402,0,1,0.0
2020-06-01,Quebrada Blanca,1.164,quebrada blanca,10878.785346957337,0.0,260.47,0,1,0.0
2020-07-01,Quebrada Blanca,1.107,quebrada blanca,10822.835614323289,0.0,288.202,0,1,0.0
2020-08-01,Quebrada Blanca,1.078,quebrada blanca,10767.173631882111,0.0,294.685,0,1,0.0
2020-09-01,Quebrada Blanca,1.078,quebrada blanca,10781.797919730876,70.0,304.47,0,1,0.0
2020-10-01,Quebrada Blanca,1.119,quebrada blanca,10726.346994679578,0.0,304.033,0,1,0.0
2020-11-01,Quebrada Blanca,1.11,quebrada blanca,10671.181254447354,0.0,320.392,0,1,0.0
2020-12-01,Quebrada Blanca,1.033,quebrada blanca,10616.299232325024,0.0,351.772,0,1,0.0
2021-01-01,Quebrada Blanca,1.0,quebrada blanca,10561.699469146704,0.0,361.536,0,1,0.0
2021-02-01,Quebrada Blanca,0.9,quebrada blanca,10507.380513251026,0.0,383.751,0,1,0.0
2021-03-01,Quebrada Blanca,1.0,quebrada blanca,10453.34092044253,0.0,408.459,0,1,0.0
2021-04-01,Quebrada Blanca,1.0,quebrada blanca,10399.579253953274,0.0,423.454,0,1,0.0
2021-05-01,Quebrada Blanca,1.0,quebrada blanca,10346.094084404633,0.0,461.937,0,1,0.0
2021-06-01,Quebrada Blanca,1.0,quebrada blanca,10292.883989769292,0.0,436.013,0,1,0.0
2021-07-01,Quebrada Blanca,0.9,quebrada blanca,10239.947555333443,0.0,427.901,0,1,0.0
2021-08-01,Quebrada Blanca,0.9,quebrada blanca,10187.28337365917,0.0,424.435,0,1,0.0
2021-09-01,Quebrada Blanca,1.0,quebrada blanca,10134.890044547024,0.0,422.933,0,1,0.0
2021-10-01,Quebrada Blanca,1.0,quebrada blanca,10082.766174998804,0.0,443.545,0,1,0.0
2021-11-01,Quebrada Blanca,1.0,quebrada blanca,10030.910379180514,0.0,442.955,0,1,0.0
2021-12-01,Quebrada Blanca,0.9,quebrada blanca,9979.321278385522,0.0,433.195,0,1,0.0
2022-01-01,Quebrada Blanca,0.777,quebrada blanca,9927.9975009979,0.0,443.429,0,1,0.0
2022-02-01,Quebrada Blanca,0.7,quebrada blanca,9876.937682455962,0.0,450.932,0,1,0.0
2022-03-01,Quebrada Blanca,0.8,quebrada blanca,9826.140465215976,0.0,464.369,0,1,0.0
2022-04-01,Quebrada Blanca,0.8,quebrada blanca,9775.604498716077,0.0,461.899,0,1,0.0
2022-05-01,Quebrada Blanca,0.8392000000000001,quebrada blanca,9725.328439340354,0.0,424.69,0,1,0.0
2022-06-01,Quebrada Blanca,0.745741,quebrada blanca,9675.310950383133,0.0,409.736,0,1,0.0
2022-07-01,Quebrada Blanca,0.739655,quebrada blanca,9625.550702013436,0.0,341.545,0,1,0.0
2022-08-01,Quebrada Blanca,0.92,quebrada blanca,9576.046371239618,0.0,361.104,0,1,0.0
2022-09-01,Quebrada Blanca,0.902,quebrada blanca,9526.7966418742,0.0,350.84,0,1,0.0
2022-10-01,Quebrada Blanca,0.78,quebrada blanca,9477.800204498872,0.0,345.693,0,1,0.0
2022-11-01,Quebrada Blanca,0.705,quebrada blanca,9429.05575642968,0.0,364.233,0,1,0.0
2022-12-01,Quebrada Blanca,0.805,quebrada blanca,9380.562001682389,0.0,379.531,0,1,0.0
2023-01-01,Quebrada Blanca,0.72,quebrada blanca,12332.317650938025,3000.0,408.224,1,1,0.0
2023-02-01,Quebrada Blanca,0.665,quebrada blanca,12268.892383013132,0.0,406.201,1,1,0.0
2023-03-01,Quebrada Blanca,0.525,quebrada blanca,12205.793312055042,0.0,400.782,1,1,0.0
2023-04-01,Quebrada Blanca,0.608,quebrada blanca,12143.018760428564,0.0,399.796,1,1,0.0
2023-05-01,Quebrada Blanca,0.253,quebrada blanca,12080.567059126612,0.0,373.501,1,1,0.0
2023-06-01,Quebrada Blanca,3.785888,quebrada blanca,12018.436547725829,0.0,380.393,1,1,0.0
2023-07-01,Quebrada Blanca,3.220801,quebrada blanca,11956.625574342424,0.0,383.071,1,1,0.0
2023-08-01,Quebrada Blanca,7.032666,quebrada blanca,11895.132495588276,0.0,378.83,1,1,0.0
2023-09-01,Quebrada Blanca,10.34802,quebrada blanca,11833.955676527234,0.0,375.16,1,1,0.0
2023-10-01,Quebrada Blanca,9.569191,quebrada blanca,11773.09349063163,0.0,360.137,1,1,0.0
2023-11-01,Quebrada Blanca,13.779,quebrada blanca,11712.54431973906,0.0,370.764,1,1,0.0
2023-12-01,Quebrada Blanca,13.810559,quebrada blanca,11652.306554009348,0.0,380.75,1,1,0.0
2024-01-01,Quebrada Blanca,13.711,quebrada blanca,11592.378591881745,0.0,378.491,1,1,0.0
2024-02-01,Quebrada Blanca,14.0,quebrada blanca,11532.758840032346,0.0,376.969,1,1,0.0
2024-03-01,Quebrada Blanca,15.609,quebrada blanca,11473.44571333174,0.0,393.52,1,1,0.0
2024-04-01,Quebrada Blanca,14.652,quebrada blanca,11414.43763480285,0.0,430.116,1,1,0.0
2024-05-01,Quebrada Blanca,17.291,quebrada blanca,11355.733035579016,0.0,459.447,1,1,0.0
2024-06-01,Quebrada Blanca,19.362,quebrada blanca,11297.330354862275,0.0,437.336,1,1,0.0
2024-07-01,Quebrada Blanca,15.027,quebrada blanca,11239.228039881877,0.0,426.085,1,1,0.0
2024-08-01,Quebrada Blanca,19.689,quebrada blanca,11181.42454585298,0.0,406.587,1,1,0.0
2024-09-01,Quebrada Blanca,17.764,quebrada blanca,11123.9183359356,0.0,419.777,1,1,0.0
2024-10-01,Quebrada Blanca,16.397,quebrada blanca,11066.707881193732,0.0,432.693,1,1,0.0
2024-11-01,Quebrada Blanca,22.123,quebrada blanca,11009.791660554716,0.0,411.625,1,1,5000.0
2024-12-01,Quebrada Blanca,22.143,quebrada blanca,10953.168160768786,0.0,404.583,1,1,0.0
2025-01-01,Quebrada Blanca,8.245,quebrada blanca,10896.835876368836,0.0,407.216,1,1,0.0
2025-02-01,Quebrada Blanca,14.086,quebrada blanca,10840.793309630404,0.0,423.168,1,1,0.0
2025-03-01,Quebrada Blanca,19.905,quebrada blanca,10785.038970531834,0.0,441.394,1,1,0.0
2025-04-01,Quebrada Blanca,16.739,quebrada blanca,10729.57137671468,0.0,416.948,1,1,0.0
2025-05-01,Quebrada Blanca,17.594,quebrada blanca,10674.389053444274,0.0,432.263,1,1,0.0
2025-06-01,Quebrada Blanca,18.397,quebrada blanca,10619.49053357054,0.0,446.051,1,1,0.0
2025-07-01,Quebrada Blanca,18.102,quebrada blanca,10564.874357488963,0.0,443.533,1,1,0.0
2025-08-01,Quebrada Blanca,15.717,quebrada blanca,10510.5390731018,0.0,437.529,1,1,0.0
2025-09-01,Quebrada Blanca,5.768,quebrada blanca,10456.483235779462,0.0,451.448,1,1,0.0
2025-10-01,Quebrada Blanca,16.879,quebrada blanca,10402.705408322106,0.0,485.164,1,1,0.0
2025-11-01,Quebrada Blanca,17.736,quebrada blanca,10490.204160921432,141.0,489.915,1,1,0.0
2025-12-01,Quebrada Blanca,20.859,quebrada blanca,10436.252906313372,0.0,535.411,1,1,0.0
2026-01-01,Quebrada Blanca,17.469,quebrada blanca,10436.252906313372,0.0,535.411,1,1,0.0
2026-02-01,Quebrada Blanca,16.787,quebrada blanca,10436.252906313372,0.0,535.411,1,1,0.0
2026-03-01,Quebrada Blanca,21.216,quebrada blanca,10436.252906313372,0.0,535.411,1,1,0.0
2014-01-01,Radomiro Tomic,32.881,radomiro tomic,6194.089044445971,0.0,330.891,0,0,0.0
2014-02-01,Radomiro Tomic,25.4,radomiro tomic,6162.232765008932,0.0,324.416,0,0,0.0
2014-03-01,Radomiro Tomic,22.86,radomiro tomic,6130.540322825811,0.0,302.448,0,0,0.0
2014-04-01,Radomiro Tomic,18.886,radomiro tomic,6099.0108752795095,0.0,302.584,0,0,0.0
2014-05-01,Radomiro Tomic,27.156,radomiro tomic,6067.64358408652,0.0,312.247,0,0,0.0
2014-06-01,Radomiro Tomic,29.093,radomiro tomic,6036.4376152746345,0.0,308.719,0,0,0.0
2014-07-01,Radomiro Tomic,26.54,radomiro tomic,6005.392139160778,0.0,322.255,0,0,0.0
2014-08-01,Radomiro Tomic,28.177,radomiro tomic,5974.506330328945,0.0,317.54,0,0,0.0
2014-09-01,Radomiro Tomic,23.229,radomiro tomic,5943.7793676082565,0.0,311.719,0,0,0.0
2014-10-01,Radomiro Tomic,29.903,radomiro tomic,5913.210434051122,0.0,305.685,0,0,0.0
2014-11-01,Radomiro Tomic,30.224,radomiro tomic,5882.798716911528,0.0,303.958,0,0,0.0
2014-12-01,Radomiro Tomic,32.929,radomiro tomic,5943.5434076234205,91.0,291.34,0,0,0.0
2015-01-01,Radomiro Tomic,25.498,radomiro tomic,5912.975687611516,0.0,263.802,0,0,0.0
2015-02-01,Radomiro Tomic,26.352,radomiro tomic,5882.565177775873,0.0,258.642,0,0,0.0
2015-03-01,Radomiro Tomic,26.874,radomiro tomic,5852.311069582537,0.0,268.792,0,0,0.0
2015-04-01,Radomiro Tomic,25.0,radomiro tomic,5822.212558655855,0.0,273.447,0,0,0.0
2015-05-01,Radomiro Tomic,24.773,radomiro tomic,5792.268844757087,0.0,285.791,0,0,0.0
2015-06-01,Radomiro Tomic,27.404,radomiro tomic,5762.479131763133,0.0,264.608,0,0,0.0
2015-07-01,Radomiro Tomic,27.023,radomiro tomic,5732.842627645364,0.0,247.521,0,0,0.0
2015-08-01,Radomiro Tomic,26.112,radomiro tomic,5703.3585444485625,0.0,230.83,0,0,0.0
2015-09-01,Radomiro Tomic,24.875,radomiro tomic,5674.0260982699765,0.0,236.235,0,0,0.0
2015-10-01,Radomiro Tomic,27.194,radomiro tomic,5644.844509238475,0.0,236.894,0,0,0.0
2015-11-01,Radomiro Tomic,27.517,radomiro tomic,5615.813001493817,0.0,218.098,0,0,0.0
2015-12-01,Radomiro Tomic,27.127,radomiro tomic,5586.930803166016,0.0,209.968,0,0,0.0
2016-01-01,Radomiro Tomic,29.594,radomiro tomic,5558.197146354826,0.0,202.427,0,0,0.0
2016-02-01,Radomiro Tomic,26.985,radomiro tomic,5529.6112671093215,0.0,208.447,0,0,0.0
2016-03-01,Radomiro Tomic,26.991,radomiro tomic,5501.172405407586,0.0,224.417,0,0,0.0
2016-04-01,Radomiro Tomic,26.243,radomiro tomic,5472.879805136504,0.0,220.043,0,0,0.0
2016-05-01,Radomiro Tomic,21.369,radomiro tomic,5444.7327140716625,0.0,213.567,0,0,0.0
2016-06-01,Radomiro Tomic,24.612,radomiro tomic,5416.730383857346,0.0,210.042,0,0,0.0
2016-07-01,Radomiro Tomic,25.725,radomiro tomic,5388.872069986643,0.0,220.255,0,0,0.0
2016-08-01,Radomiro Tomic,27.697,radomiro tomic,5361.157031781649,0.0,215.829,0,0,0.0
2016-09-01,Radomiro Tomic,25.389,radomiro tomic,5333.584532373778,0.0,213.514,0,0,0.0
2016-10-01,Radomiro Tomic,27.212,radomiro tomic,5306.153838684167,0.0,214.646,0,0,0.0
2016-11-01,Radomiro Tomic,27.842,radomiro tomic,5278.864221404187,0.0,246.902,0,0,0.0
2016-12-01,Radomiro Tomic,28.597,radomiro tomic,5251.714954976054,0.0,257.017,0,0,0.0
2017-01-01,Radomiro Tomic,25.704,radomiro tomic,5224.705317573536,0.0,260.245,0,0,0.0
2017-02-01,Radomiro Tomic,22.867,radomiro tomic,5197.834591082762,0.0,269.504,0,0,0.0
2017-03-01,Radomiro Tomic,26.118,radomiro tomic,5171.10206108313,0.0,264.06,0,0,0.0
2017-04-01,Radomiro Tomic,26.958,radomiro tomic,5144.507016828314,0.0,258.442,0,0,0.0
2017-05-01,Radomiro Tomic,24.977,radomiro tomic,5118.048751227362,0.0,253.626,0,0,0.0
2017-06-01,Radomiro Tomic,25.434,radomiro tomic,5091.726560825904,0.0,258.524,0,0,882.0
2017-07-01,Radomiro Tomic,28.572,radomiro tomic,5065.539745787442,0.0,271.185,0,0,0.0
2017-08-01,Radomiro Tomic,24.874,radomiro tomic,5039.487609874748,0.0,293.845,0,0,0.0
2017-09-01,Radomiro Tomic,21.836,radomiro tomic,5013.569460431349,0.0,298.609,0,0,0.0
2017-10-01,Radomiro Tomic,29.09,radomiro tomic,4987.784608363116,0.0,308.324,0,0,0.0
2017-11-01,Radomiro Tomic,32.334,radomiro tomic,4962.132368119936,0.0,309.603,0,0,0.0
2017-12-01,Radomiro Tomic,30.114,radomiro tomic,4936.612057677491,0.0,308.495,0,0,0.0
2018-01-01,Radomiro Tomic,31.738,radomiro tomic,4911.222998519124,0.0,321.157,0,0,0.0
2018-02-01,Radomiro Tomic,29.418,radomiro tomic,5094.812515617797,208.848,317.596,0,0,0.0
2018-03-01,Radomiro Tomic,34.75,radomiro tomic,5068.609829474242,0.0,308.251,0,0,0.0
2018-04-01,Radomiro Tomic,25.291,radomiro tomic,5042.541904081752,0.0,310.191,0,0,0.0
2018-05-01,Radomiro Tomic,27.79,radomiro tomic,5016.608046364055,0.0,309.43,0,0,0.0
2018-06-01,Radomiro Tomic,29.367,radomiro tomic,4990.807566809378,0.0,315.464,0,0,0.0
2018-07-01,Radomiro Tomic,28.301,radomiro tomic,4965.139779452118,0.0,283.413,0,0,0.0
2018-08-01,Radomiro Tomic,25.456,radomiro tomic,4939.604001854601,0.0,273.959,0,0,0.0
2018-09-01,Radomiro Tomic,22.052,radomiro tomic,4914.199555088939,0.0,273.064,0,0,0.0
2018-10-01,Radomiro Tomic,24.608,radomiro tomic,4888.925763718978,0.0,281.948,0,0,0.0
2018-11-01,Radomiro Tomic,27.905,radomiro tomic,4863.781955782341,0.0,280.91,0,0,0.0
2018-12-01,Radomiro Tomic,25.991,radomiro tomic,4838.767462772564,0.0,276.429,0,0,0.0
2019-01-01,Radomiro Tomic,22.082,radomiro tomic,4813.881619621317,0.0,269.072,0,0,0.0
2019-02-01,Radomiro Tomic,17.785,radomiro tomic,4789.1237646807285,0.0,284.774,0,0,0.0
2019-03-01,Radomiro Tomic,19.789,radomiro tomic,4764.493239705787,0.0,292.614,0,0,0.0
2019-04-01,Radomiro Tomic,21.678,radomiro tomic,4739.989389836846,0.0,292.345,0,0,0.0
2019-05-01,Radomiro Tomic,21.916,radomiro tomic,4715.611563582211,0.0,273.44,0,0,0.0
2019-06-01,Radomiro Tomic,24.171,radomiro tomic,4691.359112800815,0.0,266.187,0,0,0.0
2019-07-01,Radomiro Tomic,24.658,radomiro tomic,4667.231392684991,0.0,269.427,0,0,0.0
2019-08-01,Radomiro Tomic,22.707,radomiro tomic,4643.227761743326,0.0,258.91,0,0,0.0
2019-09-01,Radomiro Tomic,23.103,radomiro tomic,4619.347581783603,0.0,260.611,0,0,0.0
2019-10-01,Radomiro Tomic,21.219,radomiro tomic,4595.59021789584,0.0,260.493,0,0,0.0
2019-11-01,Radomiro Tomic,22.281,radomiro tomic,5453.9550384354025,882.0,265.791,0,0,0.0
2019-12-01,Radomiro Tomic,25.026,radomiro tomic,5425.905277688544,0.0,274.987,0,0,0.0
2020-01-01,Radomiro Tomic,19.9,radomiro tomic,5397.999777221135,0.0,274.387,0,0,0.0
2020-02-01,Radomiro Tomic,21.238,radomiro tomic,5370.23779510071,0.0,257.933,0,0,0.0
2020-03-01,Radomiro Tomic,23.618,radomiro tomic,5342.618593210566,0.0,234.901,0,0,0.0
2020-04-01,Radomiro Tomic,20.468,radomiro tomic,5315.141437230149,0.0,228.985,0,0,0.0
2020-05-01,Radomiro Tomic,19.332,radomiro tomic,5287.805596615521,0.0,237.402,0,0,0.0
2020-06-01,Radomiro Tomic,21.182,radomiro tomic,5260.610344579942,0.0,260.47,0,0,0.0
2020-07-01,Radomiro Tomic,19.38,radomiro tomic,5233.554958074546,0.0,288.202,0,0,0.0
2020-08-01,Radomiro Tomic,17.95,radomiro tomic,5206.638717769119,0.0,294.685,0,0,0.0
2020-09-01,Radomiro Tomic,19.0,radomiro tomic,5179.860908032966,0.0,304.47,0,0,0.0
2020-10-01,Radomiro Tomic,24.698,radomiro tomic,5153.220816915895,0.0,304.033,0,0,0.0
2020-11-01,Radomiro Tomic,25.675,radomiro tomic,5126.717736129279,0.0,320.392,0,0,0.0
2020-12-01,Radomiro Tomic,28.211,radomiro tomic,5100.350961027231,0.0,351.772,0,0,0.0
2021-01-01,Radomiro Tomic,22.516,radomiro tomic,5074.119790587868,0.0,361.536,0,0,0.0
2021-02-01,Radomiro Tomic,18.797,radomiro tomic,5048.023527394668,0.0,383.751,0,0,0.0
2021-03-01,Radomiro Tomic,24.639,radomiro tomic,5022.061477617934,0.0,408.459,0,0,0.0
2021-04-01,Radomiro Tomic,22.696,radomiro tomic,4996.232950996341,0.0,423.454,0,0,0.0
2021-05-01,Radomiro Tomic,25.222,radomiro tomic,4970.53726081859,0.0,461.937,0,0,0.0
2021-06-01,Radomiro Tomic,24.036,radomiro tomic,4944.973723905146,0.0,436.013,0,0,0.0
2021-07-01,Radomiro Tomic,23.227,radomiro tomic,5377.541660590074,458.0,427.901,0,0,0.0
2021-08-01,Radomiro Tomic,29.789,radomiro tomic,5349.8848948259965,0.0,424.435,0,0,0.0
2021-09-01,Radomiro Tomic,31.623,radomiro tomic,5322.3703681631305,0.0,422.933,0,0,0.0
2021-10-01,Radomiro Tomic,34.15,radomiro tomic,5294.997349063953,0.0,443.545,0,0,0.0
2021-11-01,Radomiro Tomic,34.444,radomiro tomic,5267.765109753249,0.0,442.955,0,0,0.0
2021-12-01,Radomiro Tomic,35.318,radomiro tomic,5240.672926198758,0.0,433.195,0,0,0.0
2022-01-01,Radomiro Tomic,20.479,radomiro tomic,5213.720078091931,0.0,443.429,0,0,0.0
2022-02-01,Radomiro Tomic,24.03,radomiro tomic,5186.905848828771,0.0,450.932,0,0,0.0
2022-03-01,Radomiro Tomic,25.867,radomiro tomic,5160.229525490787,0.0,464.369,0,0,0.0
2022-04-01,Radomiro Tomic,25.491,radomiro tomic,5133.690398826036,0.0,461.899,0,0,0.0
2022-05-01,Radomiro Tomic,25.158,radomiro tomic,5107.287763230267,0.0,424.69,0,0,0.0
2022-06-01,Radomiro Tomic,24.61,radomiro tomic,5081.020916728162,0.0,409.736,0,0,0.0
2022-07-01,Radomiro Tomic,25.265,radomiro tomic,5054.889160954668,0.0,341.545,0,0,0.0
2022-08-01,Radomiro Tomic,22.713,radomiro tomic,5028.891801136436,0.0,361.104,0,0,0.0
2022-09-01,Radomiro Tomic,22.308,radomiro tomic,5003.028146073342,0.0,350.84,0,0,0.0
2022-10-01,Radomiro Tomic,26.986,radomiro tomic,4977.297508120116,0.0,345.693,0,0,0.0
2022-11-01,Radomiro Tomic,28.17,radomiro tomic,4951.699203168054,0.0,364.233,0,0,0.0
2022-12-01,Radomiro Tomic,29.986,radomiro tomic,4926.2325506268335,0.0,379.531,0,0,0.0
2023-01-01,Radomiro Tomic,26.388,radomiro tomic,4900.896873406416,0.0,408.224,0,0,0.0
2023-02-01,Radomiro Tomic,22.833,radomiro tomic,4875.691497899045,0.0,406.201,0,0,0.0
2023-03-01,Radomiro Tomic,22.251,radomiro tomic,4850.6157539613405,0.0,400.782,0,0,0.0
2023-04-01,Radomiro Tomic,24.518,radomiro tomic,4825.6689748964745,0.0,399.796,0,0,0.0
2023-05-01,Radomiro Tomic,29.374,radomiro tomic,4800.850497436452,0.0,373.501,0,0,0.0
2023-06-01,Radomiro Tomic,29.737,radomiro tomic,4776.159661724473,0.0,380.393,0,0,0.0
2023-07-01,Radomiro Tomic,31.341,radomiro tomic,4751.595811297389,0.0,383.071,0,0,0.0
2023-08-01,Radomiro Tomic,27.705,radomiro tomic,4727.158293068251,0.0,378.83,0,0,0.0
2023-09-01,Radomiro Tomic,24.988,radomiro tomic,4702.846457308942,0.0,375.16,0,0,0.0
2023-10-01,Radomiro Tomic,22.463,radomiro tomic,4678.659657632909,0.0,360.137,0,0,0.0
2023-11-01,Radomiro Tomic,22.474,radomiro tomic,4654.597250977971,0.0,370.764,0,0,0.0
2023-12-01,Radomiro Tomic,30.734,radomiro tomic,4630.658597589224,0.0,380.75,0,0,0.0
2024-01-01,Radomiro Tomic,26.353,radomiro tomic,4606.843061002031,0.0,378.491,0,0,458.0
2024-02-01,Radomiro Tomic,24.035,radomiro tomic,4583.1500080251035,0.0,376.969,0,0,0.0
2024-03-01,Radomiro Tomic,14.149,radomiro tomic,4559.578808723661,0.0,393.52,0,0,0.0
2024-04-01,Radomiro Tomic,18.23,radomiro tomic,4536.128836402687,0.0,430.116,0,0,0.0
2024-05-01,Radomiro Tomic,22.926,radomiro tomic,4512.7994675902655,0.0,459.447,0,0,0.0
2024-06-01,Radomiro Tomic,21.505,radomiro tomic,4489.590082021005,0.0,437.336,0,0,0.0
2024-07-01,Radomiro Tomic,22.813,radomiro tomic,4466.500062619546,0.0,426.085,0,0,0.0
2024-08-01,Radomiro Tomic,23.105,radomiro tomic,4443.528795484156,0.0,406.587,0,0,0.0
2024-09-01,Radomiro Tomic,23.405,radomiro tomic,4420.675669870407,0.0,419.777,0,0,0.0
2024-10-01,Radomiro Tomic,21.542,radomiro tomic,4397.9400781749355,0.0,432.693,0,0,0.0
2024-11-01,Radomiro Tomic,24.374,radomiro tomic,4375.321415919293,0.0,411.625,0,0,0.0
2024-12-01,Radomiro Tomic,28.042,radomiro tomic,4352.81908173387,0.0,404.583,0,0,0.0
2025-01-01,Radomiro Tomic,20.887,radomiro tomic,4330.432477341909,0.0,407.216,0,0,0.0
2025-02-01,Radomiro Tomic,18.608,radomiro tomic,4308.161007543597,0.0,423.168,0,0,0.0
2025-03-01,Radomiro Tomic,24.207,radomiro tomic,4286.004080200241,0.0,441.394,0,0,0.0
2025-04-01,Radomiro Tomic,24.124,radomiro tomic,4263.961106218526,0.0,416.948,0,0,0.0
2025-05-01,Radomiro Tomic,25.759,radomiro tomic,4242.03149953485,0.0,432.263,0,0,0.0
2025-06-01,Radomiro Tomic,25.649,radomiro tomic,4220.214677099745,0.0,446.051,0,0,0.0
2025-07-01,Radomiro Tomic,23.844,radomiro tomic,4198.510058862374,0.0,443.533,0,0,0.0
2025-08-01,Radomiro Tomic,22.248,radomiro tomic,4176.9170677551065,0.0,437.529,0,0,0.0
2025-09-01,Radomiro Tomic,28.895,radomiro tomic,4155.4351296781815,0.0,451.448,0,0,0.0
2025-10-01,Radomiro Tomic,23.595,radomiro tomic,4134.063673484438,0.0,485.164,0,0,0.0
2025-11-01,Radomiro Tomic,27.195,radomiro tomic,4112.802130964134,0.0,489.915,0,0,0.0
2025-12-01,Radomiro Tomic,30.287,radomiro tomic,4091.6499368298378,0.0,535.411,0,0,0.0
2026-01-01,Radomiro Tomic,25.063,radomiro tomic,4091.6499368298378,0.0,535.411,0,0,0.0
2026-02-01,Radomiro Tomic,19.009,radomiro tomic,4091.6499368298378,0.0,535.411,0,0,0.0
2026-03-01,Radomiro Tomic,27.53,radomiro tomic,4091.6499368298378,0.0,535.411,0,0,0.0
2014-01-01,Salvador,5.2,salvador,1252.6678030706908,0.0,330.891,0,0,0.0
2014-02-01,Salvador,2.5,salvador,1246.2253164854867,0.0,324.416,0,0,0.0
2014-03-01,Salvador,4.3,salvador,1239.8159636914593,0.0,302.448,0,0,0.0
2014-04-01,Salvador,3.2,salvador,1233.4395742810952,0.0,302.584,0,0,0.0
2014-05-01,Salvador,2.7,salvador,1227.0959787232894,0.0,312.247,0,0,0.0
2014-06-01,Salvador,4.8,salvador,1220.785008358837,0.0,308.719,0,0,0.0
2014-07-01,Salvador,4.1,salvador,1214.5064953959504,0.0,322.255,0,0,0.0
2014-08-01,Salvador,5.2,salvador,1208.260272905797,0.0,317.54,0,0,0.0
2014-09-01,Salvador,5.6,salvador,1202.0461748180603,0.0,311.719,0,0,0.0
2014-10-01,Salvador,6.4,salvador,1195.8640359165274,0.0,305.685,0,0,0.0
2014-11-01,Salvador,3.9,salvador,1189.7136918346932,0.0,303.958,0,0,0.0
2014-12-01,Salvador,6.1,salvador,1183.594979051392,0.0,291.34,0,0,0.0
2015-01-01,Salvador,3.3,salvador,1177.5077348864493,0.0,263.802,0,0,0.0
2015-02-01,Salvador,2.4,salvador,1171.4517974963576,0.0,258.642,0,0,0.0
2015-03-01,Salvador,4.4,salvador,1165.4270058699717,0.0,268.792,0,0,0.0
2015-04-01,Salvador,2.2,salvador,1159.4331998242294,0.0,273.447,0,0,0.0
2015-05-01,Salvador,4.9,salvador,1153.470219999892,0.0,285.791,0,0,0.0
2015-06-01,Salvador,5.3,salvador,1147.537907857307,0.0,264.608,0,0,0.0
2015-07-01,Salvador,1.7,salvador,1141.6361056721937,0.0,247.521,0,0,0.0
2015-08-01,Salvador,3.0,salvador,1135.764656531449,0.0,230.83,0,0,0.0
2015-09-01,Salvador,2.3,salvador,1129.9234043289766,0.0,236.235,0,0,0.0
2015-10-01,Salvador,7.1,salvador,1124.1121937615355,0.0,236.894,0,0,0.0
2015-11-01,Salvador,5.2,salvador,1118.3308703246114,0.0,218.098,0,0,0.0
2015-12-01,Salvador,6.8,salvador,1112.5792803083082,0.0,209.968,0,0,0.0
2016-01-01,Salvador,4.9,salvador,1106.8572707932622,0.0,202.427,0,0,0.0
2016-02-01,Salvador,4.7,salvador,1101.164689646576,0.0,208.447,0,0,0.0
2016-03-01,Salvador,5.4,salvador,1119.001385517773,23.5,224.417,0,0,0.0
2016-04-01,Salvador,4.7,salvador,1113.2463470332275,0.0,220.043,0,0,0.0
2016-05-01,Salvador,4.9,salvador,1107.5209067854555,0.0,213.567,0,0,0.0
2016-06-01,Salvador,4.1,salvador,1101.824912550346,0.0,210.042,0,0,0.0
2016-07-01,Salvador,4.9,salvador,1096.1582128866771,0.0,220.255,0,0,0.0
2016-08-01,Salvador,4.6,salvador,1090.520657132093,0.0,215.829,0,0,0.0
2016-09-01,Salvador,4.5,salvador,1084.9120953990946,0.0,213.514,0,0,0.0
2016-10-01,Salvador,5.8,salvador,1134.3323785710572,55.0,214.646,0,0,0.0
2016-11-01,Salvador,6.1,salvador,1128.498492592514,0.0,246.902,0,0,0.0
2016-12-01,Salvador,5.2,salvador,1122.694610364418,0.0,257.017,0,0,0.0
2017-01-01,Salvador,4.3,salvador,1116.9205775770952,0.0,260.245,0,0,0.0
2017-02-01,Salvador,4.4,salvador,1111.176240714489,0.0,269.504,0,0,0.0
2017-03-01,Salvador,4.8,salvador,1105.4614470500776,0.0,264.06,0,0,0.0
2017-04-01,Salvador,5.0,salvador,1099.7760446428135,0.0,258.442,0,0,0.0
2017-05-01,Salvador,4.4,salvador,1094.119882333084,0.0,253.626,0,0,0.0
2017-06-01,Salvador,3.7,salvador,1088.4928097386924,0.0,258.524,0,0,0.0
2017-07-01,Salvador,5.9,salvador,1082.894677250859,0.0,271.185,0,0,0.0
2017-08-01,Salvador,5.6,salvador,1077.3253360302454,0.0,293.845,0,0,0.0
2017-09-01,Salvador,5.8,salvador,1071.784638002994,0.0,298.609,0,0,0.0
2017-10-01,Salvador,6.1,salvador,1066.272435856794,0.0,308.324,0,0,0.0
2017-11-01,Salvador,5.4,salvador,1060.7885830369632,0.0,309.603,0,0,0.0
2017-12-01,Salvador,6.6,salvador,1055.3329337425528,0.0,308.495,0,0,0.0
2018-01-01,Salvador,5.1,salvador,1049.9053429224696,0.0,321.157,0,0,0.0
2018-02-01,Salvador,4.1,salvador,1044.50566627162,0.0,317.596,0,0,0.0
2018-03-01,Salvador,4.6,salvador,1039.1337602270733,0.0,308.251,0,0,0.0
2018-04-01,Salvador,5.0,salvador,1043.289481964245,9.5,310.191,0,0,0.0
2018-05-01,Salvador,3.9,salvador,1037.923830771197,0.0,309.43,0,0,0.0
2018-06-01,Salvador,3.3,salvador,1032.5857751910858,0.0,315.464,0,0,0.0
2018-07-01,Salvador,4.0,salvador,1027.2751732993202,0.0,283.413,0,0,0.0
2018-08-01,Salvador,3.7,salvador,1021.9918839012286,0.0,273.959,0,0,0.0
2018-09-01,Salvador,3.2,salvador,1016.7357665283056,0.0,273.064,0,0,0.0
2018-10-01,Salvador,5.9,salvador,2011.5066814344773,1000.0,281.948,0,0,0.0
2018-11-01,Salvador,6.4,salvador,2001.1614767605624,0.0,280.91,0,0,0.0
2018-12-01,Salvador,11.6,salvador,1990.8694776070329,0.0,276.429,0,0,0.0
2019-01-01,Salvador,4.176,salvador,1980.6304103372152,0.0,269.072,0,0,0.0
2019-02-01,Salvador,2.194,salvador,1970.444002721752,0.0,284.774,0,0,0.0
2019-03-01,Salvador,1.727,salvador,1960.3099839313657,0.0,292.614,0,0,0.0
2019-04-01,Salvador,2.753,salvador,1950.228084529656,0.0,292.345,0,0,0.0
2019-05-01,Salvador,2.078,salvador,1940.1980364659385,0.0,273.44,0,0,0.0
2019-06-01,Salvador,2.209,salvador,1930.2195730681165,0.0,266.187,0,0,0.0
2019-07-01,Salvador,3.961,salvador,1920.292429035591,0.0,269.427,0,0,0.0
2019-08-01,Salvador,3.919,salvador,1910.416340432209,0.0,258.91,0,0,0.0
2019-09-01,Salvador,4.113,salvador,1900.5910446792416,0.0,260.611,0,0,0.0
2019-10-01,Salvador,7.859,salvador,1890.8162805484087,0.0,260.493,0,0,0.0
2019-11-01,Salvador,6.118,salvador,1881.0917881549285,0.0,265.791,0,0,0.0
2019-12-01,Salvador,9.453,salvador,1871.417308950611,0.0,274.987,0,0,0.0
2020-01-01,Salvador,2.34,salvador,1861.7925857169823,0.0,274.387,0,0,0.0
2020-02-01,Salvador,3.547,salvador,1852.2173625584471,0.0,257.933,0,0,0.0
2020-03-01,Salvador,4.714,salvador,1842.6913848954837,0.0,234.901,0,0,0.0
2020-04-01,Salvador,6.159,salvador,1833.2143994578769,0.0,228.985,0,0,0.0
2020-05-01,Salvador,5.351,salvador,1823.7861542779824,0.0,237.402,0,0,0.0
2020-06-01,Salvador,4.174,salvador,1814.4063986840297,0.0,260.47,0,0,0.0
2020-07-01,Salvador,4.597,salvador,1805.0748832934555,0.0,288.202,0,0,0.0
2020-08-01,Salvador,5.472,salvador,1795.791360006276,0.0,294.685,0,0,0.0
2020-09-01,Salvador,4.581,salvador,1786.555581998487,0.0,304.47,0,0,0.0
2020-10-01,Salvador,4.874,salvador,1777.3673037155038,0.0,304.033,0,0,0.0
2020-11-01,Salvador,4.993,salvador,1768.2262808656324,0.0,320.392,0,0,0.0
2020-12-01,Salvador,5.5,salvador,1759.132270413574,0.0,351.772,0,0,0.0
2021-01-01,Salvador,4.462,salvador,1750.085030573963,0.0,361.536,0,0,0.0
2021-02-01,Salvador,4.648,salvador,1741.0843208049398,0.0,383.751,0,0,0.0
2021-03-01,Salvador,4.869,salvador,1732.1299018017542,0.0,408.459,0,0,0.0
2021-04-01,Salvador,4.208,salvador,1723.2215354904035,0.0,423.454,0,0,0.0
2021-05-01,Salvador,3.674,salvador,1714.3589850213027,0.0,461.937,0,0,0.0
2021-06-01,Salvador,4.878,salvador,1705.5420147629873,0.0,436.013,0,0,0.0
2021-07-01,Salvador,3.862,salvador,1696.770390295848,0.0,427.901,0,0,0.0
2021-08-01,Salvador,4.397,salvador,1688.0438784058992,0.0,424.435,0,0,0.0
2021-09-01,Salvador,3.886,salvador,1679.3622470785776,0.0,422.933,0,0,0.0
2021-10-01,Salvador,4.293,salvador,1670.7252654925735,0.0,443.545,0,0,0.0
2021-11-01,Salvador,3.363,salvador,1662.1327040136944,0.0,442.955,0,0,0.0
2021-12-01,Salvador,6.345,salvador,1653.5843341887594,0.0,433.195,0,0,0.0
2022-01-01,Salvador,1.607,salvador,1645.0799287395253,0.0,443.429,0,0,0.0
2022-02-01,Salvador,2.942,salvador,1636.6192615566436,0.0,450.932,0,0,0.0
2022-03-01,Salvador,2.183,salvador,1628.2021076936492,0.0,464.369,0,0,0.0
2022-04-01,Salvador,2.85,salvador,1619.8282433609795,0.0,461.899,0,0,0.0
2022-05-01,Salvador,1.489,salvador,1611.4974459200248,0.0,424.69,0,0,0.0
2022-06-01,Salvador,3.456,salvador,1603.2094938772082,0.0,409.736,0,0,0.0
2022-07-01,Salvador,1.423,salvador,1594.964166878097,0.0,341.545,0,0,0.0
2022-08-01,Salvador,3.391,salvador,1586.7612457015457,0.0,361.104,0,0,0.0
2022-09-01,Salvador,2.525,salvador,1578.6005122538631,0.0,350.84,0,0,0.0
2022-10-01,Salvador,3.753,salvador,1570.481749563019,0.0,345.693,0,0,0.0
2022-11-01,Salvador,2.928,salvador,1562.404741772873,0.0,364.233,0,0,0.0
2022-12-01,Salvador,3.517,salvador,1554.369274137434,0.0,379.531,0,0,0.0
2023-01-01,Salvador,2.516,salvador,1546.375133015154,0.0,408.224,0,0,0.0
2023-02-01,Salvador,1.204,salvador,1538.4221058632452,0.0,406.201,0,0,0.0
2023-03-01,Salvador,2.008,salvador,1530.5099812320304,0.0,400.782,0,0,0.0
2023-04-01,Salvador,1.586,salvador,1522.638548759321,0.0,399.796,0,0,0.0
2023-05-01,Salvador,1.025,salvador,1514.8075991648236,0.0,373.501,0,0,0.0
2023-06-01,Salvador,0.966,salvador,1507.016924244576,0.0,380.393,0,0,0.0
2023-07-01,Salvador,1.012,salvador,1499.266316865412,0.0,383.071,0,0,0.0
2023-08-01,Salvador,1.014,salvador,1491.5555709594532,0.0,378.83,0,0,0.0
2023-09-01,Salvador,0.947,salvador,1483.8844815186317,0.0,375.16,0,0,0.0
2023-10-01,Salvador,0.534,salvador,1476.2528445892383,0.0,360.137,0,0,0.0
2023-11-01,Salvador,0.061,salvador,1468.660457266501,0.0,370.764,0,0,0.0
2023-12-01,Salvador,0.127,salvador,1461.1071176891885,0.0,380.75,0,0,0.0
2024-01-01,Salvador,0.0,salvador,1453.5926250342452,0.0,378.491,0,0,0.0
2024-02-01,Salvador,0.0,salvador,1446.1167795114509,0.0,376.969,0,0,0.0
2024-03-01,Salvador,0.0,salvador,1438.679382358109,0.0,393.52,0,0,0.0
2024-04-01,Salvador,0.0,salvador,1431.2802358337622,0.0,430.116,0,0,0.0
2024-05-01,Salvador,0.0,salvador,1423.9191432149346,0.0,459.447,0,0,0.0
2024-06-01,Salvador,0.0,salvador,1416.5959087899018,0.0,437.336,0,0,0.0
2024-07-01,Salvador,0.0,salvador,1409.3103378534877,0.0,426.085,0,0,0.0
2024-08-01,Salvador,0.0,salvador,1402.062236701886,0.0,406.587,0,0,0.0
2024-09-01,Salvador,0.0,salvador,1394.851412627514,0.0,419.777,0,0,0.0
2024-10-01,Salvador,1.684,salvador,1387.6776739138843,0.0,432.693,0,0,0.0
2024-11-01,Salvador,1.124,salvador,1380.540829830511,0.0,411.625,0,0,0.0
2024-12-01,Salvador,2.865,salvador,1373.4406906278373,0.0,404.583,0,0,0.0
2025-01-01,Salvador,0.907,salvador,1366.3770675321905,0.0,407.216,0,0,0.0
2025-02-01,Salvador,1.473,salvador,1359.349772740764,0.0,423.168,0,0,0.0
2025-03-01,Salvador,4.086,salvador,1352.3586194166226,0.0,441.394,0,0,0.0
2025-04-01,Salvador,3.14,salvador,1345.4034216837365,0.0,416.948,0,0,0.0
2025-05-01,Salvador,3.446,salvador,1338.4839946220386,0.0,432.263,0,0,0.0
2025-06-01,Salvador,4.024,salvador,1331.600154262508,0.0,446.051,0,0,0.0
2025-07-01,Salvador,4.34,salvador,1324.7517175822784,0.0,443.533,0,0,0.0
2025-08-01,Salvador,2.406,salvador,1317.9385024997732,0.0,437.529,0,0,0.0
2025-09-01,Salvador,3.581,salvador,1311.1603278698633,0.0,451.448,0,0,0.0
2025-10-01,Salvador,3.372,salvador,1304.417013479051,0.0,485.164,0,0,0.0
2025-11-01,Salvador,4.744,salvador,1297.7083800406804,0.0,489.915,0,0,0.0
2025-12-01,Salvador,11.498,salvador,1291.034249190167,0.0,535.411,0,0,0.0
2026-01-01,Salvador,4.002,salvador,1291.034249190167,0.0,535.411,0,0,0.0
2026-02-01,Salvador,3.693,salvador,1291.034249190167,0.0,535.411,0,0,0.0
2026-03-01,Salvador,4.034,salvador,1291.034249190167,0.0,535.411,0,0,0.0
2014-01-01,Sierra Gorda,0.0,sierra gorda,5905.524652484051,0.0,330.891,0,0,0.0
2014-02-01,Sierra Gorda,0.0,sierra gorda,5875.152463417679,0.0,324.416,0,0,0.0
2014-03-01,Sierra Gorda,0.0,sierra gorda,5844.936478909406,0.0,302.448,0,0,0.0
2014-04-01,Sierra Gorda,0.0,sierra gorda,5814.875895597185,0.0,302.584,0,0,0.0
2014-05-01,Sierra Gorda,0.0,sierra gorda,5784.969914250671,0.0,312.247,0,0,0.0
2014-06-01,Sierra Gorda,0.0,sierra gorda,5755.21773974997,0.0,308.719,0,0,0.0
2014-07-01,Sierra Gorda,0.0,sierra gorda,5725.618581064501,0.0,322.255,0,0,0.0
2014-08-01,Sierra Gorda,0.0,sierra gorda,5696.171651231963,0.0,317.54,0,0,0.0
2014-09-01,Sierra Gorda,0.0,sierra gorda,5666.87616733741,0.0,311.719,0,0,0.0
2014-10-01,Sierra Gorda,3.8,sierra gorda,5637.731350492442,0.0,305.685,0,0,0.0
2014-11-01,Sierra Gorda,4.0,sierra gorda,5608.736425814489,0.0,303.958,0,0,0.0
2014-12-01,Sierra Gorda,4.9,sierra gorda,5579.890622406212,0.0,291.34,0,0,0.0
2015-01-01,Sierra Gorda,8.0,sierra gorda,5551.193173335008,0.0,263.802,0,0,0.0
2015-02-01,Sierra Gorda,4.9,sierra gorda,5522.643315612619,0.0,258.642,0,0,0.0
2015-03-01,Sierra Gorda,4.5,sierra gorda,5494.240290174842,0.0,268.792,0,0,0.0
2015-04-01,Sierra Gorda,5.8,sierra gorda,5465.983341861354,0.0,273.447,0,0,0.0
2015-05-01,Sierra Gorda,7.9,sierra gorda,5437.871719395631,0.0,285.791,0,0,0.0
2015-06-01,Sierra Gorda,8.8,sierra gorda,5409.904675364972,0.0,264.608,0,0,0.0
2015-07-01,Sierra Gorda,8.6,sierra gorda,5382.0814662006305,0.0,247.521,0,0,0.0
2015-08-01,Sierra Gorda,6.6,sierra gorda,5354.401352158045,0.0,230.83,0,0,0.0
2015-09-01,Sierra Gorda,7.9,sierra gorda,6826.863597297166,1500.0,236.235,0,0,0.0
2015-10-01,Sierra Gorda,8.4,sierra gorda,6791.752950215162,0.0,236.894,0,0,0.0
2015-11-01,Sierra Gorda,8.1,sierra gorda,6756.822877641634,0.0,218.098,0,0,0.0
2015-12-01,Sierra Gorda,8.4,sierra gorda,6722.072450879567,0.0,209.968,0,0,0.0
2016-01-01,Sierra Gorda,8.5,sierra gorda,6687.500746008251,0.0,202.427,0,0,0.0
2016-02-01,Sierra Gorda,9.5,sierra gorda,6653.106843858704,0.0,208.447,0,0,0.0
2016-03-01,Sierra Gorda,9.5,sierra gorda,6618.88982998925,0.0,224.417,0,0,0.0
2016-04-01,Sierra Gorda,7.3,sierra gorda,6584.848794661193,0.0,220.043,0,0,0.0
2016-05-01,Sierra Gorda,9.0,sierra gorda,6550.982832814637,0.0,213.567,0,0,0.0
2016-06-01,Sierra Gorda,6.8,sierra gorda,6517.291044044419,0.0,210.042,0,0,0.0
2016-07-01,Sierra Gorda,7.0,sierra gorda,6483.772532576174,0.0,220.255,0,0,0.0
2016-08-01,Sierra Gorda,6.8,sierra gorda,6450.426407242514,0.0,215.829,0,0,0.0
2016-09-01,Sierra Gorda,7.5,sierra gorda,6417.251781459336,0.0,213.514,0,0,0.0
2016-10-01,Sierra Gorda,8.6,sierra gorda,6384.247773202252,0.0,214.646,0,0,0.0
2016-11-01,Sierra Gorda,9.1,sierra gorda,6351.413504983136,0.0,246.902,0,0,0.0
2016-12-01,Sierra Gorda,8.5,sierra gorda,6318.748103826794,0.0,257.017,0,0,0.0
2017-01-01,Sierra Gorda,7.8,sierra gorda,6286.250701247756,0.0,260.245,0,0,0.0
2017-02-01,Sierra Gorda,10.0,sierra gorda,6253.920433227183,0.0,269.504,0,0,0.0
2017-03-01,Sierra Gorda,8.9,sierra gorda,6221.756440189896,0.0,264.06,0,0,0.0
2017-04-01,Sierra Gorda,7.4,sierra gorda,6189.757866981523,0.0,258.442,0,0,0.0
2017-05-01,Sierra Gorda,8.2,sierra gorda,8157.92386284576,2000.0,253.626,0,0,0.0
2017-06-01,Sierra Gorda,9.4,sierra gorda,8115.96755573811,0.0,258.524,0,0,0.0
2017-07-01,Sierra Gorda,7.2,sierra gorda,8074.22703045629,0.0,271.185,0,0,0.0
2017-08-01,Sierra Gorda,9.7,sierra gorda,8032.701177231602,0.0,293.845,0,0,0.0
2017-09-01,Sierra Gorda,7.7,sierra gorda,7991.3888920029,0.0,298.609,0,0,0.0
2017-10-01,Sierra Gorda,7.5,sierra gorda,7950.289076387242,0.0,308.324,0,0,0.0
2017-11-01,Sierra Gorda,9.1,sierra gorda,7909.40063765068,0.0,309.603,0,0,0.0
2017-12-01,Sierra Gorda,8.8,sierra gorda,7868.722488679215,0.0,308.495,0,0,0.0
2018-01-01,Sierra Gorda,6.9,sierra gorda,7828.253547949884,0.0,321.157,0,0,0.0
2018-02-01,Sierra Gorda,8.0,sierra gorda,7787.992739502014,0.0,317.596,0,0,0.0
2018-03-01,Sierra Gorda,8.0,sierra gorda,7747.938992908611,0.0,308.251,0,0,0.0
2018-04-01,Sierra Gorda,7.0,sierra gorda,7708.091243247901,0.0,310.191,0,0,0.0
2018-05-01,Sierra Gorda,8.6,sierra gorda,7668.448431075015,0.0,309.43,0,0,0.0
2018-06-01,Sierra Gorda,8.2,sierra gorda,7629.009502393824,0.0,315.464,0,0,0.0
2018-07-01,Sierra Gorda,7.9,sierra gorda,7589.773408628913,0.0,283.413,0,0,0.0
2018-08-01,Sierra Gorda,8.8,sierra gorda,7550.739106597705,0.0,273.959,0,0,0.0
2018-09-01,Sierra Gorda,9.4,sierra gorda,7511.905558482726,0.0,273.064,0,0,0.0
2018-10-01,Sierra Gorda,10.6,sierra gorda,7473.271731804007,0.0,281.948,0,0,0.0
2018-11-01,Sierra Gorda,9.7,sierra gorda,7434.836599391639,0.0,280.91,0,0,0.0
2018-12-01,Sierra Gorda,8.8,sierra gorda,7396.599139358461,0.0,276.429,0,0,0.0
2019-01-01,Sierra Gorda,9.557,sierra gorda,7358.558335072889,0.0,269.072,0,0,0.0
2019-02-01,Sierra Gorda,9.134,sierra gorda,7320.713175131892,0.0,284.774,0,0,0.0
2019-03-01,Sierra Gorda,9.55,sierra gorda,7283.062653334094,0.0,292.614,0,0,0.0
2019-04-01,Sierra Gorda,8.44,sierra gorda,7245.605768653026,0.0,292.345,0,0,0.0
2019-05-01,Sierra Gorda,9.971,sierra gorda,7208.341525210513,0.0,273.44,0,0,0.0
2019-06-01,Sierra Gorda,9.352,sierra gorda,7171.268932250194,0.0,266.187,0,0,0.0
2019-07-01,Sierra Gorda,8.868,sierra gorda,7134.387004111178,0.0,269.427,0,0,0.0
2019-08-01,Sierra Gorda,10.209,sierra gorda,7097.694760201843,0.0,258.91,0,0,0.0
2019-09-01,Sierra Gorda,9.852,sierra gorda,7061.1912249737625,0.0,260.611,0,0,0.0
2019-10-01,Sierra Gorda,9.162,sierra gorda,7024.875427895767,0.0,260.493,0,0,0.0
2019-11-01,Sierra Gorda,9.01,sierra gorda,6988.746403428141,0.0,265.791,0,0,0.0
2019-12-01,Sierra Gorda,10.925,sierra gorda,6952.803190996954,0.0,274.987,0,0,0.0
2020-01-01,Sierra Gorda,10.715,sierra gorda,6917.0448349685175,0.0,274.387,0,0,0.0
2020-02-01,Sierra Gorda,11.844,sierra gorda,7281.47038462398,400.0,257.933,0,0,0.0
2020-03-01,Sierra Gorda,13.624,sierra gorda,7244.02168900132,0.0,234.901,0,0,0.0
2020-04-01,Sierra Gorda,10.868,sierra gorda,7206.765592500782,0.0,228.985,0,0,1500.0
2020-05-01,Sierra Gorda,13.657,sierra gorda,7169.70110458261,0.0,237.402,0,0,0.0
2020-06-01,Sierra Gorda,14.214,sierra gorda,7132.827239801407,0.0,260.47,0,0,0.0
2020-07-01,Sierra Gorda,12.36,sierra gorda,7096.143017779932,0.0,288.202,0,0,0.0
2020-08-01,Sierra Gorda,13.425,sierra gorda,7059.647463183039,0.0,294.685,0,0,0.0
2020-09-01,Sierra Gorda,13.798,sierra gorda,7023.339605691742,0.0,304.47,0,0,0.0
2020-10-01,Sierra Gorda,12.378,sierra gorda,6987.218479977419,0.0,304.033,0,0,0.0
2020-11-01,Sierra Gorda,15.265,sierra gorda,6951.283125676145,0.0,320.392,0,0,0.0
2020-12-01,Sierra Gorda,13.969,sierra gorda,6915.532587363158,0.0,351.772,0,0,0.0
2021-01-01,Sierra Gorda,11.565,sierra gorda,6879.96591452746,0.0,361.536,0,0,0.0
2021-02-01,Sierra Gorda,14.02,sierra gorda,6844.582161546541,0.0,383.751,0,0,0.0
2021-03-01,Sierra Gorda,18.06,sierra gorda,6809.380387661241,0.0,408.459,0,0,0.0
2021-04-01,Sierra Gorda,18.729,sierra gorda,6774.359656950735,0.0,423.454,0,0,0.0
2021-05-01,Sierra Gorda,16.58,sierra gorda,6739.519038307654,0.0,461.937,0,0,0.0
2021-06-01,Sierra Gorda,18.598,sierra gorda,6704.857605413323,0.0,436.013,0,0,0.0
2021-07-01,Sierra Gorda,17.394,sierra gorda,6670.374436713137,0.0,427.901,0,0,0.0
2021-08-01,Sierra Gorda,15.683,sierra gorda,6636.068615392057,0.0,424.435,0,0,0.0
2021-09-01,Sierra Gorda,18.294,sierra gorda,6601.939229350238,0.0,422.933,0,0,0.0
2021-10-01,Sierra Gorda,13.341,sierra gorda,6567.985371178775,0.0,443.545,0,0,0.0
2021-11-01,Sierra Gorda,16.791,sierra gorda,6534.206138135577,0.0,442.955,0,0,0.0
2021-12-01,Sierra Gorda,19.163,sierra gorda,6500.60063212137,0.0,433.195,0,0,0.0
2022-01-01,Sierra Gorda,14.5,sierra gorda,6467.167959655813,0.0,443.429,0,0,0.0
2022-02-01,Sierra Gorda,15.626,sierra gorda,6433.907231853749,0.0,450.932,0,0,0.0
2022-03-01,Sierra Gorda,15.284,sierra gorda,6400.817564401567,0.0,464.369,0,0,0.0
2022-04-01,Sierra Gorda,13.015,sierra gorda,6367.898077533692,0.0,461.899,0,0,0.0
2022-05-01,Sierra Gorda,14.720597495067024,sierra gorda,6335.147896009195,0.0,424.69,0,0,0.0
2022-06-01,Sierra Gorda,11.40754403369787,sierra gorda,6302.566149088524,0.0,409.736,0,0,0.0
2022-07-01,Sierra Gorda,13.05851625126102,sierra gorda,6270.151970510349,0.0,341.545,0,0,0.0
2022-08-01,Sierra Gorda,15.788994653867237,sierra gorda,6237.904498468534,0.0,361.104,0,0,0.0
2022-09-01,Sierra Gorda,15.198707970945406,sierra gorda,6205.822875589224,0.0,350.84,0,0,0.0
2022-10-01,Sierra Gorda,14.885564678817758,sierra gorda,6173.906248908049,0.0,345.693,0,0,0.0
2022-11-01,Sierra Gorda,13.384819690561546,sierra gorda,6142.153769847443,0.0,364.233,0,0,0.0
2022-12-01,Sierra Gorda,15.81101157069861,sierra gorda,6110.564594194088,0.0,379.531,0,0,0.0
2023-01-01,Sierra Gorda,10.725,sierra gorda,6079.137882076465,0.0,408.224,0,0,0.0
2023-02-01,Sierra Gorda,11.024,sierra gorda,6047.872797942525,0.0,406.201,0,0,0.0
2023-03-01,Sierra Gorda,14.186,sierra gorda,6016.768510537473,0.0,400.782,0,0,0.0
2023-04-01,Sierra Gorda,12.653,sierra gorda,5985.824192881671,0.0,399.796,0,0,0.0
2023-05-01,Sierra Gorda,12.979,sierra gorda,5955.039022248644,0.0,373.501,0,0,0.0
2023-06-01,Sierra Gorda,14.538,sierra gorda,5924.412180143213,0.0,380.393,0,0,0.0
2023-07-01,Sierra Gorda,9.977,sierra gorda,5893.942852279728,0.0,383.071,0,0,0.0
2023-08-01,Sierra Gorda,12.654,sierra gorda,5863.630228560422,0.0,378.83,0,0,0.0
2023-09-01,Sierra Gorda,14.919,sierra gorda,5833.473503053871,0.0,375.16,0,0,0.0
2023-10-01,Sierra Gorda,11.191,sierra gorda,5803.471873973566,0.0,360.137,0,0,0.0
2023-11-01,Sierra Gorda,11.335,sierra gorda,5773.624543656597,0.0,370.764,0,0,0.0
2023-12-01,Sierra Gorda,14.017,sierra gorda,5743.930718542443,0.0,380.75,0,0,0.0
2024-01-01,Sierra Gorda,9.09,sierra gorda,5714.389609151877,0.0,378.491,0,0,0.0
2024-02-01,Sierra Gorda,11.134,sierra gorda,5685.000430065974,0.0,376.969,0,0,0.0
2024-03-01,Sierra Gorda,12.527,sierra gorda,5655.762399905226,0.0,393.52,0,0,0.0
2024-04-01,Sierra Gorda,9.51,sierra gorda,5626.674741308771,0.0,430.116,0,0,0.0
2024-05-01,Sierra Gorda,13.266,sierra gorda,5597.736680913727,0.0,459.447,0,0,0.0
2024-06-01,Sierra Gorda,13.424,sierra gorda,5568.9474493346215,0.0,437.336,0,0,0.0
2024-07-01,Sierra Gorda,11.409,sierra gorda,5540.306281142946,0.0,426.085,0,0,2000.0
2024-08-01,Sierra Gorda,14.817,sierra gorda,5511.812414846799,0.0,406.587,0,0,0.0
2024-09-01,Sierra Gorda,14.804,sierra gorda,5483.465092870641,0.0,419.777,0,0,0.0
2024-10-01,Sierra Gorda,12.894,sierra gorda,5455.263561535154,0.0,432.693,0,0,0.0
2024-11-01,Sierra Gorda,15.55,sierra gorda,5427.207071037203,0.0,411.625,0,0,0.0
2024-12-01,Sierra Gorda,16.134,sierra gorda,5399.294875429898,0.0,404.583,0,0,0.0
2025-01-01,Sierra Gorda,12.3,sierra gorda,5371.526232602766,0.0,407.216,0,0,0.0
2025-02-01,Sierra Gorda,11.958,sierra gorda,5343.900404262016,0.0,423.168,0,0,0.0
2025-03-01,Sierra Gorda,15.272,sierra gorda,5316.416655910913,0.0,441.394,0,0,0.0
2025-04-01,Sierra Gorda,12.007,sierra gorda,5289.074256830246,0.0,416.948,0,0,0.0
2025-05-01,Sierra Gorda,14.227,sierra gorda,5261.872480058903,0.0,432.263,0,0,0.0
2025-06-01,Sierra Gorda,14.633,sierra gorda,5234.810602374544,0.0,446.051,0,0,0.0
2025-07-01,Sierra Gorda,12.183,sierra gorda,5207.887904274369,0.0,443.533,0,0,0.0
2025-08-01,Sierra Gorda,14.771,sierra gorda,5181.103669955991,0.0,437.529,0,0,0.0
2025-09-01,Sierra Gorda,15.8,sierra gorda,5154.4571872984025,0.0,451.448,0,0,400.0
2025-10-01,Sierra Gorda,12.511,sierra gorda,5127.947747843044,0.0,485.164,0,0,0.0
2025-11-01,Sierra Gorda,14.791,sierra gorda,5101.5746467749705,0.0,489.915,0,0,0.0
2025-12-01,Sierra Gorda,14.86,sierra gorda,5075.337182904104,0.0,535.411,0,0,0.0
2026-01-01,Sierra Gorda,12.954,sierra gorda,5075.337182904104,0.0,535.411,0,0,0.0
2026-02-01,Sierra Gorda,11.521,sierra gorda,5075.337182904104,0.0,535.411,0,0,0.0
2026-03-01,Sierra Gorda,14.918,sierra gorda,5075.337182904104,0.0,535.411,0,0,0.0
2014-01-01,Spence,12.2,spence,1391.8472647864792,0.0,330.891,0,0,0.0
2014-02-01,Spence,14.2,spence,1384.6889764437449,0.0,324.416,0,0,0.0
2014-03-01,Spence,15.0,spence,1377.567503269811,0.0,302.448,0,0,0.0
2014-04-01,Spence,12.9,spence,1370.4826559237918,0.0,302.584,0,0,0.0
2014-05-01,Spence,16.4,spence,1363.434246038585,0.0,312.247,0,1,0.0
2014-06-01,Spence,16.3,spence,1356.4220862158616,0.0,308.719,0,1,0.0
2014-07-01,Spence,12.5,spence,1349.4459900210854,0.0,322.255,0,1,0.0
2014-08-01,Spence,11.8,spence,1342.505771978555,0.0,317.54,0,1,0.0
2014-09-01,Spence,15.8,spence,1335.601247566473,0.0,311.719,0,1,0.0
2014-10-01,Spence,16.6,spence,1328.7322332120398,0.0,305.685,0,1,2500.0
2014-11-01,Spence,15.5,spence,1321.8985462865735,0.0,303.958,0,1,0.0
2014-12-01,Spence,16.9,spence,1315.1000051006536,0.0,291.34,0,1,0.0
2015-01-01,Spence,16.6,spence,1308.3364288992905,0.0,263.802,0,1,0.0
2015-02-01,Spence,14.7,spence,1301.60763785712,0.0,258.642,0,1,0.0
2015-03-01,Spence,13.7,spence,1294.913453073622,0.0,268.792,0,1,0.0
2015-04-01,Spence,14.4,spence,1288.253696568364,0.0,273.447,0,1,0.0
2015-05-01,Spence,11.7,spence,1281.6281912762695,0.0,285.791,0,1,0.0
2015-06-01,Spence,11.2,spence,1275.0367610429098,0.0,264.608,0,1,0.0
2015-07-01,Spence,12.6,spence,3768.47923061982,2500.0,247.521,0,1,0.0
2015-08-01,Spence,14.4,spence,3749.097893580284,0.0,230.83,0,1,0.0
2015-09-01,Spence,16.1,spence,3729.816235005841,0.0,236.235,0,1,0.0
2015-10-01,Spence,17.0,spence,3710.633742248864,0.0,236.894,0,1,0.0
2015-11-01,Spence,16.7,spence,3691.549905298283,0.0,218.098,0,1,0.0
2015-12-01,Spence,16.5,spence,3672.5642167660194,0.0,209.968,0,1,0.0
2016-01-01,Spence,13.9,spence,3653.676171873498,0.0,202.427,0,1,0.0
2016-02-01,Spence,12.2,spence,3634.885268438227,0.0,208.447,0,1,0.0
2016-03-01,Spence,13.7,spence,3616.1910068604448,0.0,224.417,0,1,0.0
2016-04-01,Spence,10.7,spence,3597.5928901098387,0.0,220.043,0,1,0.0
2016-05-01,Spence,14.9,spence,3579.0904237123286,0.0,213.567,0,1,0.0
2016-06-01,Spence,15.4,spence,3560.6831157369215,0.0,210.042,0,1,0.0
2016-07-01,Spence,13.7,spence,3542.370476782631,0.0,220.255,0,1,0.0
2016-08-01,Spence,16.2,spence,3524.1520199654674,0.0,215.829,0,1,0.0
2016-09-01,Spence,15.0,spence,3506.02726090549,0.0,213.514,0,1,0.0
2016-10-01,Spence,9.0,spence,3487.995717713932,0.0,214.646,0,1,0.0
2016-11-01,Spence,13.7,spence,3470.056910980386,0.0,246.902,0,1,0.0
2016-12-01,Spence,19.0,spence,3452.210363760058,0.0,257.017,0,1,0.0
2017-01-01,Spence,18.2,spence,3434.455601561088,0.0,260.245,0,1,0.0
2017-02-01,Spence,14.6,spence,3416.792152331933,0.0,269.504,0,1,0.0
2017-03-01,Spence,16.6,spence,3399.2195464488177,0.0,264.06,0,1,0.0
2017-04-01,Spence,16.9,spence,3381.737316703248,0.0,258.442,0,1,0.0
2017-05-01,Spence,18.4,spence,3364.3449982895886,0.0,253.626,0,1,0.0
2017-06-01,Spence,18.2,spence,3347.042128792706,0.0,258.524,0,1,0.0
2017-07-01,Spence,14.0,spence,3329.8282481756733,0.0,271.185,0,1,0.0
2017-08-01,Spence,14.8,spence,3312.7028987675394,0.0,293.845,0,1,0.0
2017-09-01,Spence,15.9,spence,3295.6656252511607,0.0,298.609,0,1,0.0
2017-10-01,Spence,14.7,spence,3278.715974651096,0.0,308.324,0,1,0.0
2017-11-01,Spence,17.7,spence,3261.8534963215625,0.0,309.603,0,1,0.0
2017-12-01,Spence,18.6,spence,3245.077741934454,0.0,308.495,0,1,0.0
2018-01-01,Spence,18.6,spence,3228.388265467422,0.0,321.157,0,1,160.0
2018-02-01,Spence,16.5,spence,3211.7846231920166,0.0,317.596,0,1,0.0
2018-03-01,Spence,18.1,spence,3195.2663736618883,0.0,308.251,0,1,0.0
2018-04-01,Spence,16.8,spence,3178.833077701053,0.0,310.191,0,1,0.0
2018-05-01,Spence,17.6,spence,3162.484298392213,0.0,309.43,0,1,0.0
2018-06-01,Spence,17.2,spence,3146.2196010651433,0.0,315.464,0,1,0.0
2018-07-01,Spence,12.6,spence,3130.0385532851324,0.0,283.413,0,1,0.0
2018-08-01,Spence,7.1,spence,3113.9407248414864,0.0,273.959,0,1,0.0
2018-09-01,Spence,9.5,spence,3097.9256877360904,0.0,273.064,0,1,0.0
2018-10-01,Spence,6.1,spence,3081.99301617203,0.0,281.948,0,1,0.0
2018-11-01,Spence,17.9,spence,3066.1422865422683,0.0,280.91,0,1,0.0
2018-12-01,Spence,18.4,spence,3050.3730774183864,0.0,276.429,0,1,0.0
2019-01-01,Spence,18.2,spence,3034.684969539376,0.0,269.072,0,1,0.0
2019-02-01,Spence,12.6,spence,3019.077545800495,0.0,284.774,0,1,0.0
2019-03-01,Spence,18.2,spence,3003.5503912421746,0.0,292.614,0,1,0.0
2019-04-01,Spence,17.5,spence,2988.1030930389893,0.0,292.345,0,1,0.0
2019-05-01,Spence,15.2,spence,2972.73524048868,0.0,273.44,0,1,0.0
2019-06-01,Spence,18.0,spence,3117.4464250012347,160.0,266.187,0,1,0.0
2019-07-01,Spence,15.4,spence,3261.413358034933,160.0,269.427,0,1,0.0
2019-08-01,Spence,16.2,spence,3244.639867284681,0.0,258.91,0,1,0.0
2019-09-01,Spence,15.9,spence,3671.9526428125914,444.0,260.611,0,1,0.0
2019-10-01,Spence,15.1,spence,3653.06774325276,0.0,260.493,0,1,0.0
2019-11-01,Spence,16.4,spence,3634.2799689736926,0.0,265.791,0,1,0.0
2019-12-01,Spence,14.7,spence,3615.588820458824,0.0,274.987,0,1,0.0
2020-01-01,Spence,14.776,spence,3596.9938007606083,0.0,274.387,0,1,0.0
2020-02-01,Spence,13.911,spence,3578.4944154873087,0.0,257.933,0,1,0.0
2020-03-01,Spence,15.246,spence,3560.090172789851,0.0,234.901,0,1,0.0
2020-04-01,Spence,15.481,spence,3541.780583348746,0.0,228.985,0,1,0.0
2020-05-01,Spence,12.566,spence,3523.565160361082,0.0,237.402,0,1,0.0
2020-06-01,Spence,9.509,spence,3505.4434195275803,0.0,260.47,0,1,0.0
2020-07-01,Spence,8.773,spence,3487.4148790397207,0.0,288.202,0,1,0.0
2020-08-01,Spence,7.875,spence,3469.479059566929,0.0,294.685,0,1,0.0
2020-09-01,Spence,10.021,spence,3451.635484243835,0.0,304.47,0,1,0.0
2020-10-01,Spence,13.0,spence,3433.883678657594,0.0,304.033,0,1,0.0
2020-11-01,Spence,12.022,spence,3416.2231708352706,0.0,320.392,0,1,0.0
2020-12-01,Spence,13.475,spence,3398.653491231294,0.0,351.772,0,1,0.0
2021-01-01,Spence,11.6,spence,3381.1741727149715,0.0,361.536,1,1,0.0
2021-02-01,Spence,12.0,spence,3363.7847505580703,0.0,383.751,1,1,0.0
2021-03-01,Spence,14.9,spence,3346.48476242246,0.0,408.459,1,1,0.0
2021-04-01,Spence,16.1,spence,3329.2737483478213,0.0,423.454,1,1,0.0
2021-05-01,Spence,19.8,spence,3312.1512507394173,0.0,461.937,1,1,0.0
2021-06-01,Spence,19.8,spence,3295.116814355926,0.0,436.013,1,1,0.0
2021-07-01,Spence,17.7,spence,3278.1699862973383,0.0,427.901,1,1,0.0
2021-08-01,Spence,19.7,spence,3261.310315992914,0.0,424.435,1,1,0.0
2021-09-01,Spence,17.6,spence,3244.537355189206,0.0,422.933,1,1,0.0
2021-10-01,Spence,23.4,spence,3227.850657938139,0.0,443.545,1,1,0.0
2021-11-01,Spence,17.4,spence,3211.2497805851553,0.0,442.955,1,1,0.0
2021-12-01,Spence,13.1,spence,3194.734281757417,0.0,433.195,1,1,0.0
2022-01-01,Spence,18.355,spence,3178.303722352074,0.0,443.429,1,1,0.0
2022-02-01,Spence,15.7,spence,3161.957665524587,0.0,450.932,1,1,0.0
2022-03-01,Spence,23.6,spence,3145.695676677113,0.0,464.369,1,1,0.0
2022-04-01,Spence,20.4,spence,3129.517323446953,0.0,461.899,1,1,0.0
2022-05-01,Spence,20.038,spence,3113.4221756950533,0.0,424.69,1,1,0.0
2022-06-01,Spence,22.991,spence,3097.4098054945716,0.0,409.736,1,1,160.0
2022-07-01,Spence,21.506,spence,3081.4797871194987,0.0,341.545,1,1,0.0
2022-08-01,Spence,15.933,spence,3065.63169703334,0.0,361.104,1,1,0.0
2022-09-01,Spence,21.321,spence,3049.8651138778546,0.0,350.84,1,1,0.0
2022-10-01,Spence,23.151,spence,3034.1796184618515,0.0,345.693,1,1,0.0
2022-11-01,Spence,20.506,spence,3018.5747937500464,0.0,364.233,1,1,0.0
2022-12-01,Spence,21.994,spence,3003.0502248519724,0.0,379.531,1,1,0.0
2023-01-01,Spence,22.425,spence,2987.60549901095,0.0,408.224,1,1,0.0
2023-02-01,Spence,18.492,spence,4624.2402055931125,1652.0,406.201,1,1,0.0
2023-03-01,Spence,21.186,spence,4600.457678878315,0.0,400.782,1,1,0.0
2023-04-01,Spence,19.432,spence,4576.797466003585,0.0,399.796,1,1,0.0
2023-05-01,Spence,17.052,spence,4553.258937907274,0.0,373.501,1,1,0.0
2023-06-01,Spence,20.957,spence,4529.841468763005,0.0,380.393,1,1,0.0
2023-07-01,Spence,23.979,spence,4506.544435963033,0.0,383.071,1,1,0.0
2023-08-01,Spence,23.196,spence,4483.367220101694,0.0,378.83,1,1,0.0
2023-09-01,Spence,22.927,spence,4460.309204958937,0.0,375.16,1,1,0.0
2023-10-01,Spence,20.212,spence,4437.369777483935,0.0,360.137,1,1,0.0
2023-11-01,Spence,18.359,spence,4414.548327778792,0.0,370.764,1,1,0.0
2023-12-01,Spence,20.826,spence,4391.844249082323,0.0,380.75,1,1,0.0
2024-01-01,Spence,20.935,spence,4369.256937753925,0.0,378.491,1,1,0.0
2024-02-01,Spence,19.193,spence,4346.785793257525,0.0,376.969,1,1,0.0
2024-03-01,Spence,22.861,spence,4324.430218145616,0.0,393.52,1,1,0.0
2024-04-01,Spence,21.51,spence,4302.1896180433705,0.0,430.116,1,1,0.0
2024-05-01,Spence,20.17,spence,4280.063401632838,0.0,459.447,1,1,0.0
2024-06-01,Spence,24.64,spence,4258.050980637224,0.0,437.336,1,1,0.0
2024-07-01,Spence,20.141,spence,4236.15176980525,0.0,426.085,1,1,0.0
2024-08-01,Spence,18.563,spence,4214.365186895592,0.0,406.587,1,1,0.0
2024-09-01,Spence,21.432,spence,4192.6906526614,0.0,419.777,1,1,0.0
2024-10-01,Spence,22.579,spence,4171.127590834899,0.0,432.693,1,1,0.0
2024-11-01,Spence,22.721,spence,4149.675428112064,0.0,411.625,1,1,0.0
2024-12-01,Spence,20.841,spence,4128.333594137383,0.0,404.583,1,1,0.0
2025-01-01,Spence,24.591,spence,4107.101521488689,0.0,407.216,1,1,0.0
2025-02-01,Spence,20.09,spence,4085.9786456620736,0.0,423.168,1,1,0.0
2025-03-01,Spence,23.26,spence,4064.964405056879,0.0,441.394,1,1,0.0
2025-04-01,Spence,20.481,spence,4044.058240960768,0.0,416.948,1,1,0.0
2025-05-01,Spence,22.796,spence,4023.259597534868,0.0,432.263,1,1,0.0
2025-06-01,Spence,30.106,spence,4002.567921798991,0.0,446.051,1,1,0.0
2025-07-01,Spence,14.372,spence,3981.982663616936,0.0,443.533,1,1,0.0
2025-08-01,Spence,20.362,spence,3961.5032756818578,0.0,437.529,1,1,0.0
2025-09-01,Spence,21.062,spence,3941.1292135017175,0.0,451.448,1,1,0.0
2025-10-01,Spence,20.547,spence,3920.859935384806,0.0,485.164,1,1,0.0
2025-11-01,Spence,17.384,spence,3900.6949024253418,0.0,489.915,1,1,0.0
2025-12-01,Spence,19.744,spence,3880.633578489141,0.0,535.411,1,1,444.0
2026-01-01,Spence,16.401,spence,3880.633578489141,0.0,535.411,1,1,444.0
2026-02-01,Spence,11.996,spence,3880.633578489141,0.0,535.411,1,1,444.0
2026-03-01,Spence,16.199,spence,3880.633578489141,0.0,535.411,1,1,444.0
2014-01-01,Tres Valles,0.6,tres valles,0.0,0.0,330.891,0,0,0.0
2014-02-01,Tres Valles,0.5,tres valles,0.0,0.0,324.416,0,0,0.0
2014-03-01,Tres Valles,0.6,tres valles,0.0,0.0,302.448,0,0,0.0
2014-04-01,Tres Valles,0.7,tres valles,0.0,0.0,302.584,0,0,0.0
2014-05-01,Tres Valles,0.6,tres valles,0.0,0.0,312.247,0,0,0.0
2014-06-01,Tres Valles,0.7,tres valles,0.0,0.0,308.719,0,0,0.0
2014-07-01,Tres Valles,0.7,tres valles,0.0,0.0,322.255,0,0,0.0
2014-08-01,Tres Valles,0.7,tres valles,0.0,0.0,317.54,0,0,0.0
2014-09-01,Tres Valles,0.7,tres valles,0.0,0.0,311.719,0,0,0.0
2014-10-01,Tres Valles,0.8,tres valles,0.0,0.0,305.685,0,0,0.0
2014-11-01,Tres Valles,0.8,tres valles,0.0,0.0,303.958,0,0,0.0
2014-12-01,Tres Valles,0.8,tres valles,0.0,0.0,291.34,0,0,0.0
2015-01-01,Tres Valles,0.7,tres valles,0.0,0.0,263.802,0,0,0.0
2015-02-01,Tres Valles,0.7,tres valles,0.0,0.0,258.642,0,0,0.0
2015-03-01,Tres Valles,0.7,tres valles,0.0,0.0,268.792,0,0,0.0
2015-04-01,Tres Valles,0.5,tres valles,0.0,0.0,273.447,0,0,0.0
2015-05-01,Tres Valles,0.5,tres valles,0.0,0.0,285.791,0,0,0.0
2015-06-01,Tres Valles,0.3,tres valles,0.0,0.0,264.608,0,0,0.0
2015-07-01,Tres Valles,0.3,tres valles,0.0,0.0,247.521,0,0,0.0
2015-08-01,Tres Valles,0.4,tres valles,0.0,0.0,230.83,0,0,0.0
2015-09-01,Tres Valles,0.4,tres valles,0.0,0.0,236.235,0,0,0.0
2015-10-01,Tres Valles,0.4,tres valles,0.0,0.0,236.894,0,0,0.0
2015-11-01,Tres Valles,0.4,tres valles,0.0,0.0,218.098,0,0,0.0
2015-12-01,Tres Valles,0.5,tres valles,0.0,0.0,209.968,0,0,0.0
2016-01-01,Tres Valles,0.5,tres valles,0.0,0.0,202.427,0,0,0.0
2016-02-01,Tres Valles,0.4,tres valles,0.0,0.0,208.447,0,0,0.0
2016-03-01,Tres Valles,0.4,tres valles,0.0,0.0,224.417,0,0,0.0
2016-04-01,Tres Valles,0.5,tres valles,0.0,0.0,220.043,0,0,0.0
2016-05-01,Tres Valles,0.5,tres valles,0.0,0.0,213.567,0,0,0.0
2016-06-01,Tres Valles,0.5,tres valles,0.0,0.0,210.042,0,0,0.0
2016-07-01,Tres Valles,0.4,tres valles,0.0,0.0,220.255,0,0,0.0
2016-08-01,Tres Valles,0.4,tres valles,0.0,0.0,215.829,0,0,0.0
2016-09-01,Tres Valles,0.4,tres valles,0.0,0.0,213.514,0,0,0.0
2016-10-01,Tres Valles,0.4,tres valles,0.0,0.0,214.646,0,0,0.0
2016-11-01,Tres Valles,0.5,tres valles,0.0,0.0,246.902,0,0,0.0
2016-12-01,Tres Valles,0.5,tres valles,0.0,0.0,257.017,0,0,0.0
2017-01-01,Tres Valles,0.5,tres valles,0.0,0.0,260.245,0,0,0.0
2017-02-01,Tres Valles,0.4,tres valles,0.0,0.0,269.504,0,0,0.0
2017-03-01,Tres Valles,0.5,tres valles,0.0,0.0,264.06,0,0,0.0
2017-04-01,Tres Valles,0.5,tres valles,0.0,0.0,258.442,0,0,0.0
2017-05-01,Tres Valles,0.6,tres valles,0.0,0.0,253.626,0,0,0.0
2017-06-01,Tres Valles,0.5,tres valles,0.0,0.0,258.524,0,0,0.0
2017-07-01,Tres Valles,0.5,tres valles,0.0,0.0,271.185,0,0,0.0
2017-08-01,Tres Valles,0.5,tres valles,0.0,0.0,293.845,0,0,0.0
2017-09-01,Tres Valles,0.5,tres valles,0.0,0.0,298.609,0,0,0.0
2017-10-01,Tres Valles,0.5,tres valles,0.0,0.0,308.324,0,0,0.0
2017-11-01,Tres Valles,0.4,tres valles,0.0,0.0,309.603,0,0,0.0
2017-12-01,Tres Valles,0.5,tres valles,0.0,0.0,308.495,0,0,0.0
2018-01-01,Tres Valles,0.5,tres valles,0.0,0.0,321.157,0,0,0.0
2018-02-01,Tres Valles,0.4,tres valles,0.0,0.0,317.596,0,0,0.0
2018-03-01,Tres Valles,0.5,tres valles,0.0,0.0,308.251,0,0,0.0
2018-04-01,Tres Valles,0.5,tres valles,0.0,0.0,310.191,0,0,0.0
2018-05-01,Tres Valles,0.4,tres valles,0.0,0.0,309.43,0,0,0.0
2018-06-01,Tres Valles,0.5,tres valles,0.0,0.0,315.464,0,0,0.0
2018-07-01,Tres Valles,0.5,tres valles,0.0,0.0,283.413,0,0,0.0
2018-08-01,Tres Valles,0.5,tres valles,0.0,0.0,273.959,0,0,0.0
2018-09-01,Tres Valles,0.5,tres valles,0.0,0.0,273.064,0,0,0.0
2018-10-01,Tres Valles,0.5,tres valles,0.0,0.0,281.948,0,0,0.0
2018-11-01,Tres Valles,0.5,tres valles,0.0,0.0,280.91,0,0,0.0
2018-12-01,Tres Valles,0.6,tres valles,0.0,0.0,276.429,0,0,0.0
2019-01-01,Tres Valles,0.6,tres valles,0.0,0.0,269.072,0,0,0.0
2019-02-01,Tres Valles,0.6,tres valles,0.0,0.0,284.774,0,0,0.0
2019-03-01,Tres Valles,0.6,tres valles,0.0,0.0,292.614,0,0,0.0
2019-04-01,Tres Valles,0.6,tres valles,0.0,0.0,292.345,0,0,0.0
2019-05-01,Tres Valles,0.6,tres valles,0.0,0.0,273.44,0,0,0.0
2019-06-01,Tres Valles,0.5,tres valles,0.0,0.0,266.187,0,0,0.0
2019-07-01,Tres Valles,0.5,tres valles,0.0,0.0,269.427,0,0,0.0
2019-08-01,Tres Valles,0.6,tres valles,0.0,0.0,258.91,0,0,0.0
2019-09-01,Tres Valles,0.6,tres valles,0.0,0.0,260.611,0,0,0.0
2019-10-01,Tres Valles,0.7,tres valles,0.0,0.0,260.493,0,0,0.0
2019-11-01,Tres Valles,0.6,tres valles,0.0,0.0,265.791,0,0,0.0
2019-12-01,Tres Valles,0.6,tres valles,0.0,0.0,274.987,0,0,0.0
2020-01-01,Tres Valles,0.507,tres valles,0.0,0.0,274.387,0,0,0.0
2020-02-01,Tres Valles,0.501,tres valles,0.0,0.0,257.933,0,0,0.0
2020-03-01,Tres Valles,0.476,tres valles,0.0,0.0,234.901,0,0,0.0
2020-04-01,Tres Valles,0.436,tres valles,0.0,0.0,228.985,0,0,0.0
2020-05-01,Tres Valles,0.404,tres valles,0.0,0.0,237.402,0,0,0.0
2020-06-01,Tres Valles,0.388,tres valles,0.0,0.0,260.47,0,0,0.0
2020-07-01,Tres Valles,0.367,tres valles,0.0,0.0,288.202,0,0,0.0
2020-08-01,Tres Valles,0.345,tres valles,0.0,0.0,294.685,0,0,0.0
2020-09-01,Tres Valles,0.365,tres valles,0.0,0.0,304.47,0,0,0.0
2020-10-01,Tres Valles,0.37,tres valles,0.0,0.0,304.033,0,0,0.0
2020-11-01,Tres Valles,0.362,tres valles,0.0,0.0,320.392,0,0,0.0
2020-12-01,Tres Valles,0.362,tres valles,0.0,0.0,351.772,0,0,0.0
2021-01-01,Tres Valles,0.305,tres valles,0.0,0.0,361.536,0,0,0.0
2021-02-01,Tres Valles,0.289,tres valles,0.0,0.0,383.751,0,0,0.0
2021-03-01,Tres Valles,0.307,tres valles,0.0,0.0,408.459,0,0,0.0
2021-04-01,Tres Valles,0.356,tres valles,0.0,0.0,423.454,0,0,0.0
2021-05-01,Tres Valles,0.328,tres valles,0.0,0.0,461.937,0,0,0.0
2021-06-01,Tres Valles,0.351,tres valles,0.0,0.0,436.013,0,0,0.0
2021-07-01,Tres Valles,0.393,tres valles,0.0,0.0,427.901,0,0,0.0
2021-08-01,Tres Valles,0.37,tres valles,0.0,0.0,424.435,0,0,0.0
2021-09-01,Tres Valles,0.375,tres valles,0.0,0.0,422.933,0,0,0.0
2021-10-01,Tres Valles,0.353,tres valles,0.0,0.0,443.545,0,0,0.0
2021-11-01,Tres Valles,0.376,tres valles,0.0,0.0,442.955,0,0,102.0
2021-12-01,Tres Valles,0.407,tres valles,0.0,0.0,433.195,0,0,0.0
2022-01-01,Tres Valles,0.375,tres valles,0.0,0.0,443.429,0,0,0.0
2022-02-01,Tres Valles,0.332,tres valles,0.0,0.0,450.932,0,0,0.0
2022-03-01,Tres Valles,0.335,tres valles,0.0,0.0,464.369,0,0,0.0
2022-04-01,Tres Valles,0.28,tres valles,0.0,0.0,461.899,0,0,0.0
2022-05-01,Tres Valles,0.263489,tres valles,0.0,0.0,424.69,0,0,0.0
2022-06-01,Tres Valles,0.227269,tres valles,0.0,0.0,409.736,0,0,0.0
2022-07-01,Tres Valles,0.198,tres valles,0.0,0.0,341.545,0,0,0.0
2022-08-01,Tres Valles,0.129154,tres valles,0.0,0.0,361.104,0,0,0.0
2022-09-01,Tres Valles,0.131,tres valles,0.0,0.0,350.84,0,0,0.0
2022-10-01,Tres Valles,0.13635,tres valles,0.0,0.0,345.693,0,0,0.0
2022-11-01,Tres Valles,0.132,tres valles,0.0,0.0,364.233,0,0,0.0
2022-12-01,Tres Valles,0.109,tres valles,0.0,0.0,379.531,0,0,0.0
2023-01-01,Tres Valles,0.151,tres valles,0.0,0.0,408.224,0,0,0.0
2023-02-01,Tres Valles,0.138,tres valles,0.0,0.0,406.201,0,0,0.0
2023-03-01,Tres Valles,0.137,tres valles,0.0,0.0,400.782,0,0,0.0
2023-04-01,Tres Valles,0.141,tres valles,0.0,0.0,399.796,0,0,0.0
2023-05-01,Tres Valles,0.135,tres valles,0.0,0.0,373.501,0,0,0.0
2023-06-01,Tres Valles,0.11,tres valles,0.0,0.0,380.393,0,0,0.0
2023-07-01,Tres Valles,0.11,tres valles,0.0,0.0,383.071,0,0,0.0
2023-08-01,Tres Valles,0.12,tres valles,0.0,0.0,378.83,0,0,0.0
2023-09-01,Tres Valles,0.112,tres valles,0.0,0.0,375.16,0,0,0.0
2023-10-01,Tres Valles,0.125,tres valles,0.0,0.0,360.137,0,0,0.0
2023-11-01,Tres Valles,0.132,tres valles,0.0,0.0,370.764,0,0,0.0
2023-12-01,Tres Valles,0.146,tres valles,0.0,0.0,380.75,0,0,0.0
2024-01-01,Tres Valles,0.143,tres valles,0.0,0.0,378.491,0,0,0.0
2024-02-01,Tres Valles,0.145,tres valles,0.0,0.0,376.969,0,0,0.0
2024-03-01,Tres Valles,0.138,tres valles,0.0,0.0,393.52,0,0,0.0
2024-04-01,Tres Valles,0.139,tres valles,0.0,0.0,430.116,0,0,0.0
2024-05-01,Tres Valles,0.133,tres valles,0.0,0.0,459.447,0,0,0.0
2024-06-01,Tres Valles,0.119,tres valles,203.47541269115408,102.0,437.336,0,0,0.0
2024-07-01,Tres Valles,0.123,tres valles,202.42893603272304,0.0,426.085,0,0,0.0
2024-08-01,Tres Valles,0.115,tres valles,201.38784141717449,0.0,406.587,0,0,0.0
2024-09-01,Tres Valles,0.105,tres valles,200.3521011645928,0.0,419.777,0,0,0.0
2024-10-01,Tres Valles,0.109,tres valles,199.3216877374206,0.0,432.693,0,0,0.0
2024-11-01,Tres Valles,0.116,tres valles,198.29657373972643,0.0,411.625,0,0,0.0
2024-12-01,Tres Valles,0.111,tres valles,197.2767319164765,0.0,404.583,0,0,0.0
2025-01-01,Tres Valles,0.098,tres valles,196.26213515281,0.0,407.216,0,0,0.0
2025-02-01,Tres Valles,0.104,tres valles,195.2527564733181,0.0,423.168,0,0,0.0
2025-03-01,Tres Valles,0.101,tres valles,194.24856904132704,0.0,441.394,0,0,0.0
2025-04-01,Tres Valles,0.103,tres valles,193.24954615818424,0.0,416.948,0,0,0.0
2025-05-01,Tres Valles,0.086,tres valles,192.25566126254873,0.0,432.263,0,0,0.0
2025-06-01,Tres Valles,0.092,tres valles,191.26688792968483,0.0,446.051,0,0,0.0
2025-07-01,Tres Valles,0.118,tres valles,190.2831998707596,0.0,443.533,0,0,0.0
2025-08-01,Tres Valles,0.104,tres valles,189.30457093214395,0.0,437.529,0,0,0.0
2025-09-01,Tres Valles,0.17,tres valles,188.3309750947172,0.0,451.448,0,0,0.0
2025-10-01,Tres Valles,0.25,tres valles,187.36238647317532,0.0,485.164,0,0,0.0
2025-11-01,Tres Valles,0.307,tres valles,186.3987793153428,0.0,489.915,0,0,0.0
2025-12-01,Tres Valles,0.278,tres valles,185.44012800148784,0.0,535.411,0,0,0.0
2026-01-01,Tres Valles,0.272,tres valles,185.44012800148784,0.0,535.411,0,0,0.0
2026-02-01,Tres Valles,0.209,tres valles,185.44012800148784,0.0,535.411,0,0,0.0
2026-03-01,Tres Valles,0.179,tres valles,185.44012800148784,0.0,535.411,0,0,0.0
2014-01-01,Zaldívar,7.3,zaldivar,378.6673405657182,0.0,330.891,0,0,0.0
2014-02-01,Zaldívar,7.1,zaldivar,376.7198495741964,0.0,324.416,0,0,0.0
2014-03-01,Zaldívar,9.8,zaldivar,374.7823745538339,0.0,302.448,0,0,0.0
2014-04-01,Zaldívar,9.1,zaldivar,372.8548639923625,0.0,302.584,0,0,0.0
2014-05-01,Zaldívar,8.5,zaldivar,370.9372666424422,0.0,312.247,0,0,0.0
2014-06-01,Zaldívar,7.2,zaldivar,369.02953152029875,0.0,308.719,0,0,0.0
2014-07-01,Zaldívar,8.0,zaldivar,367.13160790436825,0.0,322.255,0,0,0.0
2014-08-01,Zaldívar,9.1,zaldivar,365.2434453339483,0.0,317.54,0,0,0.0
2014-09-01,Zaldívar,8.1,zaldivar,363.36499360785655,0.0,311.719,0,0,0.0
2014-10-01,Zaldívar,7.6,zaldivar,361.49620278309607,0.0,305.685,0,0,0.0
2014-11-01,Zaldívar,8.7,zaldivar,359.6370231735273,0.0,303.958,0,0,0.0
2014-12-01,Zaldívar,10.1,zaldivar,357.7874053485473,0.0,291.34,0,0,0.0
2015-01-01,Zaldívar,9.2,zaldivar,355.9473001317751,0.0,263.802,0,0,0.0
2015-02-01,Zaldívar,8.0,zaldivar,354.11665859974465,0.0,258.642,0,0,0.0
2015-03-01,Zaldívar,6.1,zaldivar,352.2954320806039,0.0,268.792,0,0,0.0
2015-04-01,Zaldívar,6.1,zaldivar,350.4835721528208,0.0,273.447,0,0,0.0
2015-05-01,Zaldívar,8.1,zaldivar,348.68103064389567,0.0,285.791,0,0,0.0
2015-06-01,Zaldívar,9.7,zaldivar,346.88775962908085,0.0,264.608,0,0,0.0
2015-07-01,Zaldívar,9.8,zaldivar,345.10371143010616,0.0,247.521,0,0,0.0
2015-08-01,Zaldívar,9.8,zaldivar,343.3288386139114,0.0,230.83,0,0,0.0
2015-09-01,Zaldívar,9.0,zaldivar,381.5630939913852,40.0,236.235,0,0,0.0
2015-10-01,Zaldívar,9.6,zaldivar,379.6007101028374,0.0,236.894,0,0,0.0
2015-11-01,Zaldívar,9.1,zaldivar,377.6484187798094,0.0,218.098,0,0,0.0
2015-12-01,Zaldívar,8.9,zaldivar,375.7061681161072,0.0,209.968,0,0,0.0
2016-01-01,Zaldívar,7.1,zaldivar,373.773906472491,0.0,202.427,0,0,0.0
2016-02-01,Zaldívar,8.8,zaldivar,371.8515824753024,0.0,208.447,0,0,0.0
2016-03-01,Zaldívar,8.9,zaldivar,369.93914501509823,0.0,224.417,0,0,0.0
2016-04-01,Zaldívar,9.1,zaldivar,368.036543245292,0.0,220.043,0,0,0.0
2016-05-01,Zaldívar,9.3,zaldivar,366.1437265808017,0.0,213.567,0,0,0.0
2016-06-01,Zaldívar,8.8,zaldivar,364.2606446967051,0.0,210.042,0,0,0.0
2016-07-01,Zaldívar,8.8,zaldivar,362.3872475269019,0.0,220.255,0,0,0.0
2016-08-01,Zaldívar,7.7,zaldivar,360.52348526278206,0.0,215.829,0,0,0.0
2016-09-01,Zaldívar,7.5,zaldivar,358.66930835190203,0.0,213.514,0,0,0.0
2016-10-01,Zaldívar,8.8,zaldivar,356.82466749666713,0.0,214.646,0,0,0.0
2016-11-01,Zaldívar,8.8,zaldivar,354.9895136530208,0.0,246.902,0,0,0.0
2016-12-01,Zaldívar,9.8,zaldivar,353.16379802914076,0.0,257.017,0,0,0.0
2017-01-01,Zaldívar,8.7,zaldivar,351.34747208414154,0.0,260.245,0,0,0.0
2017-02-01,Zaldívar,8.7,zaldivar,349.54048752678426,0.0,269.504,0,0,0.0
2017-03-01,Zaldívar,9.3,zaldivar,347.7427963141924,0.0,264.06,0,0,0.0
2017-04-01,Zaldívar,8.2,zaldivar,345.9543506505745,0.0,258.442,0,0,0.0
2017-05-01,Zaldívar,9.0,zaldivar,344.17510298595363,0.0,253.626,0,0,0.0
2017-06-01,Zaldívar,8.0,zaldivar,342.4050060149029,0.0,258.524,0,0,0.0
2017-07-01,Zaldívar,8.4,zaldivar,340.6440126752878,0.0,271.185,0,0,0.0
2017-08-01,Zaldívar,8.7,zaldivar,338.89207614701513,0.0,293.845,0,0,100.0
2017-09-01,Zaldívar,8.6,zaldivar,337.1491498507879,0.0,298.609,0,0,0.0
2017-10-01,Zaldívar,9.1,zaldivar,335.4151874468671,0.0,308.324,0,0,0.0
2017-11-01,Zaldívar,7.6,zaldivar,333.69014283383956,0.0,309.603,0,0,0.0
2017-12-01,Zaldívar,9.0,zaldivar,331.97397014739227,0.0,308.495,0,0,0.0
2018-01-01,Zaldívar,8.1,zaldivar,330.266623759093,0.0,321.157,0,0,0.0
2018-02-01,Zaldívar,6.3,zaldivar,328.5680582751772,0.0,317.596,0,0,0.0
2018-03-01,Zaldívar,7.2,zaldivar,326.8782285353408,0.0,308.251,0,0,0.0
2018-04-01,Zaldívar,6.5,zaldivar,325.19708961154,0.0,310.191,0,0,0.0
2018-05-01,Zaldívar,7.2,zaldivar,323.52459680679635,0.0,309.43,0,0,0.0
2018-06-01,Zaldívar,7.3,zaldivar,421.86070565400865,100.0,315.464,0,0,0.0
2018-07-01,Zaldívar,8.0,zaldivar,419.6910706315882,0.0,283.413,0,0,0.0
2018-08-01,Zaldívar,8.6,zaldivar,417.5325940699285,0.0,273.959,0,0,0.0
2018-09-01,Zaldívar,8.7,zaldivar,415.38521858092247,0.0,273.064,0,0,0.0
2018-10-01,Zaldívar,9.1,zaldivar,413.2488870716112,0.0,281.948,0,0,0.0
2018-11-01,Zaldívar,9.6,zaldivar,411.12354274266534,0.0,280.91,0,0,0.0
2018-12-01,Zaldívar,7.9,zaldivar,409.0091290868753,0.0,276.429,0,0,0.0
2019-01-01,Zaldívar,8.302,zaldivar,406.9055898876488,0.0,269.072,0,0,0.0
2019-02-01,Zaldívar,8.427,zaldivar,404.8128692175161,0.0,284.774,0,0,0.0
2019-03-01,Zaldívar,8.67,zaldivar,402.73091143664334,0.0,292.614,0,0,0.0
2019-04-01,Zaldívar,9.616,zaldivar,400.65966119135294,0.0,292.345,0,0,0.0
2019-05-01,Zaldívar,10.01,zaldivar,398.599063412652,0.0,273.44,0,0,0.0
2019-06-01,Zaldívar,9.905,zaldivar,396.5490633147681,0.0,266.187,0,0,0.0
2019-07-01,Zaldívar,9.303,zaldivar,394.5096063936929,0.0,269.427,0,0,0.0
2019-08-01,Zaldívar,9.876,zaldivar,392.4806384257327,0.0,258.91,0,0,0.0
2019-09-01,Zaldívar,9.73,zaldivar,390.4621054660671,0.0,260.611,0,0,0.0
2019-10-01,Zaldívar,10.582,zaldivar,388.4539538473145,0.0,260.493,0,0,0.0
2019-11-01,Zaldívar,10.425,zaldivar,386.4561301781054,0.0,265.791,0,0,0.0
2019-12-01,Zaldívar,11.285,zaldivar,384.4685813416628,0.0,274.987,0,0,0.0
2020-01-01,Zaldívar,9.951,zaldivar,382.49125449438986,0.0,274.387,0,0,0.0
2020-02-01,Zaldívar,8.393,zaldivar,380.52409706446514,0.0,257.933,0,0,0.0
2020-03-01,Zaldívar,9.34,zaldivar,378.5670567504447,0.0,234.901,0,0,0.0
2020-04-01,Zaldívar,8.302,zaldivar,376.62008151987175,0.0,228.985,0,0,0.0
2020-05-01,Zaldívar,8.349,zaldivar,374.6831196078928,0.0,237.402,0,0,0.0
2020-06-01,Zaldívar,8.226,zaldivar,372.7561195158819,0.0,260.47,0,0,0.0
2020-07-01,Zaldívar,7.871,zaldivar,370.8390300100712,0.0,288.202,0,0,0.0
2020-08-01,Zaldívar,7.121,zaldivar,368.93180012018865,0.0,294.685,0,0,0.0
2020-09-01,Zaldívar,7.0,zaldivar,367.03437913810296,0.0,304.47,0,0,0.0
2020-10-01,Zaldívar,7.264,zaldivar,365.14671661647554,0.0,304.033,0,0,0.0
2020-11-01,Zaldívar,7.342,zaldivar,363.268762367419,0.0,320.392,0,0,0.0
2020-12-01,Zaldívar,7.322,zaldivar,361.4004664611629,0.0,351.772,0,0,0.0
2021-01-01,Zaldívar,7.298,zaldivar,359.5417792247264,0.0,361.536,0,0,0.0
2021-02-01,Zaldívar,7.463,zaldivar,357.6926512405972,0.0,383.751,0,0,1.2
2021-03-01,Zaldívar,7.376,zaldivar,355.853033345418,0.0,408.459,0,0,0.0
2021-04-01,Zaldívar,6.108,zaldivar,354.0228766286794,0.0,423.454,0,0,0.0
2021-05-01,Zaldívar,7.073,zaldivar,352.2021324314192,0.0,461.937,0,0,0.0
2021-06-01,Zaldívar,5.966,zaldivar,350.390752344929,0.0,436.013,0,0,0.0
2021-07-01,Zaldívar,6.879,zaldivar,348.58868820946697,0.0,427.901,0,0,0.0
2021-08-01,Zaldívar,7.455,zaldivar,346.79589211297736,0.0,424.435,0,0,0.0
2021-09-01,Zaldívar,7.618,zaldivar,345.0123163898168,0.0,422.933,0,0,1200.0
2021-10-01,Zaldívar,8.094,zaldivar,343.237913619487,0.0,443.545,0,0,0.0
2021-11-01,Zaldívar,7.795,zaldivar,341.47263662537387,0.0,442.955,0,0,0.0
2021-12-01,Zaldívar,8.9,zaldivar,339.71643847349316,0.0,433.195,0,0,0.0
2022-01-01,Zaldívar,8.261,zaldivar,337.9692724712428,0.0,443.429,0,0,0.0
2022-02-01,Zaldívar,7.2,zaldivar,336.2310921661613,0.0,450.932,0,0,0.0
2022-03-01,Zaldívar,7.5,zaldivar,334.5018513446929,0.0,464.369,0,0,0.0
2022-04-01,Zaldívar,7.1,zaldivar,332.7815040309586,0.0,461.899,0,0,0.0
2022-05-01,Zaldívar,7.585,zaldivar,331.07000448553407,0.0,424.69,0,0,1.2
2022-06-01,Zaldívar,7.375,zaldivar,329.36730720423327,0.0,409.736,0,0,0.0
2022-07-01,Zaldívar,7.44,zaldivar,327.67336691689894,0.0,341.545,0,0,0.0
2022-08-01,Zaldívar,6.462,zaldivar,327.1881385861987,1.2,361.104,0,0,0.0
2022-09-01,Zaldívar,7.318,zaldivar,325.5054057910296,0.0,350.84,0,0,0.0
2022-10-01,Zaldívar,7.461,zaldivar,323.8313273122186,0.0,345.693,0,0,0.0
2022-11-01,Zaldívar,7.048,zaldivar,322.16585864050563,0.0,364.233,0,0,0.0
2022-12-01,Zaldívar,8.139,zaldivar,320.50895549554224,0.0,379.531,0,0,0.0
2023-01-01,Zaldívar,7.572,zaldivar,318.8605738247145,0.0,408.224,0,0,0.0
2023-02-01,Zaldívar,6.198,zaldivar,317.22066980197155,0.0,406.201,0,0,0.0
2023-03-01,Zaldívar,6.264,zaldivar,316.78919982666054,1.2,400.782,0,0,0.0
2023-04-01,Zaldívar,6.781,zaldivar,315.1599489069691,0.0,399.796,0,0,0.0
2023-05-01,Zaldívar,6.166,zaldivar,313.53907724566386,0.0,373.501,0,0,0.0
2023-06-01,Zaldívar,6.576,zaldivar,1511.9265417481115,1200.0,380.393,0,0,0.0
2023-07-01,Zaldívar,6.595,zaldivar,1504.1506841431274,0.0,383.071,0,0,0.0
2023-08-01,Zaldívar,6.845,zaldivar,1496.414817873584,0.0,378.83,0,0,0.0
2023-09-01,Zaldívar,7.264,zaldivar,1488.7187372635303,0.0,375.16,0,0,0.0
2023-10-01,Zaldívar,7.572,zaldivar,1481.0622376948088,0.0,360.137,0,0,0.0
2023-11-01,Zaldívar,6.922,zaldivar,1473.445115601616,0.0,370.764,0,0,0.0
2023-12-01,Zaldívar,6.16,zaldivar,1465.86716846509,0.0,380.75,0,0,0.0
2024-01-01,Zaldívar,6.298,zaldivar,1458.328194807926,0.0,378.491,0,0,0.0
2024-02-01,Zaldívar,6.274,zaldivar,1450.8279941890196,0.0,376.969,0,0,0.0
2024-03-01,Zaldívar,6.992,zaldivar,1443.3663671981376,0.0,393.52,0,0,0.0
2024-04-01,Zaldívar,6.502,zaldivar,1435.943115450616,0.0,430.116,0,0,0.0
2024-05-01,Zaldívar,6.602,zaldivar,1428.5580415820857,0.0,459.447,0,0,0.0
2024-06-01,Zaldívar,6.424,zaldivar,1421.2109492432253,0.0,437.336,0,0,0.0
2024-07-01,Zaldívar,6.377,zaldivar,1413.90164309454,0.0,426.085,0,0,0.0
2024-08-01,Zaldívar,7.103,zaldivar,1406.6299288011694,0.0,406.587,0,0,0.0
2024-09-01,Zaldívar,7.16,zaldivar,1399.3956130277188,0.0,419.777,0,0,0.0
2024-10-01,Zaldívar,7.392,zaldivar,1392.1985034331203,0.0,432.693,0,0,0.0
2024-11-01,Zaldívar,7.565,zaldivar,1385.0384086655192,0.0,411.625,0,0,0.0
2024-12-01,Zaldívar,8.156961877310344,zaldivar,1377.9151383571848,0.0,404.583,0,0,0.0
2025-01-01,Zaldívar,6.638,zaldivar,1370.8285031194507,0.0,407.216,0,0,0.0
2025-02-01,Zaldívar,5.459,zaldivar,1363.7783145376789,0.0,423.168,0,0,0.0
2025-03-01,Zaldívar,6.246,zaldivar,1356.7643851662497,0.0,441.394,0,0,0.0
2025-04-01,Zaldívar,5.059,zaldivar,1349.7865285235794,0.0,416.948,0,0,0.0
2025-05-01,Zaldívar,5.76,zaldivar,1342.8445590871609,0.0,432.263,0,0,0.0
2025-06-01,Zaldívar,3.588,zaldivar,1335.938292288632,0.0,446.051,0,0,0.0
2025-07-01,Zaldívar,4.277,zaldivar,1329.067544508868,0.0,443.533,0,0,0.0
2025-08-01,Zaldívar,7.197,zaldivar,1322.2321330730997,0.0,437.529,0,0,0.0
2025-09-01,Zaldívar,7.059,zaldivar,1315.431876246056,0.0,451.448,0,0,0.0
2025-10-01,Zaldívar,6.86,zaldivar,1308.6665932271335,0.0,485.164,0,0,0.0
2025-11-01,Zaldívar,7.828,zaldivar,1301.9361041455884,0.0,489.915,0,0,0.0
2025-12-01,Zaldívar,9.391,zaldivar,1295.240230055754,0.0,535.411,0,0,0.0
2026-01-01,Zaldívar,7.458,zaldivar,1295.240230055754,0.0,535.411,0,0,0.0
2026-02-01,Zaldívar,3.996,zaldivar,1295.240230055754,0.0,535.411,0,0,0.0
2026-03-01,Zaldívar,5.752,zaldivar,1295.240230055754,0.0,535.411,0,0,0.0
