ID,RUT_EMPRESA_O_PRODUCTOR_MINERO,NOMBRE_EMPRESA_O_PRODUCTOR_MINERO,NOMBRE_FAENA,NOMBRE_INSTALACION,TIPO_DEPOSITO,RECURSO,TIPO_MINERIA,CANTIDAD_MUROS__CONTENCION_,CUT_REG,CUT_PROV,CUT_COM,REGION,PROVINCIA,COMUNA,UTM_NORTE,UTM_ESTE,DATUM,HUSO,LATITUD,LONGITUD,ESTADO_INSTALACION,METODO_CONSTRUCTIVO_MURO,VOL_AUTORIZADO,VOL_ACTUAL,TONELAJE_AUTORIZADO,TONELAJE_ACTUAL,RES_APRUEBA,FECHA_RES_APRUEBA,RES_PDC_APRUEBA,FECHA_RES_PDC,Shape_Length,Shape_Area
0001-1N,89468900-5,CIA. MINERA DOÑA INES DE COLLAHUASI ,COLLAHUASI,PAMPA PABELLON,EMBALSE,COBRE-MOLIBDENO,METÁLICO,1,01,014,01405,Tarapacá,Tamarugal,Pica,7684083.902,541170.1216,WGS84,19S,-20.9432343,-68.60401418,ACTIVO,AGUAS ABAJO,1606000000,745260340,2329000000,1080627493,2234,2022-12-05,,,19867.05527,17895471.86
0002-1N,sin rut conocido,DESCONOCIDO,LA DIAMANTINA,DEPOSITO NORTE,TRANQUE DE RELAVE,COBRE,METÁLICO,4,01,014,01401,Tarapacá,Tamarugal,Pozo Almonte,7720959.132,428085.7282,WGS84,19S,-20.60911586,-69.69016352,ABANDONADO,,1590,,2385,,,,,,155.4899428,1499.600552
0003-1N,61703000-4,ENAMI,PIRQUINEROS DE CHOJA,RELAVE 1,EMBALSE,ORO,METÁLICO,1,01,014,01405,Tarapacá,Tamarugal,Pica,7670700.453,512673.2958,WGS84,19S,-21.06457807,-68.87800544,INACTIVO,,100,,150,,,,,,60.68926034,193.7341673
0004-1N,61703000-4,ENAMI,PIRQUINEROS DE CHOJA,RELAVE 3,TRANQUE DE RELAVE,ORO,METÁLICO,,01,014,01405,Tarapacá,Tamarugal,Pica,7670703.982,512688.2243,WGS84,19S,-21.06454609,-68.87786176,ELIMINADO,,100,,150,,,,,,38.05701096,109.0208736
0005-1N,61703000-4,ENAMI,PIRQUINEROS DE CHOJA,RELAVE 2,TRANQUE DE RELAVE,ORO,METÁLICO,,01,014,01405,Tarapacá,Tamarugal,Pica,7670701.019,512713.4743,WGS84,19S,-21.06457268,-68.87761868,ELIMINADO,,100,,150,,,,,,92.13102232,377.142505
0006-2N,61703000-4,ENAMI,PLANTA JOSE ANTONIO MORENO,PUNTA MORADO,TRANQUE DE RELAVE,COBRE,METÁLICO,1,02,021,02104,Antofagasta,Antofagasta,Taltal,7191287.793,353501.0335,WGS84,19S,-25.38802076,-70.45628997,INACTIVO,,1121664,,1682496,,1161,1992-09-29,1530,2015-06-04,1842.190241,179250.7845
0007-2N,61703000-4,ENAMI,PLANTA JOSE ANTONIO MORENO,EMBALSE DE RELAVE,EMBALSE,COBRE,METÁLICO,0,02,021,02104,Antofagasta,Antofagasta,Taltal,7191166.263,353696.8123,WGS84,19S,-25.38913714,-70.45435745,INACTIVO,EXCAVACION TERRENO,105000,108919,157500,163379,1483,2012-12-11,1530,2015-06-04,635.8589444,24063.309
0008-2N,61703000-4,ENAMI,PLANTA JOSE ANTONIO MORENO,JOSE MORENO 1,ACOPIO,COBRE,METÁLICO,,02,021,02104,Antofagasta,Antofagasta,Taltal,7190390.722,351563.7059,WGS84,19S,-25.39592727,-70.47564165,INACTIVO,NO APLICA,79200,,118800,,,,,,417.956816,6566.257809
0009-3N,61703000-4,ENAMI,PLANTA MATTA,TRANQUE DE RELAVE 3,TRANQUE DE RELAVE,COBRE,METÁLICO,1,03,031,03101,Atacama,Copiapó,Copiapó,6968356.138,376086.9948,WGS84,19S,-27.40252642,-70.25336756,ACTIVO,EJE CENTRAL,18419769,17764894,28233659,27180288,1904,2019-07-24,2649,2015-10-22,4608.705425,907988.2906
0010-3N,61703000-4,ENAMI,PLANTA MATTA,RELAVES FILTRADOS,FILTRADO,COBRE,METÁLICO,0,03,031,03101,Atacama,Copiapó,Copiapó,6968095.587,375274.4678,WGS84,19S,-27.40480403,-70.26161128,EN CONSTRUCCION,NO APLICA,,,17475690,,1540,2022-09-06,,,4191.981442,691985.3448
0011-3N,61703000-4,ENAMI,PLANTA VALLENAR,TRANQUE DE RELAVE 3,TRANQUE DE RELAVE,COBRE,METÁLICO,1,03,033,03301,Atacama,Huasco,Vallenar,6838979.232,330310.1867,WGS84,19S,-28.56499325,-70.73483734,INACTIVO,AGUAS ABAJO,2358313,2351045,3938383,3879224,1692,2021-09-02,1574,2015-06-09,1583.511344,155706.2943
0012-3N,61703000-4,ENAMI,PLANTA MATTA,TRANQUE DE RELAVE 1,TRANQUE DE RELAVE,COBRE,METÁLICO,1,03,031,03101,Atacama,Copiapó,Copiapó,6967662.281,376146.7256,WGS84,19S,-27.40879454,-70.25283414,INACTIVO,,138935,,208402,,,,2649,2015-10-22,834.9437252,38583.07045
0013-3N,61703000-4,ENAMI,PLANTA MATTA,TRANQUE DE RELAVE 2,TRANQUE DE RELAVE,COBRE,METÁLICO,1,03,031,03101,Atacama,Copiapó,Copiapó,6967392.05,376007.2146,WGS84,19S,-27.41122093,-70.25427263,INACTIVO,,3810667,,5716000,,,,2649,2015-10-22,1639.804943,135258.0774
0014-3N,61703000-4,ENAMI,EL SALADO,EL SALADO,TRANQUE DE RELAVE,COBRE-ORO,METÁLICO,1,03,032,03201,Atacama,Chañaral,Chañaral,7077605.47,367005.0364,WGS84,19S,-26.41556074,-70.3335714,INACTIVO,,300000,,450000,,163,1990-03-01,1780,2009-09-16,920.9447203,46634.50702
0015-3N,61703000-4,ENAMI,PLANTA VALLENAR,TRANQUE 2,TRANQUE DE RELAVE,COBRE,METÁLICO,1,03,033,03301,Atacama,Huasco,Vallenar,6839295.508,329544.1782,WGS84,19S,-28.56203938,-70.7426187,INACTIVO,AGUAS ABAJO,,,,,,,,,1233.252581,96845.14226
0016-3N,61703000-4,ENAMI,PLANTA VALLENAR,TRANQUE 1,TRANQUE DE RELAVE,COBRE,METÁLICO,1,03,033,03301,Atacama,Huasco,Vallenar,6839144.84,329896.7948,WGS84,19S,-28.56344499,-70.73903752,INACTIVO,AGUAS ABAJO,,,,,,,,,1119.186924,88021.14074
0017-3N,61703000-4,ENAMI,PLANTA VALLENAR,DRE VALLENAR,ESPESADO,COBRE,METÁLICO,1,03,033,03301,Atacama,Huasco,Vallenar,6839807.977,329490.6268,WGS84,19S,-28.55740867,-70.74308977,ACTIVO,AGUAS ABAJO,,,1320000,24394,,,,,1377.104771,117191.5111
0018-4N,61703000-4,ENAMI,FAENA DELTA,DELTA,ESPESADO,COBRE,METÁLICO,1,04,043,04301,Coquimbo,Limarí,Ovalle,6622740.381,286180.8565,WGS84,19S,-30.5086341,-71.22812158,ACTIVO,NO APLICA,6666667,6084503.33,10000000,9126755,441,2010-05-18,,,4174.483629,1001746.83
0019-4N,61703000-4,ENAMI,PLANTA OVALLE,TRANQUE 1,TRANQUE DE RELAVE,COBRE-ORO,METÁLICO,1,04,043,04301,Coquimbo,Limarí,Ovalle,6618347.662,291305.5095,WGS84,19S,-30.54914663,-71.17563528,ABANDONADO,,41512,,62268,,,,3149,2015-12-18,727.5043943,32215.669
0020-4N,61703000-4,ENAMI,PLANTA OVALLE,TRANQUE 2,TRANQUE DE RELAVE,COBRE-ORO,METÁLICO,1,04,043,04301,Coquimbo,Limarí,Ovalle,6618099.747,291121.4609,WGS84,19S,-30.55135009,-71.17760274,ABANDONADO,,1245333,,1805732,,,,3149,2015-12-18,969.0634748,53905.27798
0021-4N,61703000-4,ENAMI,PLANTA OVALLE,EMBALSE DE RELAVES,EMBALSE,COBRE-ORO,METÁLICO,1,04,043,04301,Coquimbo,Limarí,Ovalle,6617817.111,290993.4537,WGS84,19S,-30.55387639,-71.17899338,INACTIVO,,996000,,1494000,,,,3149,2015-12-18,2156.151825,81769.90864
0022-1N,96567040-8,CIA. MINERA TECK QUEBRADA BLANCA,QUEBRADA BLANCA,QB2,TRANQUE DE RELAVE,COBRE,METÁLICO,1,01,014,01405,Tarapacá,Tamarugal,Pica,7671819.005,515819.3404,WGS84,19S,-21.05444688,-68.84773161,ACTIVO,EJE CENTRAL,100,,1240000000,,3333,2018-12-04,,,9292.202615,841055.5818
0023-4N,78126110-6,CIA. MINERA TECK CDA,TECK-CDA,HIPOGENO,EMBALSE,COBRE,METÁLICO,5,04,041,04103,Coquimbo,Elqui,Andacollo,6649270.872,297437.0194,WGS84,19S,-30.27133585,-71.10575468,ACTIVO,AGUAS ABAJO,297000000,170305774,416000000,238428084,1050,2008-12-29,1680,2015-06-24,12519.53196,4678263.502
0024-2N,77418580-1,MANTOS COPPER,MANTOS BLANCOS,TRANQUE DE RELAVE,TRANQUE DE RELAVE,COBRE,METÁLICO,1,02,021,02101,Antofagasta,Antofagasta,Antofagasta,7407083.471,393179.0877,WGS84,19S,-23.44270704,-70.04574472,INACTIVO,,5333333,,8000000,,1218,1979-07-12,209,2013-02-14,3754.341034,754496.7478
0025-2N,77418580-1,MANTOS COPPER,MANTOS BLANCOS,MANTOS BLANCO,FILTRADO,COBRE,METÁLICO,,02,021,02101,Antofagasta,Antofagasta,Antofagasta,7406883.117,392105.9693,WGS84,19S,-23.44444578,-70.05626323,ACTIVO,NO APLICA,92133333,89307840,138200000,92190867,2101,2018-07-31,209,2013-02-14,3521.103981,635395.9816
0026-2N,77418580-1,MANTOS COPPER,MANTOS BLANCOS,DEPOSITO RELAVES FINOS,FILTRADO,COBRE,METÁLICO,,02,021,02101,Antofagasta,Antofagasta,Antofagasta,7408075.216,388444.119,WGS84,19S,-23.43343288,-70.09201865,ACTIVO,NO APLICA,15540000,,21000000,10063820,2101,,929,2021-05-18,2586.75147,300430.9393
0027-3N,76214436-0,CAPSTONE COPPER,MANTOVERDE,MANTOVERDE,TRANQUE DE RELAVE,COBRE,METÁLICO,1,03,032,03201,Atacama,Chañaral,Chañaral,7061235.11,364162.7495,WGS84,19S,-26.5630622,-70.36380796,EN CONSTRUCCION,EJE CENTRAL,,,230000000,,311,2020-02-19,,,7479.312707,2516500.103
0028-2N,76474352-0,MINERA CRISTAL LIMITADA,MINERA CRISTAL LIMITADA,DEPÓSITO TUINA,EMBALSE,COBRE,METÁLICO,1,02,022,02201,Antofagasta,El Loa,Calama,7507361.354,558065.8276,WGS84,19S,-22.53936396,-68.43530645,ACTIVO,AGUAS ABAJO,,,112575,,724,2018-06-18,,,455.4924857,13247.29551
0029-2N,79587210-8,MINERA ESCONDIDA LTDA.,ESCONDIDA,EMBALSE DE RELAVE,EMBALSE,COBRE,METÁLICO,1,02,021,02101,Antofagasta,Antofagasta,Antofagasta,7308050.97,493092.6972,WGS84,19S,-24.34069755,-69.06809147,INACTIVO,NO APLICA,40158,,60237,,,,,,628.1104239,25152.25876
0030-2N,79587210-8,MINERA ESCONDIDA LTDA.,ESCONDIDA,LAGUNA SECA,EMBALSE,COBRE,METÁLICO,1,02,021,02101,Antofagasta,Antofagasta,Antofagasta,7299425.572,487768.0199,WGS84,19S,-24.41856794,-69.12065542,ACTIVO,AGUAS ABAJO,3000000000,980882009,4500000000,2050043399,2282,2019-09-03,1149,2009-06-18,32697.13725,61325387.51
0031-2N,79587210-8,MINERA ESCONDIDA LTDA.,ESCONDIDA,HAMBURGO,TRANQUE DE RELAVE,COBRE,METÁLICO,1,02,021,02101,Antofagasta,Antofagasta,Antofagasta,7312963.085,494906.8805,WGS84,19S,-24.29633875,-69.05018998,INACTIVO,,320000000,301538056,480000000,452307084,1730,1993-12-03,1149,2009-06-18,10936.48253,6343941.502
0032-2N,79587210-8,MINERA ESCONDIDA LTDA.,ESCONDIDA,RELAVE FILTRADO,FILTRADO,COBRE,METÁLICO,1,02,021,02101,Antofagasta,Antofagasta,Antofagasta,7306110.049,491346.6768,WGS84,19S,-24.35821898,-69.08531529,INACTIVO,NO APLICA,,,3700000,,2651,2016-11-29,,,522.4056474,15019.96751
0033-2N,79873300-1,CIA. MINERA CERRO DOMINADOR,PLANTA CALLEJAS ZAMORA,TRANQUE 1,TRANQUE DE RELAVE,COBRE,METÁLICO,1,02,021,02103,Antofagasta,Antofagasta,Sierra Gorda,7477680.915,459866.5466,WGS84,19S,-22.80800285,-69.39106342,ABANDONADO,,1250000,,1875000,,1081,1989-11-10,1936,2015-07-30,436.148208,12080.59273
0034-2N,79873300-1,CIA. MINERA CERRO DOMINADOR,PLANTA CALLEJAS ZAMORA,TRANQUE 4,EMBALSE,COBRE,METÁLICO,1,02,021,02103,Antofagasta,Antofagasta,Sierra Gorda,7477445.449,459406.1385,WGS84,19S,-22.81011885,-69.39555573,ABANDONADO,NO APLICA,672981,588181,1009472,882272,885,2013-07-22,1936,2015-07-30,610.9801788,21324.29891
0035-2N,79873300-1,CIA. MINERA CERRO DOMINADOR,PLANTA CALLEJAS ZAMORA,DEPOSITO 5,EMBALSE,COBRE,METÁLICO,1,02,021,02103,Antofagasta,Antofagasta,Sierra Gorda,7477351.752,459229.9715,WGS84,19S,-22.81096099,-69.39727477,ACTIVO,NO APLICA,237152,169568,429246,325181,,,,,692.7316551,32959.34922
0036-2N,79873300-1,CIA. MINERA CERRO DOMINADOR,PLANTA CALLEJAS ZAMORA,TRANQUE 2,EMBALSE,COBRE,METÁLICO,1,02,021,02103,Antofagasta,Antofagasta,Sierra Gorda,7477411.043,459780.6402,WGS84,19S,-22.81043867,-69.39190746,ABANDONADO,NO APLICA,1350000,,2025000,,33,1996-01-11,,,728.7426221,35025.16927
0037-2N,79873300-1,CIA. MINERA CERRO DOMINADOR,PLANTA CALLEJAS ZAMORA,TRANQUE 3,EMBALSE,COBRE,METÁLICO,1,02,021,02103,Antofagasta,Antofagasta,Sierra Gorda,7477655.621,459340.8023,WGS84,19S,-22.8082187,-69.39618688,ABANDONADO,NO APLICA,386000,,579000,,968,2005-04-14,1936,2015-07-30,410.3507256,9600.075099
0038-2N,76485762-3,CIA. MINERA ZALDIVAR,ZALDIVAR,EMBALSE DE RELAVES 3A,EMBALSE,COBRE,METÁLICO,1,02,021,02101,Antofagasta,Antofagasta,Antofagasta,7326438.46,496059.0011,WGS84,19S,-24.17463238,-69.03879953,ACTIVO,NO APLICA,14957106,10855404,22435660,16283106,938,2017-04-12,1647,2015-06-19,6320.993465,1615678.171
0039-2N,88325800-2,ALTONORTE,FAENA ALTONORTE,EMBALSE DE RELAVES,EMBALSE,COBRE,METÁLICO,1,02,021,02101,Antofagasta,Antofagasta,Antofagasta,7366570.271,362973.9371,WGS84,19S,-23.80628984,-70.34511911,ACTIVO,AGUAS ABAJO,823667,643309,17205000,1993275,1786,2005-09-09,1616,2009-08-25,3136.827316,552253.0402
0040-2N,96508670-6,MINERA MERIDIAN,EL PEÑON,EL PEÑON,FILTRADO,ORO,METÁLICO,0,02,021,02101,Antofagasta,Antofagasta,Antofagasta,7299587.265,450315.3781,WGS84,19S,-24.41636233,-69.49007351,INACTIVO,NO APLICA,9866667,,14800000,,85,2003-01-13,137,2010-01-29,2058.033846,270326.7349
0041-2N,96508670-6,MINERA MERIDIAN,EL PEÑON, AMPLIACION EL PEÑON ,FILTRADO,ORO-PLATA,METÁLICO,0,02,021,02101,Antofagasta,Antofagasta,Antofagasta,7300084.35,450460.8596,WGS84,19S,-24.41187756,-69.48862128,ACTIVO,NO APLICA,29294117,17858237,49800000,28573179,1477,2010-12-14,137,2010-01-29,2314.913007,294491.954
0042-2N,sin rut conocido,DESCONOCIDO,LOS PIMIENTOS,LOS PIMIENTOS 1,TRANQUE DE RELAVE,COBRE-ORO,METÁLICO,,02,021,02104,Antofagasta,Antofagasta,Taltal,7188321.648,399227.1985,WGS84,19S,-25.41860048,-70.00203249,ABANDONADO,AGUAS ARRIBA,31500,,47250,,,,,,219.6207805,3046.945804
0043-2N,sin rut conocido,DESCONOCIDO,LOS PIMIENTOS,LOS PIMIENTOS 3,TRANQUE DE RELAVE,COBRE-ORO,METÁLICO,,02,021,02104,Antofagasta,Antofagasta,Taltal,7188280.616,399236.44,WGS84,19S,-25.41897159,-70.00194368,ABANDONADO,AGUAS ARRIBA,31500,,47250,,,,,,155.8581396,1569.410019
0044-2N,sin rut conocido,DESCONOCIDO,LOS PIMIENTOS,LOS PIMIENTOS 2,TRANQUE DE RELAVE,COBRE-ORO,METÁLICO,,02,021,02104,Antofagasta,Antofagasta,Taltal,7188251.723,399278.409,WGS84,19S,-25.41923531,-70.00152856,ABANDONADO,AGUAS ARRIBA,7680,,11520,,,,,,252.416779,3655.63373
0045-2N,sin rut conocido,DESCONOCIDO,LOS PIMIENTOS,LOS PIMIENTOS 4,TRANQUE DE RELAVE,COBRE-ORO,METÁLICO,,02,021,02104,Antofagasta,Antofagasta,Taltal,7188317.622,399178.9278,WGS84,19S,-25.41863356,-70.00251272,ABANDONADO,AGUAS ARRIBA,31500,,47250,,,,,,175.7627674,1906.312744
0046-2N,76765460-K,CIA. MINERA NOVA VENTURA,PLANTA SANTO DOMINGO,TRANQUE 3,EMBALSE,COBRE,METÁLICO,0,02,021,02104,Antofagasta,Antofagasta,Taltal,7223292.96,349709.5643,WGS84,19S,-25.09870918,-70.49044022,ACTIVO,NO APLICA,,,7573112,,156,2022-01-31,,,1047.087951,77361.78431
0047-2N,76765460-K,CIA. MINERA NOVA VENTURA,PLANTA SANTO DOMINGO,TRANQUE 2,TRANQUE DE RELAVE,COBRE,METÁLICO,1,02,021,02104,Antofagasta,Antofagasta,Taltal,7223231.328,348785.5657,WGS84,19S,-25.09917324,-70.49960789,INACTIVO,,1570000,,2355000,,3834,2003-12-19,,,2581.040743,303446.5663
0048-2N,76765460-K,CIA. MINERA NOVA VENTURA,PLANTA SANTO DOMINGO,TRANQUE 1,TRANQUE DE RELAVE,COBRE,METÁLICO,1,02,021,02104,Antofagasta,Antofagasta,Taltal,7222348.124,348644.7391,WGS84,19S,-25.10713255,-70.50110146,INACTIVO,,1390000,,2085000,,316,1996-03-25,,,1545.822017,122711.8861
0049-2N,79963260-8,MINERA LAS CENIZAS S.A.,LAS CENIZAS TALTAL,LAS LUCES 2,TRANQUE DE RELAVE,COBRE,METÁLICO,1,02,021,02104,Antofagasta,Antofagasta,Taltal,7160365.711,341077.6894,WGS84,19S,-25.66587993,-70.5834103,INACTIVO,AGUAS ABAJO,6333334,6331078,9500000,9496617,2921,2003-08-01,160,2009-02-09,3027.807935,298630.9069
0050-2N,79963260-8,MINERA LAS CENIZAS S.A.,LAS CENIZAS TALTAL,LAS LUCES 1,TRANQUE DE RELAVE,COBRE,METÁLICO,1,02,021,02104,Antofagasta,Antofagasta,Taltal,7160869.223,340410.1464,WGS84,19S,-25.66126254,-70.589999,INACTIVO,,3439815,,5159772,,,,975,2006-10-04,2560.593477,236771.4465
0051-2N,79963260-8,MINERA LAS CENIZAS S.A.,LAS CENIZAS TALTAL,LAS LUCES 3,ESPESADO,COBRE,METÁLICO,2,02,021,02104,Antofagasta,Antofagasta,Taltal,7159527.413,342257.5468,WGS84,19S,-25.67357417,-70.57175766,ACTIVO,NO APLICA,8266666,2887120,12400000,7995922,963,2014-08-06,160,2009-02-09,5210.49475,395816.3404
0052-2N,sin rut conocido,CIA. MINERA SOLEDAD,PLANTA SOLEDAD,SOLEDAD I,TRANQUE DE RELAVE,ORO,METÁLICO,1,02,021,02104,Antofagasta,Antofagasta,Taltal,7222381.879,444672.5171,WGS84,19S,-25.11341083,-69.54878642,INACTIVO,,40000,,58000,,1602,1992-12-31,,,359.0892687,6891.899383
0053-2N,sin rut conocido,CIA. MINERA SOLEDAD,PLANTA SOLEDAD,SOLEDAD II,EMBALSE,COBRE,METÁLICO,1,02,021,02104,Antofagasta,Antofagasta,Taltal,7222298.658,444774.0051,WGS84,19S,-25.11416609,-69.54778316,INACTIVO,NO APLICA,301542,,452313,,2967,2002-12-30,,,758.9194542,32282.08677
0054-2N,sin rut conocido,CIA. MINERA SOLEDAD,PLANTA SOLEDAD,TRANQUE 1,TRANQUE DE RELAVE,ORO,METÁLICO,0,02,021,02104,Antofagasta,Antofagasta,Taltal,7222382.235,444914.7474,WGS84,19S,-25.1134165,-69.54638384,INACTIVO,EXCAVACION TERRENO,26880,,40320,,,,,,155.6818992,1670.478872
0055-2N,sin rut conocido,CIA. MINERA SOLEDAD,PLANTA SOLEDAD,TRANQUE 2,TRANQUE DE RELAVE,ORO,METÁLICO,0,02,021,02104,Antofagasta,Antofagasta,Taltal,7222398.773,444868.8738,WGS84,19S,-25.11326547,-69.54683818,INACTIVO,EXCAVACION TERRENO,10080,,15120,,,,,,144.6696846,1399.154674
0056-2N,76727040-2,CIA. MINERA CENTINELA,PROYECTO ESPERANZA,ESPERANZA,ESPESADO,COBRE-ORO,METÁLICO,1,02,021,02103,Antofagasta,Antofagasta,Sierra Gorda,7457582.6,487380.0799,WGS84,19S,-22.989994,-69.12313422,ACTIVO,NO APLICA,468750000,290449305,750000000,450196422,1682,2016-08-16,91,2009-01-27,24935.87451,13253069.2
0057-2N,61704000-K,CODELCO,CHUQUICAMATA,TALABRE,TRANQUE DE RELAVE,COBRE-MOLIBDENO,METÁLICO,6,02,022,02201,Antofagasta,El Loa,Calama,7525152.121,524401.3507,WGS84,19S,-22.37945843,-68.76296525,ACTIVO,EJE CENTRAL,2476136364,1276498171,4358000000,2246636781,1035,2024-05-28,1425,2015-05-27,65729.13951,70459651.75
0058-3N,61704000-K,CODELCO,SALVADOR,PAMPA AUSTRAL,EMBALSE,COBRE-MOLIBDENO,METÁLICO,8,03,032,03202,Atacama,Chañaral,Diego de Almagro,7096090.808,391921.5034,WGS84,19S,-26.25078973,-70.08221504,ACTIVO,AGUAS ABAJO,271990000,242440329,353590000,339160524,976,2015-04-10,1514,2011-06-01,26835.49953,18119093.18
0059-3N,61704000-K,CODELCO,SALVADOR,DEPOSITO RELAVES FILTRADOS 2,FILTRADO,COBRE-MOLIBDENO,METÁLICO,0,03,032,03202,Atacama,Chañaral,Diego de Almagro,7076950.431,450989.1537,WGS84,19S,-26.42684846,-69.49151433,ACTIVO,NO APLICA,1400000,,2800000,311917,910,2019-04-05,,,997.3039672,39493.82941
0060-3N,61704000-K,CODELCO,SALVADOR,POTRERILLOS,TRANQUE DE RELAVE,COBRE-MOLIBDENO,METÁLICO,1,03,032,03202,Atacama,Chañaral,Diego de Almagro,7075527.311,450813.5253,WGS84,19S,-26.43969172,-69.4933303,ABANDONADO,AGUAS ARRIBA,49982900,,74974350,,,,2080,2015-09-17,5531.927734,1186569.409
0061-3N,61704000-K,CODELCO,SALVADOR,LOS AMARILLOS,PRETILES DE RELAVE,COBRE-MOLIBDENO,METÁLICO,0,03,032,03202,Atacama,Chañaral,Diego de Almagro,7098652.943,421765.3507,WGS84,19S,-26.22959742,-69.78325321,ABANDONADO,NO APLICA,2300000,,2530000,,,,2080,2015-09-17,20782.41554,19372345.26
0062-3N,61704000-K,CODELCO,SALVADOR,EL GRINGO,TRANQUE DE RELAVE,COBRE-MOLIBDENO,METÁLICO,1,03,032,03202,Atacama,Chañaral,Diego de Almagro,7093540.148,439234.017,WGS84,19S,-26.27660762,-69.60861363,ABANDONADO,,331096,,496664,,,,2080,2015-09-17,895.4528098,45707.66846
0063-3N,61704000-K,CODELCO,SALVADOR,SALVADOR,TRANQUE DE RELAVE,COBRE-MOLIBDENO,METÁLICO,2,03,032,03202,Atacama,Chañaral,Diego de Almagro,7093309.964,439116.6856,WGS84,19S,-26.27868096,-69.60979959,ABANDONADO,,28730,,43095,,,,2080,2015-09-17,463.1874253,12160.63249
0064-3N,61704000-K,CODELCO,SALVADOR,CONVERTIDOR TENIENTE,FILTRADO,COBRE-MOLIBDENO,METÁLICO,0,03,032,03202,Atacama,Chañaral,Diego de Almagro,7076398.743,452171.5357,WGS84,19S,-26.43186992,-69.47967755,INACTIVO,NO APLICA,809785,664750,1886799,1963660,2900,2016-12-22,1514,2011-06-01,1028.174686,51576.15184
0065-5C,61704000-K,CODELCO,ANDINA,LOS LEONES,EMBALSE,COBRE-MOLIBDENO,METÁLICO,1,05,053,05301,Valparaíso,Los Andes,Los Andes,6350004.882,384235.9081,WGS84,19S,-32.98220054,-70.2389458,INACTIVO,,140000000,125409295,210000000,307252773,381,1978-09-06,2777,2015-11-03,9736.194227,2688187.891
0066-5C,61704000-K,CODELCO,ANDINA,PIUQUENES,TRANQUE DE RELAVE,COBRE-MOLIBDENO,METÁLICO,1,05,053,05301,Valparaíso,Los Andes,Los Andes,6348092.767,382732.5352,WGS84,19S,-32.99928376,-70.25527618,INACTIVO,AGUAS ABAJO,22000000,22000000,33000000,33000000,1726,2016-08-22,2777,2015-11-03,6418.610153,1208272.273
0067-RM,61704000-K,CODELCO,ANDINA,OVEJERIA,TRANQUE DE RELAVE,COBRE,METÁLICO,2,13,133,13303,Metropolitana de Santiago,Chacabuco,Tiltil,6342879.643,332331.5319,WGS84,19S,-33.03969603,-70.79554575,ACTIVO,AGUAS ABAJO,1286666667,424163356.7,1930000000,636245035,654,2014-05-16,2777,2015-11-03,21973.03985,12682170.46
0068-6C,61704000-K,CODELCO,EL TENIENTE,PISCINA EMERGENCIA,EMBALSE,COBRE,METÁLICO,0,06,061,06105,Libertador General Bernardo O'Higgins,Cachapoal,Doñihue,6214577.896,329203.8771,WGS84,19S,-34.19582512,-70.85363166,INACTIVO,EXCAVACION TERRENO,10924,,16386,,,,,,355.9003117,7012.924028
0069-6C,61704000-K,CODELCO,EL TENIENTE,EMERGENCIA 2,EMBALSE,COBRE,METÁLICO,0,06,061,06116,Libertador General Bernardo O'Higgins,Cachapoal,Requínoa,6210954.116,344950.5857,WGS84,19S,-34.2309553,-70.68345218,INACTIVO,EXCAVACION TERRENO,43069,,64603,,,,,,1076.047085,58533.71103
0070-11S,78543580-K,C.M. CERRO BAYO LTDA.,LAGUNA VERDE,TK FACHINAL,EMBALSE,ORO,METÁLICO,1,11,114,11401,Aysén del General Carlos Ibáñez del Campo,General Carrera,Chile Chico,4840481.383,270215.5366,WGS84,19S,-46.5499449,-71.99745926,INACTIVO,AGUAS ABAJO,6650000,4982576,9179105,8159680,1040,2016-05-19,,,2874.24421,304767.3796
0071-6C,61704000-K,CODELCO,EL TENIENTE,EMBALSE EMERGENCIA,EMBALSE,COBRE,METÁLICO,0,06,061,06105,Libertador General Bernardo O'Higgins,Cachapoal,Doñihue,6214692.463,329459.2573,WGS84,19S,-34.19483426,-70.85083874,INACTIVO,EXCAVACION TERRENO,31218,,46827,,,,,,622.9446982,23456.60732
0072-6C,61704000-K,CODELCO,EL TENIENTE,EMERGENCIA 1,EMBALSE,COBRE,METÁLICO,0,06,061,06116,Libertador General Bernardo O'Higgins,Cachapoal,Requínoa,6210900.803,345187.5377,WGS84,19S,-34.23147118,-70.68088999,INACTIVO,EXCAVACION TERRENO,59930,,89895,,,,,,1878.932932,90979.33992
0073-RM,61704000-K,CODELCO,EL TENIENTE,CAREN,EMBALSE,COBRE-MOLIBDENO,METÁLICO,1,13,135,13502,Metropolitana de Santiago,Melipilla,Alhué,6223282.929,302947.6711,WGS84,19S,-34.11273676,-71.13644727,ACTIVO,AGUAS ABAJO,2192000000,923273585,3288000000,1575008728,351,2014-03-10,1485,2015-05-02,43832.48824,24212527.63
0074-6C,61704000-K,CODELCO,EL TENIENTE,BARAHONA 2,TRANQUE DE RELAVE,COBRE-MOLIBDENO,METÁLICO,1,06,061,06108,Libertador General Bernardo O'Higgins,Cachapoal,Machalí,6227981.654,361000.2422,WGS84,19S,-34.07971091,-70.50651977,INACTIVO,AGUAS ARRIBA,34600000,,51900000,,998,2012-01-01,1485,2015-05-02,8254.629037,2287609.071
0075-6C,61704000-K,CODELCO,EL TENIENTE,MARGAS,ACOPIO,COBRE,METÁLICO,,06,061,06108,Libertador General Bernardo O'Higgins,Cachapoal,Machalí,6226892.597,370289.3121,WGS84,19S,-34.09072291,-70.40603202,INACTIVO,NO APLICA,1450000,,2175000,,,,1485,2015-05-02,629.4806497,13256.70852
0076-6C,61704000-K,CODELCO,EL TENIENTE,ARENAS,ACOPIO,COBRE,METÁLICO,,06,061,06108,Libertador General Bernardo O'Higgins,Cachapoal,Machalí,6226831.648,371112.8512,WGS84,19S,-34.09137426,-70.39711643,INACTIVO,NO APLICA,1450000,,2175000,,,,1485,2015-05-02,362.5399048,4509.548242
0077-2N,76698970-5,SOTRAMIN LTDA. TALTAL,PLANTA MANUEL RODRIGUEZ,TRANQUE DE RELAVE 2,TRANQUE DE RELAVE,COBRE,METÁLICO,,02,021,02104,Antofagasta,Antofagasta,Taltal,7190197.219,351527.0784,WGS84,19S,-25.39767048,-70.47602693,ABANDONADO,AGUAS ARRIBA,37150,,55725,,,,,,351.4761663,6958.262251
0078-2N,76698970-5,SOTRAMIN LTDA. TALTAL,PLANTA MANUEL RODRIGUEZ,TRANQUE DE RELAVE 1,TRANQUE DE RELAVE,COBRE,METÁLICO,,02,021,02104,Antofagasta,Antofagasta,Taltal,7190125.499,351455.3682,WGS84,19S,-25.39831078,-70.47674753,ABANDONADO,AGUAS ARRIBA,19000,,28500,,,,,,264.389814,4262.485124
0079-2N,91840000-1,MINERA MICHILLA S.A.,MICHILLA,MICHILLA,TRANQUE DE RELAVE,COBRE,METÁLICO,1,02,021,02102,Antofagasta,Antofagasta,Mejillones,7484432.991,367755.8769,WGS84,19S,-22.74229498,-70.2879105,ABANDONADO,,30000,,43500,,655,1994-09-30,25,2009-01-12,2789.467564,216240.7417
0080-2N,76940950-5,CONSTRUCTORA RAM LIMITADA,PLANTA SAN IGNACIO,EMBALSE DE RELAVE,EMBALSE,COBRE,METÁLICO,1,02,021,02101,Antofagasta,Antofagasta,Antofagasta,7405218.211,384440.3946,WGS84,19S,-23.45895594,-70.13142496,ABANDONADO,NO APLICA,80600,,120900,,,,,,1135.166403,64853.04373
0081-2N,76940950-5,CONSTRUCTORA RAM LIMITADA,PLANTA SAN IGNACIO,BORRAS DE RELAVE,TRANQUE DE RELAVE,COBRE,METÁLICO,1,02,021,02101,Antofagasta,Antofagasta,Antofagasta,7405096.343,383314.6079,WGS84,19S,-23.45997622,-70.14245513,ABANDONADO,,28266,,42399,,,,,,719.9737599,16294.75535
0082-2N,sin rut conocido,DESCONOCIDO,DESCONOCIDO,TRANQUE,ACOPIO,COBRE,METÁLICO,,02,021,02103,Antofagasta,Antofagasta,Sierra Gorda,7464127.504,464161.4968,WGS84,19S,-22.93053376,-69.34952684,ABANDONADO,NO APLICA,500,,600,,,,,,342.4943415,4057.381961
0083-2N,76081590-K,SCM SIERRA GORDA,PROYECTO SIERRA GORDA,SIERRA GORDA,ESPESADO,COBRE,METÁLICO,10,02,021,02103,Antofagasta,Antofagasta,Sierra Gorda,7472230.659,460005.6132,WGS84,19S,-22.85724066,-69.38984859,ACTIVO,NO APLICA,900000000,212903491,1350000000,404516632,534,2013-05-02,,,23479.01269,17173517.9
0084-2N,78097950-K,MINERA GUANACO SpA,GUANACO,GUANACO,FILTRADO,COBRE,METÁLICO,1,02,021,02104,Antofagasta,Antofagasta,Taltal,7224944.434,446221.566,WGS84,19S,-25.09032556,-69.53332176,ACTIVO,NO APLICA,2411764,1331240,4100000,1970235,1591,2016-08-01,,,2406.632732,325496.0469
0085-2N,sin rut conocido,CARLOS MARTINES,VISTA  AL MAR,VISTA AL MAR 1,ACOPIO,ORO-COBRE,METÁLICO,,02,021,02104,Antofagasta,Antofagasta,Taltal,7190737.983,351741.8102,WGS84,19S,-25.39281009,-70.47383346,ABANDONADO,NO APLICA,41800,,62700,,,,,,265.9386386,3237.025927
0086-2N,sin rut conocido,DESCONOCIDO,PLANTA TRAPICHES,TRANQUE DE RELAVE,TRANQUE DE RELAVE,COBRE,METÁLICO,1,02,021,02104,Antofagasta,Antofagasta,Taltal,7163470.428,361317.8491,WGS84,19S,-25.63989993,-70.38147612,ABANDONADO,,3062,,4593,,,,,,125.2878881,1017.037198
0087-2N,sin rut conocido,DESCONOCIDO,PLANTA SOEXSU,RELAVE PLANTA SOEXU,TRANQUE DE RELAVE,COBRE-ORO,METÁLICO,,02,021,02101,Antofagasta,Antofagasta,Antofagasta,7402349.123,379705.2284,WGS84,19S,-23.48452354,-70.17800877,ABANDONADO,NO APLICA,4000,,6000,,,,,,188.8396619,2359.23662
0088-2N,sin rut conocido,CIA. MINERA FLOMAX (RAFAEL GONZALEZ),PLANTA CARACOLES (EX PLANTA FLOMAX),RELAVE CARACOLES 1-2,TRANQUE DE RELAVE,COBRE,METÁLICO,1,02,021,02103,Antofagasta,Antofagasta,Sierra Gorda,7465887.268,465680.4628,WGS84,19S,-22.91466907,-69.33467377,ABANDONADO,,400000,,600000,,,,,,1676.904783,94366.50434
0089-2N,sin rut conocido,SIERRA MIRANDA SCM,PLANTA SIERRA MIRANDA,RELAVE SIERRA GORDA 1,TRANQUE DE RELAVE,COBRE,METÁLICO,1,02,021,02103,Antofagasta,Antofagasta,Sierra Gorda,7463356.019,464740.2067,WGS84,19S,-22.93751519,-69.34390045,ABANDONADO,,9387,,14080,,,,,,317.4293345,6347.089163
0090-2N,sin rut conocido,DANIEL AMIGO ,FAENA TALTAL,TRANQUE DE RELAVE 1-2-3,ACOPIO,ORO-COBRE,METÁLICO,,02,021,02104,Antofagasta,Antofagasta,Taltal,7190924.031,351854.8323,WGS84,19S,-25.39114177,-70.47268982,ABANDONADO,NO APLICA,41800,,62700,,,,,,319.4396283,2745.683355
0091-2N,sin rut conocido,DESCONOCIDO,PLANTA QUEBRADA EL HUESO,TRANQUE,ACOPIO,COBRE,METÁLICO,,02,021,02104,Antofagasta,Antofagasta,Taltal,7189185.282,354182.2678,WGS84,19S,-25.40706848,-70.44974661,ABANDONADO,NO APLICA,600,,900,,,,,,128.7559634,800.4089951
0092-2N,sin rut conocido,DESCONOCIDO,PUNTA LEQUENA,TRANQUE DE RELAVE,TRANQUE DE RELAVE,COBRE,METÁLICO,1,02,022,02201,Antofagasta,El Loa,Calama,7520325.066,501474.4901,WGS84,19S,-22.42323962,-68.98567229,ABANDONADO,,98600,,147960,,,,,,288.7589137,4664.264911
0093-2N,sin rut conocido,DESCONOCIDO,PUNTA LEQUENA,TRANQUE DE RELAVE 2,TRANQUE DE RELAVE,COBRE,METÁLICO,1,02,022,02201,Antofagasta,El Loa,Calama,7520198.658,501415.9165,WGS84,19S,-22.42438165,-68.98624134,ABANDONADO,,40000,,60000,,,,,,141.78654,1080.369891
0094-2N,86542100-1,MINERA SPENCE,SPENCE,SPENCE,TRANQUE DE RELAVE,COBRE,METÁLICO,7,02,021,02103,Antofagasta,Antofagasta,Sierra Gorda,7483907.344,467477.8215,WGS84,19S,-22.75192071,-69.31676968,ACTIVO,AGUAS ABAJO,504700000,73431276,681300000,99132223,1293,2018-05-11,,,18845.35405,7034139.536
0095-3N,sin rut conocido,CESAR MOREN EIRL,PLANTA CAPOTE AURIFERO,EMBALSE DE RELAVES ANTIGUOS CAPOTE AURIFERO,EMBALSE,ORO,METÁLICO,1,03,033,03303,Atacama,Huasco,Freirina,6866301.437,308840.4884,WGS84,19S,-28.31552455,-70.94970949,ABANDONADO,,,,60000,,509,2020-07-03,,,951.7693542,31687.50213
0096-3N,8226558-9,MIGUEL DAY,PLANTA DAY,DAY 2,TRANQUE DE RELAVE,ORO,METÁLICO,1,03,031,03101,Atacama,Copiapó,Copiapó,6969507.754,367383.0504,WGS84,19S,-27.39131356,-70.34126269,ACTIVO,AGUAS ABAJO,36492,68106,54739,102780,828,1984-08-09,,,399.0354201,7018.237896
0097-3N,8226558-9,MIGUEL DAY,PLANTA DAY,DAY,TRANQUE DE RELAVE,COBRE-ORO,METÁLICO,1,03,031,03101,Atacama,Copiapó,Copiapó,6969231.597,367188.284,WGS84,19S,-27.39378709,-70.34326221,INACTIVO,AGUAS ARRIBA,17600,,26400,,828,1984-08-09,,,382.7190767,7852.06697
0098-3N,8226558-9,MIGUEL DAY,PLANTA DAY,DESCONOCIDO,ACOPIO,ORO,METÁLICO,,03,031,03101,Atacama,Copiapó,Copiapó,6969427.594,367465.2845,WGS84,19S,-27.39204505,-70.3404399,INACTIVO,NO APLICA,1000,,1500,,,,,,165.7846757,1562.893989
0099-3N,10505201-4,JUAN ZUÑIGA VALENZUELA ,PLANTA SANTA LAURA,TRANQUE DE RELAVE,TRANQUE DE RELAVE,COBRE,METÁLICO,1,03,031,03101,Atacama,Copiapó,Copiapó,6965593.133,369878.5345,WGS84,19S,-27.426886,-70.31644804,ACTIVO,,31200,24137,46800,36206,1767,2000-09-29,251,2017-05-19,276.0546128,5582.805099
0100-3N,8122622-9,LUIS CORTES JARA,PLANTA MARIA ISABEL,TRANQUE DE RELAVE,TRANQUE DE RELAVE,HIERRO,METÁLICO,1,03,031,03103,Atacama,Copiapó,Tierra Amarilla,6964470.451,374351.122,WGS84,19S,-27.43743908,-70.27132385,INACTIVO,,49000,,73500,2180,702,1986-07-15,416,2015-11-06,448.0027411,9089.806825
0101-3N,8122622-9,LUIS CORTES JARA,PLANTA MARIA ISABEL,MARIA ISABEL 1,ACOPIO,COBRE,METÁLICO,,03,031,03103,Atacama,Copiapó,Tierra Amarilla,6963221.771,374424.8982,WGS84,19S,-27.44871621,-70.27070666,INACTIVO,NO APLICA,1300,,1950,,,,,,130.9718663,1082.19695
0102-3N,8122622-9,LUIS CORTES JARA,PLANTA MARIA ISABEL,MARIA ISABEL 2,ACOPIO,COBRE,METÁLICO,,03,031,03103,Atacama,Copiapó,Tierra Amarilla,6963184.039,374436.0066,WGS84,19S,-27.4490578,-70.27059818,INACTIVO,NO APLICA,3000,,4500,,,,,,91.08284066,545.3537004
0103-3N,8122622-9,LUIS CORTES JARA,PLANTA MARIA ISABEL,MARIA ISABEL 3,ACOPIO,COBRE,METÁLICO,,03,031,03103,Atacama,Copiapó,Tierra Amarilla,6963155.279,374430.6741,WGS84,19S,-27.44931689,-70.2706551,INACTIVO,NO APLICA,10000,,15000,,702,1986-06-15,,,185.6953919,1979.53174
0104-3N,5877510-K,PEDRO JESUS CASTILLO VEGA,PLANTA RAPELINA,RAPELINA,EMBALSE,ORO,METÁLICO,1,03,031,03101,Atacama,Copiapó,Copiapó,6969357.021,367305.6704,WGS84,19S,-27.39266649,-70.34206155,ACTIVO,,37461,15100,56192,4520,190,1986-02-04,659,2016-12-30,330.8269328,6757.814671
0105-3N,76579210-K,SOC. CONTRACTUAL MINERA ALIANZA,PLANTA VIÑITA AZUL ,TRANQUE 1,TRANQUE DE RELAVE,ORO,METÁLICO,1,03,031,03101,Atacama,Copiapó,Copiapó,6966771.839,369748.7863,WGS84,19S,-27.41623501,-70.31763413,INACTIVO,AGUAS ARRIBA,4800,,7200,,521,1986-05-19,,,204.901193,3007.207022
0106-3N,76579210-K,SOC. CONTRACTUAL MINERA ALIANZA,PLANTA VIÑITA AZUL,TRANQUE 2,TRANQUE DE RELAVE,COBRE,METÁLICO,1,03,031,03101,Atacama,Copiapó,Copiapó,6966657.618,369532.9228,WGS84,19S,-27.41724527,-70.31982962,INACTIVO,EJE CENTRAL,268920,227264,403380,340897,30,1985-01-08,345,2014-04-30,1076.44525,74060.31265
0107-3N,76579210-K,SOC. CONTRACTUAL MINERA ALIANZA,PLANTA VIÑITA AZUL,TRANQUE 3,TRANQUE DE RELAVE,COBRE,METÁLICO,1,03,031,03101,Atacama,Copiapó,Copiapó,6966720.052,369068.4258,WGS84,19S,-27.41663721,-70.32452082,INACTIVO,EJE CENTRAL,72490,88312,108735,132468,268,2014-04-10,345,2014-04-30,591.8137448,17069.61194
0108-3N,76579210-K,SOC. CONTRACTUAL MINERA ALIANZA,PLANTA VIÑITA AZUL,TRANQUE 4,TRANQUE DE RELAVE,COBRE,METÁLICO,1,03,031,03101,Atacama,Copiapó,Copiapó,6966700.449,369243.8577,WGS84,19S,-27.41683099,-70.32274862,ACTIVO,EJE CENTRAL,36675,30073,59413,45109,951,2018-04-04,,,574.1033603,16586.42373
0109-3N,76579210-K,SOC. CONTRACTUAL MINERA ALIANZA,PLANTA VIÑITA AZUL ,TRANQUE 5,TRANQUE DE RELAVE,COBRE,METÁLICO,1,03,031,03101,Atacama,Copiapó,Copiapó,6966866.203,369190.1767,WGS84,19S,-27.4153298,-70.32327371,ACTIVO,AGUAS ABAJO,,,202802,19629,432,2020-06-09,,,708.0116188,18628.0536
0110-3N,65999451-8,SINDICATO ARTESANAL MINERO POZO SECO,PLANTA POZO SECO,DEPOSITO DE RELAVE POZO SECO,EMBALSE,ORO,METÁLICO,0,03,033,03301,Atacama,Huasco,Vallenar,6818130.859,326815.9178,WGS84,19S,-28.75262791,-70.77371165,ABANDONADO,EXCAVACION TERRENO,1900,,2850,,,,,,263.4638363,4075.836252
0111-3N,77041907-7,OP MINING CHILE SpA,PLANTA OP (EX FARAH),FARAH 1-2-3-4-5-6-7,TRANQUE DE RELAVE,COBRE-ORO-HIERRO,METÁLICO,1,03,031,03101,Atacama,Copiapó,Copiapó,6967805.733,366933.3787,WGS84,19S,-27.4066315,-70.34599566,INACTIVO,,187300,,280950,,82,2015-03-03,281,2015-08-13,1678.07305,151087.0291
0112-3N,77041907-7,OP MINING CHILE SpA,PLANTA OP (EX FARAH),EMBALSE OP,EMBALSE,COBRE-ORO,METÁLICO,1,03,031,03101,Atacama,Copiapó,Copiapó,6968162.242,367108.4966,WGS84,19S,-27.40343088,-70.34418576,INACTIVO,,108000,18,162000,27,278,2015-08-13,281,2015-08-13,494.9861551,12100.2579
0113-3N,77274073-5,INVERSIONES Y ASESORIAS DEL NORTE SPA,PLANTA ARCADIO,ARCADIO,EMBALSE,COBRE-ORO,METÁLICO,1,03,031,03101,Atacama,Copiapó,Copiapó,6967643.564,365992.8468,WGS84,19S,-27.40800303,-70.35552504,ACTIVO,,23032,25935,34548,31083,271,2014-04-11,337,2014-04-25,221.5135113,3174.677987
0114-3N,76099124-4,LOS COBRES DE ATACAMA,PLANTA LICEO MANUEL MAGALHAES,DEPOSITO DE RELAVE LICEO MANUEL MAGALHAES,EMBALSE,COBRE,METÁLICO,1,03,032,03202,Atacama,Chañaral,Diego de Almagro,7080772.1,394939.0753,WGS84,19S,-26.38931037,-70.05325373,ABANDONADO,AGUAS ABAJO,4840,,5808,,,,,,261.7859697,4023.319817
0115-3N,13221951-6,CRISTIAN VEGA PINTO,PLANTA ANDACOLLO,EMBALSE MAYA,EMBALSE,COBRE,METÁLICO,1,03,031,03101,Atacama,Copiapó,Copiapó,6966458.962,362857.281,WGS84,19S,-27.41838268,-70.38736842,ABANDONADO,,2560,,3840,,,,,,213.8485909,2109.535506
0116-3N,76201908-6,SCM SAN SEBASTIAN,PLANTA ANDREA,TRANQUE DE RELAVE,TRANQUE DE RELAVE,COBRE-ORO,METÁLICO,1,03,031,03101,Atacama,Copiapó,Copiapó,6970989.611,372409.8591,WGS84,19S,-27.37841808,-70.29027792,ABANDONADO,,6404,,9606,,648,1987-07-17,,,229.5284728,2324.406634
0117-3N,76313270-6,INVERSIONES NUTRAM S.A.,PLANTA COBRE NORTE,COBRE NORTE,TRANQUE DE RELAVE,COBRE,METÁLICO,1,03,033,03301,Atacama,Huasco,Vallenar,6840843.792,330066.6403,WGS84,19S,-28.54813861,-70.73705008,ACTIVO,AGUAS ABAJO,439215,603854,672000,1545563,763,2008-09-08,147,2016-03-11,1178.172239,101893.0578
0118-3N,sin rut conocido,DESCONOCIDO,PLANTA CARMEN,RELAVES CARMEN,ACOPIO,COBRE-ORO,METÁLICO,,03,033,03301,Atacama,Huasco,Vallenar,6836731.137,329072.1505,WGS84,19S,-28.58511393,-70.74782501,ABANDONADO,NO APLICA,,,,,,,,,419.672668,9852.753443
0119-3N,sin rut conocido,DESCONOCIDO,PLANTA CALLEJAS VALLENAR,RELAVES CALLEJAS VALLENAR,ACOPIO,COBRE-ORO,METÁLICO,,03,033,03301,Atacama,Huasco,Vallenar,6838036.236,326831.8222,WGS84,19S,-28.57304202,-70.77052733,ABANDONADO,NO APLICA,,,,,,,,,190.9837158,2491.989104
0120-3N,sin rut conocido,DESCONOCIDO,PLANTA TORINO,TORINO 1,ACOPIO,COBRE-ORO,METÁLICO,,03,033,03301,Atacama,Huasco,Vallenar,6836547.776,329519.1766,WGS84,19S,-28.58682709,-70.74328298,ABANDONADO,NO APLICA,,,,,,,,,460.2452296,12982.14194
0121-3N,sin rut conocido,DESCONOCIDO,PLANTA TORINO,TORINO 2,ACOPIO,COBRE-ORO,METÁLICO,,03,033,03301,Atacama,Huasco,Vallenar,6836442.772,329636.3476,WGS84,19S,-28.58778985,-70.7421009,ABANDONADO,NO APLICA,,,,,,,,,435.3958712,13923.67854
0122-3N,7652066-6,ELIAS RESK CONTRERAS (SOC. MINERA SANTA TERESA),PLANTA SANTA TERESA,SANTA TERESA 1,TRANQUE DE RELAVE,ORO,METÁLICO,1,03,031,03101,Atacama,Copiapó,Copiapó,6968917.557,366907.0131,WGS84,19S,-27.39659407,-70.34614069,ABANDONADO,EJE CENTRAL,4050,,6075,,531,,,,208.3468219,2508.850229
0123-3N,7652066-6,ELIAS RESK CONTRERAS (SOC. MINERA SANTA TERESA),PLANTA SANTA TERESA,SANTA TERESA 2,TRANQUE DE RELAVE,ORO,METÁLICO,1,03,031,03101,Atacama,Copiapó,Copiapó,6968919.152,366951.6423,WGS84,19S,-27.39658403,-70.34568923,ABANDONADO,EJE CENTRAL,32650,,48975,,,,,,195.346488,2482.241093
0124-3N,7652066-6,ELIAS RESK CONTRERAS (SOC. MINERA SANTA TERESA),PLANTA SANTA TERESA,SANTA TERESA 3,TRANQUE DE RELAVE,ORO,METÁLICO,1,03,031,03101,Atacama,Copiapó,Copiapó,6968921.292,366987.5406,WGS84,19S,-27.39656821,-70.34532599,ABANDONADO,EJE CENTRAL,28200,,42300,,531,1988-05-16,,,198.945931,1695.630201
0125-3N,7652066-6,ELIAS RESK CONTRERAS (SOC. MINERA SANTA TERESA),PLANTA SANTA TERESA,SANTA TERESA 4,TRANQUE DE RELAVE,ORO,METÁLICO,1,03,031,03101,Atacama,Copiapó,Copiapó,6968960.51,367022.0329,WGS84,19S,-27.39621762,-70.34497292,ABANDONADO,EJE CENTRAL,2800,,4200,,531,1988-05-16,,,304.4694965,5184.428141
0126-3N,7655654-7,OSCAR GOMEZ ESCOBAR,PLANTA MONSERRAT,MONSERRAT,EMBALSE,ORO,METÁLICO,1,03,031,03101,Atacama,Copiapó,Copiapó,6967251.208,365669.2539,WGS84,19S,-27.41151239,-70.35884087,ABANDONADO,AGUAS ABAJO,66667,,100000,,,,,,399.7771997,9750.196083
0127-3N,76845300-4,INVERSIONES E INMOBILARIA COYANCURA LTDA,PLANTA COYANCURA,AMOLANAS I,EMBALSE,COBRE,METÁLICO,1,03,031,03103,Atacama,Copiapó,Tierra Amarilla,6894579.52,398224.8261,WGS84,19S,-28.07027905,-70.03575668,INACTIVO,,42375,73718,67800,110578,190,2014-03-12,232,2016-05-10,749.3310407,25604.76354
0128-3N,76845300-4,INVERSIONES E INMOBILARIA COYANCURA LTDA,PLANTA COYANCURA,AMOLANAS II,EMBALSE,COBRE,METÁLICO,1,03,031,03103,Atacama,Copiapó,Tierra Amarilla,6895221.437,398221.794,WGS84,19S,-28.06448505,-70.03573198,ACTIVO,,51400,22860,82240,45719,362,2018-08-08,,,621.995359,16990.43371
0129-3N,77134510-7,SCM  ATACAMA KOZAN,KOZAN,EL GATO,TRANQUE DE RELAVE,COBRE,METÁLICO,1,03,031,03101,Atacama,Copiapó,Copiapó,6971253.985,374795.7691,WGS84,19S,-27.37625283,-70.26612764,INACTIVO,AGUAS ABAJO,14200000,14162908,21300000,21244362,218,2013-05-17,2498,2015-10-06,3865.047422,549558.2802
0130-3N,77134510-7,SCM  ATACAMA KOZAN,KOZAN,FILTRADO EL GATO,FILTRADO,COBRE,METÁLICO,0,03,031,03101,Atacama,Copiapó,Copiapó,6970462.564,375285.1977,WGS84,19S,-27.38344094,-70.26126028,ACTIVO,NO APLICA,12228368,3038415,24456736,6076830,2565,2019-10-07,,,3051.591889,361497.847
0131-3N,9466348-2,SOTRATEC-MINART LTDA.,PLANTA EL CATEADOR,EMBALSE DE RELAVE,EMBALSE,COBRE,METÁLICO,,03,031,03101,Atacama,Copiapó,Copiapó,6967638.918,365915.55,WGS84,19S,-27.40803736,-70.35630726,ELIMINADO,,17560,1200,28100,1812,489,2014-06-24,,,220.3762136,3481.556517
0132-3N,77268230-1,SLM NENITA PRIMERA,PLANTA NENITA I,EMBALSE,EMBALSE,ORO,METÁLICO,1,03,032,03202,Atacama,Chañaral,Diego de Almagro,7040900.002,410336.2954,WGS84,19S,-26.75032928,-69.90172439,ACTIVO,,18000,19932,27000,29898,444,1999-02-10,,,450.9134975,12361.28779
0133-3N,77466010-0,SLM ESCONDIDA UNA DE LAS SIERRAS RAJO DE ORO,PLANTA CANDELARIA,CANDELARIA 1,ACOPIO,COBRE,METÁLICO,,03,031,03101,Atacama,Copiapó,Copiapó,6965788.806,369991.9744,WGS84,19S,-27.42513075,-70.31527967,ABANDONADO,NO APLICA,3984,,5976,,701,1988-07-11,,,177.9951407,2253.621374
0134-3N,77466010-0,SLM ESCONDIDA UNA DE LAS SIERRAS RAJO DE ORO,PLANTA CANDELARIA,CANDELARIA 2,ACOPIO,COBRE,METÁLICO,,03,031,03101,Atacama,Copiapó,Copiapó,6965841.249,370011.3726,WGS84,19S,-27.42465927,-70.31507785,ABANDONADO,NO APLICA,10578,,16137,,,,,,348.5371336,5408.40896
0135-3N,77466010-0,SLM ESCONDIDA UNA DE LAS SIERRAS RAJO DE ORO,PLANTA CANDELARIA,CANDELARIA 3,EMBALSE,COBRE,METÁLICO,1,03,031,03101,Atacama,Copiapó,Copiapó,6965869.924,369927.2092,WGS84,19S,-27.42439243,-70.31592607,ABANDONADO,,1218,,1827,,,,,,162.3035516,1559.443672
0136-3N,77918100-6,COMERCIAL LEDESMA REPRESENTACIONES,PLANTA ANDREA,ANDREA,EMBALSE,ORO-COBRE,METÁLICO,1,03,031,03101,Atacama,Copiapó,Copiapó,6970939.067,372381.5995,WGS84,19S,-27.37887164,-70.29056894,ABANDONADO,,5732,,8598,,,,,,274.7984693,4849.844551
0137-3N,78928380-K,CIA. MINERA MANTOS DE ORO,LA COIPA,RAHCO,FILTRADO,ORO-PLATA,METÁLICO,0,03,031,03101,Atacama,Copiapó,Copiapó,7032387.549,472002.6707,WGS84,19S,-26.82977405,-69.28176424,ACTIVO,NO APLICA,86000000,64121500,129600000,128243000,562,2005-02-14,2875,2015-11-17,3053.838345,640246.3118
0138-3N,78928380-K,CIA. MINERA MANTOS DE ORO,LA COIPA,RAKITO,TRANQUE DE RELAVE,ORO-PLATA,METÁLICO,1,03,031,03101,Atacama,Copiapó,Copiapó,7031599.616,472152.0005,WGS84,19S,-26.83689104,-69.28027891,INACTIVO,,581000,,842450,,777,1990-01-01,2875,2015-11-17,4372.372038,761300.1787
0139-3N,79664570-9,SOC. MINERA CANDELARIA,PLANTA CORONA,EMBALSE CORONA,EMBALSE,COBRE,METÁLICO,1,03,031,03101,Atacama,Copiapó,Copiapó,6969571.526,367722.0405,WGS84,19S,-27.3907709,-70.33782804,ACTIVO,EJE CENTRAL,,,40500,22545,982,2021-10-26,,,309.2692562,6572.396197
0140-3N,79664570-9,SOC. MINERA CANDELARIA,PLANTA CORONA,CORONA,TRANQUE DE RELAVE,COBRE,METÁLICO,1,03,031,03101,Atacama,Copiapó,Copiapó,6969534.383,367812.8483,WGS84,19S,-27.39111493,-70.33691387,INACTIVO,EJE CENTRAL,31733,28408,47600,42613,571,1986-06-02,,,353.9637334,8424.328424
0141-3N,76353771-4,MINE TRADE SPA,PLANTA PUERTO RICO,PUERTO RICO 0-1-2,TRANQUE DE RELAVE,COBRE,METÁLICO,1,03,031,03101,Atacama,Copiapó,Copiapó,6969678.096,367220.3869,WGS84,19S,-27.3897603,-70.3428889,INACTIVO,EJE CENTRAL,46800,,70200,,1275,1992-10-23,271,2016-06-02,450.640998,12395.79022
0142-3N,79973750-7,MINEX S.A.,PLANTA SAN EDUARDO,DEPOSITO 1,EMBALSE,COBRE,METÁLICO,0,03,031,03101,Atacama,Copiapó,Copiapó,6966953.598,365962.5638,WGS84,19S,-27.41422736,-70.35590733,INACTIVO,EXCAVACION TERRENO,4062,2084,5100,3126,124,2015-03-20,,,146.2624135,1245.77739
0143-3N,79973750-7,MINEX S.A.,PLANTA SAN EDUARDO,DEPOSITO 2,EMBALSE,COBRE,METÁLICO,0,03,031,03101,Atacama,Copiapó,Copiapó,6966952.722,365903.625,WGS84,19S,-27.41422946,-70.35650351,ACTIVO,EXCAVACION TERRENO,3400,2198,5100,3298,124,2015-03-20,,,124.5169739,795.3891344
0144-3N,79973750-7,MINEX S.A.,PLANTA SAN EDUARDO,ESTANQUE IMPERMEABILIZADO,EMBALSE,COBRE,METÁLICO,0,03,031,03101,Atacama,Copiapó,Copiapó,6966900.143,365937.3027,WGS84,19S,-27.41470733,-70.3561687,INACTIVO,EXCAVACION TERRENO,,,3600,,265,2017-05-30,,,216.6580708,2798.996297
0145-3N,sin rut conocido,SOC. MINERA SAN JOAQUIN,PLANTA SAN JOAQUIN,SAN JOAQUIN 1,TRANQUE DE RELAVE,COBRE-ORO,METÁLICO,1,03,031,03103,Atacama,Copiapó,Tierra Amarilla,6963825.632,374327.4036,WGS84,19S,-27.44325689,-70.27163051,INACTIVO,AGUAS ARRIBA,13000,,19500,,,,,,251.999186,3873.090988
0146-3N,sin rut conocido,SOC. MINERA SAN JOAQUIN,PLANTA SAN JOAQUIN,SAN JOAQUIN 2,TRANQUE DE RELAVE,COBRE-ORO,METÁLICO,1,03,031,03103,Atacama,Copiapó,Tierra Amarilla,6963865.688,374226.1005,WGS84,19S,-27.442886,-70.2726512,INACTIVO,AGUAS ARRIBA,8500,,12750,,,,,,174.0467011,1828.375235
0147-3N,sin rut conocido,SOC. MINERA SAN JOAQUIN,PLANTA SAN JOAQUIN,SAN JOAQUIN 3,TRANQUE DE RELAVE,COBRE-ORO,METÁLICO,1,03,031,03103,Atacama,Copiapó,Tierra Amarilla,6963860.927,374283.4859,WGS84,19S,-27.44293427,-70.27207116,INACTIVO,AGUAS ARRIBA,13700,,20550,,161,1990-03-01,,,211.9756173,3167.459322
0148-3N,81490200-5,CIA. MINERA FALDA VERDE,PLANTA FALDA VERDE,FALDA VERDE,EMBALSE,COBRE,METÁLICO,1,03,032,03201,Atacama,Chañaral,Chañaral,7087826.775,339748.8495,WGS84,19S,-26.32049595,-70.60552135,INACTIVO,,333334,,500000,,2417,2011-08-11,,,915.2515255,49531.68798
0149-3N,81490200-5,CIA. MINERA FALDA VERDE,PLANTA FALDA VERDE,FALDA VERDE 2,EMBALSE,ORO,METÁLICO,1,03,032,03201,Atacama,Chañaral,Chañaral,7087963.226,339393.1863,WGS84,19S,-26.31922442,-70.60906652,INACTIVO,,62853,,94279,,,,,,681.5210102,29798.38422
0150-3N,81490200-5,CIA. MINERA FALDA VERDE,PLANTA FALDA VERDE,FALDA VERDE 2-3,ACOPIO,ORO,METÁLICO,,03,032,03201,Atacama,Chañaral,Chañaral,7087868.364,339593.1297,WGS84,19S,-26.3201031,-70.6070758,INACTIVO,NO APLICA,152400,,228600,,,,,,351.665471,8026.478921
0151-3N,79664330-7,GRUPO MINERO CAROLA COEMIN,PLANTA CERRILLOS,TRANQUE DE RELAVE 1,TRANQUE DE RELAVE,COBRE,METÁLICO,1,03,031,03103,Atacama,Copiapó,Tierra Amarilla,6950513.741,377277.0455,WGS84,19S,-27.56367671,-70.24313962,ACTIVO,AGUAS ABAJO,3027649,1858469,4541474,2847539,577,1996-05-20,4,2013-01-02,3502.30907,486615.8755
0152-3N,79664330-7,GRUPO MINERO CAROLA COEMIN,PLANTA CERRILLOS,TRANQUE DE RELAVE 3,TRANQUE DE RELAVE,COBRE,METÁLICO,1,03,031,03103,Atacama,Copiapó,Tierra Amarilla,6949551.267,378292.1094,WGS84,19S,-27.57245539,-70.23295642,ABANDONADO,EJE CENTRAL,3877533,3784633,5816300,5645652,817,2013-11-27,1789,2015-07-08,2587.802092,220162.8785
0153-3N,79664330-7,GRUPO MINERO CAROLA COEMIN,PLANTA CERRILLOS,SECTOR 5,EN PASTA,COBRE,METÁLICO,1,03,031,03103,Atacama,Copiapó,Tierra Amarilla,6950536.879,381416.7812,WGS84,19S,-27.56383674,-70.20121092,ACTIVO,EJE CENTRAL,59594693,5320373,,,3050,2012-09-27,,,5746.492928,575206.6014
0154-3N,83714300-4,CIA. EXPLORACION DE MINAS SAN ANDRES,PLANTA ELISA DE BORDOS,ELISA DE BORDOS 1,TRANQUE DE RELAVE,COBRE,METÁLICO,1,03,031,03103,Atacama,Copiapó,Tierra Amarilla,6933376.502,382782.3086,WGS84,19S,-27.71884207,-70.18905457,INACTIVO,AGUAS ARRIBA,900000,,1350000,,205,1985-02-18,,,1235.521677,82437.35081
0155-3N,83714300-4,CIA. EXPLORACION DE MINAS SAN ANDRES,PLANTA ELISA DE BORDOS,ELISA DE BORDOS 2,TRANQUE DE RELAVE,COBRE,METÁLICO,1,03,031,03103,Atacama,Copiapó,Tierra Amarilla,6933602.592,382781.1836,WGS84,19S,-27.71680134,-70.18904384,INACTIVO,,105720,,158580,,,,,,952.2259008,55710.31736
0156-3N,83714300-4,CIA. EXPLORACION DE MINAS SAN ANDRES,PLANTA ELISA DE BORDOS,TRANQUE DE RELAVE,ACOPIO,COBRE,METÁLICO,,03,031,03103,Atacama,Copiapó,Tierra Amarilla,6933476.573,383096.5887,WGS84,19S,-27.71796621,-70.1858573,INACTIVO,NO APLICA,18205,,27307,,,,,,552.6916788,17616.96268
0157-3N,85272800-0,CIA. CONTRACTUAL MINERA CANDELARIA,CANDELARIA,CANDELARIA,TRANQUE DE RELAVE,COBRE,METÁLICO,3,03,031,03103,Atacama,Copiapó,Tierra Amarilla,6956827.036,370484.438,WGS84,19S,-27.50606323,-70.31125548,INACTIVO,AGUAS ABAJO,375707862,367279997,563561793,550919996,771,2016-04-13,291,2009-03-03,11966.9799,4751328.951
0158-3N,85272800-0,CIA. CONTRACTUAL MINERA CANDELARIA,PLANTA SAN ESTEBAN,SAN ESTEBAN 1 PRINCIPAL,TRANQUE DE RELAVE,COBRE,METÁLICO,1,03,031,03103,Atacama,Copiapó,Tierra Amarilla,6959126.249,372242.0426,WGS84,19S,-27.48547791,-70.29322209,ABANDONADO,EJE CENTRAL,492510,,738765,,,,838,2012-03-19,1824.926147,130124.9932
0159-3N,85272800-0,CIA. CONTRACTUAL MINERA CANDELARIA,PLANTA SAN ESTEBAN,SAN ESTEBAN 1 SECUNDARIO,TRANQUE DE RELAVE,COBRE,METÁLICO,1,03,031,03103,Atacama,Copiapó,Tierra Amarilla,6959185.72,372558.4286,WGS84,19S,-27.48497086,-70.2900139,ABANDONADO,AGUAS ARRIBA,65000,,97500,,566,1986-06-02,838,2012-03-19,1038.336967,32520.5833
0160-3N,85272800-0,CIA. CONTRACTUAL MINERA CANDELARIA,PLANTA SAN ESTEBAN,SAN ESTEBAN 2,TRANQUE DE RELAVE,COBRE,METÁLICO,,03,031,03103,Atacama,Copiapó,Tierra Amarilla,6958744.316,372137.6726,WGS84,19S,-27.48891528,-70.29431866,ELIMINADO,,283875,,425812,,258,2004-01-19,838,2012-03-19,805.152733,44047.25645
0161-3N,85272800-0,CIA. CONTRACTUAL MINERA CANDELARIA,CANDELARIA,LOS DIQUES,ESPESADO,COBRE,METÁLICO,3,03,031,03103,Atacama,Copiapó,Tierra Amarilla,6953456.118,369406.5277,WGS84,19S,-27.5363842,-70.32253022,ACTIVO,NO APLICA,337078651,18925732,600000000,120112038,1468,2016-07-15,291,2009-03-03,9568.541402,3112085.878
0162-3N,90853000-4,CMC SALI HOCHSCHILD S.A.,OJANCOS,OJANCOS 1,TRANQUE DE RELAVE,COBRE,METÁLICO,1,03,031,03101,Atacama,Copiapó,Copiapó,6972158.203,366939.6914,WGS84,19S,-27.36734848,-70.34545627,ABANDONADO,AGUAS ARRIBA,3202671,,4804007,,,,,,1104.594298,51415.54799
0163-3N,90853000-4,CMC SALI HOCHSCHILD S.A.,OJANCOS,OJANCOS 2,TRANQUE DE RELAVE,COBRE,METÁLICO,1,03,031,03101,Atacama,Copiapó,Copiapó,6972312.128,366495.9807,WGS84,19S,-27.3659159,-70.34992504,ABANDONADO,AGUAS ARRIBA,1602066,,2403100,,1969,1970-11-02,,,1346.109606,62407.97725
0164-3N,90853000-4,CMC SALI HOCHSCHILD S.A.,BODEGA ALTO,DEPOSITO DE RELAVE 3,TRANQUE DE RELAVE,COBRE-ORO,METÁLICO,1,03,031,03101,Atacama,Copiapó,Copiapó,6973727.413,365283.8615,WGS84,19S,-27.3530231,-70.36202225,ABANDONADO,,3115875,,4673812,,1969,1970-11-02,,,2047.044886,74962.542
0165-3N,90853000-4,CMC SALI HOCHSCHILD S.A.,BODEGA ALTO,DEPOSITO DE RELAVE 4,TRANQUE DE RELAVE,COBRE-ORO,METÁLICO,1,03,031,03101,Atacama,Copiapó,Copiapó,6973640.213,364290.1702,WGS84,19S,-27.35371178,-70.37207615,ABANDONADO,,198036,,297054,,7,1977-01-01,,,1297.416226,77802.37781
0166-3N,90853000-4,CMC SALI HOCHSCHILD S.A.,OJANCOS,TRANQUE DE RELAVE,TRANQUE DE RELAVE,COBRE,METÁLICO,1,03,031,03101,Atacama,Copiapó,Copiapó,6972277.825,367138.2144,WGS84,19S,-27.36628814,-70.34343629,ABANDONADO,,1800,,2700,,,,,,315.3063038,4517.940477
0167-3N,90853000-4,CMC SALI HOCHSCHILD S.A.,BODEGA ALTO,BODEGA ALTO ,TRANQUE DE RELAVE,COBRE-ORO,METÁLICO,1,03,031,03101,Atacama,Copiapó,Copiapó,6973790.362,364517.0677,WGS84,19S,-27.35237913,-70.36976599,ABANDONADO,,515600,,773398,,,,,,696.6892499,36179.89398
0168-3N,sin rut conocido,DESCONOCIDO,DESCONOCIDO,EMBALSE DE RELAVES,EMBALSE,ORO,METÁLICO,1,03,031,03101,Atacama,Copiapó,Copiapó,6966607.233,370160.1162,WGS84,19S,-27.41775994,-70.31349154,ABANDONADO,,2760,,4140,,,,,,193.5356901,2228.272327
0169-3N,sin rut conocido,DESCONOCIDO,DESCONOCIDO,TRANQUE DE RELAVE,TRANQUE DE RELAVE,ORO,METÁLICO,1,03,031,03101,Atacama,Copiapó,Copiapó,6966786.496,370232.9628,WGS84,19S,-27.41614891,-70.31273564,ABANDONADO,,4276,,6414,,,,,,266.5485024,3350.583514
0170-3N,sin rut conocido,DESCONOCIDO,DESCONOCIDO,TRANQUE DE RELAVE,ACOPIO,ORO,METÁLICO,,03,031,03101,Atacama,Copiapó,Copiapó,6966834.843,370331.2105,WGS84,19S,-27.4157219,-70.31173681,ABANDONADO,NO APLICA,8442,,12633,,,,,,271.0518736,4242.832829
0171-3N,76353771-4,MINE TRADE SPA,PLANTA PUERTO RICO,EMBALSE 4,EMBALSE,COBRE,METÁLICO,1,03,031,03101,Atacama,Copiapó,Copiapó,6969796.585,367426.8714,WGS84,19S,-27.38871094,-70.34078815,ACTIVO,,26000,17762,39000,82113,400,2015-10-28,271,2016-06-02,456.3366691,12684.52298
0172-3N,sin rut conocido,DESCONOCIDO,DESCONOCIDO,TRANQUE DE RELAVE,TRANQUE DE RELAVE,ORO,METÁLICO,1,03,033,03303,Atacama,Huasco,Freirina,6804789.468,292425.9692,WGS84,19S,-28.86788722,-71.1281877,ABANDONADO,,50000,,75000,,,,,,1917.012234,62529.60197
0173-3N,sin rut conocido,DESCONOCIDO,DESCONOCIDO,TRANQUE DE RELAVE,ACOPIO,ORO,METÁLICO,,03,033,03303,Atacama,Huasco,Freirina,6803756.344,290919.6497,WGS84,19S,-28.87696114,-71.14381396,ABANDONADO,NO APLICA,1900,,2850,,,,,,578.3584106,13145.16957
0174-3N,23379984-K,INVERSIONES RAY LTDA.,PLANTA SAN CRISTOBAL,DESCONOCIDO,ACOPIO,COBRE,METÁLICO,,03,031,03101,Atacama,Copiapó,Copiapó,6962900.783,370316.8423,WGS84,19S,-27.45122802,-70.31230206,ABANDONADO,NO APLICA,2034,,3051,,,,,,109.5750951,909.4548776
0175-3N,23379984-K,INVERSIONES RAY LTDA.,PLANTA SAN CRISTOBAL,DESCONOCIDO,ACOPIO,COBRE,METÁLICO,,03,031,03101,Atacama,Copiapó,Copiapó,6962936.268,370292.7265,WGS84,19S,-27.45090544,-70.31254226,ABANDONADO,NO APLICA,1125,,1687,,1062,1999-09-22,,,128.4536543,1171.341683
0176-3N,79785390-9,CIA. MINERA SAN ESTEBAN PRIMERA,PLANTA SANTA ESTEBAN (EX SANTA LAURA),SANTA LAURA 1,TRANQUE DE RELAVE,COBRE,METÁLICO,1,03,031,03101,Atacama,Copiapó,Copiapó,6967917.943,369479.2233,WGS84,19S,-27.40586487,-70.32023749,ABANDONADO,,1508240,,2262360,,,,,,1317.901452,88163.19511
0177-3N,79785390-9,CIA. MINERA SAN ESTEBAN PRIMERA,PLANTA SANTA ESTEBAN (EX SANTA LAURA),SANTA LAURA 2,TRANQUE DE RELAVE,COBRE,METÁLICO,1,03,031,03101,Atacama,Copiapó,Copiapó,6968273.629,369408.0168,WGS84,19S,-27.40264774,-70.32091942,ABANDONADO,,2797710,,4196565,,,,,,1749.652408,105021.4328
0178-3N,79785390-9,CIA. MINERA SAN ESTEBAN PRIMERA,PLANTA SANTA ESTEBAN (EX SANTA LAURA),SANTA LAURA 3,TRANQUE DE RELAVE,COBRE,METÁLICO,1,03,031,03101,Atacama,Copiapó,Copiapó,6968207.599,369616.4793,WGS84,19S,-27.40326366,-70.31881838,ABANDONADO,,301886,,452829,,,,,,846.024596,20430.71644
0179-3N,4768594-K,EXEQUIEL BUGUEÑO,SANTA ROSA,SANTA ROSA 1,EMBALSE,ORO,METÁLICO,1,03,031,03101,Atacama,Copiapó,Copiapó,6965426.108,370233.4665,WGS84,19S,-27.42842737,-70.31287576,ACTIVO,,15772,,23658,,,,,,436.4949343,9777.651951
0180-3N,4768594-K,EXEQUIEL BUGUEÑO,SANTA ROSA,SANTA ROSA 2,EMBALSE,ORO,METÁLICO,1,03,031,03101,Atacama,Copiapó,Copiapó,6965432.316,370304.645,WGS84,19S,-27.42837812,-70.31215513,INACTIVO,,4785,,7177,,,,,,209.8505723,2704.782882
0181-3N,sin rut conocido,SOC. MINERA UNION,PLANTA LA UNION (EX SAN LORENZO),UNION,TRANQUE DE RELAVE,COBRE,METÁLICO,1,03,031,03101,Atacama,Copiapó,Copiapó,6968491.922,366649.9161,WGS84,19S,-27.40041055,-70.3487871,ABANDONADO,AGUAS ARRIBA,175000,,262500,,1230,1986-12-10,,,419.7866038,13077.90611
0182-3N,sin rut conocido,S. PIZARRO (EX RUBELINDO ALQUINTA),PLANTA ANDACOLLO,ANDACOLLO 1,ACOPIO,ORO,METÁLICO,,03,031,03101,Atacama,Copiapó,Copiapó,6966487.814,362838.6154,WGS84,19S,-27.41812039,-70.38755394,ABANDONADO,NO APLICA,3200,,4800,,,,,,118.9488803,885.4995728
0183-3N,sin rut conocido,S. PIZARRO (EX RUBELINDO ALQUINTA),PLANTA ANDACOLLO,ANDACOLLO 2,ACOPIO,ORO,METÁLICO,,03,031,03101,Atacama,Copiapó,Copiapó,6966507.861,362825.5948,WGS84,19S,-27.41793815,-70.38768337,ABANDONADO,NO APLICA,3200,,4640,,,,,,93.63210157,567.4858383
0184-3N,6239382-3,CARLOS SOTO FUENTEALBA,PLANTA PORVENIR,PORVENIR ,TRANQUE DE RELAVE,COBRE,METÁLICO,1,03,031,03101,Atacama,Copiapó,Copiapó,6969680.367,368503.6104,WGS84,19S,-27.3898641,-70.3299134,ABANDONADO,EJE CENTRAL,15200,,22800,,69,1987-01-16,402,2005-01-25,333.8855868,8004.013209
0185-3N,6239382-3,CARLOS SOTO FUENTEALBA,PLANTA PORVENIR,PORVENIR SUR,ACOPIO,COBRE,METÁLICO,,03,031,03101,Atacama,Copiapó,Copiapó,6969495.758,368456.5006,WGS84,19S,-27.39152577,-70.3304097,ABANDONADO,NO APLICA,8752,,13128,,69,1987-01-16,402,2005-01-25,193.4469417,2100.207235
0186-3N,sin rut conocido,MANUEL ACHU PEREZ,PLANTA CUESTA CARDONES,CUESTA CARDONES 1,TRANQUE DE RELAVE,COBRE-ORO,METÁLICO,1,03,031,03101,Atacama,Copiapó,Copiapó,6969831.884,367824.4131,WGS84,19S,-27.38843092,-70.33676464,ABANDONADO,EJE CENTRAL,5600,,8400,,1085,1986-10-31,,,166.9099357,858.3638282
0187-3N,sin rut conocido,LUIS MORALES,DESCONOCIDO,DESCONOCIDO,TRANQUE DE RELAVE,COBRE,METÁLICO,1,03,031,03101,Atacama,Copiapó,Copiapó,6971988.936,367029.0283,WGS84,19S,-27.36888492,-70.34457159,ABANDONADO,AGUAS ARRIBA,10637,,15956,,,,,,1408.159068,71474.53272
0188-3N,3738135-7,JORGE SANCHEZ ARAYA,PLANTA PURIFICACION,PURIFICACION 1,TRANQUE DE RELAVE,ORO,METÁLICO,1,03,031,03101,Atacama,Copiapó,Copiapó,6966531.819,369981.85,WGS84,19S,-27.4184236,-70.31530261,ABANDONADO,AGUAS ARRIBA,500,,750,,,,633,1985-07-10,235.6057381,2878.94979
0189-3N,3738135-7,JORGE SANCHEZ ARAYA,PLANTA PURIFICACION,PURIFICACION 2,TRANQUE DE RELAVE,ORO,METÁLICO,1,03,031,03101,Atacama,Copiapó,Copiapó,6966591.389,369996.4319,WGS84,19S,-27.41788734,-70.31514875,ABANDONADO,AGUAS ARRIBA,12000,,18000,,,,,,318.9468411,5777.37925
0190-3N,3738135-7,JORGE SANCHEZ ARAYA,PLANTA PURIFICACION,PURIFICACION 3,TRANQUE DE RELAVE,ORO,METÁLICO,1,03,031,03101,Atacama,Copiapó,Copiapó,6966643.986,369991.0946,WGS84,19S,-27.4174121,-70.31519711,ABANDONADO,AGUAS ARRIBA,600,,900,,,,,,165.9208905,1323.284804
0191-3N,3738135-7,JORGE SANCHEZ ARAYA,PLANTA PURIFICACION,EMBALSE DE RELAVES,EMBALSE,ORO,METÁLICO,0,03,031,03101,Atacama,Copiapó,Copiapó,6966542.151,370090.5845,WGS84,19S,-27.41834072,-70.31420175,ABANDONADO,EXCAVACION TERRENO,8308,,12462,,,,,,155.8788213,1574.988533
0192-3N,sin rut conocido,NUÑEZ HNOS,PLANTA LLAUCAVEN,LLAUCAVEN 1,TRANQUE DE RELAVE,ORO-COBRE,METÁLICO,1,03,031,03101,Atacama,Copiapó,Copiapó,6968113.133,370716.458,WGS84,19S,-27.40422103,-70.30770458,INACTIVO,AGUAS ARRIBA,33814,,50721,,732,1985-08-06,,,539.5183009,17579.50759
0193-3N,sin rut conocido,NUÑEZ HNOS,PLANTA LLAUCAVEN,LLAUCAVEN 2,TRANQUE DE RELAVE,ORO-COBRE,METÁLICO,1,03,031,03101,Atacama,Copiapó,Copiapó,6968219.081,370611.6804,WGS84,19S,-27.40325484,-70.30875292,INACTIVO,AGUAS ARRIBA,210795,,316192,,732,1985-08-06,,,497.7587664,16280.83354
0194-3N,sin rut conocido,DELIA NIETO ROBLE,PLANTA TANIA,TANIA,TRANQUE DE RELAVE,COBRE-ORO,METÁLICO,1,03,031,03101,Atacama,Copiapó,Copiapó,6968039.457,370879.4259,WGS84,19S,-27.40490146,-70.30606433,INACTIVO,AGUAS ARRIBA,4300,,6450,,177,1988-02-05,,,145.864281,1157.027979
0195-3N,sin rut conocido,DOMINGO GUGGIANA,PLANTA GUGGIANA,GUGGIANA,TRANQUE DE RELAVE,ORO-COBRE,METÁLICO,1,03,031,03101,Atacama,Copiapó,Copiapó,6973619.796,365971.0537,WGS84,19S,-27.35406199,-70.35508792,INACTIVO,EJE CENTRAL,71000,,106500,,146,1985-02-01,,,393.3420896,9306.622779
0196-3N,sin rut conocido,SCM ZEPOLAC,PLANTA DON LUIS,DON LUIS 2,TRANQUE DE RELAVE,COBRE,METÁLICO,1,03,031,03103,Atacama,Copiapó,Tierra Amarilla,6959302.956,372570.6353,WGS84,19S,-27.48391387,-70.28987804,INACTIVO,AGUAS ARRIBA,10000,,15000,,566,1986-06-02,,,846.7030648,21230.21698
0197-3N,sin rut conocido,VICTOR JENSEN,PLANTA LA FLORIDA,LA FLORIDA 1,TRANQUE DE RELAVE,ORO,METÁLICO,1,03,031,03101,Atacama,Copiapó,Copiapó,6965688.068,375059.0082,WGS84,19S,-27.42651422,-70.26403762,INACTIVO,AGUAS ARRIBA,3000,,4500,,567,1986-06-02,,,424.5784981,11393.11577
0198-3N,sin rut conocido,VICTOR JENSEN,PLANTA LA FLORIDA,LA FLORIDA 2,TRANQUE DE RELAVE,ORO,METÁLICO,1,03,031,03101,Atacama,Copiapó,Copiapó,6965733.326,375158.1707,WGS84,19S,-27.42611482,-70.26302993,INACTIVO,AGUAS ARRIBA,2500,,3750,,567,1986-06-02,,,274.7611953,5014.940766
0199-3N,76309389-1,ACIBOL SpA,PLANTA IRMITA,EMBALSE DE RELAVES,EMBALSE,COBRE,METÁLICO,1,03,031,03101,Atacama,Copiapó,Copiapó,6968000.027,366302.0182,WGS84,19S,-27.40481611,-70.35235921,INACTIVO,,280495,212437,420743,318656,349,2013-07-25,,,321.435407,6374.273639
0200-3N,59166910-9,ADMIRALTY MINERALS CHILE PTY LTDA,PROYECTO MARIPOSA,MARIPOSA,ESPESADO,HIERRO,METÁLICO,3,03,033,03301,Atacama,Huasco,Vallenar,6826122.61,321801.2062,WGS84,19S,-28.67984461,-70.82379833,EN CONSTRUCCION,AGUAS ABAJO,,,9900000,,237,2023-02-13,,,832.2571209,41574.81209
0201-3N,10642205-2,DANISA REYES ITURRIZAGASTA,AMANDA,AMANDA (EX CHARITO),TRANQUE DE RELAVE,ORO,METÁLICO,1,03,031,03101,Atacama,Copiapó,Copiapó,6967270.29,365277.4524,WGS84,19S,-27.41130149,-70.36280117,ABANDONADO,,14650,,21960,,,,,,402.58212,8794.132893
0202-3N,8993045-6,NATIMAN FLORES DIAZ,PLANTA OJOS DE AGUA,OJOS DE AGUA,EMBALSE,ORO,METÁLICO,1,03,031,03101,Atacama,Copiapó,Copiapó,6967571.421,366308.5979,WGS84,19S,-27.40868516,-70.35233977,ACTIVO,NO APLICA,16667,,25000,8340,443,1997-04-29,316,2014-04-25,356.5782373,8610.302867
0203-3N,94638000-8,CIA. MINERA DEL PACIFICO,CERRO NEGRO NORTE,CERRO NEGRO NORTE,ESPESADO,HIERRO,METÁLICO,1,03,031,03101,Atacama,Copiapó,Copiapó,6998690.998,364909.6001,WGS84,19S,-27.12767192,-70.36305707,ACTIVO,NO APLICA,61000000,17023480,110000000,30642264,2856,2017-11-09,1932,2015-07-30,5724.556778,2066046.315
0204-3N,94638000-8,CIA. MINERA DEL PACIFICO,PLANTA PELLETS,DEPÓSITO DE RELAVES FILTRADOS – PLANTA DE PELLETS,FILTRADO,HIERRO,METÁLICO,0,03,033,03304,Atacama,Huasco,Huasco,6846019.484,279515.2765,WGS84,19S,-28.49386431,-71.25250003,ACTIVO,NO APLICA,,,13800000,,1527,2022-09-05,,,2764.778459,319389.3042
0205-4N,94638000-8,CIA. MINERA DEL PACIFICO,FAENAS EL ROMERAL,EL ROMERAL,EMBALSE,HIERRO,METÁLICO,1,04,041,04101,Coquimbo,Elqui,La Serena,6709540.052,285031.7445,WGS84,19S,-29.72570577,-71.22248594,INACTIVO,,7700000,,11550000,,833,1994-11-28,1879,2009-10-05,2050.098974,235805.144
0206-4N,94638000-8,CIA. MINERA DEL PACIFICO,FAENAS EL ROMERAL,EL TRIGO,EMBALSE,HIERRO,METÁLICO,1,04,041,04101,Coquimbo,Elqui,La Serena,6705787.661,283762.3231,WGS84,19S,-29.75932412,-71.23635288,ACTIVO,AGUAS ABAJO,29333333,12777387,44000000,29198724,1583,2004-07-08,1879,2009-10-05,4386.991774,926040.791
0207-3N,96561560-1,SOC. PUNTA DEL COBRE S.A.,PLANTA SAN JOSE,LAS CRUCES,TRANQUE DE RELAVE,COBRE,METÁLICO,1,03,031,03101,Atacama,Copiapó,Copiapó,6962970.973,368964.9215,WGS84,19S,-27.45046498,-70.32597202,ACTIVO,EJE CENTRAL,53533333,46724602,80300000,77095593,952,2018-04-04,384,2007-04-16,5623.967403,1733088.842
0208-3N,96561560-1,SOC. PUNTA DEL COBRE S.A.,PLANTA SAN JOSE,LAS CRUCES 2,FILTRADO,COBRE,METÁLICO,0,03,031,03101,Atacama,Copiapó,Copiapó,6963515.583,370381.7608,WGS84,19S,-27.44568524,-70.31157963,EN CONSTRUCCION,NO APLICA,26277066,0,39415600,0,558,2016-03-18,,,5871.375164,1710678.786
0209-3N,96561560-1,SOC. PUNTA DEL COBRE S.A.,PLANTA PUCOBRE,EL BUITRE,TRANQUE DE RELAVE,COBRE,METÁLICO,1,03,031,03103,Atacama,Copiapó,Tierra Amarilla,6959657.123,372721.8887,WGS84,19S,-27.48073144,-70.28831012,ABANDONADO,,4400000,,6600000,,185,1998-01-20,1050,2005-04-26,3022.712373,348850.7117
0210-3N,96561560-1,SOC. PUNTA DEL COBRE S.A.,PLANTA PUCOBRE,SAN JOSE,TRANQUE DE RELAVE,COBRE,METÁLICO,1,03,031,03103,Atacama,Copiapó,Tierra Amarilla,6959492.23,373638.9084,WGS84,19S,-27.48230531,-70.27904712,ABANDONADO,EJE CENTRAL,2000000,,3000000,,161,1992-02-07,486,1999-03-08,1338.424784,107402.8191
0211-3N,99531960-8,MINERA LUMINA COPPER CHILE LTDA.,CASERONES,ARENAS EL TAMBO,TRANQUE DE RELAVE,COBRE,METÁLICO,0,03,031,03103,Atacama,Copiapó,Tierra Amarilla,6881670.403,445672.9048,WGS84,19S,-28.18960007,-69.55350672,ACTIVO,NO APLICA,380000000,18071705,570000000,62853799,3370,2011-11-02,306,2012-02-06,5939.366046,849639.2331
0212-3N,99531960-8,MINERA LUMINA COPPER CHILE LTDA.,CASERONES,LAMAS LA BREA,EMBALSE,COBRE,METÁLICO,1,03,031,03103,Atacama,Copiapó,Tierra Amarilla,6887942.084,438694.8563,WGS84,19S,-28.13268254,-69.6242701,ACTIVO,AGUAS ABAJO,318400000,63146964,477600000,164768840,542,2017-03-06,306,2012-02-06,10014.94451,2647422.268
0213-3N,sin rut conocido,DESCONOCIDO,DESCONOCIDO,PABELLON,ACOPIO,COBRE,METÁLICO,,03,031,03103,Atacama,Copiapó,Tierra Amarilla,6940562.711,378112.2218,WGS84,19S,-27.65356719,-70.23568862,ABANDONADO,NO APLICA,8700,,13050,,,,,,821.4647589,37380.83294
0214-3N,sin rut conocido,CIA. MINERA HUASCO,PLANTA RIO HUASCO,RIO HUASCO,TRANQUE DE RELAVE,COBRE-ORO,METÁLICO,1,03,031,03102,Atacama,Copiapó,Caldera,7008886.981,319971.4234,WGS84,19S,-27.03053216,-70.81483742,INACTIVO,,435735,,653602,,,,,,1573.483739,168571.5767
0215-3N,79812520-6,SOC. EXPLODESA DOS AMIGOS (EX MINERA DOMEYKO),PLANTA DOMEYKO,DOMEYKO 1,TRANQUE DE RELAVE,ORO-COBRE-PLATA,METÁLICO,1,03,033,03301,Atacama,Huasco,Vallenar,6795234.561,316535.9736,WGS84,19S,-28.95775938,-70.88266927,ABANDONADO,,58833,,82249,,45,1972-03-10,,,484.8733454,13954.47451
0216-3N,79812520-6,SOC. EXPLODESA DOS AMIGOS (EX MINERA DOMEYKO),PLANTA DOMEYKO,DOMEYKO 2,TRANQUE DE RELAVE,ORO-COBRE-PLATA,METÁLICO,1,03,033,03301,Atacama,Huasco,Vallenar,6795361.18,316176.6017,WGS84,19S,-28.95656549,-70.88633471,ABANDONADO,,112484,,168726,,241,1984-02-28,,,687.5776021,32637.36487
0217-3N,79812520-6,SOC. EXPLODESA DOS AMIGOS (EX MINERA DOMEYKO),PLANTA DOMEYKO,DOMEYKO 3,TRANQUE DE RELAVE,ORO-COBRE-PLATA,METÁLICO,1,03,033,03301,Atacama,Huasco,Vallenar,6795512.999,316134.7121,WGS84,19S,-28.9551899,-70.88673954,ABANDONADO,,42705,,64057,,241,1984-02-28,,,467.9362501,14788.99602
0218-3N,79812520-6,SOC. EXPLODESA DOS AMIGOS (EX MINERA DOMEYKO),PLANTA DOMEYKO,DOMEYKO 4,TRANQUE DE RELAVE,ORO-COBRE-PLATA,METÁLICO,1,03,033,03301,Atacama,Huasco,Vallenar,6795507.552,316302.91,WGS84,19S,-28.95526322,-70.88501523,ABANDONADO,,47364,,71046,,241,1984-02-28,,,480.8902087,15167.02861
0219-3N,79812520-6,SOC. EXPLODESA DOS AMIGOS (EX MINERA DOMEYKO),PLANTA DOMEYKO,DOMEYKO 5,TRANQUE DE RELAVE,ORO-COBRE-PLATA,METÁLICO,1,03,033,03301,Atacama,Huasco,Vallenar,6795516.057,316224.1825,WGS84,19S,-28.95517517,-70.88582135,ABANDONADO,,58190,,87825,,241,1984-02-28,,,361.848248,6083.615221
0220-3N,sin rut conocido,HERNAN SOLIS,PLANTA SOLIS,SOLIS 1,TRANQUE DE RELAVE,ORO,METÁLICO,1,03,033,03301,Atacama,Huasco,Vallenar,6840345.354,327545.8099,WGS84,19S,-28.55230358,-70.76288284,INACTIVO,AGUAS ARRIBA,2000,,3000,,,,,,351.5703182,6879.090526
0221-3N,sin rut conocido,HERNAN SOLIS,PLANTA SOLIS,SOLIS 2,TRANQUE DE RELAVE,ORO,METÁLICO,1,03,033,03301,Atacama,Huasco,Vallenar,6840397.42,327598.4103,WGS84,19S,-28.55184081,-70.76233753,INACTIVO,AGUAS ARRIBA,8600,,12900,,,,,,340.8941358,7174.067513
0222-3N,5765725-1,J. FONSECA,PLANTA FONSECA,DESCONOCIDO,ACOPIO,ORO-COBRE,METÁLICO,,03,032,03202,Atacama,Chañaral,Diego de Almagro,7040307.915,409678.6703,WGS84,19S,-26.75563229,-69.90837978,ABANDONADO,NO APLICA,1200,,1800,,,,,,289.2465919,4819.63059
0223-3N,sin rut conocido,MARTIN HERNANDEZ,PLANTA HERNANDEZ,TRANQUE DE RELAVE,ACOPIO,COBRE,METÁLICO,,03,032,03202,Atacama,Chañaral,Diego de Almagro,7040265.813,409305.4526,WGS84,19S,-26.75598828,-69.91213596,INACTIVO,NO APLICA,8047,,12071,,568,1986-06-02,,,313.1591992,5044.058703
0224-3N,76063022-5,INCA DE ORO S.A,PLANTA OMEGA,OMEGA 1,TRANQUE DE RELAVE,ORO,METÁLICO,1,03,032,03202,Atacama,Chañaral,Diego de Almagro,7041040.823,409178.7391,WGS84,19S,-26.74898347,-69.91335429,ABANDONADO,AGUAS ARRIBA,28000,,42000,,631,1986-06-24,,,151.453774,1626.528637
0225-3N,76063022-5,INCA DE ORO S.A,PLANTA OMEGA,OMEGA 2,TRANQUE DE RELAVE,ORO,METÁLICO,1,03,032,03202,Atacama,Chañaral,Diego de Almagro,7041036.804,409110.47,WGS84,19S,-26.74901533,-69.91404106,ABANDONADO,AGUAS ARRIBA,30100,,43645,,,,,,265.2725119,3205.677061
0226-3N,76063022-5,INCA DE ORO S.A,PLANTA OMEGA,OMEGA 3,TRANQUE DE RELAVE,ORO,METÁLICO,1,03,032,03202,Atacama,Chañaral,Diego de Almagro,7041045.283,409141.4294,WGS84,19S,-26.74894079,-69.91372913,ABANDONADO,AGUAS ARRIBA,1300,,1950,,,,,,214.4420397,1835.205369
0227-3N,77700880-3,ASESORIÁS E INVERSIONES SANTANDER LTDA,PLANTA DIEGO DE ALMAGRO,RIOSAL 1-2-3-4-5-6,ACOPIO,COBRE-ORO,METÁLICO,,03,032,03202,Atacama,Chañaral,Diego de Almagro,7079858.074,393755.8123,WGS84,19S,-26.39747423,-70.06519024,ABANDONADO,NO APLICA,11240,,16860,,,,,,369.4993101,7003.674153
0228-3N,77700880-3,ASESORIÁS E INVERSIONES SANTANDER LTDA,PLANTA DIEGO DE ALMAGRO,EMBALSE DE RELAVE,EMBALSE,COBRE-ORO,METÁLICO,1,03,032,03202,Atacama,Chañaral,Diego de Almagro,7079861.813,393426.3318,WGS84,19S,-26.39741585,-70.06849279,ABANDONADO,,11240,,16860,,800,2014-12-23,825,2014-12-31,348.1020868,6852.972674
0229-3N,5348552-9,HECTOR CASTELLON,PLANTA CASTELLON,CASTELLON,ACOPIO,ORO,METÁLICO,,03,031,03101,Atacama,Copiapó,Copiapó,6970049.078,367884.4129,WGS84,19S,-27.38647643,-70.3361344,ABANDONADO,NO APLICA,20000,,30000,,,,,,621.7889253,19375.03129
0230-3N,6671097-1,CARLOS IRIBARREN,LUZ ELENA,FLORENCIA 1,EMBALSE,COBRE-ORO,METÁLICO,1,03,031,03101,Atacama,Copiapó,Copiapó,6967931.875,366481.8938,WGS84,19S,-27.40544885,-70.35054765,ABANDONADO,,5200,,7800,,,,,,294.9558684,5825.736303
0231-3N,6671097-1,CARLOS IRIBARREN,LUZ ELENA,FLORENCIA 2,EMBALSE,COBRE-ORO,METÁLICO,1,03,031,03101,Atacama,Copiapó,Copiapó,6967916.309,366385.6116,WGS84,19S,-27.4055799,-70.35152304,ABANDONADO,,2800,,4200,,,,,,368.1585332,6367.37109
0232-3N,sin rut conocido,CIA. MINERA HORUS,PLANTA LA PEPA,LA PEPA 1,TRANQUE DE RELAVE,COBRE,METÁLICO,1,03,031,03103,Atacama,Copiapó,Tierra Amarilla,6984698.772,471242.9019,WGS84,19S,-27.26031298,-69.29051694,INACTIVO,EJE CENTRAL,290000,,435000,,1090,1989-11-14,,,1319.771178,63194.6969
0233-3N,sin rut conocido,CIA. MINERA HORUS,PLANTA LA PEPA,LA PEPA 2,TRANQUE DE RELAVE,COBRE,METÁLICO,1,03,031,03103,Atacama,Copiapó,Tierra Amarilla,6984982.923,471118.4806,WGS84,19S,-27.25774502,-69.29176719,INACTIVO,EJE CENTRAL,42768,,64152,,1090,1989-11-14,,,1126.536894,28484.15985
0234-3N,sin rut conocido,CIA. MINERA SAN ESTEBAN,PLANTA SAN ESTEBAN,SAN ESTEBAN 1,TRANQUE DE RELAVE,COBRE,METÁLICO,1,03,031,03101,Atacama,Copiapó,Copiapó,6969132.638,370243.147,WGS84,19S,-27.39497432,-70.31238242,INACTIVO,,67200,,100800,,,,,,287.2322786,5198.259823
0235-3N,sin rut conocido,CIA. MINERA SAN ESTEBAN,PLANTA SAN ESTEBAN,SAN ESTEBAN 2A,TRANQUE DE RELAVE,COBRE,METÁLICO,1,03,031,03101,Atacama,Copiapó,Copiapó,6969062.309,370194.613,WGS84,19S,-27.39560447,-70.31288069,INACTIVO,EJE CENTRAL,48000,,72000,,573,1986-06-02,,,164.4739439,1752.228891
0236-3N,sin rut conocido,CIA. MINERA SAN ESTEBAN,PLANTA SAN ESTEBAN,SAN ESTEBAN 2B,TRANQUE DE RELAVE,COBRE,METÁLICO,1,03,031,03101,Atacama,Copiapó,Copiapó,6968983.162,370130.3259,WGS84,19S,-27.3963127,-70.31353921,INACTIVO,EJE CENTRAL,245160,,367740,,573,1986-06-02,,,403.3130032,9519.001823
0237-3N,96635170-5,CIA. MINERA OJOS DEL SALADO,PLANTA PEDRO AGUIRRE CERDA,PEDRO AGUIRRE CERDA 1,TRANQUE DE RELAVE,COBRE-ORO,METÁLICO,1,03,031,03103,Atacama,Copiapó,Tierra Amarilla,6958051.581,375588.5626,WGS84,19S,-27.49548819,-70.25946426,ABANDONADO,,187630,,281445,,122,2016-01-15,612,2009-04-07,338.6239867,8444.037772
0238-3N,96635170-5,CIA. MINERA OJOS DEL SALADO,PLANTA PEDRO AGUIRRE CERDA,PEDRO AGUIRRE CERDA 2,TRANQUE DE RELAVE,COBRE-ORO,METÁLICO,1,03,031,03103,Atacama,Copiapó,Tierra Amarilla,6958030.766,375495.0148,WGS84,19S,-27.49566749,-70.26041323,ABANDONADO,,576882,,865323,,122,2016-01-15,612,2009-04-07,376.4670973,8965.354402
0239-3N,96635170-5,CIA. MINERA OJOS DEL SALADO,PLANTA PEDRO AGUIRRE CERDA,PEDRO AGUIRRE CERDA 3,TRANQUE DE RELAVE,COBRE-ORO,METÁLICO,1,03,031,03103,Atacama,Copiapó,Tierra Amarilla,6957871.271,375543.7689,WGS84,19S,-27.49711153,-70.25993616,ABANDONADO,,73875,,110812,,122,2016-01-15,612,2009-04-07,379.7051822,8198.553565
0240-3N,96635170-5,CIA. MINERA OJOS DEL SALADO,PLANTA PEDRO AGUIRRE CERDA,PEDRO AGUIRRE CERDA 4-6,TRANQUE DE RELAVE,COBRE-ORO,METÁLICO,1,03,031,03103,Atacama,Copiapó,Tierra Amarilla,6958564.889,375363.3665,WGS84,19S,-27.49083455,-70.26169073,ABANDONADO,,537685,,806528,,122,2016-01-15,612,2009-04-07,1317.711801,50991.03979
0241-3N,96635170-5,CIA. MINERA OJOS DEL SALADO,PLANTA PEDRO AGUIRRE CERDA,PEDRO AGUIRRE CERDA 5,TRANQUE DE RELAVE,COBRE-ORO,METÁLICO,1,03,031,03103,Atacama,Copiapó,Tierra Amarilla,6958148.841,375425.9477,WGS84,19S,-27.49459544,-70.26110014,ABANDONADO,,155320,,232980,,122,2016-01-15,612,2009-04-07,235.9206361,2936.857685
0242-3N,sin rut conocido,OSCAR ROJAS GARIN,PLANTA GOLD SILVER,GOLD SILVER,TRANQUE DE RELAVE,ORO,METÁLICO,1,03,032,03202,Atacama,Chañaral,Diego de Almagro,7040465.916,409649.2372,WGS84,19S,-26.754204,-69.90866442,INACTIVO,EJE CENTRAL,9600,,14400,,776,1985-08-20,,,435.9814303,10580.23885
0243-3N,76120126-3,P.L. SERVICIOS LTDA.,PLANTA AMOLANAS,AMOLANAS,TRANQUE DE RELAVE,COBRE,METÁLICO,1,03,031,03103,Atacama,Copiapó,Tierra Amarilla,6901605.011,400238.0797,WGS84,19S,-28.00702125,-70.01467546,ABANDONADO,,184415,,276622,,,,,,621.4351737,25488.49897
0244-3N,83714300-4,CIA. EXPLO. DE MINAS SAN ANDRES,PLANTA ELISA DE BORDOS,ELISA DE BORDOS 3,TRANQUE DE RELAVE,COBRE,METÁLICO,1,03,031,03103,Atacama,Copiapó,Tierra Amarilla,6932898.852,382855.2616,WGS84,19S,-27.72315955,-70.18836141,ACTIVO,AGUAS ABAJO,1320000,950692,1980000,1178868,1418,1992-11-20,416,2007-04-18,1398.422243,122951.3925
0245-3N,sin rut conocido,SOC. MINERA LORENZO ZAZZALI,PLANTA LAS BOMBAS,LAS BOMBAS 1,TRANQUE DE RELAVE,ORO-COBRE,METÁLICO,1,03,032,03201,Atacama,Chañaral,Chañaral,7119812.95,356491.5927,WGS84,19S,-26.03354355,-70.4342852,ABANDONADO,EJE CENTRAL,230400,,34560,,,,,,431.4146285,12541.25216
0246-3N,sin rut conocido,SOC. MINERA LORENZO ZAZZALI,PLANTA LAS BOMBAS,LAS BOMBAS 2,TRANQUE DE RELAVE,ORO-COBRE,METÁLICO,1,03,032,03201,Atacama,Chañaral,Chañaral,7119760.768,356401.0777,WGS84,19S,-26.03400562,-70.43519535,ABANDONADO,EJE CENTRAL,1800,,2700,,,,,,143.1406255,1081.103168
0247-3N,sin rut conocido,SOC. MINERA LORENZO ZAZZALI,PLANTA LAS BOMBAS,LAS BOMBAS 3,TRANQUE DE RELAVE,ORO-COBRE,METÁLICO,1,03,032,03201,Atacama,Chañaral,Chañaral,7119777.781,356359.6204,WGS84,19S,-26.03384792,-70.43560772,ABANDONADO,EJE CENTRAL,10300,,15450,,,,,,209.3924664,2771.089397
0248-3N,9239579-0,RUBEN JOFRE,PLANTA JOFRE,TRANQUE DE RELAVE ,ACOPIO,COBRE-ORO,METÁLICO,,03,033,03303,Atacama,Huasco,Freirina,6843821.174,299599.949,WGS84,19S,-28.5169398,-71.04780849,ABANDONADO,NO APLICA,300,,450,,,,,,1129.464868,61013.45347
0249-3N,sin rut conocido,SLM CHARLOTTE (JESSICA VELIZ),PLANTA CHARLOTTE,CHARLOTTE 2,TRANQUE DE RELAVE,COBRE,METÁLICO,1,03,033,03301,Atacama,Huasco,Vallenar,6842300.568,329642.2604,WGS84,19S,-28.53493943,-70.74117022,ABANDONADO,EJE CENTRAL,43200,,64800,,,,,,330.851839,5641.444565
0250-3N,65119520-9,ASOCIACION GREMIAL MINERA EL DONKEY,EL DONKEY,RELAVE EL DONKEY,ACOPIO,ORO,METÁLICO,,03,033,03301,Atacama,Huasco,Vallenar,6883140.12,342926.4977,WGS84,19S,-28.16810512,-70.59990709,ACTIVO,NO APLICA,,,,,,,,,669.8651571,25504.27433
0251-3N,sin rut conocido,CESAR FLORES,BOQUERON CHAÑAR,TRANQUE DE RELAVE,TRANQUE DE RELAVE,COBRE,METÁLICO,1,03,033,03301,Atacama,Huasco,Vallenar,6894879.157,333732.4954,WGS84,19S,-28.06105567,-70.69185846,ACTIVO,AGUAS ARRIBA,68600,,89000,,,,,,1549.496927,118638.2206
0252-3N,sin rut conocido,LUIS PADILLA,PLANTA CASERON,TRANQUE DE RELAVE,TRANQUE DE RELAVE,COBRE,METÁLICO,1,03,031,03101,Atacama,Copiapó,Copiapó,6967336.927,337567.5182,WGS84,19S,-27.40767962,-70.64300978,ABANDONADO,,7354,,8824,,,,,,388.486446,7673.213946
0253-3N,sin rut conocido,DESCONOCIDO,PLANTA LA CHIMBA,TRANQUE DE RELAVE,TRANQUE DE RELAVE,COBRE,METÁLICO,1,03,031,03101,Atacama,Copiapó,Copiapó,6973483.127,366087.4656,WGS84,19S,-27.35530693,-70.35392622,ABANDONADO,AGUAS ARRIBA,8000,,10500,,,,,,512.9756538,10848.69081
0254-3N,9731182-K,ANA MARIA MUNIZAGA,PLANTA ALEMANA,EMBALSE DE RELAVE,EMBALSE,ORO-COBRE,METÁLICO,1,03,031,03101,Atacama,Copiapó,Copiapó,6967776.645,366042.6541,WGS84,19S,-27.40680679,-70.35500668,ACTIVO,,36000,267,54000,1217,317,2014-04-25,350,2014-04-30,277.50425,3391.032378
0255-3N,10126740-7,GONZALO ASTORGA SAA,AURICOP,RELAVE 1,EMBALSE,ORO-COBRE,METÁLICO,1,03,031,03101,Atacama,Copiapó,Copiapó,6967851.733,366247.5559,WGS84,19S,-27.4061492,-70.35292627,INACTIVO,,20782,,31902,,,,,,371.6207101,6801.557099
0256-3N,sin rut conocido,DESCONOCIDO,PLANTA CACHIYUYO,CACHIYUYO1-2,EMBALSE,COBRE-ORO,METÁLICO,1,03,033,03301,Atacama,Huasco,Vallenar,6785265.176,316198.3125,WGS84,19S,-29.0476452,-70.88776686,ABANDONADO,,1612,,2418,,,,,,159.6585414,1613.683628
0257-3N,sin rut conocido,CIA. MINERA SAN PATRICIO,SAN PATRICIO,TRANQUE DE RELAVE,TRANQUE DE RELAVE,COBRE,METÁLICO,1,03,031,03101,Atacama,Copiapó,Copiapó,6969438.97,367221.4366,WGS84,19S,-27.39191865,-70.34290436,ABANDONADO,,27300,,40950,,,,,,187.8584999,2205.33041
0258-3N,77202800-8,CIA. MINERA POTRERILLOS,DIEGO DE ALMEYDA,DEPOSITO RELAVE FILTRADO,FILTRADO,COBRE,METÁLICO,0,03,032,03202,Atacama,Chañaral,Diego de Almagro,7084264.259,399138.1561,WGS84,19S,-26.35808682,-70.0108882,ACTIVO,NO APLICA,570000,140958,1117200,276278,2414,2017-10-03,,,1209.271591,67303.14915
0259-3N,99529080-4,MINERA SANTO DOMINGO SCM,SANTO DOMINGO,SANTO DOMINGO,ESPESADO,COBRE,METÁLICO,1,03,032,03202,Atacama,Chañaral,Diego de Almagro,7072822.97,402820.4229,WGS84,19S,-26.46163485,-69.97485482,EN CONSTRUCCION,NO APLICA,196000000,0,314000000,0,420,2019-02-20,,,12582.59697,9861066.833
0260-3N,76101725-K,MINERA GOLD FIELDS SALARAES NORTE SpA,SALARES NORTE,SALARES NORTE,FILTRADO,COBRE,METÁLICO,0,03,032,03202,Atacama,Chañaral,Diego de Almagro,7122489.943,512326.6748,WGS84,19S,-26.01643799,-68.87681183,ACTIVO,NO APLICA,14800000,,22200000,,797,2020-04-04,,,2106.057052,240438.6555
0261-3N,sin rut conocido,VICTOR LEIVA AGUIRRE,PLANTA VICTORIA,VICTORIA,TRANQUE DE RELAVE,COBRE,METÁLICO,1,03,031,03101,Atacama,Copiapó,Copiapó,6971480.555,368067.1146,WGS84,19S,-27.37357409,-70.33413205,ABANDONADO,,,,,,,,,,357.6781553,5420.666283
0262-3N,88320200-7,SOCIEDAD MINERA PAPAPIETRO LTDA.,PLANTA PAPAPIETRO,DEPOSITO DE RELAVES PAPAPIETRO SECTOR VIÑITA BLANCA,EMBALSE,COBRE,METÁLICO,1,03,031,03101,Atacama,Copiapó,Copiapó,6966521.185,372072.3841,WGS84,19S,-27.41871747,-70.29415967,ABANDONADO,AGUAS ABAJO,24300,,40800,,968,2022-09-20,,,260.7790787,4302.0135
0263-3N,88320200-7,SOCIEDAD MINERA PAPAPIETRO LTDA.,PAPAPIETRO,PAPAPIETRO,TRANQUE DE RELAVE,COBRE,METÁLICO,1,03,031,03101,Atacama,Copiapó,Copiapó,6970650.767,368736.6128,WGS84,19S,-27.38112803,-70.32745282,ABANDONADO,,,,,,,,,,603.6910703,16132.5534
0264-1N,sin rut conocido,DESCONOCIDO,OF. NENA VILLANA,TRANQUE,ACOPIO,COBRE,METÁLICO,,01,014,01401,Tarapacá,Tamarugal,Pozo Almonte,7720547.351,428330.9434,WGS84,19S,-20.61284585,-69.68782701,ABANDONADO,,700,,1050,,,,,,54.67222382,191.7200465
0265-1N,sin rut conocido,DESCONOCIDO,LA DIAMANTINA,DEPOSITO SUR,EMBALSE,COBRE,METÁLICO,0,01,014,01401,Tarapacá,Tamarugal,Pozo Almonte,7720855.641,428179.2147,WGS84,19S,-20.61005453,-69.68927058,ABANDONADO,EXCAVACION TERRENO,1100,,1650,,,,,,187.7362435,1741.17224
0266-4N,77474886-5,MINERA LA FORTUNA RESOURCES SPA,PLANTA EL PINGO,EL PINGO ,FILTRADO,COBRE-ORO,METÁLICO,0,04,043,04303,Coquimbo,Limarí,Monte Patria,6586984.864,348650.9137,WGS84,19S,-30.84066075,-70.58264881,EN CONSTRUCCION,NO APLICA,345000,,552000,,5,2025-01-08,,,358.7089729,7336.034694
0267-4N,sin rut conocido,MINERA LAS JUNTAS (EX MINAS SAN ANDRES),PLANTAS EL PINGO Y SANTA MARIA,RELAVES ANTIGUOS,TRANQUE DE RELAVE,COBRE-ORO,METÁLICO,1,04,043,04303,Coquimbo,Limarí,Monte Patria,6586818.696,348731.2493,WGS84,19S,-30.84216985,-70.5818336,ABANDONADO,,74640,,111960,,,,,,383.3598848,6201.125457
0268-4N,76014134-8,SOC. MINERA SAN MIGUEL ,FAENA SAN MIGUEL (EX-ANDACOLLO),SAN MIGUEL 1 (EX-ANDACOLLO 1),TRANQUE DE RELAVE,ORO-COBRE,METÁLICO,1,04,041,04103,Coquimbo,Elqui,Andacollo,6653476.934,301212.2374,WGS84,19S,-30.23402918,-71.06573664,ABANDONADO,AGUAS ARRIBA,89100,,133650,,1729,1993-12-02,,,460.1518119,11778.55933
0269-4N,76014134-8,SOC. MINERA SAN MIGUEL ,FAENA SAN MIGUEL (EX-ANDACOLLO),SAN MIGUEL 2 (EX-ANDACOLLO 2),TRANQUE DE RELAVE,ORO,METÁLICO,1,04,041,04103,Coquimbo,Elqui,Andacollo,6653569.466,301043.7086,WGS84,19S,-30.23316707,-71.06746951,ABANDONADO,AGUAS ARRIBA,18560,,27840,,,,,,376.3253195,8203.785281
0270-4N,76014134-8,SOC. MINERA SAN MIGUEL ,FAENA SAN MIGUEL (EX-ANDACOLLO),SAN MIGUEL 3 (EX-ANDACOLLO 3),TRANQUE DE RELAVE,ORO,METÁLICO,1,04,041,04103,Coquimbo,Elqui,Andacollo,6653483.859,301056.5272,WGS84,19S,-30.23394121,-71.06735254,ABANDONADO,AGUAS ARRIBA,24000,,36000,,,,,,420.2441166,9603.428413
0271-4N,76014134-8,SOC. MINERA SAN MIGUEL ,FAENA SAN MIGUEL (EX-ANDACOLLO),SAN MIGUEL 4 (EX-ANDACOLLO 4),TRANQUE DE RELAVE,ORO,METÁLICO,1,04,041,04103,Coquimbo,Elqui,Andacollo,6653626.311,301082.785,WGS84,19S,-30.23266083,-71.06705294,ABANDONADO,AGUAS ARRIBA,15360,,23040,,,,,,297.912155,5365.641348
0272-4N,76014134-8,SOC. MINERA SAN MIGUEL ,FAENA SAN MIGUEL (EX-ANDACOLLO),SAN MIGUEL 5 (EX-ANDACOLLO 5),TRANQUE DE RELAVE,ORO,METÁLICO,1,04,041,04103,Coquimbo,Elqui,Andacollo,6653552.942,301142.9054,WGS84,19S,-30.23333235,-71.06644238,ABANDONADO,AGUAS ARRIBA,32800,,49200,,,,,,417.0589005,7458.375282
0273-4N,76014134-8,SOC. MINERA SAN MIGUEL ,FAENA SAN MIGUEL (EX-ANDACOLLO),SAN MIGUEL 6 (EX-ANDACOLLO 6),TRANQUE DE RELAVE,ORO,METÁLICO,1,04,041,04103,Coquimbo,Elqui,Andacollo,6653580.556,301223.2553,WGS84,19S,-30.23309648,-71.06560266,ABANDONADO,AGUAS ARRIBA,93590,,140385,,1000,1987-01-19,,,418.3052525,11266.50009
0274-4N,sin rut conocido,WALDO FERREL OJAVO,PLANTA PUNITAQUI,PUNITAQUI 1,ACOPIO,ORO,METÁLICO,,04,043,04304,Coquimbo,Limarí,Punitaqui,6585975.044,284867.9898,WGS84,19S,-30.83990245,-71.24946605,ABANDONADO,NO APLICA,2400,,3600,,1042,,,,160.904311,1538.165975
0275-4N,sin rut conocido,WALDO FERREL OJAVO,PLANTA PUNITAQUI,PUNITAQUI 2,ACOPIO,ORO,METÁLICO,,04,043,04304,Coquimbo,Limarí,Punitaqui,6585992.353,284836.9381,WGS84,19S,-30.83974075,-71.24978688,ABANDONADO,NO APLICA,5198,,7797,,1042,1987-10-30,,,263.0433362,3259.442257
0276-4N,sin rut conocido,SOC. ZEPEDA Y ALVAREZ,PLANTA EL TRIUNFO,RELAVE TRIUNFO,ACOPIO,ORO,METÁLICO,,04,043,04304,Coquimbo,Limarí,Punitaqui,6588003.033,301726.7218,WGS84,19S,-30.82455628,-71.07289596,ABANDONADO,NO APLICA,216000,,324000,,,,,,488.4781455,16216.38265
0277-4N,sin rut conocido,MATILDE VIUDA DE ALFARO,PLANTA PUNITAQUI 1-2,RELAVE PUNITAQUI 1-2,ACOPIO,ORO,METÁLICO,,04,043,04304,Coquimbo,Limarí,Punitaqui,6585013.495,284539.3234,WGS84,19S,-30.84851248,-71.25310309,ABANDONADO,NO APLICA,1733,,2600,,,,,,480.7826676,16275.88286
0278-4N,sin rut conocido,SOC. SANTA CAMILA,SANTA CAMILA,CAMILA 1-2 ,ACOPIO,ORO,METÁLICO,,04,043,04304,Coquimbo,Limarí,Punitaqui,6583435.934,285079.5014,WGS84,19S,-30.86283463,-71.24778994,ABANDONADO,NO APLICA,5532,,8298,,41,1991-01-14,,,250.6473082,4366.162854
0279-4N,3614942-6,LEOPOLDO HERNANDEZ,PLANTA HERNANDEZ,HERNANDEZ 1,EMBALSE,COBRE-ORO,METÁLICO,1,04,042,04201,Coquimbo,Choapa,Illapel,6501177.068,298087.2564,WGS84,19S,-31.60682804,-71.12839746,ABANDONADO,,17842,,26763,,569,1986-06-02,,,167.5967711,1193.917436
0280-4N,3614942-6,LEOPOLDO HERNANDEZ,PLANTA HERNANDEZ,HERNANDEZ 2,EMBALSE,COBRE,METÁLICO,1,04,042,04201,Coquimbo,Choapa,Illapel,6501140.433,298127.8256,WGS84,19S,-31.60716547,-71.12797758,ABANDONADO,,5487,,8230,,569,1986-06-02,,,122.7218827,1099.989038
0281-4N,85758600-K,COMPAÑIA MINERA ZALDIVAR LTDA.,FAENA EL INDIO,EL INDIO,TRANQUE DE RELAVE,COBRE,METÁLICO,1,04,041,04106,Coquimbo,Elqui,Vicuña,6704729.694,404460.1566,WGS84,19S,-29.78408781,-69.98842947,ABANDONADO,AGUAS ABAJO,4000000,,6000000,,553,1980-12-11,,,3343.792884,263962.8433
0282-4N,85758600-K,COMPAÑIA MINERA ZALDIVAR LTDA.,FAENA EL INDIO,PASTOS LARGOS,TRANQUE DE RELAVE,COBRE,METÁLICO,1,04,041,04106,Coquimbo,Elqui,Vicuña,6703592.373,403302.5957,WGS84,19S,-29.79426039,-70.00050584,INACTIVO,AGUAS ABAJO,3200000,,4800000,,,,3491,2003-11-10,2130.830667,85348.86571
0283-4N,sin rut conocido,DESCONOCIDO,DESCONOCIDO,DESCONOCIDO,ACOPIO,COBRE-ORO,METÁLICO,,04,041,04103,Coquimbo,Elqui,Andacollo,6653362.536,298966.2139,WGS84,19S,-30.23469089,-71.08908547,ABANDONADO,NO APLICA,16800,,21800,,,,,,478.9664442,14077.38991
0284-4N,sin rut conocido,ALVARO MARIAN AMENABAR,PLANTA LOS LEONES,LOS LEONES 1,TRANQUE DE RELAVE,ORO,METÁLICO,1,04,041,04103,Coquimbo,Elqui,Andacollo,6654325.173,302333.0441,WGS84,19S,-30.22656242,-71.0539368,ABANDONADO,AGUAS ARRIBA,75870,,113805,,209,1986-02-07,,,399.1778982,10491.32145
0285-4N,sin rut conocido,ALVARO MARIAN AMENABAR,PLANTA LOS LEONES,LOS LEONES 2,TRANQUE DE RELAVE,ORO,METÁLICO,1,04,041,04103,Coquimbo,Elqui,Andacollo,6654206.164,302307.0295,WGS84,19S,-30.22763146,-71.05422929,ABANDONADO,AGUAS ARRIBA,51600,,77400,,651,1987-07-17,,,267.7509441,3984.585963
0286-4N,sin rut conocido,ALVARO MARIAN AMENABAR,PLANTA LOS LEONES,RELAVES ANTIGUOS,ACOPIO,ORO,METÁLICO,,04,041,04103,Coquimbo,Elqui,Andacollo,6654407.131,302328.5905,WGS84,19S,-30.22582256,-71.05396769,ABANDONADO,NO APLICA,400,,600,,,,,,253.8842946,3441.876608
0287-4N,sin rut conocido,A. SILVA,PLANTA SILVA,SILVA,TRANQUE DE RELAVE,ORO,METÁLICO,1,04,041,04103,Coquimbo,Elqui,Andacollo,6654397.205,299078.6347,WGS84,19S,-30.22537857,-71.08772064,ABANDONADO,AGUAS ARRIBA,10556,,15834,,,,,,242.2202891,2342.021423
0288-4N,85871200-9,CIA. MINERA ARENILLAS (BELTRAN AMENABAR),PLANTA PALMIRA,PALMIRA 1,TRANQUE DE RELAVE,ORO,METÁLICO,1,04,041,04103,Coquimbo,Elqui,Andacollo,6654455.762,299678.0769,WGS84,19S,-30.22494954,-71.08148432,INACTIVO,AGUAS ARRIBA,480000,,720000,,,,,,362.6873188,6485.225911
0289-4N,85871200-9,CIA. MINERA ARENILLAS (BELTRAN AMENABAR),PLANTA PALMIRA,PALMIRA 2,TRANQUE DE RELAVE,ORO,METÁLICO,1,04,041,04103,Coquimbo,Elqui,Andacollo,6654402.9,299609.7038,WGS84,19S,-30.22541498,-71.08220442,INACTIVO,AGUAS ARRIBA,96000,,144000,,530,1988-05-16,,,500.2898344,8694.216787
0290-4N,85871200-9,CIA. MINERA ARENILLAS (BELTRAN AMENABAR),PLANTA PALMIRA,ACOPIO DE RELAVES PALMIRA,ACOPIO,COBRE-ORO,METÁLICO,,04,041,04103,Coquimbo,Elqui,Andacollo,6654544.527,299721.4001,WGS84,19S,-30.22415618,-71.08101755,INACTIVO,NO APLICA,,,,,,,,,94.11758262,649.3251151
0291-4N,sin rut conocido,SUC. GODOY ALBALLAY (EX SANTIAGO AGUILERA),PLANTA SAN JUAN,SAN JUAN ,ACOPIO,ORO,METÁLICO,,04,041,04103,Coquimbo,Elqui,Andacollo,6652563.457,298915.6783,WGS84,19S,-30.24188882,-71.08976283,ABANDONADO,NO APLICA,159500,,239250,,273,1987-03-13,,,245.9396917,2663.51533
0292-4N,sin rut conocido,"PIZARRO, GUERRA Y CIA. (WILSON PIZARRO GUERRA)",PLANTA IRENE,IRENE 1,TRANQUE DE RELAVE,ORO,METÁLICO,1,04,041,04103,Coquimbo,Elqui,Andacollo,6654309.623,300732.4804,WGS84,19S,-30.226441,-71.07056197,ABANDONADO,AGUAS ARRIBA,16000,,24000,,,,,,358.522585,5332.471966
0293-4N,sin rut conocido,"PIZARRO, GUERRA Y CIA. (WILSON PIZARRO GUERRA)",PLANTA IRENE,IRENE 2,TRANQUE DE RELAVE,ORO,METÁLICO,1,04,041,04103,Coquimbo,Elqui,Andacollo,6654279.086,300651.283,WGS84,19S,-30.22670306,-71.07141099,ABANDONADO,AGUAS ARRIBA,18000,,27000,,,,,,241.2977015,3137.906137
0294-4N,sin rut conocido,"PIZARRO, GUERRA Y CIA. (WILSON PIZARRO GUERRA)",PLANTA IRENE,IRENE 3,TRANQUE DE RELAVE,ORO,METÁLICO,1,04,041,04103,Coquimbo,Elqui,Andacollo,6654268.427,300718.368,WGS84,19S,-30.2268102,-71.07071632,ABANDONADO,AGUAS ARRIBA,70800,,106200,,178,1988-02-05,,,173.244698,1827.815662
0295-4N,sin rut conocido,WALTER MUÑOZ TABILO,PLANTA LOS LITRES,LOS LITRES 1-2,ACOPIO,ORO,METÁLICO,,04,041,04103,Coquimbo,Elqui,Andacollo,6654929.725,297969.6034,WGS84,19S,-30.22039214,-71.0991358,ABANDONADO,NO APLICA,17077,,24761,,194,1987-02-20,,,139.8647244,1067.196347
0296-4N,sin rut conocido,DARIO CORTES,PLANTA PUNTA CALETONES,PUNTA CALETONES 1,TRANQUE DE RELAVE,COBRE-ORO,METÁLICO,1,04,041,04103,Coquimbo,Elqui,Andacollo,6654690.338,300368.5806,WGS84,19S,-30.22294778,-71.07426904,ABANDONADO,AGUAS ARRIBA,151900,,227850,,941,1983-09-05,,,305.2546594,5421.765033
0297-4N,sin rut conocido,DARIO CORTES,PLANTA PUNTA CALETONES,PUNTA CALETONES 2,TRANQUE DE RELAVE,COBRE-ORO,METÁLICO,1,04,041,04103,Coquimbo,Elqui,Andacollo,6654702.28,300247.5007,WGS84,19S,-30.22282017,-71.07552417,ABANDONADO,AGUAS ARRIBA,36000,,54000,,,,,,353.5596088,4845.387493
0298-4N,sin rut conocido,DARIO CORTES,PLANTA PUNTA CALETONES,PUNTA CALETONES 3,TRANQUE DE RELAVE,COBRE-ORO,METÁLICO,1,04,041,04103,Coquimbo,Elqui,Andacollo,6654640.244,300211.4982,WGS84,19S,-30.22337371,-71.0759098,ABANDONADO,AGUAS ARRIBA,6000,,9000,,,,,,334.2766028,6706.120661
0299-4N,sin rut conocido,DARIO CORTES,PLANTA PUNTA CALETONES,PUNTA CALETONES 4,TRANQUE DE RELAVE,COBRE-ORO,METÁLICO,1,04,041,04103,Coquimbo,Elqui,Andacollo,6654624.312,300273.2264,WGS84,19S,-30.22352755,-71.07527178,ABANDONADO,AGUAS ARRIBA,194000,,281300,,584,1988-06-06,,,350.9883623,6800.664369
0300-4N,2242323-1,EDUARDO MUÑOZ R.,"PLANTA AZULINA, NUEVA ESPERANZA, RENACIMIENTO",NUEVA ESPERANZA 1,ACOPIO,COBRE,METÁLICO,,04,041,04103,Coquimbo,Elqui,Andacollo,6650984.874,300300.8565,WGS84,19S,-30.25635378,-71.07567472,ABANDONADO,NO APLICA,31500,,47250,,,,,,324.3762687,6529.356321
0301-4N,2242323-1,EDUARDO MUÑOZ R.,"PLANTA AZULINA, NUEVA ESPERANZA, RENACIMIENTO",NUEVA ESPERANZA 2A,ACOPIO,ORO,METÁLICO,,04,041,04103,Coquimbo,Elqui,Andacollo,6650905.172,300200.0941,WGS84,19S,-30.25705595,-71.07673659,ABANDONADO,NO APLICA,113000,,163850,,722,1983-07-05,,,379.8631545,8338.447946
0302-4N,2242323-1,EDUARDO MUÑOZ R.,"PLANTA AZULINA, NUEVA ESPERANZA, RENACIMIENTO",NUEVA ESPERANZA 2B,ACOPIO,ORO,METÁLICO,,04,041,04103,Coquimbo,Elqui,Andacollo,6650900.838,300130.5779,WGS84,19S,-30.25708358,-71.07745958,ABANDONADO,NO APLICA,227900,,341850,,722,1983-07-05,,,251.9106103,3439.785847
0303-4N,7952388-7,ALEJANDRO BOU BOU,PLANTA ROSARIO DE COGOTI,ROSARIO 1,TRANQUE DE RELAVE,COBRE,METÁLICO,1,04,043,04302,Coquimbo,Limarí,Combarbalá,6558201.502,316919.0491,WGS84,19S,-31.09575646,-70.91951169,INACTIVO,,2400,,3600,,,,,,332.918447,4619.862237
0304-4N,7952388-7,ALEJANDRO BOU BOU,PLANTA ROSARIO DE COGOTI,ROSARIO 2,TRANQUE DE RELAVE,COBRE,METÁLICO,1,04,043,04302,Coquimbo,Limarí,Combarbalá,6558153.401,316894.112,WGS84,19S,-31.09618635,-70.91978174,INACTIVO,EJE CENTRAL,176320,,264480,,1065,1986-10-29,,,419.2188924,5477.461591
0305-4N,7952388-7,ALEJANDRO BOU BOU,PLANTA ROSARIO DE COGOTI,TRANQUE EMERGENCIA,TRANQUE DE RELAVE,COBRE,METÁLICO,1,04,043,04302,Coquimbo,Limarí,Combarbalá,6558090.841,316818.2032,WGS84,19S,-31.09673866,-70.92058859,INACTIVO,,1780,,2670,,,,,,186.8678156,2112.133666
0306-4N,5378149-7,FREDDY ROJAS VERGARA,PLANTA PRINCESA Y ANDRONICA,PRINCESA Y ANDRONICA 1,TRANQUE DE RELAVE,ORO-COBRE-PLATA,METÁLICO,1,04,041,04103,Coquimbo,Elqui,Andacollo,6654767.966,297162.2624,WGS84,19S,-30.22171632,-71.1075506,ABANDONADO,AGUAS ARRIBA,6145,,9217,,,,,,308.4207923,4880.180897
0307-4N,5378149-7,FREDDY ROJAS VERGARA,PLANTA PRINCESA Y ANDRONICA,PRINCESA Y ANDRONICA 2,TRANQUE DE RELAVE,ORO-COBRE-PLATA,METÁLICO,1,04,041,04103,Coquimbo,Elqui,Andacollo,6654726.961,297135.2493,WGS84,19S,-30.2220816,-71.107839,ABANDONADO,AGUAS ARRIBA,69120,,103680,,,,,,239.0215355,3130.134931
0308-4N,5378149-7,FREDDY ROJAS VERGARA,PLANTA PRINCESA Y ANDRONICA,PRINCESA Y ANDRONICA 3,TRANQUE DE RELAVE,ORO-COBRE-PLATA,METÁLICO,1,04,041,04103,Coquimbo,Elqui,Andacollo,6654772.423,297091.5049,WGS84,19S,-30.2216643,-71.10828452,ABANDONADO,AGUAS ARRIBA,18240,,27360,,,,,,285.2741831,4335.617618
0309-4N,5378149-7,FREDDY ROJAS VERGARA,PLANTA PRINCESA Y ANDRONICA,PRINCESA Y ANDRONICA 4,TRANQUE DE RELAVE,ORO-COBRE-PLATA,METÁLICO,1,04,041,04103,Coquimbo,Elqui,Andacollo,6654884.734,297120.8952,WGS84,19S,-30.22065637,-71.10795771,ABANDONADO,EJE CENTRAL,93650,,140475,,775,1987-08-28,,,458.965719,10252.02035
0310-4N,5378149-7,FREDDY ROJAS VERGARA,PLANTA PRINCESA Y ANDRONICA,PRINCESA Y ANDRONICA 5,TRANQUE DE RELAVE,ORO-COBRE-PLATA,METÁLICO,1,04,041,04103,Coquimbo,Elqui,Andacollo,6654950.895,297134.6487,WGS84,19S,-30.22006202,-71.10780216,ABANDONADO,AGUAS ARRIBA,16130,,24195,,,,,,307.7880358,4172.658322
0311-4N,76746368-5,ALTIPLANO MINERALS CHILE SPA,WILSON AQUILES,ACOPIO DE RELAVES WILSON AQUILES,ACOPIO,COBRE-ORO,METÁLICO,,04,041,04102,Coquimbo,Elqui,Coquimbo,6665387.534,287142.6193,WGS84,19S,-30.12423794,-71.20945627,INACTIVO,NO APLICA,,,,,,,,,74.28088742,363.8173649
0312-4N,76746368-5,ALTIPLANO MINERALS CHILE SPA,WILSON AQUILES,DEPOSITO DE RELAVES FILTRADOS N° 2,FILTRADO,COBRE-ORO,METÁLICO,0,04,041,04102,Coquimbo,Elqui,Coquimbo,6665380.323,287098.651,WGS84,19S,-30.12429528,-71.20991383,EN CONSTRUCCION,NO APLICA,42638,0,115464,,291,2022-05-18,,,447.7580511,10526.84087
0313-4N,sin rut conocido,HORACIO TAPIA,PLANTA BUFALO (EX PLANTA TAPIA),RELAVE PLANTA BUFALO,ACOPIO,ORO,METÁLICO,,04,041,04103,Coquimbo,Elqui,Andacollo,6653819.88,302060.1963,WGS84,19S,-30.23107493,-71.05686529,ABANDONADO,NO APLICA,59100,,88650,,,,,,1391.722547,46505.18031
0314-4N,sin rut conocido,ISAAC PEREZ,PLANTA MARY,RELAVE PLANTA MARY,ACOPIO,ORO,METÁLICO,,04,041,04103,Coquimbo,Elqui,Andacollo,6654250.331,299490.3675,WGS84,19S,-30.22677119,-71.08347274,ABANDONADO,NO APLICA,11542,,17310,,,,,,443.0537932,11598.86554
0315-4N,sin rut conocido,JOAQUIN GONZÁLEZ,PLANTA GONZALEZ,TRANQUE DE RELAVE ,TRANQUE DE RELAVE,ORO,METÁLICO,1,04,041,04103,Coquimbo,Elqui,Andacollo,6653220.083,299450.5084,WGS84,19S,-30.2360557,-71.08408272,ABANDONADO,AGUAS ARRIBA,23464,,35196,,,,,,315.4073928,6596.677497
0316-4N,5059759-8,JUAN PERINES PERINES,LAS TAZAS - CHISPERA (EX PLANTA LA EXOTICA),TRANQUE 1 (EX LA EXOTICA 1),TRANQUE DE RELAVE,ORO,METÁLICO,1,04,041,04103,Coquimbo,Elqui,Andacollo,6652949.176,298433.0807,WGS84,19S,-30.23833024,-71.09470161,ABANDONADO,AGUAS ARRIBA,4225,,6337,,,,703,1998-08-17,167.0911707,1552.87262
0317-4N,5059759-8,JUAN PERINES PERINES,LAS TAZAS - CHISPERA (EX PLANTA LA EXOTICA),TRANQUE 2 (EX LA EXOTICA 2),TRANQUE DE RELAVE,ORO,METÁLICO,1,04,041,04103,Coquimbo,Elqui,Andacollo,6652954.07,298479.5653,WGS84,19S,-30.23829382,-71.09421787,ABANDONADO,AGUAS ARRIBA,56160,,84240,,,,,,367.8355409,6986.886547
0318-4N,77990109-2,INVERSIONES VALLE NEVADO SpA,MASTER( EX YABU),MASTER 1 (EX YABU 1),TRANQUE DE RELAVE,COBRE-ORO,METÁLICO,1,04,043,04302,Coquimbo,Limarí,Combarbalá,6549853.985,308141.8837,WGS84,19S,-31.16962698,-71.01307852,INACTIVO,AGUAS ARRIBA,114110,,171165,,551,1989-05-09,,,648.8273151,24378.86047
0319-4N,77990109-2,INVERSIONES VALLE NEVADO SpA,MASTER( EX YABU),MASTER 2 (EX YABU 2),TRANQUE DE RELAVE,COBRE-ORO,METÁLICO,1,04,043,04302,Coquimbo,Limarí,Combarbalá,6549926.129,308222.9284,WGS84,19S,-31.16898972,-71.01221484,INACTIVO,AGUAS ARRIBA,468500,,679325,,551,1989-05-09,,,651.0756178,15829.08786
0320-4N,sin rut conocido,LUIS DONOSO GARCIA HUIDOBRO,PLANTA ARIZONA,ARIZONA 1,TRANQUE DE RELAVE,ORO-COBRE-PLATA,METÁLICO,1,04,041,04103,Coquimbo,Elqui,Andacollo,6654463.264,299963.0596,WGS84,19S,-30.22492887,-71.07852336,ABANDONADO,AGUAS ARRIBA,43370,,65055,,68,1987-01-16,,,377.2441974,6914.134767
0321-4N,sin rut conocido,LUIS DONOSO GARCIA HUIDOBRO,PLANTA ARIZONA,ARIZONA 2,TRANQUE DE RELAVE,ORO-COBRE-PLATA,METÁLICO,1,04,041,04103,Coquimbo,Elqui,Andacollo,6654427.994,299994.9711,WGS84,19S,-30.22525221,-71.07819866,ABANDONADO,AGUAS ARRIBA,6240,,9360,,,,,,271.4303147,3323.746847
0322-4N,sin rut conocido,MANUEL MONREAL VILLAREAL,PLANTA MONREAL I,MONREAL 2,TRANQUE DE RELAVE,COBRE-ORO-PLATA,METÁLICO,1,04,041,04103,Coquimbo,Elqui,Andacollo,6653754.075,298817.2531,WGS84,19S,-30.2311352,-71.09055782,ABANDONADO,AGUAS ARRIBA,11000,,16500,,526,1989-05-16,,,252.9464318,4051.666225
0323-4N,sin rut conocido,MARIANO RUIZ,PLANTA RUIZ,TRANQUE DE RELAVE ,TRANQUE DE RELAVE,ORO,METÁLICO,1,04,041,04103,Coquimbo,Elqui,Andacollo,6654390.531,300743.1318,WGS84,19S,-30.22571308,-71.07043606,ABANDONADO,AGUAS ARRIBA,10000,,15000,,,,,,415.0776684,11589.50479
0324-4N,sin rut conocido,JUAN QUINTANA (LA BRILLANTE LTDA.),LA BRILLANTE,LA BRILLANTE,ACOPIO,ORO,METÁLICO,,04,041,04103,Coquimbo,Elqui,Andacollo,6653991.39,302742.0542,WGS84,19S,-30.22963917,-71.04975156,ABANDONADO,NO APLICA,54491,,81736,,301,1990-04-16,,,684.9775623,21698.95758
0325-4N,2636890-1,NOVAK SPASOJEVIC,PLANTA MILITZA,TRANQUE DE RELAVE,TRANQUE DE RELAVE,ORO,METÁLICO,1,04,041,04103,Coquimbo,Elqui,Andacollo,6660320.734,297232.9994,WGS84,19S,-30.17165205,-71.10574964,ABANDONADO,AGUAS ARRIBA,3730,,5590,,,,,,285.9257146,4366.10964
0326-4N,sin rut conocido,PEDRO ESPINOZA HONORES,PLANTA JOHN KENNEDY,JOHN KENNEDY 1,TRANQUE DE RELAVE,ORO,METÁLICO,1,04,041,04103,Coquimbo,Elqui,Andacollo,6654567.598,302136.4656,WGS84,19S,-30.22434409,-71.05593283,ABANDONADO,AGUAS ARRIBA,24657,,36985,,523,1986-05-19,,,290.5743494,3979.266736
0327-4N,sin rut conocido,PEDRO ESPINOZA HONORES,PLANTA JOHN KENNEDY,JOHN KENNEDY 2,TRANQUE DE RELAVE,ORO,METÁLICO,1,04,041,04103,Coquimbo,Elqui,Andacollo,6654602.131,302095.3287,WGS84,19S,-30.22402596,-71.05635356,ABANDONADO,AGUAS ARRIBA,65343,,98014,,523,1986-05-19,,,403.4352076,7355.654021
0328-4N,sin rut conocido,PEDRO MARTINEZ ULLOA,PLANTA MARTINEZ,MARTINEZ 1-2-3,ACOPIO,ORO,METÁLICO,,04,041,04103,Coquimbo,Elqui,Andacollo,6651908.269,299506.352,WGS84,19S,-30.24789525,-71.0837524,ABANDONADO,NO APLICA,224600,,325670,,1071,1986-10-17,,,392.7529762,10085.40168
0329-4N,sin rut conocido,RAUL MENA DIAZ,PLANTA CENTRAL,CENTRAL,ACOPIO,ORO,METÁLICO,,04,041,04103,Coquimbo,Elqui,Andacollo,6654405.791,300138.5912,WGS84,19S,-30.22547609,-71.07671137,ABANDONADO,NO APLICA,3915,,5872,,,,,,178.5477272,1856.399151
0330-4N,sin rut conocido,RUBEN ROJAS IDNEY,PLANTA INDEY,INDEY 1,TRANQUE DE RELAVE,ORO-COBRE-PLATA,METÁLICO,1,04,041,04103,Coquimbo,Elqui,Andacollo,6651703.634,299433.9836,WGS84,19S,-30.24972873,-71.08454309,ABANDONADO,AGUAS ARRIBA,4800,,7200,,88,1987-01-22,,,273.4050723,4027.44362
0331-4N,sin rut conocido,RUBEN ROJAS IDNEY,PLANTA INDEY,INDEY 2,TRANQUE DE RELAVE,ORO-COBRE-PLATA,METÁLICO,1,04,041,04103,Coquimbo,Elqui,Andacollo,6651686.867,299361.4785,WGS84,19S,-30.24986795,-71.08529943,ABANDONADO,AGUAS ARRIBA,1200,,1800,,,,,,243.7161526,2858.771922
0332-4N,sin rut conocido,RUBEN ROJAS IDNEY,PLANTA INDEY,INDEY 3,TRANQUE DE RELAVE,ORO-COBRE-PLATA,METÁLICO,1,04,041,04103,Coquimbo,Elqui,Andacollo,6651605.942,299447.8547,WGS84,19S,-30.25061204,-71.08441761,ABANDONADO,AGUAS ARRIBA,125664,,188346,,,,,,358.288151,6550.52958
0333-4N,sin rut conocido,RUBEN ROJAS IDNEY,PLANTA INDEY,INDEY 4,TRANQUE DE RELAVE,ORO-COBRE-PLATA,METÁLICO,1,04,041,04103,Coquimbo,Elqui,Andacollo,6651619.943,299397.0715,WGS84,19S,-30.25047738,-71.08494246,ABANDONADO,AGUAS ARRIBA,28843,,43264,,,,,,193.5919347,2120.517325
0334-4N,sin rut conocido,SLM.AU. JERALDO,PLANTA JERALDO I,JERALDO 1,TRANQUE DE RELAVE,ORO,METÁLICO,1,04,041,04103,Coquimbo,Elqui,Andacollo,6652704.565,298962.904,WGS84,19S,-30.24062409,-71.08924538,ABANDONADO,AGUAS ARRIBA,160160,,240240,,375,1987-04-20,,,117.1542929,844.1474392
0335-4N,sin rut conocido,SLM.AU. JERALDO,PLANTA JERALDO II,JERALDO 1-2,ACOPIO,ORO-COBRE-ORO,METÁLICO,,04,041,04103,Coquimbo,Elqui,Andacollo,6653583.607,302553.4603,WGS84,19S,-30.23328609,-71.05178663,ABANDONADO,NO APLICA,218616,,327924,,,,,,597.7273011,10103.07501
0336-4N,sin rut conocido,SLM.AU. JERALDO,PLANTA JERALDO I,JERALDO 2,TRANQUE DE RELAVE,ORO,METÁLICO,1,04,041,04103,Coquimbo,Elqui,Andacollo,6652650.613,298983.2194,WGS84,19S,-30.24111402,-71.08904467,ABANDONADO,AGUAS ARRIBA,23040,,34560,,500,1987-06-01,,,167.7006065,1613.300775
0337-4N,sin rut conocido,SLM.AU. JERALDO,PLANTA JERALDO I,JERALDO 3,TRANQUE DE RELAVE,ORO,METÁLICO,1,04,041,04103,Coquimbo,Elqui,Andacollo,6652667.672,298931.0888,WGS84,19S,-30.24095154,-71.08958287,ABANDONADO,AGUAS ARRIBA,48000,,72000,,1729,1993-12-02,,,230.7611697,3866.155617
0338-4N,sin rut conocido,AQUILES GONZALEZ GARCIA,PLANTA GALVEZ,TRANQUE DE RELAVE,TRANQUE DE RELAVE,ORO,METÁLICO,1,04,041,04103,Coquimbo,Elqui,Andacollo,6654239.473,302543.8819,WGS84,19S,-30.22736962,-71.05176324,ABANDONADO,AGUAS ABAJO,17507,,26261,,,,,,306.7617652,5382.326291
0339-4N,sin rut conocido,AQUILES GONZALEZ GARCIA,PLANTA CARLOS V,CARLOS V,TRANQUE DE RELAVE,ORO,METÁLICO,1,04,041,04103,Coquimbo,Elqui,Andacollo,6652904.194,298408.0382,WGS84,19S,-30.23873173,-71.09497031,ABANDONADO,AGUAS ARRIBA,80632,,120948,,1253,1986-12-16,,,273.1384549,5017.594948
0340-4N,sin rut conocido,BELTRAN GODOY RIVERA,PLANTA HILDA,HILDA,TRANQUE DE RELAVE,ORO,METÁLICO,1,04,041,04103,Coquimbo,Elqui,Andacollo,6656025.751,297820.0988,WGS84,19S,-30.21048304,-71.10047823,ELIMINADO,AGUAS ARRIBA,14071,,29690,,,,,,509.3568805,16029.31618
0341-4N,sin rut conocido,SMC GONZALEZ Y CIA.,PLANTA EMA,EMA 1,TRANQUE DE RELAVE,ORO-COBRE,METÁLICO,1,04,041,04103,Coquimbo,Elqui,Andacollo,6652463.063,299242.335,WGS84,19S,-30.24284829,-71.08638908,ABANDONADO,AGUAS ARRIBA,31500,,47250,,,,,,285.6203738,4890.344423
0342-4N,sin rut conocido,SMC GONZALEZ Y CIA.,PLANTA EMA,EMA 2,TRANQUE DE RELAVE,ORO-COBRE,METÁLICO,1,04,041,04103,Coquimbo,Elqui,Andacollo,6652345.058,299258.863,WGS84,19S,-30.24391523,-71.0862399,ABANDONADO,AGUAS ARRIBA,37500,,56250,,207,1986-02-07,,,364.0595892,5555.89267
0343-4N,sin rut conocido,SUC. L. JERALDO U.,PLANTA JERALDO,JERALDO 1-2-3 ,TRANQUE DE RELAVE,ORO,METÁLICO,1,04,041,04103,Coquimbo,Elqui,Andacollo,6652617.615,299244.7583,WGS84,19S,-30.2414549,-71.08633446,ABANDONADO,AGUAS ARRIBA,59400,,89100,,859,1985-09-24,,,377.3860347,7578.315378
0344-4N,sin rut conocido,FELIPE NUÑEZ,PLANTA MIRANDA ,DEPOSITO 1,TRANQUE DE RELAVE,ORO,METÁLICO,1,04,041,04103,Coquimbo,Elqui,Andacollo,6651576.533,299742.7366,WGS84,19S,-30.25092598,-71.08136007,ABANDONADO,AGUAS ARRIBA,145920,,218880,,992,1984-09-28,,,189.9060351,2060.489989
0345-4N,sin rut conocido,FELIPE NUÑEZ,PLANTA MIRANDA ,DEPOSITO 2,TRANQUE DE RELAVE,ORO,METÁLICO,1,04,041,04103,Coquimbo,Elqui,Andacollo,6651601.172,299781.8314,WGS84,19S,-30.25071024,-71.08094928,ABANDONADO,AGUAS ARRIBA,145920,,218880,,992,1984-09-28,,,393.7271048,5664.244006
0346-4N,sin rut conocido,FELIPE NUÑEZ,PLANTA MIRANDA ,DEPOSITO 3,TRANQUE DE RELAVE,ORO,METÁLICO,1,04,041,04103,Coquimbo,Elqui,Andacollo,6651616.354,299833.2138,WGS84,19S,-30.25058181,-71.08041266,ABANDONADO,AGUAS ARRIBA,145920,,218880,,992,1984-09-28,,,175.8298391,1734.617142
0347-4N,sin rut conocido,FELIPE NUÑEZ,PLANTA MIRANDA ,DEPOSITO 4,TRANQUE DE RELAVE,ORO,METÁLICO,1,04,041,04103,Coquimbo,Elqui,Andacollo,6651573.376,299836.0187,WGS84,19S,-30.25096985,-71.08039169,ABANDONADO,AGUAS ARRIBA,145920,,218880,,992,1984-09-28,,,257.8984519,3607.448624
0348-4N,sin rut conocido,FELIPE NUÑEZ,PLANTA MIRANDA ,DEPOSITO 5,TRANQUE DE RELAVE,ORO,METÁLICO,1,04,041,04103,Coquimbo,Elqui,Andacollo,6651520.143,299760.4005,WGS84,19S,-30.25143744,-71.08118731,ABANDONADO,AGUAS ARRIBA,145920,,218880,,992,1984-09-28,,,274.0323645,4881.242598
0349-4N,sin rut conocido,FELIPE NUÑEZ,PLANTA MIRANDA ,DEPOSITO 6,ACOPIO,ORO,METÁLICO,,04,041,04103,Coquimbo,Elqui,Andacollo,6651440.411,299784.5544,WGS84,19S,-30.25216047,-71.08095157,ABANDONADO,NO APLICA,145920,,218880,,992,1984-09-28,,,131.5113094,1182.695526
0350-4N,sin rut conocido,FELIPE NUÑEZ,PLANTA MIRANDA ,DEPOSITO 7,EMBALSE,ORO,METÁLICO,1,04,041,04103,Coquimbo,Elqui,Andacollo,6651486.195,299801.372,WGS84,19S,-30.25175036,-71.08076816,ABANDONADO,AGUAS ARRIBA,145920,,218880,,992,1984-09-28,,,125.6538059,1020.035293
0351-4N,sin rut conocido,SUC. MIRTA ROJAS MUNIZAGA,PLANTA MIRAFLORES,MIRAFLORES 1,TRANQUE DE RELAVE,COBRE,METÁLICO,1,04,041,04103,Coquimbo,Elqui,Andacollo,6652684.084,299061.0304,WGS84,19S,-30.24082505,-71.0882301,ABANDONADO,AGUAS ARRIBA,40000,,60000,,,,,,363.9646233,8689.725876
0352-4N,sin rut conocido,SUC. MIRTA ROJAS MUNIZAGA,PLANTA MIRAFLORES,MIRAFLORES 2,TRANQUE DE RELAVE,ORO,METÁLICO,1,04,041,04103,Coquimbo,Elqui,Andacollo,6652729.369,298989.9176,WGS84,19S,-30.24040488,-71.08896007,ABANDONADO,AGUAS ARRIBA,13500,,20250,,,,,,195.6265253,2215.793972
0353-4N,sin rut conocido,SUC. MIRTA ROJAS MUNIZAGA,PLANTA MIRAFLORES,MIRAFLORES 3,TRANQUE DE RELAVE,ORO,METÁLICO,1,04,041,04103,Coquimbo,Elqui,Andacollo,6652830.312,298972.6067,WGS84,19S,-30.23949168,-71.08912061,ABANDONADO,AGUAS ARRIBA,15100,,22650,,688,1988-07-07,,,311.9476896,6973.853437
0354-4N,sin rut conocido,SUC. TOMAS WHITTLE,PLANTA WHITTLE,TRANQUE DE 1-2 ,TRANQUE DE RELAVE,ORO,METÁLICO,1,04,041,04103,Coquimbo,Elqui,Andacollo,6653848.314,299471.0851,WGS84,19S,-30.23039352,-71.08374947,ELIMINADO,,20056,,30084,,,,,,277.3464978,5040.762316
0355-4N,sin rut conocido,SOC. CANALES-GARCIA,PLANTA CANALES-GARCIA,TRANQUE DE RELAVE,ACOPIO,ORO,METÁLICO,,04,041,04103,Coquimbo,Elqui,Andacollo,6654063.947,302559.2552,WGS84,19S,-30.2289551,-71.05163646,ABANDONADO,NO APLICA,58713,,85133,,,,,,847.1540644,38724.89871
0356-4N,sin rut conocido,CHRISTIAN GUERRA ARAYA,PLANTA CONCEPCION,CONCEPCION 1,TRANQUE DE RELAVE,ORO,METÁLICO,1,04,041,04103,Coquimbo,Elqui,Andacollo,6653780.167,296335.3219,WGS84,19S,-30.230486,-71.1163287,ABANDONADO,AGUAS ARRIBA,16800,,25200,,124,1985-01-28,,,238.1337092,3224.668559
0357-4N,sin rut conocido,CHRISTIAN GUERRA ARAYA,PLANTA CONCEPCION,CONCEPCION 2,TRANQUE DE RELAVE,ORO,METÁLICO,1,04,041,04103,Coquimbo,Elqui,Andacollo,6653799.856,296378.9397,WGS84,19S,-30.23031576,-71.11587192,ABANDONADO,AGUAS ARRIBA,42056,,63084,,124,1985-01-28,,,204.0797526,1385.609627
0358-4N,sin rut conocido,ALEJANDRO MONREAL,PLANTA FLORA,FLORA 1,TRANQUE DE RELAVE,COBRE,METÁLICO,1,04,041,04103,Coquimbo,Elqui,Andacollo,6654324.38,299193.5311,WGS84,19S,-30.22605434,-71.08654132,ABANDONADO,AGUAS ARRIBA,225000,,337500,,,,,,175.5719561,1901.971366
0359-4N,sin rut conocido,ALEJANDRO MONREAL,PLANTA FLORA,FLORA 2,TRANQUE DE RELAVE,COBRE,METÁLICO,1,04,041,04103,Coquimbo,Elqui,Andacollo,6654342.166,299124.9446,WGS84,19S,-30.22588259,-71.0872502,ABANDONADO,AGUAS ARRIBA,3000,,4500,,,,,,343.8989736,7193.069767
0360-4N,sin rut conocido,ALEJANDRO MONREAL,PLANTA FLORA,FLORA 3,TRANQUE DE RELAVE,ORO,METÁLICO,1,04,041,04103,Coquimbo,Elqui,Andacollo,6654367.844,299027.8229,WGS84,19S,-30.22563495,-71.08825392,ABANDONADO,AGUAS ARRIBA,30240,,45360,,314,1985-03-18,,,264.923788,1996.336064
0361-4N,sin rut conocido,RUBILIAN GONZÁLEZ GARCIA,PLANTA LOS VALIENTES II,LOS VALIENTES 2,TRANQUE DE RELAVE,COBRE-ORO,METÁLICO,1,04,041,04103,Coquimbo,Elqui,Andacollo,6652746.695,298469.8531,WGS84,19S,-30.24016236,-71.09435841,ABANDONADO,AGUAS ARRIBA,36400,,54600,,226,1985-02-22,,,177.2004093,1996.55001
0362-4N,sin rut conocido,RUBILAN GONZALEZ,PLANTA RUBILAN,TRANQUE 1-2,TRANQUE DE RELAVE,ORO,METÁLICO,1,04,041,04103,Coquimbo,Elqui,Andacollo,6651781.287,297536.0363,WGS84,19S,-30.24871312,-71.104243,ABANDONADO,,360,,522,,,,,,432.3476985,11318.066
0363-4N,sin rut conocido,"SOC. URQUIETA, FERNANDEZ",PLANTA URQUIETA,URQUIETA 1 ,TRANQUE DE RELAVE,ORO,METÁLICO,1,04,041,04103,Coquimbo,Elqui,Andacollo,6651581.461,297275.778,WGS84,19S,-30.25047171,-71.10698484,ABANDONADO,,7080,,10630,,,,,,238.6917994,3507.9464
0364-4N,sin rut conocido,"SOC. URQUIETA, FERNANDEZ",PLANTA URQUIETA,URQUIETA 2 ,TRANQUE DE RELAVE,ORO,METÁLICO,1,04,041,04103,Coquimbo,Elqui,Andacollo,6651604.713,297353.3149,WGS84,19S,-30.25027497,-71.10617496,ABANDONADO,,14315,,21472,,,,,,555.812829,13305.66192
0365-4N,96571770-6,COMPAÑIA MINERA FLORIDA S.A.,FAENA TAMBILLOS,TRANQUE DE RELAVE 1,TRANQUE DE RELAVE,ORO-COBRE,METÁLICO,1,04,041,04102,Coquimbo,Elqui,Coquimbo,6656747.702,283862.8306,WGS84,19S,-30.20157001,-71.2452443,INACTIVO,AGUAS ARRIBA,320160,,480240,,1038,2009-06-01,,,607.0008546,23668.64777
0366-4N,96571770-6,COMPAÑIA MINERA FLORIDA S.A.,FAENA TAMBILLOS,TRANQUE DE RELAVE 2,TRANQUE DE RELAVE,ORO-COBRE,METÁLICO,1,04,041,04102,Coquimbo,Elqui,Coquimbo,6657058.354,283905.6174,WGS84,19S,-30.19877634,-71.24473653,INACTIVO,AGUAS ARRIBA,288000,,432000,,,,,,736.8181346,37588.08491
0367-4N,96571770-6,COMPAÑIA MINERA FLORIDA S.A.,FAENA TAMBILLOS,TRANQUE DE RELAVE 3,TRANQUE DE RELAVE,COBRE,METÁLICO,1,04,041,04102,Coquimbo,Elqui,Coquimbo,6656751.648,283996.5613,WGS84,19S,-30.2015582,-71.24385519,INACTIVO,AGUAS ARRIBA,171114,,256671,,184,2002-09-10,,,685.6598994,29542.69408
0368-4N,96571770-6,COMPAÑIA MINERA FLORIDA S.A.,FAENA TAMBILLOS,TRANQUE DE RELAVE 4,TRANQUE DE RELAVE,COBRE,METÁLICO,1,04,041,04102,Coquimbo,Elqui,Coquimbo,6656738.615,284289.7806,WGS84,19S,-30.2017278,-71.24081383,INACTIVO,AGUAS ARRIBA,622432,,9336498,,415,2011-02-24,,,773.391934,40150.6691
0369-4N,96571770-6,COMPAÑIA MINERA FLORIDA S.A.,FAENA TAMBILLOS,AMPLIACION TRANQUE DE RELAVES 4,TRANQUE DE RELAVE,COBRE,METÁLICO,1,04,041,04102,Coquimbo,Elqui,Coquimbo,6656753.962,284134.5169,WGS84,19S,-30.20156184,-71.24242254,INACTIVO,AGUAS ARRIBA,250800,,376200,,415,2011-02-24,,,758.491754,29227.75484
0370-4N,96571770-6,COMPAÑIA MINERA FLORIDA S.A.,FAENA TAMBILLOS,TRANQUE DE RELAVE 3A-4A,ACOPIO,ORO-COBRE,METÁLICO,,04,041,04102,Coquimbo,Elqui,Coquimbo,6656935.974,283892.5215,WGS84,19S,-30.19987756,-71.24489753,INACTIVO,AGUAS ARRIBA,4522,,6783,,,,,,280.9841363,3029.672762
0371-4N,96571770-6,COMPAÑIA MINERA FLORIDA S.A.,FAENA TAMBILLOS,EMBALSE DE RELAVES,EMBALSE,COBRE,METÁLICO,1,04,041,04102,Coquimbo,Elqui,Coquimbo,6657137.031,284146.7769,WGS84,19S,-30.19810974,-71.24221694,ACTIVO,,930829,1294734,1396244,1942102,3511,2012-10-04,,,1517.118433,148800.4835
0372-4N,96571770-6,COMPAÑIA MINERA FLORIDA S.A.,FAENA TAMBILLOS,DEPOSITO FILTRADO,FILTRADO,COBRE,METÁLICO,0,04,041,04102,Coquimbo,Elqui,Coquimbo,6656519.878,284247.7167,WGS84,19S,-30.20369278,-71.24129522,ACTIVO,NO APLICA,3312293,1547369,6790200,3094737,1869,2018-07-06,,,2156.476832,206370.0625
0373-RM,76598725-3,SERVICIOS Y OPERACIONES MINERAS DEL NORTE S.A.,PLANTA EL MEMBRILLO,TRANQUE DE RELAVE,TRANQUE DE RELAVE,ORO,METÁLICO,,13,135,13502,Metropolitana de Santiago,Melipilla,Alhué,6232856.228,323027.5701,WGS84,19S,-34.03003913,-70.91690834,ABANDONADO,,115334,,173000,,,,,,382.3809361,10069.36828
0374-7C,96768970-K,LAS PALMAS SPA,LAS PALMAS ,LAS PALMAS,TRANQUE DE RELAVE,COBRE-ORO,METÁLICO,1,07,071,07107,Maule,Talca,Pencahue,6102861.237,248797.3187,WGS84,19S,-35.18584026,-71.75874776,INACTIVO,,205120,,307680,,16,1997-01-10,,,1947.257864,102547.4321
0375-4N,sin rut conocido,HUGO ARAYA (MINERA ARAYA Y ARAYA),PLANTA DINA,DINA 1-2-3-4,ACOPIO,COBRE-ORO-PLATA,METÁLICO,,04,041,04102,Coquimbo,Elqui,Coquimbo,6683089.184,276209.0604,WGS84,19S,-29.96266197,-71.31914746,ABANDONADO,NO APLICA,53748,,80622,,1261,1988-12-12,,,735.8360185,29758.90861
0376-4N,sin rut conocido,MARCELO BALDO,PLANTA SAN RAMON,SAN RAMON,ACOPIO,ORO,METÁLICO,,04,041,04102,Coquimbo,Elqui,Coquimbo,6680634.499,284071.0063,WGS84,19S,-29.98620648,-71.23822334,ABANDONADO,NO APLICA,1400,,2100,,,,,,450.2058335,12147.00464
0377-4N,sin rut conocido,MOISES GONZALEZ GONZALEZ,PLANTA DON MOISES,DON MOISES 1,TRANQUE DE RELAVE,ORO-COBRE,METÁLICO,1,04,041,04104,Coquimbo,Elqui,La Higuera,6748862.152,298109.947,WGS84,19S,-29.37325128,-71.08007336,ABANDONADO,AGUAS ARRIBA,5640,,8460,,,,,,358.9435274,6779.898209
0378-4N,sin rut conocido,MOISES GONZALEZ GONZALEZ,PLANTA DON MOISES,DON MOISES 2,TRANQUE DE RELAVE,ORO-COBRE,METÁLICO,1,04,041,04104,Coquimbo,Elqui,La Higuera,6748950.142,298067.5697,WGS84,19S,-29.37245084,-71.08049359,ABANDONADO,AGUAS ARRIBA,71455,,107182,,182,1988-02-05,,,368.6243301,8033.048105
0379-4N,sin rut conocido,MOISES GONZALEZ GONZALEZ,PLANTA DON MOISES,ACOPIO DON MOISES,ACOPIO,ORO-COBRE,METÁLICO,,04,041,04104,Coquimbo,Elqui,La Higuera,6748907.068,298010.2744,WGS84,19S,-29.37283013,-71.08109149,ABANDONADO,NO APLICA,77095,,115642,,,,,,380.9695543,8299.506021
0380-4N,sin rut conocido,SOC. CORRIDA UNA DEL TORNO,PLANTA ELENA,ELENA 1 ,ACOPIO,ORO,METÁLICO,,04,041,04104,Coquimbo,Elqui,La Higuera,6750136.103,294265.8795,WGS84,19S,-29.36113761,-71.11941845,ABANDONADO,NO APLICA,2240,,3360,,,,,,191.3194545,2376.650487
0381-4N,sin rut conocido,SOC. CORRIDA UNA DEL TORNO,PLANTA ELENA,ELENA 3 ,ACOPIO,ORO,METÁLICO,,04,041,04104,Coquimbo,Elqui,La Higuera,6750184.974,294170.632,WGS84,19S,-29.36068124,-71.12038997,ABANDONADO,NO APLICA,12200,,18300,,1041,1987-10-30,,,215.218697,2606.00803
0382-4N,sin rut conocido,SOC. CORRIDA UNA DEL TORNO,PLANTA ELENA,ELENA 2 ,ACOPIO,ORO,METÁLICO,,04,041,04104,Coquimbo,Elqui,La Higuera,6750168.998,294218.1844,WGS84,19S,-29.36083312,-71.11990336,ABANDONADO,NO APLICA,1150,,1725,,,,,,215.1360339,2794.849045
0383-4N,77603897-0,GESTIONES E INVERSIONES SAN FRANCISCO SPA,FAENA BLANCA AURORA,TRANQUE DE RELAVES PLANTA BLANCA AURORA,TRANQUE DE RELAVE,COBRE,METÁLICO,1,04,041,04104,Coquimbo,Elqui,La Higuera,6749019.868,296061.4504,WGS84,19S,-29.37149795,-71.10113809,ACTIVO,AGUAS ABAJO,78431,,120000,,727,2024-12-23,,,399.8208041,10094.42288
0384-4N,76166219-8,MINERA RCL (RICARDO ROJAS),PLANTA SANTA ROSA,DEPOSITO 1,ACOPIO,COBRE-ORO,METÁLICO,,04,041,04104,Coquimbo,Elqui,La Higuera,6750729.497,293398.9576,WGS84,19S,-29.35564348,-71.12823283,ABANDONADO,NO APLICA,636,,954,,,,,,92.00790411,639.6651218
0385-4N,76166219-8,MINERA RCL (RICARDO ROJAS),PLANTA SANTA ROSA,DEPOSITO 2,ACOPIO,COBRE-ORO,METÁLICO,,04,041,04104,Coquimbo,Elqui,La Higuera,6750743.45,293420.3194,WGS84,19S,-29.35552114,-71.12801029,ABANDONADO,NO APLICA,548,,822,,,,,,100.3643247,650.9671484
0386-4N,76166219-8,MINERA RCL (RICARDO ROJAS),PLANTA SANTA ROSA,SANTA ROSA,TRANQUE DE RELAVE,ORO,METÁLICO,1,04,041,04104,Coquimbo,Elqui,La Higuera,6750639.309,293364.4469,WGS84,19S,-29.35645123,-71.12860505,ABANDONADO,AGUAS ARRIBA,16657,,49971,,,,,,448.140035,14534.34171
0387-4N,77115158-2,CIA. MINERA EL TRAPICHE/INVERFAZ SpA,RELAVES NADER,SAN RAMON 1,TRANQUE DE RELAVE,ORO,METÁLICO,1,04,041,04104,Coquimbo,Elqui,La Higuera,6751176.177,292850.7204,WGS84,19S,-29.35152457,-71.13379308,ABANDONADO,AGUAS ARRIBA,7785,,11677,,250,1989-02-23,,,259.0980537,3947.626444
0388-4N,77115158-2,CIA. MINERA EL TRAPICHE/INVERFAZ SpA,RELAVES NADER,SAN RAMON 2,TRANQUE DE RELAVE,ORO,METÁLICO,1,04,041,04104,Coquimbo,Elqui,La Higuera,6751209.191,292797.9075,WGS84,19S,-29.35121812,-71.13433057,ABANDONADO,AGUAS ARRIBA,5010,,7515,,250,1989-02-23,,,196.1505813,2318.742546
0389-4N,7367144-2,NICOLAS KRIUKOV,TRAPICHE AGUA GRANDE,AGUA GRANDE ,ACOPIO,ORO,METÁLICO,,04,041,04104,Coquimbo,Elqui,La Higuera,6735477.038,299670.1599,WGS84,19S,-29.49422801,-71.06645116,ABANDONADO,NO APLICA,15000,,22500,,911,1985-10-09,,,155.5318802,1132.013381
0390-4N,sin rut conocido,HECTOR GAHONA,PLANTA BLANQUITA,BLANQUITA ,ACOPIO,COBRE-ORO,METÁLICO,,04,041,04104,Coquimbo,Elqui,La Higuera,6733320.592,285062.1065,WGS84,19S,-29.51125019,-71.21747013,ABANDONADO,NO APLICA,3300,,4950,,,,,,377.9439043,6084.450407
0391-4N,76131746-6,MINERA SANTA SILVIA S.A.,PLANTA LA HIGUERA (EX LOS MOLLES),LA HIGUERA 1,TRANQUE DE RELAVE,COBRE-ORO,METÁLICO,1,04,041,04104,Coquimbo,Elqui,La Higuera,6732414.759,283931.6398,WGS84,19S,-29.5192244,-71.22930472,ABANDONADO,AGUAS ARRIBA,260000,,390000,,,,,,467.3629555,9162.725301
0392-4N,76131746-6,MINERA SANTA SILVIA S.A.,PLANTA LA HIGUERA (EX LOS MOLLES),LA HIGUERA 2,TRANQUE DE RELAVE,COBRE-ORO,METÁLICO,1,04,041,04104,Coquimbo,Elqui,La Higuera,6732519.189,283887.6874,WGS84,19S,-29.518275,-71.22973726,ABANDONADO,AGUAS ARRIBA,160000,,240000,,,,,,503.1390586,15090.47656
0393-4N,76131746-6,MINERA SANTA SILVIA S.A.,PLANTA LA HIGUERA (EX LOS MOLLES),LA HIGUERA 3,TRANQUE DE RELAVE,COBRE-ORO,METÁLICO,1,04,041,04104,Coquimbo,Elqui,La Higuera,6732412.227,283879.6852,WGS84,19S,-29.51923825,-71.22984093,ABANDONADO,AGUAS ARRIBA,80000,,120000,,,,,,508.3135006,7697.608393
0394-4N,76131746-6,MINERA SANTA SILVIA S.A.,PLANTA LA HIGUERA (EX LOS MOLLES),LA HIGUERA 4,TRANQUE DE RELAVE,COBRE-ORO,METÁLICO,1,04,041,04104,Coquimbo,Elqui,La Higuera,6732302.315,283878.998,WGS84,19S,-29.52022935,-71.22986976,ABANDONADO,AGUAS ARRIBA,20000,,30000,,,,,,570.1523992,16884.40863
0395-4N,76131746-6,MINERA SANTA SILVIA S.A.,PLANTA LA HIGUERA (EX LOS MOLLES),LA HIGUERA 5,TRANQUE DE RELAVE,COBRE-ORO,METÁLICO,1,04,041,04104,Coquimbo,Elqui,La Higuera,6732667.548,283856.4786,WGS84,19S,-29.51693164,-71.2300297,ABANDONADO,AGUAS ARRIBA,85000,,127500,,,,,,588.5119352,22986.96105
0396-4N,sin rut conocido,MARIO ALVAREZ,PLANTA PUNTA COLORADA,PUNTA COLORADA,ACOPIO,ORO,METÁLICO,,04,041,04104,Coquimbo,Elqui,La Higuera,6750901.438,304139.9897,WGS84,19S,-29.35581168,-71.01761551,ABANDONADO,NO APLICA,2000,,3000,,,,,,187.7772754,2337.818408
0397-4N,77747199-6,INDUSTRIAL MINERA EL TRAPICHE SPA,FAENA SOR TERESA,SOR TERESA,TRANQUE DE RELAVE,COBRE-ORO,METÁLICO,1,04,041,04104,Coquimbo,Elqui,La Higuera,6750290.767,294087.1638,WGS84,19S,-29.3597134,-71.12122956,ABANDONADO,EJE CENTRAL,281000,,421500,,529,1989-05-16,,,327.9153772,7310.750436
0398-4N,77390538-K,LA HIGUERA MINERALS SPA,PROFESOR ALDO LETTURA,SANTA DOMINGA,TRANQUE DE RELAVE,COBRE-ORO,METÁLICO,1,04,041,04104,Coquimbo,Elqui,La Higuera,6752151.152,291183.4731,WGS84,19S,-29.34245543,-71.15077224,ABANDONADO,AGUAS ABAJO,528960,,793440,,440,1988-04-14,,,903.4835555,52911.52186
0399-4N,77390538-K,LA HIGUERA MINERALS SPA,PROFESOR ALDO LETTURA,ALDO LETTURA,EMBALSE,COBRE,METÁLICO,1,04,041,04104,Coquimbo,Elqui,La Higuera,6752152.616,291476.7618,WGS84,19S,-29.34249087,-71.14775291,INACTIVO,EXCAVACION TERRENO,33500,,73700,,1261,2016-08-22,,,354.3725782,8159.404928
0400-4N,77390538-K,LA HIGUERA MINERALS SPA,PROFESOR ALDO LETTURA,DEPOSITO ALDO LETTURA,ACOPIO,COBRE,METÁLICO,,04,041,04104,Coquimbo,Elqui,La Higuera,6752118.15,291304.9764,WGS84,19S,-29.34277324,-71.14952776,INACTIVO,NO APLICA,4364,,6546,,1638,2015-11-17,,,301.9469307,5202.462012
0401-4N,8484072-6,OSCAR GONZÁLEZ,PLANTA LA PAJITA,LA PAJITA 4,TRANQUE DE RELAVE,ORO,METÁLICO,1,04,041,04104,Coquimbo,Elqui,La Higuera,6732552.526,285220.7933,WGS84,19S,-29.51820428,-71.21598497,ABANDONADO,AGUAS ARRIBA,17000,,25500,,698,1988-07-11,,,277.5260604,4999.520044
0402-4N,76009185-5,CIA. MINERA QUEBRADA HONDA,PLANTA EL TRAPICHE,DEPOSITO DE RELAVES EL TRAPICHE,TRANQUE DE RELAVE,COBRE-ORO,METÁLICO,1,04,041,04104,Coquimbo,Elqui,La Higuera,6750714.628,293777.2395,WGS84,19S,-29.35583969,-71.12434109,EN CONSTRUCCION,EJE CENTRAL,118197,,224574,,263,2023-04-21,,,728.1922398,29417.46645
0403-4N,76009185-5,CIA. MINERA QUEBRADA HONDA,PLANTA SAN ALEJANDRO (EX TRAPICHE),SAN ALEJANDRO 1 (EX TRAPICHE 1),TRANQUE DE RELAVE,COBRE-ORO,METÁLICO,1,04,041,04104,Coquimbo,Elqui,La Higuera,6750514.898,293843.1337,WGS84,19S,-29.35765191,-71.12370007,INACTIVO,,25672,,38508,,897,1995-12-13,,,262.2653062,4305.494002
0404-4N,sin rut conocido,V. ALDAY,PLANTA LAS BREAS,LAS BREAS (ACOPIO),ACOPIO,COBRE-ORO,METÁLICO,,04,041,04104,Coquimbo,Elqui,La Higuera,6739225.181,340825.4822,WGS84,19S,-29.46633165,-70.64154236,ABANDONADO,NO APLICA,250,,375,,,,,,102.4897248,678.9831448
0405-4N,sin rut conocido,DESCONOCIDO,PLANTA PLANTILE,ACOPIO DE RELAVE 1-2 ,ACOPIO,ORO,METÁLICO,,04,041,04104,Coquimbo,Elqui,La Higuera,6733710.198,286854.286,WGS84,19S,-29.5080435,-71.19891597,ABANDONADO,NO APLICA,11500,,17250,,,,,,329.2130149,4405.893333
0406-4N,sin rut conocido,JUAN ALIAGA,PLANTA ALIAGA,ALIAGA,ACOPIO,COBRE-ORO-PLATA,METÁLICO,,04,041,04101,Coquimbo,Elqui,La Serena,6677740.081,303591.7976,WGS84,19S,-30.01559444,-71.03652484,ABANDONADO,NO APLICA,,,,,834,1989-08-30,,,58.08961581,244.5375604
0407-4N,sin rut conocido,MINERA CONDOR S.A.,PLANTA SAN CRISTOBAL,SAN CRISTOBAL 1,TRANQUE DE RELAVE,COBRE,METÁLICO,1,04,041,04101,Coquimbo,Elqui,La Serena,6677957.627,303464.0626,WGS84,19S,-30.01361193,-71.03780848,ABANDONADO,AGUAS ARRIBA,155600,,233400,,,,,,526.4833877,19403.01422
0408-4N,sin rut conocido,MINERA CONDOR S.A.,PLANTA SAN CRISTOBAL,SAN CRISTOBAL 2,TRANQUE DE RELAVE,COBRE,METÁLICO,1,04,041,04101,Coquimbo,Elqui,La Serena,6677795.571,303450.5654,WGS84,19S,-30.01507132,-71.03797824,ABANDONADO,AGUAS ARRIBA,125116,,187674,,912,1985-10-09,,,473.8668698,15783.81093
0409-4N,sin rut conocido,MINERA CONDOR S.A.,PLANTA LAMBERT,LAMBERT 1,ACOPIO,ORO,METÁLICO,,04,041,04101,Coquimbo,Elqui,La Serena,6696342.553,295016.5116,WGS84,19S,-29.84642265,-71.12182696,ABANDONADO,NO APLICA,9600,,14400,,1358,1982-12-02,,,182.3891564,1881.5668
0410-4N,sin rut conocido,MINERA CONDOR S.A.,PLANTA LAMBERT,LAMBERT 2,ACOPIO,ORO,METÁLICO,,04,041,04101,Coquimbo,Elqui,La Serena,6696349.272,294947.7974,WGS84,19S,-29.84635063,-71.12253655,ABANDONADO,NO APLICA,61704,,92556,,376,1987-04-20,,,254.058853,4169.015373
0411-4N,sin rut conocido,MINERA CONDOR S.A.,PLANTA LAMBERT,LAMBERT 3,ACOPIO,ORO,METÁLICO,,04,041,04101,Coquimbo,Elqui,La Serena,6696371.476,294998.3725,WGS84,19S,-29.84615878,-71.1220091,ABANDONADO,NO APLICA,18360,,27540,,,,,,134.1773269,1191.345963
0412-4N,78801520-8,CIA. MINERA SAN GERONIMO,TALCUNA,SOCORRO 5,TRANQUE DE RELAVE,COBRE,METÁLICO,1,04,041,04106,Coquimbo,Elqui,Vicuña,6692035.928,316852.9685,WGS84,19S,-29.88870587,-70.89663753,INACTIVO,EJE CENTRAL,274332,,411498,,2169,2004-10-06,1530,2015-05-15,834.6962365,44016.02012
0413-4N,78801520-8,CIA. MINERA SAN GERONIMO,TALCUNA,SOCORRO 6,TRANQUE DE RELAVE,COBRE,METÁLICO,1,04,041,04106,Coquimbo,Elqui,Vicuña,6692389.846,317117.602,WGS84,19S,-29.88555295,-70.89383792,INACTIVO,AGUAS ABAJO,1669765,2533571,2584340,3800357,2169,2004-10-06,1530,2015-05-15,1460.57159,104664.0065
0414-4N,78801520-8,CIA. MINERA SAN GERONIMO,TALCUNA,HUMO CORRAL,TRANQUE DE RELAVE,COBRE,METÁLICO,1,04,041,04106,Coquimbo,Elqui,Vicuña,6691341.933,310986.8897,WGS84,19S,-29.89407826,-70.95747879,ACTIVO,AGUAS ABAJO,11733334,10591522,17600000,15887283,916,2010-10-13,1530,2015-05-15,4009.140381,354830.5532
0415-4N,78801520-8,CIA. MINERA SAN GERONIMO,TALCUNA,LA HIGUERA,TRANQUE DE RELAVE,ORO,METÁLICO,1,04,041,04106,Coquimbo,Elqui,Vicuña,6692044.266,317185.8704,WGS84,19S,-29.88868017,-70.8931902,INACTIVO,EJE CENTRAL,415450,,623175,,621,2002-02-20,1530,2015-05-15,744.1641775,29076.92711
0416-4N,sin rut conocido,FAISAL HARCHA,PLANTA ROLEX,ROLEX 1,ACOPIO,ORO,METÁLICO,,04,041,04101,Coquimbo,Elqui,La Serena,6681331.652,300826.1106,WGS84,19S,-29.98275623,-71.0645155,ABANDONADO,NO APLICA,3900,,5850,,,,,,339.9172379,5396.831644
0417-4N,sin rut conocido,FAISAL HARCHA,PLANTA ROLEX,ROLEX 2,ACOPIO,ORO,METÁLICO,,04,041,04101,Coquimbo,Elqui,La Serena,6681381.913,300873.612,WGS84,19S,-29.98231065,-71.06401402,ABANDONADO,NO APLICA,37000,,55500,,582,1988-06-06,,,179.608386,2042.231521
0418-4N,sin rut conocido,ELQUI SOL YESOS,PLANTA ITAMAR,ITAMAR,ACOPIO,ORO,METÁLICO,,04,041,04101,Coquimbo,Elqui,La Serena,6696479.656,294814.1752,WGS84,19S,-29.84515251,-71.12389401,ABANDONADO,NO APLICA,34377,,51565,,502,1987-06-01,,,265.1554082,4356.715445
0419-4N,sin rut conocido,WALDO SALINAS CABELLO,PLANTA EL SAUCE,EL SAUCE,ACOPIO,COBRE-ORO,METÁLICO,,04,041,04101,Coquimbo,Elqui,La Serena,6678741.593,301278.1354,WGS84,19S,-30.00618871,-71.06031519,ABANDONADO,NO APLICA,92420,,134009,,457,1989-04-26,,,368.794709,6417.162375
0420-4N,76480648-4,INVERSIONES TRES PLUMAS LTDA,PAJONALES,PAJONALES,TRANQUE DE RELAVE,COBRE,METÁLICO,1,04,041,04101,Coquimbo,Elqui,La Serena,6685313.273,294176.8665,WGS84,19S,-29.94575013,-71.1326311,INACTIVO,AGUAS ARRIBA,132000,,198000,,150,1985-02-01,,,655.3020326,27814.0648
0421-4N,10152718-2,ALBERTO MAURICIO FUENTES RIVERA,LAXNAR,EMBALSE DE RELAVE LAXNAR,EMBALSE,COBRE,METÁLICO,0,04,041,04104,Coquimbo,Elqui,La Higuera,6742914.238,331552.9319,WGS84,19S,-29.43183833,-70.73656639,ACTIVO,EXCAVACION TERRENO,,,5400,,1679,2018-12-14,,,200.8810434,2764.655131
0422-4N,79721970-3,MINERA DON ALBERTO,FAENA LAS VACAS,LAS VACAS 1,TRANQUE DE RELAVE,ORO,METÁLICO,1,04,042,04203,Coquimbo,Choapa,Los Vilos,6471876.226,280511.7204,WGS84,19S,-31.86774841,-71.32011813,INACTIVO,AGUAS ABAJO,262500,,380625,,652,1995-08-28,,,886.6072785,52065.09236
0423-4N,79721970-3,MINERA DON ALBERTO,FAENA LAS VACAS,LAS VACAS 2,TRANQUE DE RELAVE,ORO,METÁLICO,1,04,042,04203,Coquimbo,Choapa,Los Vilos,6471850.272,280708.6155,WGS84,19S,-31.86802033,-71.31804415,INACTIVO,AGUAS ARRIBA,250000,,375000,,652,1995-08-28,,,780.3135561,36708.80037
0424-4N,79721970-3,MINERA DON ALBERTO,FAENA LAS VACAS,LAS VACAS SUR,EMBALSE,COBRE,METÁLICO,1,04,042,04203,Coquimbo,Choapa,Los Vilos,6471218.188,280481.9731,WGS84,19S,-31.87367461,-71.32058109,ACTIVO,AGUAS ABAJO,2057743,438996,3086615,821702,1848,2012-05-31,,,1509.696472,123724.1565
0425-4N,sin rut conocido,RUBILAN GONZÁLEZ (EX GUSTAVO ALVAREZ),PLANTA SAN MARTIN,SAN MARTIN,TRANQUE DE RELAVE,COBRE-ORO,METÁLICO,1,04,043,04302,Coquimbo,Limarí,Combarbalá,6549876.113,308438.3148,WGS84,19S,-31.16947604,-71.00996561,ABANDONADO,EJE CENTRAL,24594,,36891,,959,1988-09-27,,,305.8166082,6583.469386
0426-4N,sin rut conocido,JOSE SARMIENTO AGUILERA,PLANTA SAN EMILIO,SAN EMILIO,TRANQUE DE RELAVE,COBRE-ORO,METÁLICO,1,04,043,04302,Coquimbo,Limarí,Combarbalá,6552566.511,304509.6299,WGS84,19S,-31.14456608,-71.0506426,ABANDONADO,AGUAS ARRIBA,103350,,155025,,458,1989-04-26,,,573.9784149,17043.53509
0427-4N,sin rut conocido,CIA. CERRO CENTINELA,PLANTA COMBARBALA,EL PARRAL,ACOPIO,ORO,METÁLICO,,04,043,04302,Coquimbo,Limarí,Combarbalá,6551409.411,307724.4916,WGS84,19S,-31.15553256,-71.01715843,ABANDONADO,NO APLICA,600,,900,,,,,,173.8648412,1875.161785
0428-4N,sin rut conocido,CIA. CERRO CENTINELA,PLANTA COMBARBALA,DEPOSITO 1,TRANQUE DE RELAVE,COBRE-ORO,METÁLICO,1,04,043,04302,Coquimbo,Limarí,Combarbalá,6552767.241,305911.7554,WGS84,19S,-31.14298934,-71.03590388,ABANDONADO,AGUAS ARRIBA,42518,,63777,,,,,,669.5756964,24492.21799
0429-4N,sin rut conocido,CIA. CERRO CENTINELA,PLANTA COMBARBALA,DEPOSITO 2,TRANQUE DE RELAVE,COBRE-ORO,METÁLICO,1,04,043,04302,Coquimbo,Limarí,Combarbalá,6552612.443,305852.6545,WGS84,19S,-31.1443754,-71.03655334,ABANDONADO,AGUAS ARRIBA,223017,,334525,,,,,,1026.72909,55110.36613
0430-4N,sin rut conocido,CIA. CERRO CENTINELA,PLANTA COMBARBALA,DEPOSITO 3,ACOPIO,COBRE-ORO,METÁLICO,,04,043,04302,Coquimbo,Limarí,Combarbalá,6552708.835,306044.1736,WGS84,19S,-31.14353795,-71.03452686,ABANDONADO,NO APLICA,2678,,4017,,,,,,169.4291594,1556.639352
0431-4N,sin rut conocido,SOC. MINERA ALTAMIRA,PLANTA EL BRONCE,EL BRONCE ,TRANQUE DE RELAVE,COBRE-ORO,METÁLICO,1,04,043,04302,Coquimbo,Limarí,Combarbalá,6555869.208,294222.9173,WGS84,19S,-31.11302405,-71.15780987,ABANDONADO,AGUAS ARRIBA,12000,,18000,,460,1989-04-26,,,250.4748298,4422.046419
0432-4N,sin rut conocido,SUC. CARVAJAL RIVERA,PLANTA QUILITAPIA,QUILITAPIA,ACOPIO,ORO,METÁLICO,,04,043,04302,Coquimbo,Limarí,Combarbalá,6555746.194,293936.5398,WGS84,19S,-31.11408291,-71.16083619,ABANDONADO,NO APLICA,8516,,12774,,183,1988-01-28,,,245.6285467,3082.982926
0433-4N,sin rut conocido,WALTER NAZER ESBIR (EX VICTOR NAZER ESBIR),PLANTA CALIFORNIA,CALIFORNIA 0,TRANQUE DE RELAVE,COBRE-ORO,METÁLICO,1,04,042,04201,Coquimbo,Choapa,Illapel,6498105.32,296447.0222,WGS84,19S,-31.63423372,-71.14631303,ABANDONADO,AGUAS ARRIBA,1000,,1500,,,,,,134.7909155,1188.570993
0434-4N,sin rut conocido,WALTER NAZER ESBIR (EX VICTOR NAZER ESBIR),PLANTA CALIFORNIA,CALIFORNIA 1,TRANQUE DE RELAVE,COBRE-ORO,METÁLICO,1,04,042,04201,Coquimbo,Choapa,Illapel,6498019.695,296442.693,WGS84,19S,-31.63500495,-71.14637638,ABANDONADO,AGUAS ARRIBA,5200,,7800,,,,,,137.7024793,901.5766752
0435-4N,sin rut conocido,WALTER NAZER ESBIR (EX VICTOR NAZER ESBIR),PLANTA CALIFORNIA,CALIFORNIA 2A,TRANQUE DE RELAVE,COBRE-ORO,METÁLICO,1,04,042,04201,Coquimbo,Choapa,Illapel,6498021.632,296418.7403,WGS84,19S,-31.63498323,-71.1466284,ABANDONADO,AGUAS ARRIBA,43800,,65700,,,,,,349.3266257,4736.031803
0436-4N,sin rut conocido,WALTER NAZER ESBIR (EX VICTOR NAZER ESBIR),PLANTA CALIFORNIA,CALIFORNIA 2B,TRANQUE DE RELAVE,COBRE-ORO,METÁLICO,1,04,042,04201,Coquimbo,Choapa,Illapel,6498073.671,296407.4835,WGS84,19S,-31.63451205,-71.14673624,ABANDONADO,AGUAS ARRIBA,34300,,51450,,,,,,258.7803667,4043.978982
0437-4N,sin rut conocido,RAFAEL VALENCIA,RAFAEL VALENCIA,VALENCIA,ACOPIO,COBRE-ORO,METÁLICO,,04,043,04303,Coquimbo,Limarí,Monte Patria,6590385.896,350438.8735,WGS84,19S,-30.8102102,-70.56346087,ABANDONADO,NO APLICA,750,,1125,,,,,,142.8055303,1437.69656
0438-4N,6894258-6,IVAN ALFREDO TELLO ANDRADE,PLANTA IVAN TELLO ANDRADE,TRANQUE 1,TRANQUE DE RELAVE,ORO,METÁLICO,1,04,043,04301,Coquimbo,Limarí,Ovalle,6578433.535,244410.8761,WGS84,19S,-30.89984389,-71.674024,INACTIVO,EJE CENTRAL,35000,,52500,,,,,,258.7005516,3173.320566
0439-4N,6894258-6,IVAN ALFREDO TELLO ANDRADE,PLANTA IVAN TELLO ANDRADE,TRANQUE 2,TRANQUE DE RELAVE,ORO,METÁLICO,1,04,043,04301,Coquimbo,Limarí,Ovalle,6578456.024,244310.986,WGS84,19S,-30.89961958,-71.67506246,INACTIVO,EJE CENTRAL,26500,,39750,,488,1984-05-11,,,530.5284568,16027.26236
0440-4N,6894258-6,IVAN ALFREDO TELLO ANDRADE,PLANTA IVAN TELLO ANDRADE,TRANQUE 3,TRANQUE DE RELAVE,ORO,METÁLICO,1,04,043,04301,Coquimbo,Limarí,Ovalle,6578428.358,244148.315,WGS84,19S,-30.89983376,-71.67676973,INACTIVO,EJE CENTRAL,4000,,6000,,,,,,653.6028871,20992.1518
0441-4N,6894258-6,IVAN ALFREDO TELLO ANDRADE,PLANTA IVAN TELLO ANDRADE,ACOPIO 5 (EX MONICA 1),TRANQUE DE RELAVE,ORO,METÁLICO,1,04,043,04301,Coquimbo,Limarí,Ovalle,6578686.809,244311.2886,WGS84,19S,-30.89753947,-71.67500142,INACTIVO,AGUAS ARRIBA,30500,,44225,,,,,,557.2651686,23073.56769
0442-4N,6894258-6,IVAN ALFREDO TELLO ANDRADE,PLANTA IVAN TELLO ANDRADE,MONICA 2,EMBALSE,ORO,METÁLICO,0,04,043,04301,Coquimbo,Limarí,Ovalle,6578949.834,244572.3349,WGS84,19S,-30.89522511,-71.67220699,INACTIVO,EXCAVACION TERRENO,35000,,50750,,,,,,821.0684771,32354.5101
0443-4N,sin rut conocido,JUAN SALINAS,PLANTA EL HUILMO (EX SALINAS),EL HUILMO 1 (EX SALINAS 1),TRANQUE DE RELAVE,ORO,METÁLICO,1,04,043,04302,Coquimbo,Limarí,Combarbalá,6581304.415,294638.1949,WGS84,19S,-30.8837515,-71.14830799,ABANDONADO,AGUAS ARRIBA,5173,,7759,,1118,1987-11-16,,,83.02732405,435.0951885
0444-4N,sin rut conocido,JUAN SALINAS,PLANTA EL HUILMO (EX SALINAS),EL HUILMO 2 (EX SALINAS 2),TRANQUE DE RELAVE,ORO,METÁLICO,1,04,043,04302,Coquimbo,Limarí,Combarbalá,6581306.757,294659.1007,WGS84,19S,-30.88373401,-71.14808895,ABANDONADO,AGUAS ARRIBA,8000,,11600,,1118,1987-11-16,,,104.3454217,752.4771182
0445-4N,76043773-5,SCM VENTANA MINERALS ,FAENA TRIMINERALS  EX LA COLONIA,EX LA COLONIA 1,TRANQUE DE RELAVE,ORO,METÁLICO,1,04,042,04201,Coquimbo,Choapa,Illapel,6503360.058,299120.5795,WGS84,19S,-31.58732676,-71.11706594,INACTIVO,AGUAS ARRIBA,4100,,6150,,180,1988-02-05,,,248.9738441,4352.776984
0446-4N,76043773-5,SCM VENTANA MINERALS ,FAENA TRIMINERALS  EX LA COLONIA,EX LA COLONIA 2,TRANQUE DE RELAVE,COBRE,METÁLICO,1,04,042,04201,Coquimbo,Choapa,Illapel,6503299.238,299066.878,WGS84,19S,-31.58786575,-71.11764398,ABANDONADO,AGUAS ARRIBA,79900,,119850,,,,,,351.0042815,7067.852369
0447-4N,14575855-6,JUAN POLO DABED,FAENA TUNQUEN EX EL ALMENDRO,TUNQUEN 4 (EX EL ALMENDRO 4),TRANQUE DE RELAVE,COBRE-ORO,METÁLICO,1,04,042,04201,Coquimbo,Choapa,Illapel,6516638.047,300583.8787,WGS84,19S,-31.46786162,-71.09897276,INACTIVO,AGUAS ARRIBA,73900,,110850,,205,1986-02-07,,,482.2143325,10251.62071
0448-4N,14575855-6,JUAN POLO DABED,FAENA TUNQUEN EX EL ALMENDRO,TUNQUEN 5 (EX EL ALMENDRO 5),TRANQUE DE RELAVE,COBRE-ORO,METÁLICO,1,04,042,04201,Coquimbo,Choapa,Illapel,6516494.695,300607.6904,WGS84,19S,-31.46915826,-71.09875112,INACTIVO,EJE CENTRAL,199750,,299625,,205,1986-02-07,,,636.7029034,18520.73494
0449-4N,14575855-6,JUAN POLO DABED,FAENA TUNQUEN,TUNQUEN,TRANQUE DE RELAVE,COBRE,METÁLICO,1,04,042,04201,Coquimbo,Choapa,Illapel,6515399.928,301408.4471,WGS84,19S,-31.47916712,-71.09054684,ACTIVO,,1641600,35681,2462400,70971,1177,2003-04-02,,,946.1879301,35692.31258
0450-4N,77526263-K,SOC. MINERA MONTE ALTO SpA,PLANTA MINERA AURORA VILLABLANCA SPA,EMBALSE SEGURA,EMBALSE,COBRE-ORO,METÁLICO,1,04,043,04302,Coquimbo,Limarí,Combarbalá,6579658.142,292522.3409,WGS84,19S,-30.8982265,-71.17076372,ACTIVO,AGUAS ABAJO,9600,1716,14400,2575,1873,2014-12-11,,,232.4213432,3675.979914
0451-4N,sin rut conocido,SLM EL DORADO,PLANTA EL CISNE,EL CISNE,TRANQUE DE RELAVE,ORO,METÁLICO,1,04,043,04304,Coquimbo,Limarí,Punitaqui,6583781.42,285746.4232,WGS84,19S,-30.85984045,-71.24074683,ABANDONADO,EJE CENTRAL,32400,,48600,,105,1984-01-18,,,527.8063943,17277.18487
0452-4N,77294324-5,MINERA BMR SPA,ALTOS DE PUNITAQUI,TAMAYA (EX LOS MANTOS 1-2),TRANQUE DE RELAVE,COBRE,METÁLICO,1,04,043,04304,Coquimbo,Limarí,Punitaqui,6583802.533,286499.4508,WGS84,19S,-30.85978612,-71.23287202,INACTIVO,EJE CENTRAL,3157334,3021682,4736000,4532523,639,2008-07-25,2122,2015-08-21,1123.824253,86964.26327
0453-4N,76099463-4,MINERA ALTO DE PUNITAQUI,DESCONOCIDO,TAMAYA 2,TRANQUE DE RELAVE,COBRE,METÁLICO,1,04,043,04301,Coquimbo,Limarí,Ovalle,6617161.942,272683.1323,WGS84,19S,-30.55645031,-71.36989899,ABANDONADO,AGUAS ARRIBA,102498,,153747,,,,,,996.3962489,52532.63046
0454-4N,77294324-5,MINERA BMR SPA,ALTOS DE PUNITAQUI,TRANQUE 3 (EX TAMAYA 3),TRANQUE DE RELAVE,ORO,METÁLICO,1,04,043,04304,Coquimbo,Limarí,Punitaqui,6583953.627,287135.0052,WGS84,19S,-30.85853821,-71.2261979,ACTIVO,EJE CENTRAL,531865,138809,946721,253849,613,2015-03-10,2122,2015-08-21,1901.970913,205129.9104
0455-4N,77294324-5,MINERA BMR SPA,ALTOS DE PUNITAQUI,DEPOSITO ESPESADO,ESPESADO,ORO,METÁLICO,2,04,043,04304,Coquimbo,Limarí,Punitaqui,6583456.936,287063.1504,WGS84,19S,-30.86300374,-71.22705246,ACTIVO,EJE CENTRAL,2750000,2473368,5500000,3710053,2243,2015-09-04,2122,2015-08-21,1400.05862,111289.5692
0456-4N,sin rut conocido,LEONEL ANGEL BRUNE,PLANTA LAS PALMAS,LAS PALMAS ,TRANQUE DE RELAVE,COBRE-ORO,METÁLICO,1,04,043,04305,Coquimbo,Limarí,Río Hurtado,6635795.266,320567.8275,WGS84,19S,-30.39652296,-70.86771717,ABANDONADO,EJE CENTRAL,26670,,40005,,512,1988-05-09,,,226.843635,3380.363974
0457-4N,sin rut conocido,DESCONOCIDO,DESCONOCIDO,ATELCURA,ACOPIO,ORO,METÁLICO,,04,042,04202,Coquimbo,Choapa,Canela,6504869.287,278805.632,WGS84,19S,-31.56999562,-71.33068219,ABANDONADO,NO APLICA,1000,,1500,,,,,,121.4359856,943.5776074
0458-4N,53214660-7,SUC. LUIS ALVAREZ SIERRA,PLANTA ESPERANZA,ESPERANZA 0,TRANQUE DE RELAVE,COBRE-ORO,METÁLICO,1,04,042,04201,Coquimbo,Choapa,Illapel,6524673.941,304541.0213,WGS84,19S,-31.39607956,-71.05576211,ABANDONADO,AGUAS ARRIBA,14600,,21900,,,,,,370.7981311,6988.764756
0459-4N,53214660-7,SUC. LUIS ALVAREZ SIERRA,PLANTA ESPERANZA,ESPERANZA 1,TRANQUE DE RELAVE,COBRE-ORO,METÁLICO,1,04,042,04201,Coquimbo,Choapa,Illapel,6524586.858,304536.0221,WGS84,19S,-31.39686393,-71.05583177,ABANDONADO,AGUAS ARRIBA,46700,,70050,,144,1985-02-01,,,320.3066282,5626.398928
0460-4N,53214660-7,SUC. LUIS ALVAREZ SIERRA,PLANTA ESPERANZA,ESPERANZA 2,TRANQUE DE RELAVE,COBRE-ORO,METÁLICO,1,04,042,04201,Coquimbo,Choapa,Illapel,6523565.086,304011.073,WGS84,19S,-31.40598841,-71.06155145,ABANDONADO,AGUAS ARRIBA,12100,,18150,,,,,,408.191759,10475.30635
0461-4N,53214660-7,SUC. LUIS ALVAREZ SIERRA,PLANTA ESPERANZA 2,ESPERANZA DOS,TRANQUE DE RELAVE,COBRE-ORO,METÁLICO,1,04,042,04201,Coquimbo,Choapa,Illapel,6497786.46,294348.9252,WGS84,19S,-31.63673475,-71.16848918,ABANDONADO,AGUAS ARRIBA,29200,,43800,,643,1987-07-17,,,452.6168303,13720.07467
0462-4N,53214660-7,SUC. LUIS ALVAREZ SIERRA,PLANTA ESPERANZA,DEPOSITO ,ACOPIO,COBRE-ORO,METÁLICO,,04,042,04201,Coquimbo,Choapa,Illapel,6524166.811,304114.3022,WGS84,19S,-31.40058023,-71.06034762,ABANDONADO,NO APLICA,7095,,10643,,,,,,910.6231288,10445.66238
0463-4N,sin rut conocido,SLM ANTA COLLA,ANTA COLLA,ANTA COLLA 1,TRANQUE DE RELAVE,COBRE-ORO,METÁLICO,1,04,042,04201,Coquimbo,Choapa,Illapel,6499608.976,296765.5495,WGS84,19S,-31.62073315,-71.14264552,ABANDONADO,AGUAS ARRIBA,7000,,10000,,645,1987-07-17,,,271.8266676,5104.790483
0464-4N,sin rut conocido,SLM ANTA COLLA,ANTA COLLA,ANTA COLLA 2,TRANQUE DE RELAVE,COBRE-ORO,METÁLICO,1,04,042,04201,Coquimbo,Choapa,Illapel,6499686.52,296730.3153,WGS84,19S,-31.62002777,-71.14300073,ABANDONADO,AGUAS ARRIBA,,,,,645,1987-07-17,,,265.0470469,4539.613647
0465-4N,sin rut conocido,GUILLERMO DELGADO,PLANTA ASIENTO VIEJO,ASIENTO VIEJO 1,TRANQUE DE RELAVE,ORO,METÁLICO,1,04,042,04201,Coquimbo,Choapa,Illapel,6501606.511,298493.1833,WGS84,19S,-31.60302733,-71.12403309,ABANDONADO,EJE CENTRAL,12800,,19200,,103,1984-01-18,,,218.274177,3044.493046
0466-4N,sin rut conocido,GUILLERMO DELGADO,PLANTA ASIENTO VIEJO,ASIENTO VIEJO 2,TRANQUE DE RELAVE,ORO,METÁLICO,1,04,042,04201,Coquimbo,Choapa,Illapel,6501651.474,298465.3747,WGS84,19S,-31.60261706,-71.12431684,ABANDONADO,EJE CENTRAL,5500,,8250,,103,1984-01-18,,,279.4541472,4005.81041
0467-4N,sin rut conocido,GUILLERMO DELGADO,PLANTA ASIENTO VIEJO,ASIENTO VIEJO 3,TRANQUE DE RELAVE,ORO,METÁLICO,1,04,042,04201,Coquimbo,Choapa,Illapel,6501730.477,298437.2236,WGS84,19S,-31.60189982,-71.12459722,ABANDONADO,EJE CENTRAL,1800,,2700,,,,,,341.6644294,6990.801422
0468-4N,79516980-6,CIA. MINERA PORTEZUELO,PLANTA PORTEZUELO,PORTEZUELO 1,TRANQUE DE RELAVE,ORO,METÁLICO,1,04,042,04201,Coquimbo,Choapa,Illapel,6502170.757,298325.6782,WGS84,19S,-31.59791064,-71.12568208,INACTIVO,AGUAS ARRIBA,46186,,69279,,411,1984-04-10,3313,2003-10-13,431.7160068,11943.6621
0469-4N,sin rut conocido,SLM AUCO (EX ODE AGUAD MONTENEGRO),PLANTA AUCO (EX PLANTA JODE),AUCO,ACOPIO,COBRE-ORO,METÁLICO,,04,042,04201,Coquimbo,Choapa,Illapel,6505240.925,300532.5454,WGS84,19S,-31.5706139,-71.10181306,ABANDONADO,NO APLICA,32804,,49260,,212,1988-02-12,,,506.0495717,13575.27947
0470-4N,77146347-9,PLANTA DE BENEFICIO RCM FARELLON SANCHEZ SPA,PLANTA DE BENEFICIO RCM FARELLON SANCHEZ,DON ROBERTO (EX FARELLON SANCHEZ 1-2),EMBALSE,COBRE-ORO,METÁLICO,0,04,042,04201,Coquimbo,Choapa,Illapel,6518620.012,307804.9063,WGS84,19S,-31.45121354,-71.02262392,INACTIVO,EXCAVACION TERRENO,875,,1312,,66,1990-01-19,,,191.7302048,2722.654171
0471-4N,78199020-5,SLM FLAMENCA UNA DE FARELLON SANCHEZ,FAENA SLM FLAMENCA UNA DE FARELLON SANCHEZ,LETICIA 1,TRANQUE DE RELAVE,ORO,METÁLICO,1,04,042,04201,Coquimbo,Choapa,Illapel,6518387.38,307794.0621,WGS84,19S,-31.45330937,-71.02278307,INACTIVO,AGUAS ARRIBA,7350,,11025,,,,,,356.9409426,9056.175131
0472-4N,78199020-5,SLM FLAMENCA UNA DE FARELLON SANCHEZ,FAENA SLM FLAMENCA UNA DE FARELLON SANCHEZ,LETICIA 2,ACOPIO,ORO,METÁLICO,,04,042,04201,Coquimbo,Choapa,Illapel,6518264.542,307754.7422,WGS84,19S,-31.45441045,-71.02322047,ABANDONADO,NO APLICA,152000,,228000,,,,,,380.8252509,8618.665846
0473-4N,76616375-0,MINERA DIAMANTINO LTDA.,PLANTA ANA MARIA,ANA MARIA 1,TRANQUE DE RELAVE,COBRE-ORO,METÁLICO,1,04,042,04201,Coquimbo,Choapa,Illapel,6520886.475,308751.5942,WGS84,19S,-31.43093371,-71.01222949,ABANDONADO,AGUAS ARRIBA,199600,,299400,,,,,,766.9238967,35227.49698
0474-4N,76616375-0,MINERA DIAMANTINO LTDA.,PLANTA ANA MARIA,ANA MARIA 2,TRANQUE DE RELAVE,COBRE-ORO,METÁLICO,1,04,042,04201,Coquimbo,Choapa,Illapel,6521297.45,308521.8208,WGS84,19S,-31.42718995,-71.01456652,ABANDONADO,EJE CENTRAL,95880,,143820,,573,1986-06-02,,,695.4533131,28762.82172
0475-4N,4244655-6,MANUEL AGUIRRE BUSTAMANTE,FAENA LA FORTUNA,LA FORTUNA 1,TRANQUE DE RELAVE,COBRE,METÁLICO,1,04,042,04201,Coquimbo,Choapa,Illapel,6523041.005,301831.6939,WGS84,19S,-31.41034322,-71.08456739,INACTIVO,AGUAS ARRIBA,1345,,2017,,1002,1987-10-19,913,2014-03-25,328.8501277,5372.604447
0476-4N,4244655-6,MANUEL AGUIRRE BUSTAMANTE,FAENA LA FORTUNA,LA FORTUNA 2,TRANQUE DE RELAVE,COBRE,METÁLICO,1,04,042,04201,Coquimbo,Choapa,Illapel,6522984.12,301841.4687,WGS84,19S,-31.4108578,-71.08447597,INACTIVO,AGUAS ARRIBA,21870,,32805,,1002,1989-10-19,913,2014-03-25,310.4250886,5780.026545
0477-4N,4244655-6,MANUEL AGUIRRE BUSTAMANTE,PLANTA LA FORTUNA,LA FORTUNA 3,TRANQUE DE RELAVE,COBRE-ORO,METÁLICO,1,04,042,04201,Coquimbo,Choapa,Illapel,6522924.231,301824.0554,WGS84,19S,-31.41139483,-71.08467099,INACTIVO,AGUAS ARRIBA,5670,,8505,,,,913,2014-03-25,310.8900828,6313.000434
0478-4N,4244655-6,MANUEL AGUIRRE BUSTAMANTE,FAENA LA FORTUNA,EMBALSE FORTUNA,EMBALSE,COBRE,METÁLICO,1,04,042,04201,Coquimbo,Choapa,Illapel,6523110.788,301843.048,WGS84,19S,-31.40971595,-71.08443411,ACTIVO,,31168,12510,46752,18765,1547,2015-11-03,913,2014-03-25,282.5786168,5405.314459
0479-4N,76120887-K,EDUARDO LERY LERY,FAENA KATTIA,KATTIA 1,TRANQUE DE RELAVE,COBRE,METÁLICO,1,04,042,04201,Coquimbo,Choapa,Illapel,6527086.28,303102.8926,WGS84,19S,-31.37408468,-71.07040201,INACTIVO,AGUAS ARRIBA,85388,,128082,,204,1986-02-07,1894,2015-07-27,428.4362014,13192.12242
0480-4N,76120887-K,EDUARDO LERY LERY,FAENA KATTIA,KATTIA 2,TRANQUE DE RELAVE,COBRE,METÁLICO,1,04,042,04201,Coquimbo,Choapa,Illapel,6527231.243,303045.5636,WGS84,19S,-31.37276784,-71.07097581,INACTIVO,AGUAS ARRIBA,47141,,70711,,204,1986-02-07,,,331.2652967,7490.171735
0481-4N,76120887-K,EDUARDO LERY LERY,FAENA KATTIA,KATTIA 3,TRANQUE DE RELAVE,COBRE,METÁLICO,1,04,042,04201,Coquimbo,Choapa,Illapel,6527154.59,303270.546,WGS84,19S,-31.37349717,-71.06862658,ABANDONADO,AGUAS ARRIBA,114234,,171351,,203,1986-02-07,,,508.3546767,18038.47964
0482-4N,76120887-K,EDUARDO LERY LERY,PLANTA SAN ALBERTO,SAN ALBERTO 3,ACOPIO,ORO,METÁLICO,,04,042,04202,Coquimbo,Choapa,Canela,6541852.348,253942.0424,WGS84,19S,-31.23160747,-71.58329704,ABANDONADO,NO APLICA,13100,,19650,,181,1988-02-05,,,265.1027088,3267.924647
0483-4N,sin rut conocido,CIA. MINERA KALLEU (GUILLERMO DELGADO),PLANTA LOS CANELOS,LOS CANELOS ANTIGUO,ACOPIO,COBRE-ORO,METÁLICO,,04,042,04201,Coquimbo,Choapa,Illapel,6528239.782,300089.3883,WGS84,19S,-31.36316867,-71.10183988,ABANDONADO,NO APLICA,38300,,57450,,630,1986-06-24,,,354.9369375,8948.379272
0484-4N,sin rut conocido,CIA. MINERA KALLEU (GUILLERMO DELGADO),PLANTA LOS CANELOS,LOS CANELOS 2,ACOPIO,COBRE-ORO,METÁLICO,,04,042,04201,Coquimbo,Choapa,Illapel,6528160.036,300040.1511,WGS84,19S,-31.36387923,-71.10237327,ABANDONADO,NO APLICA,750,,1125,,,,679,1998-07-27,202.2242899,2933.625127
0485-4N,sin rut conocido,CIA. MINERA KALLEU (GUILLERMO DELGADO),PLANTA LOS CANELOS,LOS CANELOS 3,ACOPIO,COBRE-ORO,METÁLICO,,04,042,04201,Coquimbo,Choapa,Illapel,6528306.221,300173.1434,WGS84,19S,-31.36258404,-71.10094646,ABANDONADO,NO APLICA,3050,,4575,,763,1999-05-23,,,233.6056043,3490.749925
0486-4N,76336246-9,SOC. MINERA LOS VILOS,FAENA DON MARCIAL GARCIA,LOS GLADIADORES,EMBALSE,ORO-COBRE,METÁLICO,0,04,042,04203,Coquimbo,Choapa,Los Vilos,6464413.657,298623.4688,WGS84,19S,-31.93837738,-71.13033452,INACTIVO,EXCAVACION TERRENO,24000,3167,36000,4750,690,2009-04-15,,,989.0478036,40044.09087
0487-4N,76336246-9,SOC. MINERA LOS VILOS,FAENA DON MARCIAL GARCIA,MARCIAL GARCIA,ACOPIO,ORO-COBRE,METÁLICO,,04,042,04203,Coquimbo,Choapa,Los Vilos,6464527.175,298767.1116,WGS84,19S,-31.93737942,-71.12879224,INACTIVO,NO APLICA,2200,,3297,,,,,,168.185102,1930.402868
0488-4N,96790240-3,MINERA LOS PELAMBRES,FAENA LOS PELAMBRES,EL CHINCHE,TRANQUE DE RELAVE,COBRE,METÁLICO,1,04,042,04204,Coquimbo,Choapa,Salamanca,6475771.741,349383.8026,WGS84,19S,-31.8438172,-70.59179172,INACTIVO,,2820100,,4230150,,,,1603,2015-06-15,3049.61714,225033.4381
0489-4N,96790240-3,MINERA LOS PELAMBRES,FAENA LOS PELAMBRES,LOS QUILLAYES,TRANQUE DE RELAVE,COBRE,METÁLICO,1,04,042,04204,Coquimbo,Choapa,Salamanca,6475601.321,348085.474,WGS84,19S,-31.84518172,-70.60553518,ACTIVO,AGUAS ABAJO,259890073,259215937.7,396000000,395304305,3331,2003-10-17,1603,2015-06-15,15137.43232,3838398.503
0490-4N,96790240-3,MINERA LOS PELAMBRES,FAENA LOS PELAMBRES,EL MAURO,TRANQUE DE RELAVE,COBRE-MOLIBDENO,METÁLICO,2,04,042,04203,Coquimbo,Choapa,Los Vilos,6461626.282,308843.5943,WGS84,19S,-31.96527629,-71.02282728,ACTIVO,AGUAS ABAJO,1133333333,597602005.3,1700000000,896403008,2623,2004-12-29,1603,2015-06-15,28688.67511,9939115.463
0491-4N,sin rut conocido,ENRIQUE MERINO M.,PLANTA TRINCHERA,TRINCHERA,TRANQUE DE RELAVE,COBRE-ORO,METÁLICO,1,04,042,04204,Coquimbo,Choapa,Salamanca,6486317.999,316400.1747,WGS84,19S,-31.74388416,-70.93823866,ABANDONADO,EJE CENTRAL,8495,,12742,,525,1989-05-16,,,326.0552575,6795.314735
0492-4N,sin rut conocido,MARIA TAPIA OCARANZA,PLANTA SAN ELISEO,SAN ELISEO 1,TRANQUE DE RELAVE,COBRE-ORO,METÁLICO,1,04,042,04204,Coquimbo,Choapa,Salamanca,6482255.567,312046.974,WGS84,19S,-31.77980682,-70.98495355,ABANDONADO,EJE CENTRAL,33400,,50100,,649,1987-07-17,,,251.8236861,3819.63026
0493-4N,sin rut conocido,MARIA TAPIA OCARANZA,PLANTA SAN ELISEO,SAN ELISEO 2,TRANQUE DE RELAVE,COBRE-ORO,METÁLICO,1,04,042,04204,Coquimbo,Choapa,Salamanca,6482273.823,312093.7838,WGS84,19S,-31.77964991,-70.98445594,ABANDONADO,EJE CENTRAL,22300,,33450,,649,1987-07-17,,,282.3187569,4625.38813
0494-4N,sin rut conocido,EDUARDO GOMEZ TORREJON,PLANTA SANTO DOMINGO,SANTO DOMINGO 1-2,ACOPIO,COBRE-ORO,METÁLICO,,04,042,04204,Coquimbo,Choapa,Salamanca,6482586.206,312428.9051,WGS84,19S,-31.77688834,-70.98085851,ABANDONADO,NO APLICA,29200,,43800,,501,1987-06-01,,,425.4804739,11446.54035
0495-4N,sin rut conocido,CIA. MINERA TAHUINCO,PLANTA EL ARENAL (EX LOS PELADEROS),EL ARENAL,ACOPIO,COBRE,METÁLICO,,04,042,04204,Coquimbo,Choapa,Salamanca,6460392.312,318967.2467,WGS84,19S,-31.97806436,-70.91598213,ABANDONADO,NO APLICA,39492,,59238,,,,,,302.8611246,6505.820555
0496-4N,sin rut conocido,JULIO MERINO,PLANTA MERINO,MERINO,ACOPIO,COBRE,METÁLICO,,04,042,04204,Coquimbo,Choapa,Salamanca,6460647.925,318970.565,WGS84,19S,-31.97576009,-70.91589913,ABANDONADO,NO APLICA,14400,,21600,,,,,,251.6358642,2253.739952
0497-4N,11268804-8,OSVALDO GAMBOA VEGA,NUEVA MOLLAQUITA,NUEVA MOLLAQUITA,EMBALSE,COBRE,METÁLICO,0,04,041,04101,Coquimbo,Elqui,La Serena,6671096.74,295443.5808,WGS84,19S,-30.0741721,-71.12224221,ABANDONADO,EXCAVACION TERRENO,1800,,2700,,,,1200,2015-08-28,170.3050982,1996.765745
0498-4N,sin rut conocido,CEMIN,PLANTA CHINGOLES,CHINGOLES 1,TRANQUE DE RELAVE,COBRE,METÁLICO,1,04,041,04104,Coquimbo,Elqui,La Higuera,6740786.786,330071.6081,WGS84,19S,-29.45083041,-70.75216151,ABANDONADO,AGUAS ARRIBA,80000,,120000,,206,1986-02-07,,,591.2704792,19305.53002
0499-4N,sin rut conocido,CEMIN,PLANTA CHINGOLES,CHINGOLES 2,EMBALSE,COBRE,METÁLICO,1,04,041,04104,Coquimbo,Elqui,La Higuera,6740804.538,330189.2038,WGS84,19S,-29.45068622,-70.75094668,ABANDONADO,,96660,,144990,,206,1986-02-07,,,525.5672116,17061.31444
0500-4N,89274000-3,COMPAÑIA EXPLOTADORA DE MINAS SPA,LOS PINGOS,LOS PINGOS 1,TRANQUE DE RELAVE,COBRE,METÁLICO,1,04,043,04303,Coquimbo,Limarí,Monte Patria,6575188.871,357081.8522,WGS84,19S,-30.94811119,-70.49616686,INACTIVO,,346939,,520408,,2930,2010-10-29,259,2016-02-09,784.5640819,40268.84052
0501-RM,89274000-3,CEMIN,PLANTA BATUCO,EMBALSE DE RELAVES,EMBALSE,COBRE,METÁLICO,1,13,133,13302,Metropolitana de Santiago,Chacabuco,Lampa,6318771.18,329013.7872,WGS84,19S,-33.25653033,-70.83558177,INACTIVO,,26636,,39954,,69,1992-01-17,771,2007-08-07,642.2084257,15584.50096
0502-RM,89274000-3,CEMIN,PLANTA BATUCO,TRANQUE DE RELAVE 1-PRISMA DE SEGURIDAD-CIERRE MEJORADO,TRANQUE DE RELAVE,COBRE,METÁLICO,1,13,133,13302,Metropolitana de Santiago,Chacabuco,Lampa,6318850.071,328711.1861,WGS84,19S,-33.25577111,-70.83881391,INACTIVO,,170000,,250000,,33,1989-01-09,771,2007-08-07,1413.707675,80199.94991
0503-RM,89274000-3,CEMIN,PLANTA BATUCO,TRANQUE DE RELAVE 2,TRANQUE DE RELAVE,COBRE,METÁLICO,1,13,133,13302,Metropolitana de Santiago,Chacabuco,Lampa,6318838.275,328932.1375,WGS84,19S,-33.2559125,-70.83644525,INACTIVO,,,,,,69,1992-01-17,,,452.944777,12599.53124
0504-4N,sin rut conocido,NICANOR VILLALOBOS,PLANTA SAN MIGUEL,SAN MIGUEL,ACOPIO,ORO,METÁLICO,,04,043,04303,Coquimbo,Limarí,Monte Patria,6589209.722,347263.8937,WGS84,19S,-30.82041463,-70.59681578,ABANDONADO,NO APLICA,4400,,6600,,,,,,188.4167716,2005.407283
0505-4N,79735190-3,SLM TESORO I DE LA HIGUERA,FAENA TESORO,TESORO 1-2-3,TRANQUE DE RELAVE,COBRE,METÁLICO,1,04,041,04104,Coquimbo,Elqui,La Higuera,6750130.077,299437.7008,WGS84,19S,-29.36202777,-71.06616992,INACTIVO,AGUAS ARRIBA,51206,,76809,,,,1292,2002-05-03,688.3300789,20916.34999
0506-4N,79735190-3,SLM TESORO I DE LA HIGUERA,FAENA TESORO,TESORO 4,TRANQUE DE RELAVE,COBRE,METÁLICO,1,04,041,04104,Coquimbo,Elqui,La Higuera,6750108.835,299589.3055,WGS84,19S,-29.36224354,-71.06461281,ACTIVO,EJE CENTRAL,166800,121704,235188,302125,1253,2005-05-26,,,550.5818515,18361.2154
0507-4N,79735190-3,SLM TESORO I DE LA HIGUERA,FAENA TESORO,TESORO ,EMBALSE,COBRE,METÁLICO,1,04,041,04104,Coquimbo,Elqui,La Higuera,6750686.905,299630.1533,WGS84,19S,-29.35703609,-71.06408705,EN CONSTRUCCION,AGUAS ABAJO,236182,,354273,,753,2018-05-30,,,667.8838218,28292.70358
0508-4N,10752719-2,CARLOS GREGORIO ARAYA CAMPAÑA,PLANTA DE BENEFICIO CARLOS ARAYA CAMPAÑA,TRANQUE DE RELAVE,ACOPIO,COBRE,METÁLICO,,04,041,04102,Coquimbo,Elqui,Coquimbo,6656936.689,286913.0797,WGS84,19S,-30.20040446,-71.21353996,ABANDONADO,NO APLICA,13965,,20947,,106,2012-01-17,,,353.631848,7056.025636
0509-4N,12445826-9,DINKA RAMIREZ ALBALLAY ,SAN LUIS,TRANQUE DE RELAVES PLANTA SAN LUIS,TRANQUE DE RELAVE,COBRE,METÁLICO,1,04,041,04101,Coquimbo,Elqui,La Serena,6676352.435,303635.7327,WGS84,19S,-30.02811648,-71.03632535,ACTIVO,AGUAS ARRIBA,,,62646,27185,632,2020-10-15,,,244.3633696,3767.024468
0510-4N,12445826-9,DINKA RAMIREZ ALBALLAY ,SAN LUIS,SAN LUIS,TRANQUE DE RELAVE,COBRE,METÁLICO,1,04,041,04101,Coquimbo,Elqui,La Serena,6676266.249,303626.7851,WGS84,19S,-30.02889234,-71.03643399,INACTIVO,AGUAS ARRIBA,33163,33278,49745,47984,825,1989-08-30,,,335.3768083,6452.599672
0511-4N,13745695-8,MAURICIO ALBURQUENQUE NUÑEZ,SANTA TERESITA,SANTA TERESITA 1,TRANQUE DE RELAVE,ORO-COBRE,METÁLICO,1,04,041,04103,Coquimbo,Elqui,Andacollo,6654175.308,301337.1596,WGS84,19S,-30.2277514,-71.06430756,INACTIVO,AGUAS ARRIBA,100800,,151200,,188,1986-02-04,,,213.4531116,3362.689977
0512-4N,13745695-8,MAURICIO ALBURQUENQUE NUÑEZ,SANTA TERESITA,SANTA TERESITA 2,TRANQUE DE RELAVE,ORO-COBRE,METÁLICO,1,04,041,04103,Coquimbo,Elqui,Andacollo,6654227.318,301252.9689,WGS84,19S,-30.22726858,-71.06517211,ACTIVO,AGUAS ARRIBA,74000,44312,111000,665,2146,2014-10-15,,,379.2691931,8542.503806
0513-4N,sin rut conocido,JORGE HONORES MILLA,PLANTA VICTORIA,VICTORIA 1,TRANQUE DE RELAVE,COBRE-ORO,METÁLICO,1,04,041,04103,Coquimbo,Elqui,Andacollo,6654026.158,300546.4633,WGS84,19S,-30.22896684,-71.07254742,ABANDONADO,AGUAS ARRIBA,60000,,90000,,940,1983-09-05,,,270.4301015,5164.426633
0514-4N,sin rut conocido,JORGE HONORES MILLA,PLANTA VICTORIA,VICTORIA 2,TRANQUE DE RELAVE,COBRE-ORO,METÁLICO,1,04,041,04103,Coquimbo,Elqui,Andacollo,6654095.148,300595.1165,WGS84,19S,-30.22835266,-71.07202909,ABANDONADO,AGUAS ARRIBA,64000,,96000,,,,,,316.7352276,5811.828948
0515-4N,sin rut conocido,HECTOR GONZALEZ CASTILLO,PLANTA HUANA,HUANA 1,ACOPIO,COBRE,METÁLICO,,04,043,04303,Coquimbo,Limarí,Monte Patria,6601062.073,312907.6216,WGS84,19S,-30.70860353,-70.95368043,ABANDONADO,NO APLICA,67841,,101761,,10,1989-01-04,,,332.9389541,3567.827765
0516-4N,sin rut conocido,HECTOR GONZALEZ CASTILLO,PLANTA HUANA,HUANA 2,ACOPIO,COBRE,METÁLICO,,04,043,04303,Coquimbo,Limarí,Monte Patria,6600889.075,312977.7389,WGS84,19S,-30.71017471,-70.95298005,ABANDONADO,NO APLICA,78000,,117000,,10,1989-01-04,,,158.8998305,1745.750421
0517-4N,sin rut conocido,J. HERNANDEZ,PLANTA EL ALGARROBO,EL ALGARROBO,TRANQUE DE RELAVE,COBRE,METÁLICO,1,04,043,04305,Coquimbo,Limarí,Río Hurtado,6629415.453,308360.1708,WGS84,19S,-30.45218115,-70.99589585,ABANDONADO,AGUAS ARRIBA,22290,,33435,,,,,,364.2584807,8224.897888
0518-4N,76095379-2,INVERSIONES SINAXIS S.A,FAENA RIGOBERTO VASQUEZ VERA,SANTA TERESA ,TRANQUE DE RELAVE,COBRE-ORO,METÁLICO,1,04,042,04201,Coquimbo,Choapa,Illapel,6527239.326,303420.9316,WGS84,19S,-31.37275862,-71.06702941,INACTIVO,EJE CENTRAL,25000,,37500,,,,,,480.867404,14119.66179
0519-4N,76095379-2,INVERSIONES SINAXIS S.A,FAENA RIGOBERTO VASQUEZ VERA,SANTA TERESA 2,TRANQUE DE RELAVE,COBRE-ORO,METÁLICO,1,04,042,04201,Coquimbo,Choapa,Illapel,6527138.348,303412.9009,WGS84,19S,-31.37366776,-71.06713375,ACTIVO,EJE CENTRAL,148056,56574,222084,84862,270,2018-03-01,,,394.1697775,10094.585
0520-4N,3233143-2,MIGUEL AGUIRRE BUSTAMANTE,FAENA MIGUEL AGUIRRE BUSTAMANTE,PLUMA DE ORO,EMBALSE,COBRE-ORO,METÁLICO,1,04,042,04201,Coquimbo,Choapa,Illapel,6497502.735,294053.3123,WGS84,19S,-31.6392398,-71.17166384,ABANDONADO,,48700,,73050,,2567,2014-11-24,1049,2015-07-27,467.0386622,12305.71215
0521-4N,3504730-1,EDUARDO OLIVARES CAÑAS,FAENA DOS ESPINOS,DOS ESPINOS 1-2,EMBALSE,ORO,METÁLICO,0,04,041,04104,Coquimbo,Elqui,La Higuera,6741490.953,326508.3483,WGS84,19S,-29.44398961,-70.78877676,ABANDONADO,EXCAVACION TERRENO,26000,,39000,,1263,1988-12-12,,,88.35104915,502.73565
0522-4N,86527000-3,SLM NANCY PRIMERA (TOMAS PONCE),FAENA PONCE,PONCE ,TRANQUE DE RELAVE,COBRE-ORO,METÁLICO,1,04,041,04103,Coquimbo,Elqui,Andacollo,6651588.406,300184.0646,WGS84,19S,-30.2508917,-71.07677344,ACTIVO,EJE CENTRAL,29424,11870,44137,17805,1031,2016-07-07,,,423.3049636,9755.58272
0523-4N,86527000-3,SLM NANCY PRIMERA (TOMAS PONCE),FAENA PONCE,PONCE 1,TRANQUE DE RELAVE,COBRE-ORO,METÁLICO,1,04,041,04103,Coquimbo,Elqui,Andacollo,6651561.698,300068.4308,WGS84,19S,-30.2511135,-71.07797968,INACTIVO,AGUAS ARRIBA,7585,,11377,,121,1985-01-28,,,186.716707,1474.875659
0524-4N,86527000-3,SLM NANCY PRIMERA (TOMAS PONCE),FAENA PONCE,PONCE 2,TRANQUE DE RELAVE,COBRE-ORO,METÁLICO,1,04,041,04103,Coquimbo,Elqui,Andacollo,6651495.456,300077.5628,WGS84,19S,-30.2517124,-71.0778974,INACTIVO,AGUAS ARRIBA,7990,,11985,,,,,,159.8536078,1330.961328
0525-4N,86527000-3,SLM NANCY PRIMERA (TOMAS PONCE),FAENA PONCE,PONCE 3,TRANQUE DE RELAVE,COBRE-ORO,METÁLICO,1,04,041,04103,Coquimbo,Elqui,Andacollo,6651470.071,300087.061,WGS84,19S,-30.2519429,-71.07780355,INACTIVO,AGUAS ARRIBA,9185,,13777,,,,,,356.108963,3539.640012
0526-4N,86527000-3,SLM NANCY PRIMERA (TOMAS PONCE),FAENA PONCE,PONCE 4,TRANQUE DE RELAVE,COBRE-ORO,METÁLICO,1,04,041,04103,Coquimbo,Elqui,Andacollo,6651526.292,300066.9468,WGS84,19S,-30.25143256,-71.07800182,INACTIVO,AGUAS ARRIBA,935,,1402,,,,,,141.0538473,1187.840992
0527-4N,86527000-3,SLM NANCY PRIMERA (TOMAS PONCE),FAENA PONCE,PONCE 5,TRANQUE DE RELAVE,COBRE-ORO,METÁLICO,1,04,041,04103,Coquimbo,Elqui,Andacollo,6651530.889,300135.139,WGS84,19S,-30.25140234,-71.07729258,INACTIVO,AGUAS ARRIBA,1680,,2520,,,,,,327.1344185,5547.926713
0528-4N,86527000-3,SLM NANCY PRIMERA (TOMAS PONCE),FAENA PONCE,PONCE 6,TRANQUE DE RELAVE,COBRE-ORO,METÁLICO,1,04,041,04103,Coquimbo,Elqui,Andacollo,6651590.145,300100.3932,WGS84,19S,-30.25086223,-71.07764226,INACTIVO,AGUAS ARRIBA,56667,51762,85000,77644,121,1985-01-28,,,266.3215938,3802.141029
0529-4N,76644818-6,INVERSIONES MINERAS PIZARRO SPA,FAENA MARIANITA,TRANQUE MARIANITA,TRANQUE DE RELAVE,ORO,METÁLICO,1,04,041,04106,Coquimbo,Elqui,Vicuña,6679401.289,306899.0386,WGS84,19S,-30.00113801,-71.00194928,INACTIVO,AGUAS ARRIBA,70000,72848,105000,109272,2147,2014-10-15,2147,2014-10-15,404.7344593,10313.53924
0530-4N,76644818-6,INVERSIONES MINERAS PIZARRO SPA,FAENA MARIANITA,EMBALSE MARIANITA,EMBALSE,ORO,METÁLICO,0,04,041,04106,Coquimbo,Elqui,Vicuña,6679465.534,306917.2698,WGS84,19S,-30.00056145,-71.00174873,INACTIVO,EXCAVACION TERRENO,3790,72848,14706,109272,2147,2014-10-15,2147,2014-10-15,309.8386208,5400.840428
0531-4N,4953204-0,PEDRO FLORES DIAZ,PLANTA HORIZONTE,HORIZONTE 1,TRANQUE DE RELAVE,ORO,METÁLICO,1,04,042,04201,Coquimbo,Choapa,Illapel,6517687.043,305464.6793,WGS84,19S,-31.45923474,-71.04742178,INACTIVO,AGUAS ARRIBA,6300,,9450,,498,1987-06-01,625,2001-04-09,241.1800772,3521.700298
0532-4N,4953204-0,PEDRO FLORES DIAZ,PLANTA HORIZONTE,HORIZONTE 2,TRANQUE DE RELAVE,ORO,METÁLICO,1,04,042,04201,Coquimbo,Choapa,Illapel,6517703.035,305407.3459,WGS84,19S,-31.45908089,-71.04802173,INACTIVO,AGUAS ARRIBA,4900,,7350,,498,1987-06-01,625,2001-04-09,239.3023493,3136.127124
0533-4N,4953204-0,PEDRO FLORES DIAZ,PLANTA HORIZONTE,TRANQUE DE RELAVE,TRANQUE DE RELAVE,ORO,METÁLICO,1,04,042,04201,Coquimbo,Choapa,Illapel,6517701.993,305344.2683,WGS84,19S,-31.45907967,-71.04868545,INACTIVO,AGUAS ARRIBA,4900,,7350,,,,625,2001-04-09,129.2357473,958.5221046
0534-4N,5178100-7,JUAN POLO OSSES,FAENA TUNQUEN,RELAVES 1,TRANQUE DE RELAVE,COBRE,METÁLICO,1,04,042,04201,Coquimbo,Choapa,Illapel,6516019.718,300719.8826,WGS84,19S,-31.47346024,-71.09766644,ABANDONADO,AGUAS ARRIBA,31200,,46800,,,,,,631.7999752,14421.22572
0535-4N,5178100-7,JUAN POLO OSSES,FAENA TUNQUEN,RELAVES 2,TRANQUE DE RELAVE,COBRE,METÁLICO,1,04,042,04201,Coquimbo,Choapa,Illapel,6515895.709,300732.4613,WGS84,19S,-31.47458054,-71.09755905,ABANDONADO,AGUAS ARRIBA,15300,,22950,,,,,,292.7478313,4289.284891
0536-4N,5178100-7,JUAN POLO OSSES,FAENA TUNQUEN,RELAVES 3,TRANQUE DE RELAVE,COBRE,METÁLICO,1,04,042,04201,Coquimbo,Choapa,Illapel,6515794.383,300788.9408,WGS84,19S,-31.47550388,-71.09698525,ABANDONADO,AGUAS ARRIBA,124500,,186750,,,,,,466.8559028,15057.82961
0537-4N,85388000-0,SOC. MINERA CALIFORNIA (VICTOR NAZER),FAENA NUEVA CALIFORNIA,TRANQUE DE RELAVES 1,TRANQUE DE RELAVE,COBRE,METÁLICO,1,04,042,04201,Coquimbo,Choapa,Illapel,6505492.825,300614.3469,WGS84,19S,-31.56835685,-71.10090066,ACTIVO,AGUAS ABAJO,687388,101985,962000,68001,5,2006-02-01,,,585.0646985,21166.37912
0538-4N,85388000-0,SOC. MINERA CALIFORNIA (VICTOR NAZER),FAENA NUEVA CALIFORNIA,TRANQUE DE RELAVES 2,TRANQUE DE RELAVE,COBRE,METÁLICO,1,04,042,04201,Coquimbo,Choapa,Illapel,6505586.093,300617.5969,WGS84,19S,-31.56751648,-71.10084757,INACTIVO,EJE CENTRAL,84300,,126450,,,,,,314.4568978,5528.52716
0539-4N,5618969-6,SOC. DABED POZO (RENE SOLIS),FAENA SAN JORGE,TRANQUE DE RELAVE 1,TRANQUE DE RELAVE,COBRE,METÁLICO,1,04,042,04201,Coquimbo,Choapa,Illapel,6498247.234,295029.0677,WGS84,19S,-31.63270206,-71.16122565,ABANDONADO,AGUAS ARRIBA,15170,,22755,,148,1985-02-01,,,147.9453479,1401.609515
0540-4N,5618969-6,SOC. DABED POZO (RENE SOLIS),FAENA SAN JORGE,TRANQUE DE RELAVE 2,TRANQUE DE RELAVE,COBRE,METÁLICO,1,04,042,04201,Coquimbo,Choapa,Illapel,6498199.777,295011.4624,WGS84,19S,-31.63312678,-71.16142107,ABANDONADO,AGUAS ARRIBA,23800,,35700,,215,1988-02-12,,,204.2281539,3043.393082
0541-4N,5618969-6,SOC. DABED POZO (RENE SOLIS),FAENA SAN JORGE,TRANQUE DE RELAVE 3,TRANQUE DE RELAVE,COBRE,METÁLICO,1,04,042,04201,Coquimbo,Choapa,Illapel,6498167.064,294967.9009,WGS84,19S,-31.63341395,-71.16188694,ABANDONADO,AGUAS ARRIBA,17446,,26169,,,,,,219.3288667,3127.024538
0542-4N,5618969-6,SOC. DABED POZO (RENE SOLIS),SOC. DABED POZA LTDA.,SAN JORGE 1-2-3,TRANQUE DE RELAVE,COBRE,METÁLICO,1,04,042,04201,Coquimbo,Choapa,Illapel,6498136.132,294902.2724,WGS84,19S,-31.63368111,-71.16258497,ABANDONADO,AGUAS ARRIBA,43670,,63321,,215,1988-02-12,964,,240.2415198,3807.258942
0543-4N,77213680-3,BIOMINERAL SERVICIOS LTDA,PLANTA PUENTE NEGRO,PUENTE NEGRO,EMBALSE,COBRE,METÁLICO,1,04,042,04201,Coquimbo,Choapa,Illapel,6491321.846,285056.2161,WGS84,19S,-31.69331301,-71.26782837,ABANDONADO,,39000,,58500,,42,2008-01-15,,,222.4683056,3679.282911
0544-4N,6767792-7,SLM LA FORTUNA (GABRIEL GUERRA OLIVARES),FAENA EL CANELILLO,EL CANELILLO,TRANQUE DE RELAVE,COBRE,METÁLICO,1,04,042,04201,Coquimbo,Choapa,Illapel,6522746.043,301870.4492,WGS84,19S,-31.41300942,-71.08421877,INACTIVO,AGUAS ARRIBA,24216,,36324,,644,1987-07-17,,,382.212386,8457.758571
0545-4N,76102677-1,SCM HMC GOLD,TAMBO DE ORO,TAMBO DE ORO,FILTRADO,ORO,METÁLICO,0,04,043,04304,Coquimbo,Limarí,Punitaqui,6584468.797,287367.7368,WGS84,19S,-30.85393495,-71.22365825,ACTIVO,NO APLICA,1338127,927712,2489304,1855424,1773,2022-10-13,,,1765.933029,163155.8938
0546-4N,11514072-8,HUGO VEGA OLIVARES,LOS MANTOS,EMBALSE RELAVE PLANTA LOS MANTOS,EMBALSE,COBRE,METÁLICO,0,04,042,04201,Coquimbo,Choapa,Illapel,6488314.723,298421.9041,WGS84,19S,-31.72285439,-71.12751451,EN CONSTRUCCION,EXCAVACION TERRENO,,,9272,,531,2023-07-24,,,260.2565538,4545.642121
0547-4N,6854266-9,JAIME PEREZ GOMEZ,FAENA EL ROMERO,EL ROMERO 1,TRANQUE DE RELAVE,COBRE-ORO,METÁLICO,1,04,042,04201,Coquimbo,Choapa,Illapel,6522403.106,304299.1134,WGS84,19S,-31.41651444,-71.05875216,INACTIVO,AGUAS ARRIBA,14146,9684,21220,14301,535,1983-05-10,,,446.3129822,11410.99146
0548-4N,6854266-9,JAIME PEREZ GOMEZ,FAENA EL ROMERO,EL ROMERO 2,TRANQUE DE RELAVE,COBRE,METÁLICO,1,04,042,04201,Coquimbo,Choapa,Illapel,6522279.532,304234.4925,WGS84,19S,-31.41761776,-71.05945595,ACTIVO,EJE CENTRAL,22184,19862,33277,29793,212,1998-01-23,,,484.2203113,14285.04473
0549-4N,6965512-2,FERNANDO YOUNG UGALDE,PLANTA - TRAPICHE YOUNG (EX PLANTA CANELA),CANELA,EMBALSE,ORO,METÁLICO,1,04,042,04202,Coquimbo,Choapa,Canela,6522675.392,265444.2371,WGS84,19S,-31.40684504,-71.46714149,ACTIVO,EJE CENTRAL,14000,,21000,,262,2018-02-27,,,288.5462634,5736.707112
0550-4N,7054461-K,OSCAR SEGOVIA ORTIZ,PLANTA SANTA CAMILA,TRANQUE DE RELAVE,TRANQUE DE RELAVE,COBRE,METÁLICO,1,04,043,04304,Coquimbo,Limarí,Punitaqui,6583317.325,285353.8095,WGS84,19S,-30.86395384,-71.24494782,INACTIVO,EJE CENTRAL,12653,1864,17400,261,1812,2015-12-21,475,2013-05-10,262.2926546,4153.666672
0551-4N,7272107-1,SOC. COM. BELLAVISTA (J.GODOY ALBALLAY),PLANTA BELLAVISTA,RELAVES BELLAVISTA,TRANQUE DE RELAVE,ORO-COBRE,METÁLICO,1,04,041,04103,Coquimbo,Elqui,Andacollo,6651616.349,299686.9965,WGS84,19S,-30.25055771,-71.08193151,ACTIVO,AGUAS ABAJO,97160,26693,136024,40040,1399,2015-05-10,,,307.5726127,6518.440971
0552-4N,7272107-1,SOC. COM. BELLAVISTA (J.GODOY ALBALLAY),FAENA BELLAVISTA,BELLAVISTA 1,ACOPIO,ORO-COBRE,METÁLICO,,04,041,04103,Coquimbo,Elqui,Andacollo,6651298.791,300300.6011,WGS84,19S,-30.25352273,-71.07561782,ABANDONADO,NO APLICA,43200,,64800,,942,1983-09-05,1662,2013-12-23,157.9462974,1456.491431
0553-4N,7272107-1,SOC. COM. BELLAVISTA (J.GODOY ALBALLAY),FAENA BELLAVISTA,BELLAVISTA 2,ACOPIO,ORO-COBRE,METÁLICO,,04,041,04103,Coquimbo,Elqui,Andacollo,6651277.372,300285.2471,WGS84,19S,-30.25371337,-71.07578138,ABANDONADO,NO APLICA,10400,,15600,,,,1662,2013-12-23,128.3885745,975.5660625
0554-4N,7272107-1,SOC. COM. BELLAVISTA (J.GODOY ALBALLAY),FAENA BELLAVISTA,BELLAVISTA 3,ACOPIO,ORO-COBRE,METÁLICO,,04,041,04103,Coquimbo,Elqui,Andacollo,6651252.963,300265.8592,WGS84,19S,-30.25393031,-71.07598741,ABANDONADO,NO APLICA,23808,,35712,,,,1662,2013-12-23,188.7869871,2111.629111
0555-4N,7272107-1,SOC. COM. BELLAVISTA (J.GODOY ALBALLAY),FAENA BELLAVISTA,BELLAVISTA 4,TRANQUE DE RELAVE,ORO-COBRE,METÁLICO,1,04,041,04103,Coquimbo,Elqui,Andacollo,6651323.372,300258.9358,WGS84,19S,-30.25329419,-71.07604598,ABANDONADO,AGUAS ARRIBA,4800,,7200,,,,1662,2013-12-23,247.2417271,3772.855135
0556-4N,7272107-1,SOC. COM. BELLAVISTA (J.GODOY ALBALLAY),FAENA BELLAVISTA,BELLAVISTA 5,TRANQUE DE RELAVE,ORO-COBRE,METÁLICO,1,04,041,04103,Coquimbo,Elqui,Andacollo,6651313.471,300205.7642,WGS84,19S,-30.25337473,-71.0766002,ABANDONADO,AGUAS ARRIBA,58830,,88245,,,,1662,2013-12-23,358.5641006,4810.753421
0557-4N,77526263-K,AURORA IRENE VILLABLANCA GOMEZ,PLANTA MINERA AURORA VILLABLANCA SPA,SEGURA 1-2,TRANQUE DE RELAVE,COBRE-ORO,METÁLICO,1,04,043,04302,Coquimbo,Limarí,Combarbalá,6579605.636,292498.0937,WGS84,19S,-30.89869568,-71.17102794,ABANDONADO,EJE CENTRAL,33200,,49800,,271,1987-03-13,,,153.8694991,1451.708424
0558-4N,76035919-K,CIA. MINERA CLAUDIO ALBERTO ISA,FAENA ENRIQUETA ,TRANQUE DE RELAVE,TRANQUE DE RELAVE,COBRE,METÁLICO,1,04,041,04104,Coquimbo,Elqui,La Higuera,6749706.275,294759.8635,WGS84,19S,-29.36509511,-71.11441255,ABANDONADO,AGUAS ARRIBA,3232,,4848,,,,,,195.7956462,2443.373496
0559-4N,76035919-K,CIA. MINERA CLAUDIO ALBERTO ISA,FAENA ENRIQUETA,ENRIQUETA,TRANQUE DE RELAVE,COBRE-ORO,METÁLICO,1,04,041,04104,Coquimbo,Elqui,La Higuera,6749906.343,294608.7768,WGS84,19S,-29.36326596,-71.11593086,ABANDONADO,AGUAS ARRIBA,49000,,73500,,249,1989-02-23,,,494.4654023,16183.62522
0560-4N,76043773-5,SCM VENTANA MINERALS,FAENA TRIMINERALS  EX LA COLONIA,EMBALSE DE RELAVES ILLAPEL,EMBALSE,COBRE-ORO-PLATA,METÁLICO,1,04,042,04201,Coquimbo,Choapa,Illapel,6503017.002,299119.9909,WGS84,19S,-31.59041973,-71.11714212,ACTIVO,,414442,213718,622408,320577,987,2010-11-08,4074,2011-12-09,815.6448172,37324.02864
0561-4N,76055784-6,MINERA LOS CRISTALES,LOS CRISTALES,LOS CRISTALES DIVISADERO 1-2,EMBALSE,COBRE,METÁLICO,1,04,043,04304,Coquimbo,Limarí,Punitaqui,6584053.435,294608.4495,WGS84,19S,-30.85895831,-71.14806583,ABANDONADO,,44007,,74812,,1555,2011-06-03,,,294.8050277,6067.660204
0562-4N,76418856-K,MILLAPEL S.A,FAENA ILLAPEL,ILLAPEL ,EMBALSE,COBRE,METÁLICO,1,04,042,04201,Coquimbo,Choapa,Illapel,6521897.958,301970.1809,WGS84,19S,-31.42067336,-71.0833393,INACTIVO,,271334,50667,407000,76,1020,2010-11-16,,,572.6425881,21767.14673
0563-4N,76099198-8,SOC. EXPLOTADORA MINERA RA LTDA.,NICOLAS YABER,EMBALSE DE RELAVE,EMBALSE,COBRE,METÁLICO,1,04,041,04104,Coquimbo,Elqui,La Higuera,6753245.389,291537.5378,WGS84,19S,-29.33264506,-71.14692067,ACTIVO,AGUAS ABAJO,324793,233506,552148,316148,836,2012-03-19,,,1711.638699,77814.68363
0564-4N,76938058-2,SANTA MARIA VERONICA SPA,PLANTA MIRANDA,MIRANDA,TRANQUE DE RELAVE,COBRE,METÁLICO,1,04,041,04103,Coquimbo,Elqui,Andacollo,6651294.965,299977.238,WGS84,19S,-30.25350394,-71.07897764,INACTIVO,EJE CENTRAL,36267,10182,50773,15273,3,2006-01-19,,,418.2684393,9271.137854
0565-4N,76938058-2,SANTA MARIA VERONICA SPA,PLANTA MIRANDA,EMBALSE MIRANDA,EMBALSE,COBRE,METÁLICO,1,04,041,04103,Coquimbo,Elqui,Andacollo,6651392.001,299985.5421,WGS84,19S,-30.25263021,-71.07887294,INACTIVO,,17333,,26000,,565,2017-04-18,,,380.3205026,10101.7083
0566-4N,77726990-9,EMPRESA SERVICIOS GENERALES PARA MINERÍA LTDA.,FAENA PEJERREYES,PEJERREYES,EMBALSE,COBRE,METÁLICO,1,04,043,04301,Coquimbo,Limarí,Ovalle,6634825.662,283463.2842,WGS84,19S,-30.39917439,-71.25391135,ABANDONADO,EXCAVACION TERRENO,171601,,257401,,369,2014-03-14,,,867.2363934,43843.76453
0567-4N,76207172-K,MARAY S.A.,FAENA EL MARAY,TRANQUE DE RELAVE 1,TRANQUE DE RELAVE,ORO,METÁLICO,1,04,041,04103,Coquimbo,Elqui,Andacollo,6654231.191,301847.2321,WGS84,19S,-30.22733079,-71.05899976,ABANDONADO,AGUAS ARRIBA,115260,,172890,,,,,,683.9749759,30727.77187
0568-4N,76207172-K,MARAY S.A.,FAENA EL MARAY,TRANQUE DE RELAVE 2,TRANQUE DE RELAVE,ORO,METÁLICO,1,04,041,04103,Coquimbo,Elqui,Andacollo,6654086.328,301861.3185,WGS84,19S,-30.22863953,-71.0588807,ABANDONADO,AGUAS ARRIBA,20958,,31437,,,,,,367.4508506,8515.585272
0569-4N,76154249-4,COMPAÑIA MINERA ARQUEROS S.A.,PROYECTO LLANOS DE ARQUEROS,DEPOSITO DE RELAVES ARQUEROS,ESPESADO,COBRE,METÁLICO,1,04,041,04106,Coquimbo,Elqui,Vicuña,6700294.341,318403.6221,WGS84,19S,-29.81444532,-70.87919041,EN CONSTRUCCION,AGUAS ABAJO,18500000,0,28800000,0,2330,2023-11-28,,,8841.649481,1753537.946
0570-4N,77474540-8,CIA. MINERA DELIRIO EIRL (JOSE ALVAREZ),FAENA LAS ROJAS,LAMAS 1,EMBALSE,COBRE,METÁLICO,0,04,041,04101,Coquimbo,Elqui,La Serena,6681558.588,301689.9981,WGS84,19S,-29.98084958,-71.05552362,ACTIVO,EXCAVACION TERRENO,49087,49961,73630,74941,637,2013-06-20,,,486.4856808,8722.919107
0571-4N,77474540-8,CIA. MINERA DELIRIO EIRL (JOSE ALVAREZ),FAENA LAS ROJAS,LAMAS 2,EMBALSE,COBRE,METÁLICO,0,04,041,04101,Coquimbo,Elqui,La Serena,6681573.443,301935.3621,WGS84,19S,-29.98075527,-71.05297898,ACTIVO,EXCAVACION TERRENO,42140,24456,63210,38184,346,2012-05-04,,,337.0775953,7560.696623
0572-4N,77474540-8,CIA. MINERA DELIRIO EIRL (JOSE ALVAREZ),FAENA LAS ROJAS,TRANQUE DE ARENAS 1-2,TRANQUE DE RELAVE,COBRE,METÁLICO,1,04,041,04101,Coquimbo,Elqui,La Serena,6681552.01,301836.0298,WGS84,19S,-29.98093252,-71.05401201,ACTIVO,EJE CENTRAL,172651,115095.33,258976,172643,1094,1989-11-14,70,2006-01-09,524.0435581,13423.40064
0573-4N,77474540-8,CIA. MINERA DELIRIO EIRL (JOSE ALVAREZ),FAENA LAS ROJAS,LAMAS 3,EMBALSE,COBRE,METÁLICO,0,04,041,04101,Coquimbo,Elqui,La Serena,6681708.323,301818.2897,WGS84,19S,-29.9795199,-71.05416677,ACTIVO,EXCAVACION TERRENO,27420,27073,34621,31609,,,,,262.5195033,3809.161816
0574-4N,77474540-8,CIA. MINERA DELIRIO EIRL (JOSE ALVAREZ),FAENA LAS ROJAS,LAMAS SECAS,ACOPIO,COBRE,METÁLICO,,04,041,04101,Coquimbo,Elqui,La Serena,6681471.294,301801.2526,WGS84,19S,-29.98165487,-71.05438728,INACTIVO,NO APLICA,98820,,148230,,,,,,511.0803575,14591.1366
0575-4N,76041198-1,OMINT SPA,FAENA TALCUNA ,PANULES,TRANQUE DE RELAVE,COBRE,METÁLICO,1,04,041,04106,Coquimbo,Elqui,Vicuña,6692041.736,314273.9134,WGS84,19S,-29.88826691,-70.92333227,ACTIVO,EJE CENTRAL,2872015,2126725.333,4308023,3190088,1311,2016-06-28,1930,2015-06-30,1948.532275,138943.06
0576-4N,76041198-1,OMINT SPA,FAENA TALCUNA ,DON ARTURO 1,TRANQUE DE RELAVE,COBRE,METÁLICO,1,04,041,04106,Coquimbo,Elqui,Vicuña,6691963.423,317868.5004,WGS84,19S,-29.88951059,-70.88613795,ABANDONADO,AGUAS ARRIBA,271500,,407250,,,,,,592.2081213,11360.5976
0577-4N,76041198-1,OMINT SPA,FAENA TALCUNA,DON ARTURO 2,TRANQUE DE RELAVE,COBRE,METÁLICO,1,04,041,04106,Coquimbo,Elqui,Vicuña,6691623.129,317476.7183,WGS84,19S,-29.89252193,-70.8902513,ABANDONADO,AGUAS ARRIBA,56500,,84750,,,,,,1132.949999,52478.60967
0578-4N,76041198-1,OMINT SPA,FAENA TALCUNA,TALCUNA 2,TRANQUE DE RELAVE,COBRE,METÁLICO,1,04,041,04106,Coquimbo,Elqui,Vicuña,6691816.052,317606.4546,WGS84,19S,-29.89080104,-70.88887551,INACTIVO,AGUAS ARRIBA,211876,,317814,,,,,,202.760998,2751.104096
0579-4N,76041198-1,OMINT SPA,FAENA TALCUNA,TALCUNA 3,TRANQUE DE RELAVE,COBRE,METÁLICO,1,04,041,04106,Coquimbo,Elqui,Vicuña,6691709.581,317193.0234,WGS84,19S,-29.89170003,-70.89317323,INACTIVO,AGUAS ARRIBA,162210,,243315,,,,,,743.1546659,29130.57674
0580-4N,76041198-1,OMINT SPA,PLANTA ZEBALLOS,TALCUNA 1-2-3,TRANQUE DE RELAVE,COBRE-ORO,METÁLICO,1,04,041,04106,Coquimbo,Elqui,Vicuña,6692518.596,318212.9479,WGS84,19S,-29.88455393,-70.88247837,ABANDONADO,AGUAS ARRIBA,1615200,,2422800,,,,,,318.2015514,5650.503692
0581-4N,76041198-1,OMINT SPA,FAENA TALCUNA ,YENNY (EX TALCUNA 1-2),TRANQUE DE RELAVE,COBRE,METÁLICO,1,04,041,04106,Coquimbo,Elqui,Vicuña,6692561.948,319683.2164,WGS84,19S,-29.8843792,-70.86725263,INACTIVO,,1798720,,2698080,,844,2007-09-06,1930,2015-06-30,1641.421833,110839.4473
0582-4N,77060502-4,COMPAÑIA MINERA RINCONADA SPA,FAENA LINDEROS,LA REPRESA,TRANQUE DE RELAVE,COBRE,METÁLICO,1,04,041,04106,Coquimbo,Elqui,Vicuña,6682594.245,307215.3729,WGS84,19S,-29.97239018,-70.99809448,INACTIVO,EJE CENTRAL,2566667,2072656,3850000,3108984,315,1985-03-18,1009,2015-04-13,2046.205861,132425.7457
0583-4N,77060502-4,COMPAÑIA MINERA RINCONADA SPA,FAENA LINDEROS,LINDEROS (EX DON GUILLERMO),TRANQUE DE RELAVE,COBRE-ORO,METÁLICO,1,04,041,04106,Coquimbo,Elqui,Vicuña,6682272.376,307501.6755,WGS84,19S,-29.97533814,-70.99518666,INACTIVO,AGUAS ARRIBA,270300,,391935,,,,1009,2015-04-13,891.3640236,27978.32025
0584-4N,76265800-3,SOC DE SERVICIOS AGRICOLAS ALAMIRO ZUNIGA PIZARRO E HIJOS LTDA,MARGARITA,DEPOSITO RELAVES FILTRADOS MARGARITA I,FILTRADO,ORO-COBRE,METÁLICO,0,04,043,04302,Coquimbo,Limarí,Combarbalá,6581433.239,294646.0799,WGS84,19S,-30.88259126,-71.14819962,ACTIVO,NO APLICA,,,159230,,13,2023-01-10,,,600.2033388,17592.69044
0585-4N,78248130-4,SOC. AGUIRRE MOYANO LTDA.,FAENA EL MAITEN,PONIENTE,TRANQUE DE RELAVE,ORO,METÁLICO,1,04,042,04201,Coquimbo,Choapa,Illapel,6494570.314,286419.7425,WGS84,19S,-31.66428213,-71.25274401,INACTIVO,EJE CENTRAL,15953,,23930,,2989,2002-12-30,,,217.2766581,2999.29209
0586-4N,78248130-4,SOC. AGUIRRE MOYANO LTDA.,FAENA EL MAITEN,CENTRAL (EX EL MAITEN 1+2A+2B+3,TRANQUE DE RELAVE,ORO,METÁLICO,1,04,042,04201,Coquimbo,Choapa,Illapel,6494633.855,286484.7126,WGS84,19S,-31.66372139,-71.25204536,INACTIVO,EJE CENTRAL,12950,,19425,,,,,,329.3931051,6779.685275
0587-4N,78248130-4,SOC. AGUIRRE MOYANO LTDA.,FAENA EL MAITEN,ORIENTE,TRANQUE DE RELAVE,ORO,METÁLICO,1,04,042,04201,Coquimbo,Choapa,Illapel,6494640.414,286555.1618,WGS84,19S,-31.66367537,-71.25130136,INACTIVO,EJE CENTRAL,12950,,19425,,,,1921,2002-07-24,290.3032313,3244.424055
0588-4N,85871200-9,CIA. MINERA ARENILLAS (BELTRAN AMENABAR),FAENAS MINERA ARENILLAS,RELAVES ANTIGUOS,ACOPIO,ORO,METÁLICO,,04,041,04103,Coquimbo,Elqui,Andacollo,6656814.204,299247.3852,WGS84,19S,-30.20360922,-71.0855082,INACTIVO,NO APLICA,800,,1100,,,,,,209.4074931,2205.766878
0589-4N,85871200-9,CIA. MINERA ARENILLAS (BELTRAN AMENABAR),FAENAS MINERA ARENILLAS,ARENILLAS 2,EMBALSE,ORO,METÁLICO,1,04,041,04103,Coquimbo,Elqui,Andacollo,6656868.539,299151.1815,WGS84,19S,-30.20310332,-71.08649671,ACTIVO,,49087,44225,73630,66337,1350,2016-09-07,,,376.7224209,7957.45858
0590-4N,85871200-9,CIA. MINERA ARENILLAS (BELTRAN AMENABAR),FAENAS MINERA ARENILLAS,ARENILLAS 3,TRANQUE DE RELAVE,ORO,METÁLICO,1,04,041,04103,Coquimbo,Elqui,Andacollo,6657096.981,299039.6053,WGS84,19S,-30.20102471,-71.08761167,INACTIVO,AGUAS ARRIBA,375000,,562500,,,,,,162.1909159,1360.234349
0591-4N,85871200-9,CIA. MINERA ARENILLAS (BELTRAN AMENABAR),FAENAS MINERA ARENILLAS,ARENILLAS 4,TRANQUE DE RELAVE,ORO,METÁLICO,1,04,041,04103,Coquimbo,Elqui,Andacollo,6657002.731,299054.5795,WGS84,19S,-30.20187716,-71.08747414,INACTIVO,AGUAS ARRIBA,172651,119916,258976,179874,224,2007-02-23,,,468.0913286,10955.06823
0592-4N,65033478-7,SINDICATO DE TRABAJADORES INDEPENDIENTES PIRQUINEROS NUEVA ESPERANZA DE LA COMUNA DE CANELA,PLANTA CANELA,EMBALSE RELAVE CANELA,EMBALSE,ORO,METÁLICO,1,04,042,04202,Coquimbo,Choapa,Canela,6525930.705,283027.3613,WGS84,19S,-31.38092252,-71.28161543,INACTIVO,EXCAVACION TERRENO,,,4800,,37,2018-01-08,,,254.5792908,4690.953184
0593-4N,9630851-5,HERMAN CORTES (EX MIRIAM CORREA),PLANTA MIRIAM,TRANQUE DE RELAVE,TRANQUE DE RELAVE,ORO,METÁLICO,1,04,042,04202,Coquimbo,Choapa,Canela,6524157.931,268131.3203,WGS84,19S,-31.3940215,-71.43855394,ABANDONADO,AGUAS ABAJO,4982,,7473,,,,,,233.3418975,3551.89723
0594-4N,sin rut conocido,JUAN ANDRES BAZAN GARMENDIA,PLANTA VARIOLA,RELAVE,TRANQUE DE RELAVE,COBRE,METÁLICO,1,04,043,04303,Coquimbo,Limarí,Monte Patria,6579477.66,313900.0137,WGS84,19S,-30.90341323,-70.94724522,ABANDONADO,AGUAS ARRIBA,74360,,111540,,,,,,590.19669,18691.3688
0595-4N,2807845-5,HUMBERTO RIVERA C.,PLANTA LA CABRA Y TALINAY,LA CABRA Y TALINAY,ACOPIO,COBRE,METÁLICO,,04,043,04301,Coquimbo,Limarí,Ovalle,6576697.19,243808.8825,WGS84,19S,-30.91536404,-71.68075285,ACTIVO,NO APLICA,108353,,162529,,822,1989-08-30,,,1647.74143,130612.1893
0596-4N,sin rut conocido,GERARD FINDEL FINDEL,PLANTA EL INCIENSO,EL INCIENSO 1,TRANQUE DE RELAVE,COBRE,METÁLICO,1,04,043,04301,Coquimbo,Limarí,Ovalle,6627452.282,291936.9417,WGS84,19S,-30.46715617,-71.16723419,ABANDONADO,EJE CENTRAL,12700,,19050,,,,,,268.6840951,4189.695028
0597-4N,sin rut conocido,GERARD FINDEL FINDEL,PLANTA EL INCIENSO,EL INCIENSO 2,TRANQUE DE RELAVE,COBRE,METÁLICO,1,04,043,04301,Coquimbo,Limarí,Ovalle,6627497.052,292018.1534,WGS84,19S,-30.46676651,-71.16637984,ABANDONADO,EJE CENTRAL,31000,,46500,,1028,1985-11-20,,,339.8315504,6546.273656
0598-4N,2807845-5,HUMBERTO RIVERA C.,BARRAZA,BARRAZA 1,TRANQUE DE RELAVE,COBRE,METÁLICO,1,04,043,04301,Coquimbo,Limarí,Ovalle,6600571.193,259888.4369,WGS84,19S,-30.70352206,-71.50704132,ABANDONADO,AGUAS ARRIBA,19800,,29700,,1468,1993-10-27,,,396.3925878,10885.04707
0599-4N,6503389-5,GERARDO FINDEL W.,PLANTA CONTACTO,CONTACTO,TRANQUE DE RELAVE,COBRE,METÁLICO,1,04,041,04105,Coquimbo,Elqui,Paiguano,6681390.418,351261.4994,WGS84,19S,-29.98938441,-70.54190974,ABANDONADO,AGUAS ARRIBA,125700,,188500,,227,1985-07-22,,,299.7817568,5678.497179
0600-4N,4211127-9,RENE MARTIN JURE,ALMENDRAL,ALMENDRAL 1-2-3,ACOPIO,COBRE,METÁLICO,,04,041,04106,Coquimbo,Elqui,Vicuña,6681596.56,316333.2962,WGS84,19S,-29.98278841,-70.90380913,ABANDONADO,NO APLICA,9000,,13500,,1359,1982-12-02,,,197.3436776,2770.950985
0601-4N,89274000-3,CEMIN S.C.M.,LOS PINGOS,LOS PINGOS 2,EMBALSE,COBRE,METÁLICO,0,04,043,04303,Coquimbo,Limarí,Monte Patria,6575168.989,356930.4483,WGS84,19S,-30.94827218,-70.4977542,INACTIVO,EXCAVACION TERRENO,224489,,336733,,2930,2010-10-29,259,2016-02-09,491.2337136,14318.42518
0602-4N,96561560-1,SOCIEDAD PUNTA DEL COBRE S.A.,PROYECTO EL ESPINO,El Espino,ESPESADO,COBRE,METÁLICO,4,04,042,04201,Coquimbo,Choapa,Illapel,6522936.899,300268.3935,WGS84,19S,-31.41101345,-71.10102359,EN CONSTRUCCION,AGUAS ABAJO,52000000,0,92800000,0,1608,2022-09-14,,,3934.04383,1114908.45
0603-4N,76560458-3,SOCIEDAD TUNGSTENO LLAMUCO SpA,WOLFRAMIO LLAMUCO,LLAMUCO 3,ACOPIO,COBRE-ORO,METÁLICO,,04,042,04204,Coquimbo,Choapa,Salamanca,6492628.277,331675.5641,WGS84,19S,-31.68932949,-70.77596211,ABANDONADO,NO APLICA,243048,,364572,,,,,,897.7451133,51085.32301
0604-4N,76560458-3,SOCIEDAD TUNGSTENO LLAMUCO SpA,WOLFRAMIO LLAMUCO,LLAMUCO 1,ACOPIO,COBRE-ORO,METÁLICO,,04,042,04204,Coquimbo,Choapa,Salamanca,6492861.092,331574.9291,WGS84,19S,-31.6872152,-70.77698344,ABANDONADO,NO APLICA,28000,,42000,,,,,,677.8787811,21271.28962
0605-4N,76560458-3,SOCIEDAD TUNGSTENO LLAMUCO SpA,WOLFRAMIO LLAMUCO,LLAMUCO 2,ACOPIO,COBRE-ORO,METÁLICO,,04,042,04204,Coquimbo,Choapa,Salamanca,6492695.076,331509.8201,WGS84,19S,-31.68870275,-70.77769864,ABANDONADO,NO APLICA,4400,,6600,,,,,,254.5693202,3766.85365
0606-4N,sin rut conocido,DESCONOCIDO,DESCONOCIDO,EL DURAZNO,TRANQUE DE RELAVE,COBRE-ORO,METÁLICO,1,04,042,04204,Coquimbo,Choapa,Salamanca,6466801.464,322295.7656,WGS84,19S,-31.9207998,-70.87959331,ABANDONADO,AGUAS ABAJO,241830,,362745,,,,,,1106.101852,47307.40278
0607-4N,96894030-9,MINERA LA PUNTILLA (PATRICIO GATICA R.),EL ARENAL,TRANQUE 1,TRANQUE DE RELAVE,COBRE-ORO,METÁLICO,1,04,042,04201,Coquimbo,Choapa,Illapel,6499794.555,296647.1033,WGS84,19S,-31.61903901,-71.14385514,INACTIVO,AGUAS ARRIBA,580000,,870000,,,,,,731.7176987,34021.31443
0608-4N,96894030-9,MINERA LA PUNTILLA (PATRICIO GATICA R.),EL ARENAL,TRANQUE 2,TRANQUE DE RELAVE,COBRE-ORO,METÁLICO,1,04,042,04201,Coquimbo,Choapa,Illapel,6499919.644,296623.2676,WGS84,19S,-31.61790699,-71.14408041,INACTIVO,AGUAS ARRIBA,572000,,858000,,,,,,553.1740236,18552.7542
0609-4N,96894030-9,MINERA LA PUNTILLA (PATRICIO GATICA R.),EL ARENAL,PLANTA ILLAPEL Nº3,TRANQUE DE RELAVE,ORO,METÁLICO,1,04,042,04201,Coquimbo,Choapa,Illapel,6500069.463,296554.7363,WGS84,19S,-31.61654408,-71.14477147,ACTIVO,EJE CENTRAL,456192,200895,684288,327358,58,1990-01-18,,,591.5515727,22868.66869
0610-4N,76009516-8,MINERA LICANCABUR,SANTA FILOMENA,SANTA FILOMENA 1,ACOPIO,COBRE-ORO,METÁLICO,,04,042,04204,Coquimbo,Choapa,Salamanca,6487876.687,315965.5163,WGS84,19S,-31.72975963,-70.94253162,ABANDONADO,NO APLICA,2000,,3500,,,,,,280.4294534,3920.089609
0611-4N,sin rut conocido,DESCONOCIDO,EL COBRE,DESCONOCIDO,ACOPIO,COBRE,METÁLICO,,04,041,04103,Coquimbo,Elqui,Andacollo,6637855.174,294359.1375,WGS84,19S,-30.37376261,-71.1399699,ABANDONADO,NO APLICA,1000,,1500,,,,,,122.1899447,805.6628165
0612-4N,sin rut conocido,ROBERTO CORTES,LLAHUIN,SECTOR LLAHUIN,ACOPIO,ORO-PLATA,METÁLICO,,04,043,04302,Coquimbo,Limarí,Combarbalá,6532254.329,307322.9524,WGS84,19S,-31.3281925,-71.02505208,ABANDONADO,NO APLICA,9272,,13908,,,,,,132.0661848,1164.827543
0613-4N,77390538-K,LA HIGUERA MINERALS SPA,PLANTA PROFESOR ALDO LETTURA MATAS,EMBALSE DE RELAVES II,EMBALSE,COBRE,METÁLICO,0,04,041,04104,Coquimbo,Elqui,La Higuera,6752043.735,291569.2976,WGS84,19S,-29.34348822,-71.14682095,EN CONSTRUCCION,EXCAVACION TERRENO,55992,0,123182,0,66,2023-02-02,,,351.1962228,8340.510326
0614-4N,sin rut conocido,DESCONOCIDO,DESCONOCIDO,DESCONOCIDO,TRANQUE DE RELAVE,COBRE,METÁLICO,1,04,041,04106,Coquimbo,Elqui,Vicuña,6691732.726,316667.7721,WGS84,19S,-29.89141311,-70.89860635,ABANDONADO,EJE CENTRAL,9822,,14733,,,,,,335.2994497,5584.974846
0615-4N,76449427-K,COCAMBALA GOLD SPA,EL HUILMO,EMBALSE EL MENTA,EMBALSE,COBRE-ORO,METÁLICO,0,04,043,04302,Coquimbo,Limarí,Combarbalá,6581287.538,294599.2483,WGS84,19S,-30.88389692,-71.14871857,ABANDONADO,EXCAVACION TERRENO,,,5260,,447,2018-04-02,,,188.9161653,2226.599169
0616-4N,sin rut conocido,DESCONOCIDO,DESCONOCIDO,DESCONOCIDO,ACOPIO,COBRE-ORO,METÁLICO,,04,043,04302,Coquimbo,Limarí,Combarbalá,6556532.372,294160.9841,WGS84,19S,-31.10703366,-71.15832359,ABANDONADO,NO APLICA,1500,,2250,,,,,,312.4362123,3830.603296
0617-4N,sin rut conocido,DESCONOCIDO,DESCONOCIDO,DESCONOCIDO,ACOPIO,ORO,METÁLICO,,04,043,04304,Coquimbo,Limarí,Punitaqui,6583777.806,287805.4797,WGS84,19S,-30.86024387,-71.21922688,ABANDONADO,NO APLICA,268620,,402930,,,,,,1112.309473,53300.23236
0618-4N,sin rut conocido,MINERA FORESTAL CAS (XAVIER BELTRAND),PLANTA LA CALDERA,LA CALDERA,EMBALSE,COBRE,METÁLICO,1,04,041,04103,Coquimbo,Elqui,Andacollo,6645570.706,293988.4943,WGS84,19S,-30.30412221,-71.14230845,ABANDONADO,EJE CENTRAL,42059,,63088,,454,1989-04-26,,,264.5160172,3978.015449
0619-4N,sin rut conocido,SLM LAS ROJAS,PLANTA LAS ROJAS 1,LAS ROJAS 1 ,EMBALSE,COBRE,METÁLICO,0,04,041,04101,Coquimbo,Elqui,La Serena,6681386.282,300629.3709,WGS84,19S,-29.98223155,-71.06654347,ABANDONADO,EXCAVACION TERRENO,26787,,40180,,,,,,486.6798474,12458.36092
0620-4N,sin rut conocido,SOC. JUAN CONTRERAS Y OTROS,PLANTA SANTA ELENA,SANTA ELENA,ACOPIO,COBRE,METÁLICO,,04,041,04101,Coquimbo,Elqui,La Serena,6696298.056,294850.7997,WGS84,19S,-29.84679638,-71.12354979,ABANDONADO,NO APLICA,11942,,17913,,1176,1988-11-18,,,411.8815402,10210.39923
0621-4N,sin rut conocido,JUAN RIVERA CONTRERAS,PLANTA RIVERA,RIVERA (ACOPIO),ACOPIO,S/I,METÁLICO,,04,041,04104,Coquimbo,Elqui,La Higuera,6749695.825,294730.2146,WGS84,19S,-29.36518453,-71.11471977,ABANDONADO,NO APLICA,1920,,2880,,,,,,367.1023424,7746.530371
0622-4N,sin rut conocido,GABRIEL ECHEVARRIA,PLANTA ECHEVARRIA,TRANQUE DE RELAVE ,TRANQUE DE RELAVE,COBRE,METÁLICO,1,04,043,04302,Coquimbo,Limarí,Combarbalá,6549221.845,308381.7186,WGS84,19S,-31.17536656,-71.01068382,ABANDONADO,AGUAS ARRIBA,14962,,22443,,,,,,347.7735689,5669.983234
0623-4N,sin rut conocido,DPTO. MINAS U. LA SERENA,PLANTA GUAYACAN,CUBETA 1,ACOPIO,COBRE-ORO,METÁLICO,,04,041,04102,Coquimbo,Elqui,Coquimbo,6681996.491,273832.988,WGS84,19S,-29.97207921,-71.34398496,ABANDONADO,NO APLICA,290,,435,,,,,,313.9000738,5895.645077
0624-4N,sin rut conocido,DPTO. MINAS U. LA SERENA,PLANTA GUAYACAN,CUBETA 2,ACOPIO,COBRE-ORO,METÁLICO,,04,041,04102,Coquimbo,Elqui,Coquimbo,6682054.578,273797.7433,WGS84,19S,-29.97154894,-71.34433767,ABANDONADO,NO APLICA,200,,300,,,,,,425.6730699,9243.647631
0625-4N,sin rut conocido,ENRIQUE MERINO,PLANTA CAUPOLICAN,ESTANQUE 1-2-3-4-5-6,EMBALSE,COBRE-ORO,METÁLICO,0,04,042,04204,Coquimbo,Choapa,Salamanca,6465740.18,317905.3852,WGS84,19S,-31.92967379,-70.92620812,ABANDONADO,EXCAVACION TERRENO,8495,,12317,,,,,,457.0743628,9096.065952
0626-4N,sin rut conocido,ADRIAN VASQUEZ,PLANTA CHIRIPA,RELAVE CHIRIPA,ACOPIO,COBRE,METÁLICO,,04,042,04204,Coquimbo,Choapa,Salamanca,6460500.821,319021.0455,WGS84,19S,-31.97709456,-70.91539269,ABANDONADO,NO APLICA,12390,,18585,,,,,,289.1190287,5133.824648
0627-4N,76379038-K,CIA. MINERA RESERVA,PLANTA LA RESERVA,LA RESERVA 1-2-3-4-5,ACOPIO,COBRE,METÁLICO,,04,041,04106,Coquimbo,Elqui,Vicuña,6683104.532,310249.2326,WGS84,19S,-29.96826091,-70.96657531,ABANDONADO,NO APLICA,71600,,107400,,,,,,386.5009235,7955.010338
0628-4N,sin rut conocido,CIA. MINERA TAMAYA,PLANTA DELIRIO,DELIRIO 1,TRANQUE DE RELAVE,COBRE-ORO,METÁLICO,1,04,043,04304,Coquimbo,Limarí,Punitaqui,6581588.248,285792.2367,WGS84,19S,-30.87962344,-71.2407282,ABANDONADO,AGUAS ARRIBA,600000,,900000,,,,,,441.9504579,14224.76457
0629-4N,sin rut conocido,CIA. MINERA TAMAYA,PLANTA DELIRIO,DELIRIO 3,TRANQUE DE RELAVE,COBRE-ORO,METÁLICO,1,04,043,04304,Coquimbo,Limarí,Punitaqui,6581661.805,285675.6016,WGS84,19S,-30.87893909,-71.24193202,ABANDONADO,AGUAS ARRIBA,277329,,416088,,,,,,749.5699566,30485.8755
0630-4N,sin rut conocido,DESCONOCIDO,QUIROGA,LA QUIROGA 1,TRANQUE DE RELAVE,COBRE,METÁLICO,1,04,043,04301,Coquimbo,Limarí,Ovalle,6617801.59,272829.7093,WGS84,19S,-30.55071097,-71.36823185,ABANDONADO,AGUAS ARRIBA,13500,,20250,,,,,,532.5088377,13722.72693
0631-4N,7755978-7,RICARDO ROJAS LOBOS,SANTA ROSA,ALGARROBAL (ACOPIO),ACOPIO,ORO,METÁLICO,,04,041,04104,Coquimbo,Elqui,La Higuera,6750837.898,293323.1998,WGS84,19S,-29.35465334,-71.12899244,ABANDONADO,NO APLICA,39967,,59950,,70,1987-01-16,,,262.8246732,4050.51449
0632-4N,sin rut conocido,JUAN MARIN,PLANTA FLOR DE VALLE,FLOR DE VALLE 1,TRANQUE DE RELAVE,COBRE,METÁLICO,1,04,043,04302,Coquimbo,Limarí,Combarbalá,6543941.257,303824.943,WGS84,19S,-31.22222653,-71.0595046,ABANDONADO,EJE CENTRAL,380,,570,,334,1986-03-14,,,171.3500059,1493.837748
0633-4N,sin rut conocido,JUAN MARIN,PLANTA FLOR DE VALLE,FLOR DE VALLE 2,TRANQUE DE RELAVE,COBRE,METÁLICO,1,04,043,04302,Coquimbo,Limarí,Combarbalá,6543949.578,303803.1505,WGS84,19S,-31.22214783,-71.05973163,ABANDONADO,EJE CENTRAL,1400,,2100,0,334,1986-03-14,,,273.996378,3170.779691
0634-4N,sin rut conocido,RUBILIAN GONZÁLEZ GARCIA,PLANTA LOS VALIENTES II,LOS VALIENTES 1,TRANQUE DE RELAVE,COBRE-ORO,METÁLICO,1,04,041,04103,Coquimbo,Elqui,Andacollo,6652784.657,298499.2424,WGS84,19S,-30.23982489,-71.0940459,ABANDONADO,AGUAS ARRIBA,196300,,294450,,226,1985-02-22,,,252.2371115,4253.981512
0635-4N,76938058-2,SUC. LUIS MIRANDA ANSIETA,PLANTA MIRANDA ABANDONADA,TRANQUE DE 1-2,TRANQUE DE RELAVE,ORO,METÁLICO,1,04,041,04103,Coquimbo,Elqui,Andacollo,6653032.285,299492.1241,WGS84,19S,-30.23775619,-71.08368623,INACTIVO,AGUAS ARRIBA,145920,,211584,,,,,,727.1121082,22633.36928
0636-4N,sin rut conocido,FELIPE CARVAJAL RIVERA,PLANTA AGUA GRANDE,AGUA GRANDE ,ACOPIO,ORO,METÁLICO,,04,041,04104,Coquimbo,Elqui,La Higuera,6734968.008,299987.9057,WGS84,19S,-29.49887004,-71.06326839,ABANDONADO,NO APLICA,15000,,22500,,911,1985-10-09,,,121.5510252,1106.214669
0637-4N,7824329-5,LUIS ZEBALLOS CERDA,PLANTA ZEBALLOS,ZEBALLOS 1-2-3,TRANQUE DE RELAVE,COBRE-ORO,METÁLICO,1,04,041,04106,Coquimbo,Elqui,Vicuña,6692713.786,318253.0491,WGS84,19S,-29.88279927,-70.88203022,ABANDONADO,AGUAS ABAJO,111800,,167700,,211,1986-02-07,,,397.1283695,6855.818884
0638-4N,sin rut conocido,CARLOS VALDIVIA,PLANTAS EL PINGO Y SANTA MARIA,EL PINGO 0,TRANQUE DE RELAVE,COBRE,METÁLICO,1,04,043,04303,Coquimbo,Limarí,Monte Patria,6586433.582,348615.3125,WGS84,19S,-30.84562876,-70.58310262,ABANDONADO,AGUAS ABAJO,14700,,22050,,,,,,172.5153179,1916.510128
0639-4N,sin rut conocido,CARLOS VALDIVIA,PLANTAS EL PINGO Y SANTA MARIA,EL PINGO 1,TRANQUE DE RELAVE,COBRE,METÁLICO,1,04,043,04303,Coquimbo,Limarí,Monte Patria,6586411.416,348674.2844,WGS84,19S,-30.84583623,-70.58248941,ABANDONADO,AGUAS ABAJO,45600,,68400,,11,1989-01-04,,,365.8575371,7682.194532
0640-4N,sin rut conocido,CARLOS VALDIVIA,PLANTAS EL PINGO Y SANTA MARIA,EL PINGO 2,TRANQUE DE RELAVE,COBRE,METÁLICO,1,04,043,04303,Coquimbo,Limarí,Monte Patria,6586406.46,348580.0397,WGS84,19S,-30.84586889,-70.58347539,ABANDONADO,AGUAS ABAJO,24000,,36000,,11,1989-01-04,,,184.1930376,2086.150485
0641-4N,sin rut conocido,CARLOS VALDIVIA,PLANTAS EL PINGO Y SANTA MARIA,TRANQUE,TRANQUE DE RELAVE,COBRE,METÁLICO,1,04,043,04303,Coquimbo,Limarí,Monte Patria,6586095.583,348747.4259,WGS84,19S,-30.84869438,-70.58177153,ABANDONADO,AGUAS ARRIBA,188300,,282450,,,,,,229.1363587,2530.698279
0642-4N,76035919-K,CIA. MINERA CLAUDIO ALBERTO ISA,FAENA ENRIQUETA,ENRIQUETA 2,TRANQUE DE RELAVE,COBRE,METÁLICO,1,04,041,04104,Coquimbo,Elqui,La Higuera,6749832.486,294535.3101,WGS84,19S,-29.3639201,-71.11670107,ABANDONADO,AGUAS ARRIBA,12160,,18000,,,,,,474.1912654,13765.18397
0643-4N,sin rut conocido,SLM SANTA ROSA,PLANTA EL TRAPICHE,EL TRAPICHE 1,ACOPIO,COBRE-ORO,METÁLICO,,04,041,04104,Coquimbo,Elqui,La Higuera,6750789.578,293283.9351,WGS84,19S,-29.35508269,-71.12940575,ABANDONADO,NO APLICA,9000,,13500,,,,,,530.055084,10825.14832
0644-4N,sin rut conocido,SLM SANTA ROSA,PLANTA EL TRAPICHE,EL TRAPICHE 2,ACOPIO,COBRE-ORO,METÁLICO,,04,041,04104,Coquimbo,Elqui,La Higuera,6750758.727,293224.6204,WGS84,19S,-29.35535119,-71.1300222,ABANDONADO,NO APLICA,5656,,8484,,657,1985-07-22,,,476.9975127,11376.29655
0645-4N,76120887-K,EMPRESA EDUARDO LERY LERY EIRL,FAENA KATTIA,DEPOSITO ANTIGUO,TRANQUE DE RELAVE,COBRE,METÁLICO,1,04,042,04201,Coquimbo,Choapa,Illapel,6527146.053,302859.7089,WGS84,19S,-31.37350442,-71.07294586,ABANDONADO,AGUAS ARRIBA,6524,,9786,,,,,,335.9855003,7834.704425
0646-4N,sin rut conocido,DESCONOCIDO,DESCONOCIDO,DESCONOCIDO,ACOPIO,COBRE,METÁLICO,,04,041,04106,Coquimbo,Elqui,Vicuña,6692034.486,317421.26,WGS84,19S,-29.88880333,-70.89075533,ABANDONADO,NO APLICA,105436,,158154,,,,,,1027.293446,48090.0149
0647-4N,sin rut conocido,DESCONOCIDO,DESCONOCIDO,DESCONOCIDO,ACOPIO,COBRE-ORO,METÁLICO,,04,042,04201,Coquimbo,Choapa,Illapel,6497687.399,294226.6213,WGS84,19S,-31.63760597,-71.16979877,ABANDONADO,NO APLICA,1000,,1500,,,,,,518.4570743,13923.98571
0648-4N,sin rut conocido,DESCONOCIDO,DESCONOCIDO,DESCONOCIDO,ACOPIO,ORO,METÁLICO,,04,041,04103,Coquimbo,Elqui,Andacollo,6651816.386,297297.4032,WGS84,19S,-30.24835673,-71.10671499,ABANDONADO,NO APLICA,15120,,22680,,,,,,314.7884407,6741.659124
0649-4N,77747199-6,INDUSTRIAL MINERA EL TRAPICHE SPA,FAENA SOR TERESA,SOR TERESA,TRANQUE DE RELAVE,COBRE-ORO,METÁLICO,1,04,041,04104,Coquimbo,Elqui,La Higuera,6750360.354,293964.0632,WGS84,19S,-29.3590656,-71.12248395,ABANDONADO,EJE CENTRAL,33792,,50688,,,,,,438.2854201,12224.34643
0650-4N,sin rut conocido,DESCONOCIDO,DESCONOCIDO,DESCONOCIDO,ACOPIO,COBRE-ORO,METÁLICO,,04,043,04302,Coquimbo,Limarí,Combarbalá,6541394.825,308062.7767,WGS84,19S,-31.24589309,-71.01552573,ABANDONADO,NO APLICA,18106,,27159,,,,,,387.2865459,9462.874774
0651-4N,6854266-9,JUAN PEREZ GOMEZ,EL ROMERO,EMBALSE EL ROMERO,EMBALSE,COBRE-ORO,METÁLICO,1,04,042,04201,Coquimbo,Choapa,Illapel,6522526.699,304273.0094,WGS84,19S,-31.41539562,-71.05900227,ABANDONADO,,0,,,,,,,,269.6286622,3534.911881
0652-4N,17193008-1,LIVANS KLINT FREDES ORTIZ,PLANTA ESTRELLA,PISCINA RELAVE PLANTA ESTRELLA,EMBALSE,COBRE-ORO,METÁLICO,0,04,041,04101,Coquimbo,Elqui,La Serena,6675438.572,296240.9947,WGS84,19S,-30.03514912,-71.11314193,EN REVISION,EXCAVACION TERRENO,0,,,,,,,,81.62020037,461.1604358
0653-4N,sin rut conocido,DESCONOCIDO,DESCONOCIDO,DESCONOCIDO,ACOPIO,COBRE-ORO,METÁLICO,,04,041,04103,Coquimbo,Elqui,Andacollo,6650983.8,300028.2774,WGS84,19S,-30.25631854,-71.07850655,ABANDONADO,NO APLICA,200,,300,,,,,,64.94304436,214.8117178
0654-4N,sin rut conocido,DESCONOCIDO,DESCONOCIDO,DESCONOCIDO,ACOPIO,COBRE-ORO,METÁLICO,,04,041,04103,Coquimbo,Elqui,Andacollo,6651020.373,300528.8012,WGS84,19S,-30.25607116,-71.07330003,ABANDONADO,NO APLICA,4000,,5200,,,,,,122.4741778,992.7285519
0655-4N,sin rut conocido,DESCONOCIDO,DESCONOCIDO,DESCONOCIDO,TRANQUE DE RELAVE,COBRE-ORO,METÁLICO,1,04,041,04103,Coquimbo,Elqui,Andacollo,6652665.729,298862.0639,WGS84,19S,-30.24095762,-71.09030018,ABANDONADO,AGUAS ARRIBA,17749,,26662,,,,,,261.6593705,4395.956003
0656-4N,sin rut conocido,DESCONOCIDO,DESCONOCIDO,DESCONOCIDO,ACOPIO,COBRE-ORO,METÁLICO,,04,041,04103,Coquimbo,Elqui,Andacollo,6654310.448,301390.9202,WGS84,19S,-30.22654145,-71.06372378,ABANDONADO,NO APLICA,6500,,8400,,,,,,249.0374037,2728.876938
0657-4N,76746183-6,SOCIEDAD DE EXPLOTACIONES MINERAS VALLE HERMOSO SPA,VALLE HERMOSO,VALLE HERMOSO,EMBALSE,COBRE,METÁLICO,0,04,043,04302,Coquimbo,Limarí,Combarbalá,6540229.008,309170.2525,WGS84,19S,-31.25658743,-71.00412436,ABANDONADO,EXCAVACION TERRENO,,,3600,,457,2018-04-06,,,54.49427905,199.1313492
0658-4N,76021464-7,MINERA BARBA SCM,PLANTA BARBA,EMBALSE DE RELAVE,EMBALSE,COBRE,METÁLICO,1,04,043,04302,Coquimbo,Limarí,Combarbalá,6544845.871,303644.8645,WGS84,19S,-31.21403929,-71.06121702,ACTIVO,EJE CENTRAL,60864,,91296,,416,2013-04-29,,,511.8122891,16497.02037
0659-4N,76329346-7,SOCIEDAD INVERSIONES NORTEBLANCO,PLANTA NADZIEJA,PISCINA NADZIEJA,EMBALSE,COBRE-ORO,METÁLICO,0,04,041,04103,Coquimbo,Elqui,Andacollo,6650720.804,306037.7139,WGS84,19S,-30.2596666,-71.01612584,INACTIVO,EXCAVACION TERRENO,540,,0,648,,,,,74.57187599,302.2240852
0660-4N,sin rut conocido,DESCONOCIDO,DESCONOCIDO,ACOPIO,ACOPIO,COBRE,METÁLICO,,04,041,04104,Coquimbo,Elqui,La Higuera,6736951.517,298884.6233,WGS84,19S,-29.48080303,-71.07427874,ABANDONADO,NO APLICA,600,,900,,,,,,121.7179042,819.8266028
0661-4N,sin rut conocido,DESCONOCIDO,DESCONOCIDO,TRANQUE DE RELAVE,ACOPIO,COBRE-ORO,METÁLICO,,04,041,04103,Coquimbo,Elqui,Andacollo,6654442.125,302223.1853,WGS84,19S,-30.2254898,-71.05505578,ABANDONADO,NO APLICA,23165,,34747,,,,,,340.7865438,6987.884307
0662-4N,sin rut conocido,DESCONOCIDO,DESCONOCIDO,DESCONOCIDO,ACOPIO,COBRE-ORO,METÁLICO,,04,041,04103,Coquimbo,Elqui,Andacollo,6654723.649,300433.4736,WGS84,19S,-30.22265804,-71.07358884,ABANDONADO,NO APLICA,4000,,6000,,,,,,737.7306585,10328.89089
0663-4N,sin rut conocido,DESCONOCIDO,DESCONOCIDO,DESCONOCIDO,ACOPIO,COBRE-ORO,METÁLICO,,04,041,04103,Coquimbo,Elqui,Andacollo,6652263.539,299333.1425,WGS84,19S,-30.24466267,-71.08548389,ABANDONADO,NO APLICA,28496,,42774,,,,,,584.6958581,19034.38114
0664-4N,sin rut conocido,DESCONOCIDO,DESCONOCIDO,DESCONOCIDO,TRANQUE DE RELAVE,COBRE-ORO,METÁLICO,1,04,041,04103,Coquimbo,Elqui,Andacollo,6653675.228,298409.4233,WGS84,19S,-30.2317786,-71.09480842,ABANDONADO,AGUAS ARRIBA,3190,,4785,,,,,,180.5170686,2448.96396
0665-4N,sin rut conocido,DESCONOCIDO,PLANTA HONORES,RELAVE HONORES,ACOPIO,COBRE-ORO,METÁLICO,,04,041,04103,Coquimbo,Elqui,Andacollo,6653454.473,299069.7769,WGS84,19S,-30.23387892,-71.08799234,ABANDONADO,NO APLICA,,,,178559,,,,,412.3246501,10484.60386
0666-4N,6127910-5,HORACIO PASTEN,PLANTA CALETONES,CALETONES,EMBALSE,COBRE-ORO,METÁLICO,0,04,041,04103,Coquimbo,Elqui,Andacollo,6654615.048,300345.2388,WGS84,19S,-30.22362294,-71.0745257,ACTIVO,EXCAVACION TERRENO,16811,6725.38,21854,8743,580,2021-09-06,,,318.1518007,6846.886584
0667-4N,6127910-5,HORACIO PASTEN,PLANTA CALETONES,CALETONES,EMBALSE,COBRE-ORO,METÁLICO,1,04,041,04103,Coquimbo,Elqui,Andacollo,6654398.833,300282.5952,WGS84,19S,-30.22556254,-71.0752172,ACTIVO,EJE CENTRAL,3850,1267,5400,2534,1867,2015-12-30,,,403.8253248,5416.516371
0668-4N,6750385-6,WILSON RIVERA CARVAJAL,EL CHACAY,DEPOSITO DE RELAVES,ACOPIO,ORO,METÁLICO,,04,041,04101,Coquimbo,Elqui,La Serena,6715459.299,289297.5081,WGS84,19S,-29.67305613,-71.17725837,ABANDONADO,NO APLICA,2000,,3500,,,,,,126.7101389,1063.625065
0669-4N,4236489-4,JOSE ASTORGA CASTILLO,LA PALMA,LA PALMA,EMBALSE,COBRE,METÁLICO,1,04,042,04202,Coquimbo,Choapa,Canela,6541908.313,253904.5837,WGS84,19S,-31.23109512,-71.58367623,ACTIVO,EJE CENTRAL,28120,,42180,,756,2017-05-26,,,303.5322039,3716.457994
0670-3N,9466348-2,SOTRATEC-MINART LTDA.,PLANTA EL CATEADOR,TRANQUE DE RELAVE,TRANQUE DE RELAVE,COBRE,METÁLICO,1,03,031,03101,Atacama,Copiapó,Copiapó,6967540.065,366014.0581,WGS84,19S,-27.40893924,-70.35532193,INACTIVO,AGUAS ABAJO,35120,,52680,,525,1998-05-20,,,226.777556,3221.535948
0671-5C,91614000-2,CIA. MINERA CERRO NEGRO S.A.,PLANTA CERRO NEGRO,CERRO NEGRO 1,TRANQUE DE RELAVE,COBRE-ORO,METÁLICO,1,05,054,05402,Valparaíso,Petorca,Cabildo,6393342.203,323719.4484,WGS84,19S,-32.58337634,-70.87813196,ABANDONADO,AGUAS ARRIBA,480000,,720000,,,,615,2009-04-07,547.3337848,17316.17964
0672-5C,91614000-2,CIA. MINERA CERRO NEGRO S.A.,PLANTA CERRO NEGRO,CERRO NEGRO 2,TRANQUE DE RELAVE,COBRE-ORO,METÁLICO,1,05,054,05402,Valparaíso,Petorca,Cabildo,6393440.339,323624.4405,WGS84,19S,-32.58247641,-70.87912526,ABANDONADO,AGUAS ARRIBA,590000,,885000,,,,615,2009-04-07,616.9161024,25742.88923
0673-5C,91614000-2,CIA. MINERA CERRO NEGRO S.A.,PLANTA CERRO NEGRO,CERRO NEGRO 3,TRANQUE DE RELAVE,COBRE-ORO,METÁLICO,1,05,054,05402,Valparaíso,Petorca,Cabildo,6393603.795,323423.3566,WGS84,19S,-32.58097062,-70.88123585,ABANDONADO,AGUAS ARRIBA,660000,,990000,,135,1972-07-19,615,2009-04-07,816.9539546,39287.58901
0674-5C,91614000-2,CIA. MINERA CERRO NEGRO S.A.,PLANTA CERRO NEGRO,CERRO NEGRO 4,TRANQUE DE RELAVE,COBRE-ORO,METÁLICO,1,05,054,05402,Valparaíso,Petorca,Cabildo,6393711.323,323192.4106,WGS84,19S,-32.57996428,-70.88367491,ABANDONADO,AGUAS ARRIBA,1050000,,1575000,,,,615,2009-04-07,795.6955802,39161.72694
0675-5C,91614000-2,CIA. MINERA CERRO NEGRO S.A.,PLANTA CERRO NEGRO,CERRO NEGRO 5,TRANQUE DE RELAVE,COBRE-ORO,METÁLICO,1,05,054,05402,Valparaíso,Petorca,Cabildo,6393866.524,322887.3714,WGS84,19S,-32.57851623,-70.8868939,INACTIVO,EJE CENTRAL,1625000,,2473500,,252,2008-03-24,615,2009-04-07,1109.854537,79304.91626
0676-5C,91614000-2,CIA. MINERA CERRO NEGRO S.A.,PLANTA CERRO NEGRO,CERRO NEGRO 6,TRANQUE DE RELAVE,COBRE-ORO,METÁLICO,1,05,054,05402,Valparaíso,Petorca,Cabildo,6394155.566,322384.7451,WGS84,19S,-32.57582971,-70.89219144,INACTIVO,EJE CENTRAL,3875476,4478970,6693124,6519732,4280,2011-12-22,615,2009-04-07,1923.167728,233486.0081
0677-5C,91614000-2,CIA. MINERA CERRO NEGRO S.A.,PLANTA CERRO NEGRO,RELAVE FILTRADO,FILTRADO,COBRE-ORO,METÁLICO,0,05,054,05402,Valparaíso,Petorca,Cabildo,6393760.597,322785.4359,WGS84,19S,-32.57945497,-70.8879994,ACTIVO,NO APLICA,,,80568,,114,2023-03-06,,,294.7899069,3607.830273
0678-5C,7444635-3,ALEJANDRO LOPEZ ALIAGA,PLANTA VETA DEL AGUA,VETA DEL AGUA 1-2-3-4,EMBALSE,ORO,METÁLICO,1,05,055,05506,Valparaíso,Quillota,Nogales,6381627.934,300185.0536,WGS84,19S,-32.6849797,-71.13123508,ABANDONADO,,1565000,,2347500,,,,,,681.8913152,25665.96773
0679-5C,7444635-3,ALEJANDRO LOPEZ ALIAGA,PLANTA VETA DEL AGUA,VETA DEL AGUA 5,EMBALSE,ORO,METÁLICO,1,05,055,05506,Valparaíso,Quillota,Nogales,6381725.632,300362.9707,WGS84,19S,-32.68413121,-71.12931763,ABANDONADO,,82620,,123930,,456,1989-04-26,,,677.2721928,13780.32815
0680-5C,7444635-3,ALEJANDRO LOPEZ ALIAGA,PLANTA VETA DEL AGUA,VETA DEL AGUA 6,EMBALSE,ORO,METÁLICO,1,05,055,05506,Valparaíso,Quillota,Nogales,6381838.509,299793.7766,WGS84,19S,-32.68301051,-71.13536076,ACTIVO,,358795,318222.667,538192,477334,1784,2011-06-20,,,509.7285013,13548.19885
0681-5C,78197057-3,CIA. MRA. DON PABLO,EL ESCORIAL,EL ESCORIAL 1,TRANQUE DE RELAVE,COBRE-ORO,METÁLICO,1,05,054,05402,Valparaíso,Petorca,Cabildo,6410709.45,305672.8394,WGS84,19S,-32.42378704,-71.06671559,ABANDONADO,AGUAS ARRIBA,65000,,97500,,983,1993-08-03,,,234.8209154,3127.599142
0682-5C,78197057-3,CIA. MRA. DON PABLO,EL ESCORIAL,EL ESCORIAL 2,TRANQUE DE RELAVE,COBRE-ORO,METÁLICO,1,05,054,05402,Valparaíso,Petorca,Cabildo,6410692.136,305632.7276,WGS84,19S,-32.42393613,-71.06714551,ABANDONADO,AGUAS ARRIBA,80000,,120000,,450,1996-05-07,,,206.8443597,2769.148383
0683-5C,78197057-3,CIA. MRA. DON PABLO,EL ESCORIAL,EL ESCORIAL 3,TRANQUE DE RELAVE,COBRE-ORO,METÁLICO,1,05,054,05402,Valparaíso,Petorca,Cabildo,6410666.917,305586.4911,WGS84,19S,-32.42415543,-71.06764216,ABANDONADO,AGUAS ARRIBA,85000,,127500,,450,1996-05-07,,,221.1433829,3438.105444
0684-5C,sin rut conocido,LA PACIENCIA (HANS HEIN STAEGER),LA PACIENCIA,LA PACIENCIA,TRANQUE DE RELAVE,COBRE,METÁLICO,1,05,053,05303,Valparaíso,Los Andes,Rinconada,6365455.44,339762.1637,WGS84,19S,-32.83726294,-70.71207563,ABANDONADO,,319398,,479097,,,,,,206.131741,2225.868349
0685-5C,55030003-6,SOC. INMOBILIARIA EL SAUCE,PLANTA EL SAUCE,EL SAUCE 1-2-3,TRANQUE DE RELAVE,COBRE,METÁLICO,0,05,057,05703,Valparaíso,San Felipe de Aconcagua,Llaillay,6361623.134,322634.7221,WGS84,19S,-32.86917701,-70.89572775,ELIMINADO,,206850,,299932,,157,1996-01-26,,,573.0864926,20976.73234
0686-5C,76508460-1,COMERCIAL E INVERSIONES HASPARREN,PLANTA MINERA BLACK COLT,ZORRITO,EMBALSE,ORO,METÁLICO,1,05,054,05404,Valparaíso,Petorca,Petorca,6434141.902,323768.9968,WGS84,19S,-32.21551771,-70.87000328,INACTIVO,EJE CENTRAL,36000,52304,72000,78456,78,2011-02-17,,,534.5403501,17770.88998
0687-5C,76508460-1,COMERCIAL E INVERSIONES HASPARREN,PLANTA MINERA BLACK COLT,LOS BURROS,EMBALSE,ORO,METÁLICO,1,05,054,05404,Valparaíso,Petorca,Petorca,6434011.349,323792.5231,WGS84,19S,-32.21669855,-70.86977785,ACTIVO,EJE CENTRAL,92360,4500,184720,78547,319,2019-04-10,,,552.2397588,18259.70645
0688-5C,76508460-1,COMERCIAL E INVERSIONES HASPARREN,PLANTA MINERA BLACK COLT,EL QUISCO,FILTRADO,ORO,METÁLICO,0,05,054,05404,Valparaíso,Petorca,Petorca,6433694.271,323812.3046,WGS84,19S,-32.21956065,-70.86962657,ACTIVO,NO APLICA,,,1533600,41327,170,2022-03-26,,,588.7767676,17454.19484
0689-5C,76508460-1,COMERCIAL E INVERSIONES HASPARREN,PLANTA MINERA BLACK COLT,POTRILLO,EMBALSE,ORO,METÁLICO,1,05,054,05404,Valparaíso,Petorca,Petorca,6433894.095,323815.0337,WGS84,19S,-32.21775933,-70.86956074,ACTIVO,AGUAS ABAJO,,,83484,79740,375,2020-09-30,,,602.789156,20373.73754
0690-5C,77066588-4,MINERA PAKMIN SpA,MINAS Y PLANTA BELLAVISTA,BELLAVISTA 1-2,TRANQUE DE RELAVE,COBRE-ORO,METÁLICO,1,05,057,05701,Valparaíso,San Felipe de Aconcagua,San Felipe,6381569.11,331993.6071,WGS84,19S,-32.6908147,-70.79213108,INACTIVO,,213360,,320049,,,,,,729.4499143,34404.492
0691-5C,77066588-4,MINERA PAKMIN SpA,MINAS Y PLANTA BELLAVISTA,EMBALSE DE RELAVES 3,EMBALSE,COBRE,METÁLICO,1,05,057,05701,Valparaíso,San Felipe de Aconcagua,San Felipe,6381507.94,332159.1584,WGS84,19S,-32.69139144,-70.79037689,INACTIVO,,125000,,187500,,449,1996-05-07,,,594.2127131,21190.30198
0692-5C,77066588-4,MINERA PAKMIN SpA,MINAS Y PLANTA BELLAVISTA,EMBALSE DE RELAVES 4,EMBALSE,COBRE,METÁLICO,1,05,057,05701,Valparaíso,San Felipe de Aconcagua,San Felipe,6381576.938,332250.949,WGS84,19S,-32.6907833,-70.78938575,INACTIVO,,93000,279,139500,4185,680,2013-06-10,,,587.1696832,16501.14585
0693-5C,77066588-4,MINERA PAKMIN SpA,MINAS Y PLANTA BELLAVISTA,EMBALSE DE RELAVES,EMBALSE,COBRE,METÁLICO,1,05,057,05701,Valparaíso,San Felipe de Aconcagua,San Felipe,6381551.166,332105.4948,WGS84,19S,-32.69099353,-70.7909413,INACTIVO,,73670,,110505,,,,,,323.8760081,2884.841181
0694-5C,77762940-9,ANGLO AMERICAN SUR S.A.,EL SOLDADO,EL COBRE 1,TRANQUE DE RELAVE,COBRE,METÁLICO,1,05,055,05506,Valparaíso,Quillota,Nogales,6384028.208,298611.3185,WGS84,19S,-32.66305624,-71.14749251,INACTIVO,AGUAS ARRIBA,2350000,,3525000,,,,2417,2015-09-29,611.908794,24427.26408
0695-5C,77762940-9,ANGLO AMERICAN SUR S.A.,EL SOLDADO,EL COBRE 2,TRANQUE DE RELAVE,COBRE,METÁLICO,1,05,055,05506,Valparaíso,Quillota,Nogales,6383560.184,298839.8013,WGS84,19S,-32.66731691,-71.14515841,ABANDONADO,AGUAS ARRIBA,1000000,,1500000,,,,2417,2015-09-29,719.3524117,30297.16417
0696-5C,77762940-9,ANGLO AMERICAN SUR S.A.,EL SOLDADO,EL COBRE 3,TRANQUE DE RELAVE,COBRE,METÁLICO,1,05,055,05506,Valparaíso,Quillota,Nogales,6383019.903,299104.3866,WGS84,19S,-32.67223547,-71.14245487,ABANDONADO,AGUAS ABAJO,1000000,,1500000,,,,2417,2015-09-29,853.6381259,33807.4068
0697-5C,77762940-9,ANGLO AMERICAN SUR S.A.,EL SOLDADO,TRANQUE 4,TRANQUE DE RELAVE,COBRE,METÁLICO,2,05,055,05506,Valparaíso,Quillota,Nogales,6384431.512,297027.1381,WGS84,19S,-32.65913054,-71.16428727,INACTIVO,,53500000,,80250000,,586,2007-06-11,1244,2009-06-30,4859.168555,1092609.151
0698-5C,77762940-9,ANGLO AMERICAN SUR S.A.,EL SOLDADO,TORITO,TRANQUE DE RELAVE,COBRE,METÁLICO,3,05,055,05506,Valparaíso,Quillota,Nogales,6386517.46,297124.3403,WGS84,19S,-32.64034477,-71.16279854,ACTIVO,EJE CENTRAL,156666666,123343378,235000000,201162035,2678,2015-10-27,1244,2009-06-30,8402.934043,2890122.185
0699-RM,77762940-9,ANGLO AMERICAN SUR S.A.,LOS BRONCES,PEREZ-CALDERA 1,TRANQUE DE RELAVE,COBRE,METÁLICO,,13,131,13115,Metropolitana de Santiago,Santiago,Lo Barnechea,6325136.325,375056.6654,WGS84,19S,-33.20544631,-70.34056262,INACTIVO,,12000000,,18000000,,310,1992-03-11,855,2010-09-28,1803.789884,119436.1803
0700-RM,77762940-9,ANGLO AMERICAN SUR S.A.,LOS BRONCES,PEREZ-CALDERA 2,TRANQUE DE RELAVE,COBRE,METÁLICO,1,13,131,13115,Metropolitana de Santiago,Santiago,Lo Barnechea,6323393.221,374830.4419,WGS84,19S,-33.22113872,-70.34322943,INACTIVO,,30333333,,45500000,48365379,310,1992-03-11,855,2010-09-28,3350.941892,441869.3628
0701-RM,77762940-9,ANGLO AMERICAN SUR S.A.,LOS BRONCES,LOS PICHES,TRANQUE DE RELAVE,COBRE,METÁLICO,,13,131,13115,Metropolitana de Santiago,Santiago,Lo Barnechea,6324398.206,374951.7602,WGS84,19S,-33.21209023,-70.34178949,INACTIVO,,30333333,,45500000,,,,855,2010-09-28,2796.61413,251755.7392
0702-RM,77762940-9,ANGLO AMERICAN SUR S.A.,LOS BRONCES,COPIHUE,TRANQUE DE RELAVE,COBRE,METÁLICO,,13,131,13115,Metropolitana de Santiago,Santiago,Lo Barnechea,6325749.753,375111.3438,WGS84,19S,-33.19992097,-70.33989181,INACTIVO,,30333333,,45500000,,,,855,,1349.450247,68503.42581
0703-RM,77762940-9,ANGLO AMERICAN SUR S.A.,LOS BRONCES,LAS TORTOLAS,TRANQUE DE RELAVE,COBRE,METÁLICO,5,13,133,13301,Metropolitana de Santiago,Chacabuco,Colina,6332965.692,338345.89,WGS84,19S,-33.1299916,-70.73291727,ACTIVO,AGUAS ABAJO,689655172,629727345.5,1000000000,913104651,2420,2015-09-29,855,2010-09-28,27214.85122,11702728.33
0704-5C,78200830-7,CIA. MINERA PULLALLI LTDA.,PLANTA PULLALLI,PULLALLI,EN PASTA,ORO,METÁLICO,1,05,054,05401,Valparaíso,Petorca,La Ligua,6413151.211,282007.7396,WGS84,19S,-32.39739856,-71.31766902,ACTIVO,NO APLICA,1265369,792848,1702926,1424348,3369,2011-11-02,1996,2009-10-26,1321.141649,97428.85263
0705-5C,78544320-9,CIA. MINERA PIMENTON,PLANTA PIMENTON,EMBALSE DE RELAVES,EMBALSE,ORO,METÁLICO,1,05,053,05304,Valparaíso,Los Andes,San Esteban,6405170.419,386756.852,WGS84,19S,-32.48494116,-70.20525574,ABANDONADO,AGUAS ABAJO,755200,150725.9259,1019520,203480,797,2011-04-04,344,2009-03-09,875.9104212,39598.57765
0706-5C,79963260-8,MINERA LAS CENIZAS S.A.,LAS CENIZAS CABILDO,LAS CENIZAS 1,TRANQUE DE RELAVE,COBRE,METÁLICO,1,05,054,05402,Valparaíso,Petorca,Cabildo,6409870.599,304276.6549,WGS84,19S,-32.43110505,-71.08172973,ABANDONADO,AGUAS ARRIBA,414000,,621000,,,,1956,2015-08-03,1046.89547,68829.31739
0707-5C,79963260-8,MINERA LAS CENIZAS S.A.,LAS CENIZAS CABILDO,LAS CENIZAS 2,TRANQUE DE RELAVE,COBRE,METÁLICO,1,05,054,05402,Valparaíso,Petorca,Cabildo,6409708.384,304163.4892,WGS84,19S,-32.43254757,-71.08296632,ABANDONADO,AGUAS ARRIBA,944238,,1416357,,,,1956,2015-08-03,917.1677908,44218.55005
0708-5C,79963260-8,MINERA LAS CENIZAS S.A.,LAS CENIZAS CABILDO,LAS CENIZAS 3,TRANQUE DE RELAVE,COBRE,METÁLICO,1,05,054,05402,Valparaíso,Petorca,Cabildo,6409482.684,304032.5351,WGS84,19S,-32.43455926,-71.08440522,ABANDONADO,EJE CENTRAL,572000,,858000,,1041,1984-10-11,1956,2015-08-03,1279.469532,100495.5128
0709-5C,79963260-8,MINERA LAS CENIZAS S.A.,LAS CENIZAS CABILDO,LAS CENIZAS 4,TRANQUE DE RELAVE,COBRE,METÁLICO,1,05,054,05402,Valparaíso,Petorca,Cabildo,6410753.192,304443.8941,WGS84,19S,-32.42317764,-71.07976928,INACTIVO,EJE CENTRAL,11000000,10727367,16500000,16091051,691,1999-04-30,744,2012-09-25,2494.716978,334676.5016
0710-5C,79963260-8,MINERA LAS CENIZAS S.A.,PLANTA CABILDO,DEPOSITO RELAVE ESPESADO INTERIOR MINA (DREIM),DRIM,COBRE,METÁLICO,0,05,054,05402,Valparaíso,Petorca,Cabildo,6409485.761,304926.6225,WGS84,19S,-32.43468851,-71.07490002,INACTIVO,NO APLICA,2329545,2275399,4100000,4777427,2604,2005-12-26,1956,2015-08-03,601.5090958,16300.38013
0711-5C,79963260-8,MINERA LAS CENIZAS S.A.,LAS CENIZAS CABILDO,DEPOSITO EN PASTA (DEP),EN PASTA,COBRE,METÁLICO,1,05,054,05402,Valparaíso,Petorca,Cabildo,6405402.362,304104.0384,WGS84,19S,-32.47135668,-71.08449229,ACTIVO,AGUAS ABAJO,4988636,4243930,8780000,8673447,898,2008-10-27,1956,2015-08-03,3924.666216,426533.721
0712-5C,84542800-K,CIA. MINERA LA PATAGUA,LA PATAGUA,LA PATAGUA 1,TRANQUE DE RELAVE,COBRE,METÁLICO,1,05,054,05401,Valparaíso,Petorca,La Ligua,6397711.067,299732.5484,WGS84,19S,-32.53991369,-71.13261784,INACTIVO,EJE CENTRAL,230000,,345000,,1082,1997-12-31,,,511.6125948,16313.01864
0713-5C,84542800-K,CIA. MINERA LA PATAGUA,LA PATAGUA,LA PATAGUA 2,TRANQUE DE RELAVE,COBRE,METÁLICO,1,05,054,05401,Valparaíso,Petorca,La Ligua,6397869.151,299615.8577,WGS84,19S,-32.53846752,-71.133826,INACTIVO,EJE CENTRAL,615000,,922500,,1082,1997-12-31,,,854.04145,40419.10851
0714-5C,84542800-K,CIA. MINERA LA PATAGUA,LA PATAGUA,LA PATAGUA 3,TRANQUE DE RELAVE,COBRE,METÁLICO,1,05,054,05401,Valparaíso,Petorca,La Ligua,6397683.936,299623.4965,WGS84,19S,-32.54013857,-71.13378421,INACTIVO,EJE CENTRAL,280000,,420000,,1422,1975-07-08,,,649.8657352,20899.03386
0715-5C,84542800-K,CIA. MINERA LA PATAGUA,LA PATAGUA,LA PATAGUA 4,TRANQUE DE RELAVE,COBRE,METÁLICO,1,05,054,05401,Valparaíso,Petorca,La Ligua,6397792.826,299465.4315,WGS84,19S,-32.53912839,-71.13544317,INACTIVO,,330407,,495610,,1082,1997-12-31,1237,2005-05-25,647.3898885,27305.30564
0716-5C,84542800-K,CIA. MINERA LA PATAGUA,LA PATAGUA,LA PATAGUA 4A,TRANQUE DE RELAVE,COBRE,METÁLICO,1,05,054,05401,Valparaíso,Petorca,La Ligua,6397920.966,299325.5911,WGS84,19S,-32.53794794,-71.13690404,INACTIVO,,1684633,,2526950,,1237,2005-05-25,,,844.5634229,43355.76974
0717-5C,84542800-K,CIA. MINERA LA PATAGUA,LA PATAGUA,DEPOSITO AUXILIAR,EMBALSE,COBRE,METÁLICO,0,05,054,05401,Valparaíso,Petorca,La Ligua,6397333.349,300211.1666,WGS84,19S,-32.54340506,-71.12760447,ACTIVO,EXCAVACION TERRENO,33040,,49560,,195,2012-01-27,,,162.6074942,1796.944695
0718-5C,84542800-K,CIA. MINERA LA PATAGUA,LA PATAGUA,JAVITO,TRANQUE DE RELAVE,COBRE,METÁLICO,1,05,054,05401,Valparaíso,Petorca,La Ligua,6397084.341,300435.0355,WGS84,19S,-32.54569013,-71.12527475,ACTIVO,EJE CENTRAL,1883523,1206913,2825285,2277658,195,2012-01-27,,,1396.745023,124196.851
0719-5C,96623630-2,CIA. MINERA CAN CAN S. A.,BRONCE DE PETORCA,TERRAZAS 1,TRANQUE DE RELAVE,ORO,METÁLICO,1,05,054,05404,Valparaíso,Petorca,Petorca,6432713.354,315234.6933,WGS84,19S,-32.22702603,-70.96079365,INACTIVO,,570000,,855000,,442,1999-02-10,,,908.8458789,45149.94661
0720-5C,96623630-2,CIA. MINERA CAN CAN S. A.,BRONCE DE PETORCA,TERRAZAS 2,EMBALSE,COBRE,METÁLICO,1,05,054,05404,Valparaíso,Petorca,Petorca,6432877.17,314751.6198,WGS84,19S,-32.22546941,-70.9658858,INACTIVO,,960964,471454,1441447,707181,836,2012-10-23,836,2012-10-23,1628.101579,135913.1596
0721-5C,96623630-2,CIA. MINERA CAN CAN S. A.,BRONCE DE PETORCA,EL DURAZNO,TRANQUE DE RELAVE,ORO,METÁLICO,1,05,054,05404,Valparaíso,Petorca,Petorca,6432610.728,315496.2891,WGS84,19S,-32.22799435,-70.95803874,INACTIVO,,385704,,578556,,,,,,733.9202882,30736.06569
0722-5C,96623630-2,CIA. MINERA CAN CAN S. A.,BRONCE DE PETORCA,DEPOSITO DE ARENAS,TRANQUE DE RELAVE,ORO,METÁLICO,1,05,054,05404,Valparaíso,Petorca,Petorca,6436424.877,316697.7372,WGS84,19S,-32.19380171,-70.94456256,INACTIVO,AGUAS ABAJO,813714,265682,1220571,398524,1338,2000-07-10,836,2012-10-23,1366.697106,74366.59369
0723-5C,sin rut conocido,PETRONILA DÍAZ,PETRONILA DIAZ,PETRONILA DIAZ,ACOPIO,ORO,METÁLICO,,05,054,05404,Valparaíso,Petorca,Petorca,6429746.339,317791.2779,WGS84,19S,-32.2541955,-70.93424266,ABANDONADO,NO APLICA,500,,750,,,,,,317.8478422,5382.288952
0724-5C,sin rut conocido,SM. DIAMANTINA LTDA.,PLANTA DIAMANTINO,DIAMANTINO,EMBALSE,COBRE,METÁLICO,1,05,057,05705,Valparaíso,San Felipe de Aconcagua,Putaendo,6400418.804,347139.7626,WGS84,19S,-32.52304556,-70.6275479,ABANDONADO,,402190,,1005480,,,,,,356.736895,6882.8704
0725-5C,77306760-0,SOC. LEGAL MRA. BOTON DE ORO DE PETORCA,PLANTA PATS,PLANTA PATS,EMBALSE,ORO,METÁLICO,1,05,054,05404,Valparaíso,Petorca,Petorca,6431134.481,322957.6578,WGS84,19S,-32.24250686,-70.87916663,ABANDONADO,,31450,,47175,,342,1996-04-01,,,431.6744704,11561.85405
0726-5C,96809100-K,CIA. MINERA LOS MAITENES,LOS MAITENES,EMBALSE LOS MAITENES,EMBALSE,COBRE,METÁLICO,0,05,051,05105,Valparaíso,Valparaíso,Puchuncaví,6369640.938,269180.5228,WGS84,19S,-32.78695975,-71.46465802,ABANDONADO,EXCAVACION TERRENO,9660,,14490,,,,,,248.1088642,4018.344692
0727-5C,65529570-4,SINDICATO PIRQUINEROS DE PETORCA,LA VEGA,EMBALSE DE RELAVES DEL SINDICATO INDEPENDIENTE DE PIRQUINEROS DE PETORCA,EMBALSE,COBRE,METÁLICO,1,05,054,05404,Valparaíso,Petorca,Petorca,6433397.103,323141.671,WGS84,19S,-32.22213467,-70.87679484,ACTIVO,,5175,,8280,,3883,2003-12-24,,,146.1488751,1237.698219
0728-5C,65529570-4,SINDICATO PIRQUINEROS DE PETORCA,LA VEGA,MINERA LA VEGA,EMBALSE,COBRE,METÁLICO,1,05,054,05404,Valparaíso,Petorca,Petorca,6433384.295,323095.2978,WGS84,19S,-32.22224285,-70.87728909,ACTIVO,,27661,,41491,,451,2018-04-30,,,193.9071394,2526.848993
0729-5C,76225958-3,SOC. MINERA SERPROMIN,PLANTA EL ARENAL,EL ARENAL 1,EMBALSE,COBRE,METÁLICO,1,05,057,05705,Valparaíso,San Felipe de Aconcagua,Putaendo,6385465.579,335368.6668,WGS84,19S,-32.6561909,-70.75545651,ABANDONADO,,29364,,44046,,262,1996-03-11,,,462.8296003,9727.309613
0730-5C,76225958-3,SOC. MINERA SERPROMIN,PLANTA EL ARENAL,EL ARENAL 3,EMBALSE,COBRE,METÁLICO,1,05,057,05705,Valparaíso,San Felipe de Aconcagua,Putaendo,6385519.336,335331.4072,WGS84,19S,-32.65570063,-70.75584416,ABANDONADO,,388158,,582237,,1568,2013-10-28,,,234.4964784,3779.926352
0731-5C,99572740-4,MIGRIN S.A.,PLANTA SAN SEBASTIAN,SAN SEBASTIAN,ACOPIO,CARBONATO DE CALCIO,NO METÁLICO,0,05,056,05603,Valparaíso,San Antonio,Cartagena,6287649.127,259841.9491,WGS84,19S,-33.52378798,-71.5858939,INACTIVO,NO APLICA,64350,,96525,,3041,2003-08-26,400,2010-05-11,684.6260775,28545.04284
0732-7C,99572740-4,MIGRIN S.A.,LAS PIEDRAS,DEPOSITO DE LODOS ANTIGUO,EMBALSE,SILICE,NO METÁLICO,1,07,071,07104,Maule,Talca,Empedrado,6058006.41,191621.8826,WGS84,19S,-35.5736603,-72.40269619,ACTIVO,,307232,341338,430125,525762,567,2010-07-12,,,2118.065041,207754.043
0733-7C,99572740-4,MIGRIN S.A.,LAS PIEDRAS,DEPOSITO DE LODOS NUEVO,EMBALSE,SILICE,NO METÁLICO,1,07,071,07104,Maule,Talca,Empedrado,6057632.525,191780.8534,WGS84,19S,-35.57707499,-72.40108726,ACTIVO,,46354,39728,64896,80000,134,2017-05-22,,,1924.013465,141135.3659
0734-5C,79812520-6,SOC. EXPLORACION Y DESARROLLO MINERO (EXPLODESA),ENCON,ENCON,ACOPIO,COBRE,METÁLICO,0,05,057,05701,Valparaíso,San Felipe de Aconcagua,San Felipe,6376535.06,337458.2574,WGS84,19S,-32.73702407,-70.73474148,ABANDONADO,NO APLICA,30000,,45000,,,,,,575.1388508,18603.51615
0735-5C,87956600-2,SOCIEDAD EDMUNDO ELISSETCHE,PLANTA EL CERRADO,EL CERRADO 1,TRANQUE DE RELAVE,COBRE-ORO,METÁLICO,1,05,054,05402,Valparaíso,Petorca,Cabildo,6391127.199,312574.92,WGS84,19S,-32.60151525,-70.99725095,ABANDONADO,AGUAS ARRIBA,600000,,900000,,,,,,837.5066735,30017.14937
0736-5C,87956600-2,SOCIEDAD EDMUNDO ELISSETCHE,PLANTA EL CERRADO,EL CERRADO 2,TRANQUE DE RELAVE,COBRE-ORO,METÁLICO,1,05,054,05402,Valparaíso,Petorca,Cabildo,6391351.416,312804.6295,WGS84,19S,-32.59953272,-70.99475957,ABANDONADO,EJE CENTRAL,170000,,255000,,1493,1993-10-15,,,741.2879693,31636.89719
0737-5C,6965537-8,HUGO HUMBERTO SAAVEDRA QUIROZ,PLANTA SAAVEDRA EL QUEMADO,EL QUEMADO ,TRANQUE DE RELAVE,ORO,METÁLICO,1,05,054,05402,Valparaíso,Petorca,Cabildo,6408675.487,310904.6308,WGS84,19S,-32.44302482,-71.01151141,ABANDONADO,AGUAS ARRIBA,91654,,137481,,1037,1987-10-30,,,333.1876033,6278.365502
0738-5C,sin rut conocido,SOC. MINERA GAMA,PLANTA LOS MOLLES,LOS MOLLES 1,TRANQUE DE RELAVE,ORO-COBRE,METÁLICO,1,05,054,05401,Valparaíso,Petorca,La Ligua,6430870.135,266218.775,WGS84,19S,-32.23450261,-71.48104447,ABANDONADO,EJE CENTRAL,9800,,14700,,552,1985-05-31,,,279.3727681,4867.843321
0739-5C,sin rut conocido,CIA. MINERA HIERRO VIEJO,PLANTA HIERRO VIEJO,HIERRO VIEJO 1,TRANQUE DE RELAVE,COBRE,METÁLICO,1,05,054,05404,Valparaíso,Petorca,Petorca,6427003.454,310130.4156,WGS84,19S,-32.27765385,-71.01607132,ABANDONADO,AGUAS ARRIBA,27000,,40500,,,,,,132.3668646,1192.82038
0740-5C,sin rut conocido,CIA. MINERA HIERRO VIEJO,PLANTA HIERRO VIEJO,HIERRO VIEJO 2,TRANQUE DE RELAVE,COBRE,METÁLICO,1,05,054,05404,Valparaíso,Petorca,Petorca,6426962.181,310097.444,WGS84,19S,-32.27802037,-71.01642947,ABANDONADO,AGUAS ARRIBA,5720,,8580,,,,,,228.5384138,3052.605528
0741-5C,78200830-7,MINERA CEMIN-PULLALLI SPA,PLANTA CATEMU,CATEMU 1,TRANQUE DE RELAVE,COBRE,METÁLICO,1,05,057,05702,Valparaíso,San Felipe de Aconcagua,Catemu,6372242.256,313257.0994,WGS84,19S,-32.77188519,-70.99376666,ABANDONADO,AGUAS ABAJO,414000,,621000,,127,1973-06-13,,,514.2389286,12230.1606
0742-5C,78200830-7,MINERA CEMIN-PULLALLI SPA,PLANTA CATEMU,CATEMU 2,TRANQUE DE RELAVE,COBRE,METÁLICO,1,05,057,05702,Valparaíso,San Felipe de Aconcagua,Catemu,6372139.054,313365.7152,WGS84,19S,-32.77283402,-70.99262837,ABANDONADO,AGUAS ABAJO,944238,,1416357,,,,,,1211.224168,70459.19639
0743-5C,78200830-7,MINERA CEMIN-PULLALLI SPA,PLANTA CATEMU,CATEMU 3,TRANQUE DE RELAVE,COBRE,METÁLICO,1,05,057,05702,Valparaíso,San Felipe de Aconcagua,Catemu,6372410.951,313019.9822,WGS84,19S,-32.77032406,-70.99626296,ABANDONADO,AGUAS ABAJO,572000,,858000,,,,,,1902.625217,178530.1061
0744-5C,78200830-7,MINERA CEMIN-PULLALLI SPA,PLANTA CATEMU,CATEMU 4,TRANQUE DE RELAVE,COBRE,METÁLICO,1,05,057,05702,Valparaíso,San Felipe de Aconcagua,Catemu,6371779.117,313401.0344,WGS84,19S,-32.77608493,-70.9923238,ABANDONADO,EJE CENTRAL,2400000,,3600000,,1222,1988-11-30,,,1780.62123,121477.7768
0745-5C,sin rut conocido,TRAPICHES,3 TRANQUES,3 TRANQUES,ACOPIO,ORO,METÁLICO,0,05,054,05404,Valparaíso,Petorca,Petorca,6429456.777,316691.9606,WGS84,19S,-32.25662707,-70.94596245,ABANDONADO,NO APLICA,14438,,21657,,,,,,144.7188744,767.5584538
0746-5C,78608270-6,PROQUIMIN,PROQUIMIN,CAOLIN,ACOPIO,CAOLIN,NO METÁLICO,,05,055,05502,Valparaíso,Quillota,Calera,6368893.517,294111.7564,WGS84,19S,-32.79865203,-71.19879136,ABANDONADO,NO APLICA,1500,,2250,,675,1995-10-29,,,173.2144111,2045.715653
0747-5C,76316627-9,PLANTA CONCENTRADORA DE MINERALES CHINCOLCO SPA,PLANTA CHINCOLCO,EMBALSE DE RELAVES MANUEL FERNANDEZ,EMBALSE,COBRE,METÁLICO,1,05,054,05404,Valparaíso,Petorca,Petorca,6433491.392,323382.7749,WGS84,19S,-32.22132246,-70.87422001,ACTIVO,,111166,86550,166750,129826,1130,2015-10-26,,,468.0934054,14700.77022
0748-5C,79963260-8,MINERA LAS CENIZAS S.A.,PLANTA LOS MAQUIS,LOS MAQUIS 1,TRANQUE DE RELAVE,COBRE,METÁLICO,1,05,054,05402,Valparaíso,Petorca,Cabildo,6406257.529,305553.012,WGS84,19S,-32.46390145,-71.06890635,ABANDONADO,AGUAS ARRIBA,30000,,45000,,172,1995-02-15,,,199.9018251,2632.924857
0749-5C,76430769-0,ANTAWARA SpA,ANTAWARA,ANTAWARA,EMBALSE,COBRE,METÁLICO,1,05,054,05404,Valparaíso,Petorca,Petorca,6435691.432,323529.0348,WGS84,19S,-32.2015084,-70.87226203,ACTIVO,,49950,11366,89910,17050,1006,2016-09-12,,,589.1013405,21372.12802
0750-5C,6686200-3,FIDEL CONTRERAS SALINAS,COBRE OXIDADO 1-5,COBRE OXIDADO 1-5,ACOPIO,COBRE,METÁLICO,,05,057,05705,Valparaíso,San Felipe de Aconcagua,Putaendo,6394416.368,334347.9093,WGS84,19S,-32.57533221,-70.764752,ABANDONADO,NO APLICA,352666,,529200,,911,2008-11-03,,,85.10662132,436.931618
0751-5C,sin rut conocido,DESCONOCIDO,PLANTA DULCINEA,DULCINEA,TRANQUE DE RELAVE,COBRE,METÁLICO,1,05,054,05404,Valparaíso,Petorca,Petorca,6442291.261,330315.0995,WGS84,19S,-32.14304249,-70.79912598,ABANDONADO,,215905,,323857,,,,,,872.1159417,37272.93913
0752-5C,sin rut conocido,DESCONOCIDO,PLANTA TRANSITO (LAS PALMAS),TRANQUE 1-2-3-4,TRANQUE DE RELAVE,COBRE,METÁLICO,1,05,054,05404,Valparaíso,Petorca,Petorca,6438412.429,297478.5672,WGS84,19S,-32.1725849,-71.1479111,ABANDONADO,AGUAS ARRIBA,18641,,27961,,,,,,506.715685,8266.019959
0753-5C,76181161-4,MINERA LA MERCED E.I.R.L.,PLANTA DE BENEFICIO DE MINERALES,EMBALSE,EMBALSE,COBRE,METÁLICO,1,05,054,05404,Valparaíso,Petorca,Petorca,6433694.901,323676.1814,WGS84,19S,-32.2195336,-70.87107027,ABANDONADO,EXCAVACION TERRENO,3600,,5400,,,,,,145.3432954,1412.655529
0754-5C,sin rut conocido,DESCONOCIDO,PLANTA LOS HOYOS,LOS HOYOS,TRANQUE DE RELAVE,ORO,METÁLICO,1,05,054,05404,Valparaíso,Petorca,Petorca,6450762.495,327432.0807,WGS84,19S,-32.06621879,-70.82815769,ABANDONADO,AGUAS ABAJO,813714,265682,1220571,398524,1338,2000-07-10,836,2012-10-23,302.6103714,5007.722324
0755-5C,sin rut conocido,DESCONOCIDO,RAMAYANA,RAMAYANA 1,TRANQUE DE RELAVE,COBRE,METÁLICO,1,05,058,05803,Valparaíso,Marga Marga,Olmué,6340164.856,309946.4048,WGS84,19S,-33.06048934,-71.03570576,ABANDONADO,AGUAS ARRIBA,48000,,72000,,,,,,558.8006124,9697.995368
0756-5C,sin rut conocido,DESCONOCIDO,RAMAYANA,RAMAYANA 2,ACOPIO,COBRE,METÁLICO,,05,058,05803,Valparaíso,Marga Marga,Olmué,6338951.31,310455.0021,WGS84,19S,-33.07151776,-71.03051234,ABANDONADO,NO APLICA,9600,,14400,,,,,,427.8256202,7401.388711
0757-RM,85466200-7,MINERA SAN PEDRO S.A,PLANTA POLCURA INTEGRADA,EMBALSE DE RELAVES,EMBALSE,COBRE,METÁLICO,1,13,133,13303,Metropolitana de Santiago,Chacabuco,Tiltil,6335593.758,321457.7672,WGS84,19S,-33.10365011,-70.91335896,ACTIVO,,134400,220396,208200,330594,364,2008-04-16,1833,2009-10-08,1693.944716,71598.48079
0758-RM,85466200-7,MINERA SAN PEDRO S.A,PLANTA POLCURA INTEGRADA,MSP 2,FILTRADO,COBRE,METÁLICO,0,13,133,13303,Metropolitana de Santiago,Chacabuco,Tiltil,6335808.614,322148.4668,WGS84,19S,-33.10182652,-70.90591877,ACTIVO,NO APLICA,,,,,,,,,2206.689285,83878.87993
0759-RM,91337000-7,CEMENTO POLPAICO S.A.,CERRO BLANCO,TRANQUE RELAVE 1-2-3-4,TRANQUE DE RELAVE,CALIZA,NO METÁLICO,1,13,133,13303,Metropolitana de Santiago,Chacabuco,Tiltil,6331323.129,329196.1406,WGS84,19S,-33.1433976,-70.83126703,INACTIVO,EJE CENTRAL,8265000,,12397500,,407,1996-04-26,2016,2015-08-11,3084.56221,581591.0601
0760-RM,91337000-7,CEMENTO POLPAICO S.A.,CERRO BLANCO,TRANQUE RELAVE 5,TRANQUE DE RELAVE,CARBONATO DE CALCIO,NO METÁLICO,1,13,133,13303,Metropolitana de Santiago,Chacabuco,Tiltil,6328207.524,329852.5916,WGS84,19S,-33.1715898,-70.82481384,ACTIVO,AGUAS ABAJO,6380000,6526153,9570000,10590184,745,1998-09-08,2016,2015-08-11,3139.801143,436270.5484
0761-RM,99589380-0,MINERA NUEVA PUDAHUEL,PLANTA LA AFRICANA,LA AFRICANA 1-2,TRANQUE DE RELAVE,COBRE,METÁLICO,1,13,131,13124,Metropolitana de Santiago,Santiago,Pudahuel,6296137.093,331356.8684,WGS84,19S,-33.46095278,-70.81467053,ABANDONADO,,1000000,,1450000,,,,2362,2002-10-07,2714.873836,358366.63
0762-RM,99589380-0,MINERA NUEVA PUDAHUEL,PLANTA LA AFRICANA,LA FARFANA,TRANQUE DE RELAVE,COBRE,METÁLICO,1,13,131,13119,Metropolitana de Santiago,Santiago,Maipú,6295756.589,331927.3247,WGS84,19S,-33.4644728,-70.80860611,ABANDONADO,,120721,,181082,,,,2362,2002-10-07,1074.272173,74994.16462
0763-RM,sin rut conocido,LUIS DONOSO SARMIENTO,PLANTA ANITA,ANITA 1-2,ACOPIO,ORO,METÁLICO,,13,133,13303,Metropolitana de Santiago,Chacabuco,Tiltil,6338581.651,318591.0852,WGS84,19S,-33.07623882,-70.94347182,ABANDONADO,NO APLICA,3495,,5242,,304,1995-04-13,,,695.4138709,28419.4418
0764-RM,sin rut conocido,OSCAR CUEVAS CONTRERAS,LOS MAQUIS DE RANGUE (EX PLANTA ACULEO),TRANQUE DE RELAVE,ACOPIO,ORO,METÁLICO,,13,134,13404,Metropolitana de Santiago,Maipo,Paine,6252726.117,318750.4473,WGS84,19S,-33.85020692,-70.95910496,ABANDONADO,NO APLICA,23367,,35050,,832,1987-09-07,,,577.6754535,15088.55183
0765-RM,76591160-5,MINERA FLORIDA LTDA.,ALHUE,TRANQUE DE RELAVE ADOSADO,TRANQUE DE RELAVE,ORO-ZINC,METÁLICO,1,13,135,13502,Metropolitana de Santiago,Melipilla,Alhué,6231226.784,312448.7277,WGS84,19S,-34.04288629,-71.03178378,INACTIVO,,4066667,3563057,8100000,7090484,2159,2005-10-13,1232,2009-06-25,3010.533021,417371.4535
0766-RM,76591160-5,MINERA FLORIDA LTDA.,ALHUE,TRANQUE DE RELAVE UNIFICADO,TRANQUE DE RELAVE,ORO-ZINC,METÁLICO,1,13,135,13502,Metropolitana de Santiago,Melipilla,Alhué,6231791.481,312494.683,WGS84,19S,-34.0378048,-71.03116483,INACTIVO,,5866667,,8800000,,1773,2012-05-24,1232,2009-06-25,2161.449629,301857.6151
0767-RM,76591160-5,MINERA FLORIDA LTDA.,ALHUE,TRANQUE EN PASTA,EN PASTA,ORO-ZINC,METÁLICO,0,13,135,13502,Metropolitana de Santiago,Melipilla,Alhué,6230758.998,311673.0205,WGS84,19S,-34.04696336,-71.04028353,ACTIVO,NO APLICA,10217647,2012414,17370000,6762855,1315,2016-06-28,,,3980.455323,886966.342
0768-RM,sin rut conocido,LUIS RAMIREZ VALLE,PLANTA LO AGUILA,LO AGUILA,ACOPIO,ORO,METÁLICO,,13,135,13503,Metropolitana de Santiago,Melipilla,Curacaví,6299740.792,300569.7254,WGS84,19S,-33.42318092,-71.14496642,ABANDONADO,,14000,,21000,,717,1987-08-07,,,486.4963222,5614.989833
0769-RM,76296602-6,ALMA MINERALS (EX RECICLOMET),PLANTA SAN FRANCISCO,SAN FRANCISCO,EMBALSE,COBRE,METÁLICO,0,13,133,13303,Metropolitana de Santiago,Chacabuco,Tiltil,6335370.106,320128.0673,WGS84,19S,-33.10544682,-70.92764584,ABANDONADO,EXCAVACION TERRENO,6335,,9502,,,,,,1120.660114,76994.50115
0770-RM,83423500-5,NOGAZ LIMITADA,PLANTA RUNGUE,NOGAZ,ACOPIO,COBRE,METÁLICO,,13,133,13303,Metropolitana de Santiago,Chacabuco,Tiltil,6346770.048,323331.7026,WGS84,19S,-33.00319838,-70.89113042,ABANDONADO,NO APLICA,720000,,1080000,,,,,,1144.696982,88501.00332
0771-RM,sin rut conocido,DESCONOCIDO,EX PLANTA DEL GRINGO TICHAGUA,GRINGO TICHAGUA,ACOPIO,ORO,METÁLICO,,13,135,13501,Metropolitana de Santiago,Melipilla,Melipilla,6278614.262,305670.0241,WGS84,19S,-33.61454312,-71.09472946,ABANDONADO,NO APLICA,100,,150,,,,,,374.9798896,5298.515527
0772-RM,sin rut conocido,DESCONOCIDO,PLANTA LOS CARRERAS,LOS CARRERAS,ACOPIO,ORO,METÁLICO,,13,135,13501,Metropolitana de Santiago,Melipilla,Melipilla,6278518.853,305644.0534,WGS84,19S,-33.61539834,-71.09503005,ABANDONADO,NO APLICA,150,,225,,,,,,470.9356961,9569.533679
0773-6C,89980400-7,CIA. MINERA EL INGLES,PLANTA EL INGLES,EL INGLES,EMBALSE,ORO,METÁLICO,1,06,061,06101,Libertador General Bernardo O'Higgins,Cachapoal,Rancagua,6228318.52,328198.9965,WGS84,19S,-34.07180272,-70.86181365,INACTIVO,,175000,109506,259200,16207,84,2014-01-17,39,2015-03-20,780.0597673,40865.11107
0774-6C,89980400-7,CIA. MINERA EL INGLES,PLANTA EL INGLES,EL INGLES 1,TRANQUE DE RELAVE,COBRE,METÁLICO,1,06,061,06101,Libertador General Bernardo O'Higgins,Cachapoal,Rancagua,6228322.003,327996.2495,WGS84,19S,-34.07173802,-70.86400912,ABANDONADO,AGUAS ARRIBA,70600,,105900,,9,1989-01-04,39,2015-03-20,590.1424654,19506.55854
0775-6C,89980400-7,CIA. MINERA EL INGLES,PLANTA EL INGLES,EL INGLES 2,TRANQUE DE RELAVE,ORO,METÁLICO,1,06,061,06101,Libertador General Bernardo O'Higgins,Cachapoal,Rancagua,6228202.838,327930.9536,WGS84,19S,-34.07280144,-70.86473995,ABANDONADO,AGUAS ARRIBA,116400,,174600,,,,39,2015-03-20,479.2910828,11363.31567
0776-6C,89980400-7,CIA. MINERA EL INGLES,PLANTA EL INGLES,EL INGLES 3,TRANQUE DE RELAVE,ORO,METÁLICO,1,06,061,06101,Libertador General Bernardo O'Higgins,Cachapoal,Rancagua,6228152.585,328039.0449,WGS84,19S,-34.07327219,-70.86357901,ABANDONADO,AGUAS ARRIBA,171111,,225867,,,,39,2015-03-20,435.269469,11263.46523
0777-6C,96595400-7,MINERA VALLE CENTRAL S.A.,EL TENIENTE,CAUQUENES,TRANQUE DE RELAVE,COBRE-MOLIBDENO,METÁLICO,2,06,061,06116,Libertador General Bernardo O'Higgins,Cachapoal,Requínoa,6204181.478,344023.0499,WGS84,19S,-34.29186914,-70.69474343,ACTIVO,AGUAS ABAJO,242666667,136770935,364000000,205156403,,,1485,2015-05-02,17027.71753,7368838.161
0778-6C,96595400-7,MINERA VALLE CENTRAL S.A.,MINERA VALLE CENTRAL S.A.,COLIGUE,EMBALSE,COBRE,METÁLICO,2,06,061,06116,Libertador General Bernardo O'Higgins,Cachapoal,Requínoa,6207518.608,346017.8974,WGS84,19S,-34.2620839,-70.67248087,ACTIVO,,142000000,151484888.7,213000000,227227333,1156,2006-11-27,2244,2015-09-04,22107.67877,6787755.583
0779-6C,61704000-K,CODELCO,EL TENIENTE,BARAHONA 1,TRANQUE DE RELAVE,COBRE-MOLIBDENO,METÁLICO,1,06,061,06108,Libertador General Bernardo O'Higgins,Cachapoal,Machalí,6226374.942,360939.401,WGS84,19S,-34.0941884,-70.50743574,INACTIVO,AGUAS ARRIBA,13333333,,20000000,,,,1485,2015-05-02,5519.711211,1387639.896
0780-6C,76251248-3,TRANSPORTE JORGE ALBORNOZ HIJO LTDA. (EX SLM FLOR DE TE),PLANTA LA HIGUERA (EX PLANTA FLOR DE TE),LA HIGUERA,EMBALSE,ORO,METÁLICO,1,06,061,06113,Libertador General Bernardo O'Higgins,Cachapoal,Pichidegua,6188474.657,297916.9849,WGS84,19S,-34.42546432,-71.19911025,ABANDONADO,,3553,,5329,,131,1995-02-03,189,2015-07-27,189.0883752,2653.62804
0781-6C,76433896-0,SOC. MINERA LOS ROBLES SpA,PODER DE COMPRAS PLANTA CHILENO RUMANA DE CHANCON,CHANCON 1,TRANQUE DE RELAVE,COBRE,METÁLICO,1,06,061,06101,Libertador General Bernardo O'Higgins,Cachapoal,Rancagua,6227675.745,332673.4625,WGS84,19S,-34.07832182,-70.81346883,INACTIVO,,30660,,44457,,633,1996-07-15,,,708.603284,31211.27679
0782-6C,76433896-0,SOC. MINERA LOS ROBLES SpA,PODER DE COMPRAS PLANTA CHILENO RUMANA DE CHANCON,CHANCON 2,EMBALSE,COBRE,METÁLICO,1,06,061,06101,Libertador General Bernardo O'Higgins,Cachapoal,Rancagua,6227560.379,332605.5982,WGS84,19S,-34.07935091,-70.81422619,ACTIVO,,230067,39979,345100,37736,801,2008-09-23,,,694.9931118,20703.2344
0783-6C,77055030-0,MIRADORES,LOS MIRADORES,DESCONOCIDO,EMBALSE,COBRE-ORO,METÁLICO,,06,061,06107,Libertador General Bernardo O'Higgins,Cachapoal,Las Cabras,6228413.517,287141.3574,WGS84,19S,-34.06340302,-71.30644754,ELIMINADO,,61680,,92520,,898,1997-10-13,,,654.744312,24662.67164
0784-6C,sin rut conocido,DESCONOCIDO,DESCONOCIDO,DESCONOCIDO,ACOPIO,DESCONOCIDO,NO METÁLICO,,06,062,06203,Libertador General Bernardo O'Higgins,Cardenal Caro,Litueche,6220959.512,248524.2664,WGS84,19S,-34.121992,-71.72665627,ABANDONADO,,1200,,1800,,,,,,302.8263985,4335.141766
0785-7C,76914444-7,SOCIEDAD CONTRACTUAL MINERA PAICAVI S.A.,CHEPICA,CHEPICA,EMBALSE,ORO-COBRE,METÁLICO,1,07,071,07107,Maule,Talca,Pencahue,6081722.009,240722.1592,WGS84,19S,-35.37416482,-71.85401138,INACTIVO,AGUAS ABAJO,273333,267904,410000,178593,559,2004-03-03,,,1239.745406,56574.04935
0786-7C,76416883-6,MINERA TORO SPA,ESTANCIA FLORA,FLORA,TRANQUE DE RELAVE,SILICE,NO METÁLICO,1,07,071,07102,Maule,Talca,Constitución,6059156.618,174590.7008,WGS84,19S,-35.55786174,-72.58983758,ACTIVO,,120000,,180000,,,,,,683.9133413,29946.94584
0787-7C,76026585-3,MINERA FARO CARRANZA,FARO CARRANZA,LOANCO 9,TRANQUE DE RELAVE,SILICE,NO METÁLICO,1,07,072,07202,Maule,Cauquenes,Chanco,6057250.544,174929.8358,WGS84,19S,-35.57512556,-72.58686822,ACTIVO,,189000,,283500,,,,,,838.8368093,38623.01823
0788-11S,77053711-8,SOCIEDAD MINERA PACIFICO DEL SUR SPA,FAENA EL TOQUI,TOQUI,TRANQUE DE RELAVE,ZINC,METÁLICO,1,11,111,11101,Aysén del General Carlos Ibáñez del Campo,Coihaique,Coihaique,5008845.044,268179.5136,WGS84,19S,-45.03591677,-71.9431527,INACTIVO,,331986,,497979,,507,1983-05-04,252,2010-03-23,843.1260438,40908.878
0789-11S,77053711-8,SOCIEDAD MINERA PACIFICO DEL SUR SPA,FAENA EL TOQUI,CONFLUENCIA,TRANQUE DE RELAVE,ZINC,METÁLICO,1,11,111,11101,Aysén del General Carlos Ibáñez del Campo,Coihaique,Coihaique,5009144.027,269460.0071,WGS84,19S,-45.03364649,-71.92677995,INACTIVO,,3822897,3909081,5734346,5863622,114,2008-02-06,252,2010-03-23,1859.840983,258017.0667
0790-11S,77053711-8,SOCIEDAD MINERA PACIFICO DEL SUR SPA,FAENA EL TOQUI,LA LEÑERA,TRANQUE DE RELAVE,ORO,METÁLICO,1,11,111,11101,Aysén del General Carlos Ibáñez del Campo,Coihaique,Coihaique,5009118.801,268288.199,WGS84,19S,-45.03349123,-71.94164848,INACTIVO,,367654,,551481,,400,1995-04-08,252,2010-03-23,841.6003345,47219.02913
0791-11S,77053711-8,SOCIEDAD MINERA PACIFICO DEL SUR SPA,FAENA EL TOQUI,FILTRADOS DOÑA ROSA,FILTRADO,ZINC-ORO,METÁLICO,1,11,111,11101,Aysén del General Carlos Ibáñez del Campo,Coihaique,Coihaique,5008698.107,267515.1832,WGS84,19S,-45.03702014,-71.9516437,ACTIVO,NO APLICA,2176000,1968662,3264000,2952993,1648,2011-06-13,252,2010-03-23,1490.225918,132570.1844
0792-11S,sin rut conocido,MINERA AYSEN,LA ESCONDIDA,RELAVE LA ESCONDIDA,ACOPIO,ZINC-PLOMO,METÁLICO,,11,114,11401,Aysén del General Carlos Ibáñez del Campo,General Carrera,Chile Chico,4803603.643,220563.9821,WGS84,19S,-46.86235287,-72.66630851,ABANDONADO,,27540,,41310,,,,,,322.6571189,4098.66907
0793-11S,sin rut conocido,MINERA AYSEN,LAS CHIVAS,LAS CHIVAS,ACOPIO,ZINC,METÁLICO,,11,114,11402,Aysén del General Carlos Ibáñez del Campo,General Carrera,Río Ibáñez,4834873.096,227956.4357,WGS84,19S,-46.58456008,-72.55101057,ABANDONADO,,1540,,2310,,,,,,58.47476609,204.3724371
0794-11S,sin rut conocido,CASANOVA Y SOTO LIMITADA,PUERTO CRISTAL,TRANQUE DE RELAVE 1,TRANQUE DE RELAVE,ORO,METÁLICO,1,11,114,11402,Aysén del General Carlos Ibáñez del Campo,General Carrera,Río Ibáñez,4838319.433,240286.1497,WGS84,19S,-46.55847891,-72.38843251,ABANDONADO,AGUAS ARRIBA,44000,,66000,,,,,,302.0312539,4468.316395
0795-11S,sin rut conocido,CASANOVA Y SOTO LIMITADA,PUERTO CRISTAL,TRANQUE DE RELAVE 2,TRANQUE DE RELAVE,ORO,METÁLICO,1,11,114,11402,Aysén del General Carlos Ibáñez del Campo,General Carrera,Río Ibáñez,4838272.201,240219.645,WGS84,19S,-46.55887754,-72.38932509,ABANDONADO,AGUAS ARRIBA,32000,,48600,,,,,,339.8160757,4847.242867
0796-11S,sin rut conocido,CASANOVA Y SOTO LIMITADA,PUERTO CRISTAL,ACOPIO PUERTO CRISTAL,ACOPIO,ORO,METÁLICO,,11,114,11402,Aysén del General Carlos Ibáñez del Campo,General Carrera,Río Ibáñez,4838003.127,239815.7936,WGS84,19S,-46.56113867,-72.39473561,ABANDONADO,NO APLICA,,,,,,,,,126.3321513,978.1690191
0797-11S,77053711-8,SOCIEDAD MINERA PACIFICO DEL SUR SPA,FAENA EL TOQUI,TOQUI ANTIGUO,TRANQUE DE RELAVE,ORO,METÁLICO,1,11,111,11101,Aysén del General Carlos Ibáñez del Campo,Coihaique,Coihaique,5008490.523,268126.2545,WGS84,19S,-45.03908647,-71.94399154,INACTIVO,,,,,,,,,,477.6896463,14324.01429
0798-2N,4148359 -8,PEDRO RESTOVIC MATAS,LA PUNTILLA,TALTAL SUR,ACOPIO,ORO,METÁLICO,,02,021,02104,Antofagasta,Antofagasta,Taltal,7188827.36,349756.8324,WGS84,19S,-25.40985924,-70.49377323,ABANDONADO,NO APLICA,,,,,,,,,424.2018941,3675.612321
0799-2N,77005925-6,INVERSIONES SMG CHILE SPA,PLANTA TRES PUNTAS,TOCOPILLA,TRANQUE DE RELAVE,,METÁLICO,1,02,023,02301,Antofagasta,Tocopilla,Tocopilla,7553102.842,386878.7596,WGS84,19S,-22.12343296,-70.09681812,EN CONSTRUCCION,EJE CENTRAL,18632,0,30000,0,4,2025-01-07,,,731.4926203,38066.39528
0800-2N,76727040-2,CIA. MINERA CENTINELA,PROYECTO ESPERANZA,DEPOSITO DE RELAVE EN RAJO TESORO CENTRAL,EMBALSE,COBRE,METÁLICO,0,02,021,02103,Antofagasta,Antofagasta,Sierra Gorda,7461776.845,491821.6165,WGS84,19S,-22.95213316,-69.07977537,EN CONSTRUCCION,EXCAVACION TERRENO,207720000,0,331000000,0,1455,2024-07-25,,,5390.759124,1685438.398
0801-3N,8122622-9,LUIS CORTES JARA,PLANTA MARIA ISABEL,TRANQUE 1,TRANQUE DE RELAVE,S/I,METÁLICO,1,03,031,03103,Atacama,Copiapó,Tierra Amarilla,6964359.83,374295.3419,WGS84,19S,-27.43843236,-70.27189957,INACTIVO,EXCAVACION TERRENO,,,,,,,,,125.7909879,1102.868945
0802-3N,8122622-9,LUIS CORTES JARA,PLANTA MARIA ISABEL,EMBALSE 1,EMBALSE,S/I,METÁLICO,0,03,031,03103,Atacama,Copiapó,Tierra Amarilla,6964336.056,374281.6304,WGS84,19S,-27.43864568,-70.27204074,INACTIVO,EXCAVACION TERRENO,,,,,,,,,64.89337539,295.7972935
0803-3N,8122622-9,LUIS CORTES JARA,PLANTA MARIA ISABEL,EMBALSE 2,EMBALSE,S/I,METÁLICO,0,03,031,03103,Atacama,Copiapó,Tierra Amarilla,6964324.97,374272.8821,WGS84,19S,-27.43874493,-70.27213039,INACTIVO,EXCAVACION TERRENO,,,,,,,,,49.92296989,159.0336428
0804-3N,8122622-9,LUIS CORTES JARA,PLANTA MARIA ISABEL,EMBALSE 3,EMBALSE,S/I,METÁLICO,0,03,031,03103,Atacama,Copiapó,Tierra Amarilla,6964380.345,374260.037,WGS84,19S,-27.43824394,-70.2722546,INACTIVO,EXCAVACION TERRENO,,,,,,,,,113.4877371,834.7762643
0805-3N,sin rut conocido,DESCONOCIDO,DESCONOCIDO,DESCONOCIDO,ACOPIO,COBRE,METÁLICO,,03,031,03103,Atacama,Copiapó,Tierra Amarilla,6964063.155,374462.2041,WGS84,19S,-27.44112549,-70.27024224,ABANDONADO,NO APLICA,,,,,,,,,287.912739,4085.023744
0806-3N,sin rut conocido,SOC. MINERA SAN JOAQUIN,PLANTA SAN JOAQUIN,SAN JOAQUIN 4,TRANQUE DE RELAVE,COBRE-ORO,METÁLICO,1,03,031,03103,Atacama,Copiapó,Tierra Amarilla,6963844.383,374161.1793,WGS84,19S,-27.44307229,-70.27331019,ABANDONADO,AGUAS ARRIBA,,,,,,,,,265.6614382,5205.959145
0807-3N,76353771-4,MINE TRADE SPA,PLANTA PUERTO RICO,EMBALSE 3,EMBALSE,COBRE,METÁLICO,1,03,031,03101,Atacama,Copiapó,Copiapó,6969736.273,367480.087,WGS84,19S,-27.38926047,-70.34025663,INACTIVO,EXCAVACION TERRENO,,,,,,,,,347.7843562,7215.188281
0808-3N,76353771-4,MINE TRADE SPA,PLANTA PUERTO RICO,EMBALSE 5,EMBALSE,COBRE,METÁLICO,0,03,031,03101,Atacama,Copiapó,Copiapó,6969889.615,367370.6755,WGS84,19S,-27.38786583,-70.34134623,INACTIVO,EXCAVACION TERRENO,,,,,,,,,636.0901345,24962.30679
0809-3N,76353771-4,MINE TRADE SPA,PLANTA PUERTO RICO,EMBALSE 6,EMBALSE,COBRE,METÁLICO,0,03,031,03101,Atacama,Copiapó,Copiapó,6970030.629,367373.4682,WGS84,19S,-27.38659336,-70.34130263,ACTIVO,EXCAVACION TERRENO,,,,,,,,,632.5137496,25043.54427
0810-3N,76353771-4,MINE TRADE SPA,PLANTA PUERTO RICO,EMBALSE 7,EMBALSE,COBRE,METÁLICO,0,03,031,03101,Atacama,Copiapó,Copiapó,6969616.566,367026.1499,WGS84,19S,-27.39029673,-70.34485963,ACTIVO,EXCAVACION TERRENO,,,,,,,,,397.0732951,5469.313567
0811-3N,76309389-1,ACIBOL SpA,PLANTA IRMITA,EMBALSE DE RELAVES 2,EMBALSE,COBRE,METÁLICO,1,03,031,03101,Atacama,Copiapó,Copiapó,6968039.838,366373.6582,WGS84,19S,-27.40446382,-70.35163036,ACTIVO,,,,,,,,,,331.5594059,7138.448719
0812-3N,10126740-7,GONZALO ASTORGA SAA,AURICOP,RELAVE 2,EMBALSE,ORO-COBRE,METÁLICO,1,03,031,03101,Atacama,Copiapó,Copiapó,6967821.516,366129.5252,WGS84,19S,-27.40641034,-70.35412323,INACTIVO,,,,,,,,,,331.3426749,5850.781699
0813-3N,77202800-8,CIA. MINERA POTRERILLOS,DIEGO DE ALMEYDA,DEPOSITO RELAVE FILTRADO 2,FILTRADO,COBRE,METÁLICO,0,03,032,03202,Atacama,Chañaral,Diego de Almagro,7084867.239,399197.151,WGS84,19S,-26.35264728,-70.01024969,EN CONSTRUCCION,NO APLICA,2966327,0,5814000,0,2157,2024-10-28,,,1898.210748,245313.5755
0814-3N,79664570-9,SOC. MINERA CANDELARIA,PLANTA CORONA,DEPOSITO SECO,ESPESADO,COBRE,METÁLICO,0,03,031,03101,Atacama,Copiapó,Copiapó,6968790.834,367481.013,WGS84,19S,-27.39779372,-70.34035018,EN CONSTRUCCION,NO APLICA,47058,0,80000,0,747,2024-07-29,,,611.662332,26642.72034
0815-3N,77454903-6,GLOBAL OPEX ONE SPA,PLANTA DELIA,TRANQUE DE RELAVES SANTA MARGARITA,TRANQUE DE RELAVE,COBRE,METÁLICO,2,03,031,03102,Atacama,Copiapó,Caldera,6954107.902,317213.0352,WGS84,19S,-27.52447162,-70.85080728,EN CONSTRUCCION,AGUAS ABAJO,48575,0,111720,0,831,2024-09-02,,,990.7396958,33966.39008
0816-4N,76009185-5,CIA. MINERA QUEBRADA HONDA,PLANTA SAN ALEJANDRO (EX TRAPICHE),SAN ALEJANDRO 2 (EX TRAPICHE 2),TRANQUE DE RELAVE,COBRE-ORO,METÁLICO,1,04,041,04104,Coquimbo,Elqui,La Higuera,6750441.853,293862.583,WGS84,19S,-29.35831391,-71.12351351,INACTIVO,,25672,,38508,,897,1995-12-13,,,508.263881,13336.31373
0817-4N,77201754-5,COMPAÑIA MINERA MANTOS DE HORNILLOS LTDA. ,MANTOS DE HORNILLOS,EMBALSE DE RELAVES MANTOS DE HORNILLOS,EMBALSE,COBRE-ORO,METÁLICO,1,04,043,04301,Coquimbo,Limarí,Ovalle,6554345.743,252885.7195,WGS84,19S,-31.11877243,-71.59130721,ACTIVO,AGUAS ABAJO,10886,,17091,,150,2024-02-28,,,291.7584751,5257.049984
0818-4N,86527000-3,SLM NANCY PRIMERA (TOMAS PONCE),FAENA PONCE,ACOPIO DE RELAVE PONCE,ACOPIO,COBRE-ORO,METÁLICO,,04,041,04103,Coquimbo,Elqui,Andacollo,6651604.053,300012.7077,WGS84,19S,-30.25072235,-71.07855047,INACTIVO,NO APLICA,,,,,,,,,52.09399251,184.3468727
0819-4N,86527000-3,SLM NANCY PRIMERA (TOMAS PONCE),FAENA PONCE,PONCE ,EMBALSE,COBRE-ORO,METÁLICO,1,04,041,04103,Coquimbo,Elqui,Andacollo,6651474.572,300199.1263,WGS84,19S,-30.25192077,-71.07663858,EN REVISION,EXCAVACION TERRENO,,,,,,,,,334.1157658,7480.097098
0820-4N,6854266-9,JAIME PEREZ GOMEZ,FAENA EL ROMERO,ACOPIOS EL ROMERO,ACOPIO,COBRE-ORO,METÁLICO,,04,042,04201,Coquimbo,Choapa,Illapel,6522620.102,304304.8907,WGS84,19S,-31.4145588,-71.05864867,ABANDONADO,NO APLICA,,,,,,,,,109.8295651,773.5459873
0821-4N,76418856-K,MILLAPEL S.A,FAENA ILLAPEL,MIILLAPEL 1,ACOPIO,ORO,METÁLICO,,04,042,04201,Coquimbo,Choapa,Illapel,6521723.555,301944.502,WGS84,19S,-31.4222415,-71.08364408,INACTIVO,NO APLICA,,,,,,,,,345.8606999,7146.404193
0822-4N,76418856-K,MILLAPEL S.A,FAENA ILLAPEL,MIILLAPEL 2,ACOPIO,ORO,METÁLICO,,04,042,04201,Coquimbo,Choapa,Illapel,6522006.395,301847.0319,WGS84,19S,-31.41967456,-71.08461251,INACTIVO,NO APLICA,,,,,,,,,298.6525992,5881.907534
0823-4N,76938058-2,SANTA MARIA VERONICA SPA,PLANTA MIRANDA,DEPOSITO RELAVE SANTA MARIA VERONICA,EMBALSE,COBRE,METÁLICO,1,04,041,04103,Coquimbo,Elqui,Andacollo,6651236.52,300023.9074,WGS84,19S,-30.25403872,-71.07850394,ACTIVO,EXCAVACION TERRENO,,,,,,,,,478.4316964,11773.91193
0824-4N,76938058-2,SANTA MARIA VERONICA SPA,PLANTA MIRANDA,ACOPIO RELAVE SANTA MARIA VERONICA,ACOPIO,COBRE,METÁLICO,,04,041,04103,Coquimbo,Elqui,Andacollo,6651240.382,299884.629,WGS84,19S,-30.25398091,-71.07995003,ACTIVO,NO APLICA,,,,,,,,,377.0165415,5208.619323
0825-4N,85871200-9,CIA. MINERA ARENILLAS (BELTRAN AMENABAR),FAENAS MINERA ARENILLAS,DEPOSITO DE RELAVES FILTRADOS,FILTRADO,ORO,METÁLICO,0,04,041,04103,Coquimbo,Elqui,Andacollo,6656897.648,299013.6117,WGS84,19S,-30.20281805,-71.0879195,EN CONSTRUCCION,NO APLICA,42426,0,67033,0,66,2025-02-17,,,119.7514013,885.2307992
0826-4N,2807845-5,HUMBERTO RIVERA C.,BARRAZA,ACOPIO DE ARENAS,ACOPIO,COBRE,METÁLICO,,04,043,04301,Coquimbo,Limarí,Ovalle,6600957.854,259918.3978,WGS84,19S,-30.70004236,-71.50663859,ABANDONADO,NO APLICA,,,,,,,,,413.4487387,6342.990226
0827-4N,2807845-5,HUMBERTO RIVERA C.,BARRAZA,BARRAZA 2,TRANQUE DE RELAVE,COBRE,METÁLICO,1,04,043,04301,Coquimbo,Limarí,Ovalle,6600688.493,259774.2427,WGS84,19S,-30.70244158,-71.50820531,ABANDONADO,AGUAS ARRIBA,,,,,,,,,754.1559204,32551.74174
0828-4N,76560458-3,SOCIEDAD TUNGSTENO LLAMUCO SpA,WOLFRAMIO LLAMUCO,LLAMUCO 4,ACOPIO,COBRE-ORO,METÁLICO,,04,042,04204,Coquimbo,Choapa,Salamanca,6492323.416,331595.3623,WGS84,19S,-31.69206691,-70.77686035,ABANDONADO,NO APLICA,,,,,,,,,570.2902569,8513.220542
0829-4N,76004481-4,MINERA LUIS MARIN FERNANDEZ EIRL,DENVER,DEPOSITOS RELAVES DENVER,EMBALSE,COBRE - ORO - PLATA,METÁLICO,1,04,043,04302,Coquimbo,Limarí,Combarbalá,6545257.522,303278.4816,WGS84,19S,-31.21026574,-71.06498027,INACTIVO,,,,,,,,,,390.1455938,8500.40493
0830-4N,76004481-4,MINERA LUIS MARIN FERNANDEZ EIRL,DENVER,DEPOSITO DE RELAVES DENVER 2,EMBALSE,COBRE - ORO - PLATA,METÁLICO,1,04,043,04302,Coquimbo,Limarí,Combarbalá,6545310.264,303200.9175,WGS84,19S,-31.20977709,-71.06578367,ABANDONADO,,,,,,,,,,460.0800966,8306.43309
0831-4N,sin rut conocido,CIA. MINERA TAMAYA,PLANTA DELIRIO,DELIRIO 2,TRANQUE DE RELAVE,COBRE-ORO,METÁLICO,1,04,043,04304,Coquimbo,Limarí,Punitaqui,6581650.488,285903.9253,WGS84,19S,-30.87908248,-71.23954757,ABANDONADO,AGUAS ARRIBA,,,,,,,,,665.1602587,21364.88175
0832-4N,sin rut conocido,JUAN MARIN,PLANTA FLOR DE VALLE,FLOR DE VALLE 3,ACOPIO,COBRE,METÁLICO,,04,043,04302,Coquimbo,Limarí,Combarbalá,6543966.974,303733.4908,WGS84,19S,-31.22197927,-71.06045913,ABANDONADO,NO APLICA,,,,,,,,,752.2206844,16608.41412
0833-5C,96809100-K,CIA. MINERA LOS MAITENES,LOS MAITENES,ACOPIO LOS MAITENES,ACOPIO,COBRE,METÁLICO,0,05,051,05105,Valparaíso,Valparaíso,Puchuncaví,6369684.414,269343.0471,WGS84,19S,-32.78660206,-71.46291319,ABANDONADO,NO APLICA,,,,,,,,,131.0790908,939.6364469
0834-5C,79963260-8,MINERA LAS CENIZAS S.A.,LAS CENIZAS CABILDO,DEPOSITO DE RELAVE EN PASTA INTERIOR MINA (DEPIM),DRIM,COBRE,METÁLICO,0,05,054,05402,Valparaíso,Petorca,Cabildo,6406230.035,306169.2109,WGS84,19S,-32.46425687,-71.06235934,ACTIVO,NO APLICA,1309476,0,2357057,0,761,2024-04-16,,,60.15901631,216.2070782
0835-6C,76953554-3,CAPASEMIN SPA,PLANTA BENEFICIO RELAVES LA ESCUELA,DEPOSITO RELAVES LA ESCUELA,EMBALSE,ORO,METÁLICO,0,06,061,06101,Libertador General Bernardo O'Higgins,Cachapoal,Rancagua,6227389.073,330411.4057,WGS84,19S,-34.08054173,-70.83802962,ABANDONADO,EXCAVACION TERRENO,3000,,5700,,,,,,502.9558771,5231.62189
0836-11S,77053711-8,SOCIEDAD MINERA PACIFICO DEL SUR SPA,FAENA EL TOQUI,DEPOSITO INTERIOR MINA DOÑA ROSA,DRIM,ZINC-ORO,METÁLICO,0,11,111,11101,Aysén del General Carlos Ibáñez del Campo,Coihaique,Coihaique,5008371.225,267607.6166,WGS84,19S,-45.03998909,-71.95062288,ACTIVO,NO APLICA,,,,,252,2011-02-04,,,144.1613714,1437.717197
