NOMBRE,PROPIEDAD,TIPO,COMBUSTIBL,POTENCIAMW,FECH_CREA,Longitude,Latitude,FUENTE
ACONCAGUA,ENAP REFINERIAS S.A. - ACONCAGUA,TERMOELECTRICA,GAS NATURAL,26.29,2018-12-31,-71.49183340399986,-32.92794379999998,Termoelectricas
AGUAS BLANCAS,ON-GROUP S.A.,TERMOELECTRICA,PETROLEO DIESEL,1.827,2014-12-10,-69.86456766099991,-24.13553225999993,Termoelectricas
ALMENDRADO,CENTRAL ELECTRICA ALMENDRADO SPA,TERMOELECTRICA,PETROLEO DIESEL,2.955,2018-08-14,-73.80605584099987,-42.62740890899994,Termoelectricas
AMENGUAL,EDELAYSEN,TERMOELECTRICA,S/I,0.09,2018-09-30,-72.21164473599993,-44.74644357099993,Termoelectricas
ANDES GENERACION,ANDES GENERACION SPA,TERMOELECTRICA,PETROLEO DIESEL,34.096,2014-12-10,-70.04403457299986,-26.40631619799996,Termoelectricas
ANTILHUE,GENERADORA ANTILHUE SPA,TERMOELECTRICA,PETROLEO DIESEL,94.403,2014-12-10,-73.1851765639999,-39.80087117499994,Termoelectricas
ATACAMA,ENEL GENERACION CHILE S.A.,TERMOELECTRICA,GAS NATURAL,716.386,2014-12-10,-70.41721770499987,-23.09138252699995,Termoelectricas
AYSEN TERMICO,EDELAYSEN,TERMOELECTRICA,PETROLEO DIESEL,2.8,2014-12-10,-72.70945543099992,-45.37500158499995,Termoelectricas
BIOCRUZ,TOMAVAL GENERACION S.A.,TERMOELECTRICA,GAS NATURAL-PETROLEO,5.2,2014-12-10,-71.22512426699996,-32.85237935499998,Termoelectricas
CALLE CALLE,SAGESA S.A.,TERMOELECTRICA,PETROLEO DIESEL,11.6,2014-12-10,-73.18877604599993,-39.79996657499999,Termoelectricas
CAMPICHE,EMPRESA ELECTRICA CAMPICHE S.A.,TERMOELECTRICA,CARBON,248.59,2014-12-10,-71.48329636999995,-32.748330944999964,Termoelectricas
CANDELARIA,COLBUN S.A.,TERMOELECTRICA,GAS NATURAL,237.61,2014-12-10,-70.61380946899988,-34.033898069999964,Termoelectricas
CANETE,SAGESA S.A.,TERMOELECTRICA,PETROLEO DIESEL,4.0,2014-12-10,-73.3827592209999,-37.73083897199996,Termoelectricas
CARDONES,CENTRAL CARDONES S.A.,TERMOELECTRICA,PETROLEO DIESEL,148.677,2014-12-10,-70.38551317399993,-27.48824770499993,Termoelectricas
CASABLANCA I,TECNORED S.A.,TERMOELECTRICA,PETROLEO DIESEL,1.6,2014-12-10,-71.39227411299987,-33.326259739999955,Termoelectricas
CBB-CENTRO,INACAL S.A.,TERMOELECTRICA,PETROLEO DIESEL,12.08,2014-12-10,-71.14318623299994,-34.866646884999966,Termoelectricas
CENIZAS,ELECTRICA CENIZAS S.A.,TERMOELECTRICA,PETROLEO DIESEL,14.0667,2014-12-10,-70.39176982899994,-27.484349040999973,Termoelectricas
AGNI,TACORA ENERGY SPA,TERMOELECTRICA,PETROLEO DIESEL,2.97,2018-08-14,-70.76096905299994,-33.38045736099997,Termoelectricas
CORTES,MOCHO ENERGY SPA,TERMOELECTRICA,PETROLEO DIESEL,2.97,2018-08-14,-70.78420204099996,-32.74436604299996,Termoelectricas
ANDINA,CENTRAL TERMOELECTRICA ANDINA SPA,TERMOELECTRICA,CARBON,161.15,2014-12-10,-70.40695749099996,-23.087635929999976,Termoelectricas
CHACABUCO,EDELAYSEN,TERMOELECTRICA,PETROLEO DIESEL,9.68,2014-12-10,-72.7484197519999,-45.43381306599997,Termoelectricas
CHILE CHICO,EDELAYSEN,TERMOELECTRICA,PETROLEO DIESEL,2.73,2014-12-10,-71.72462363499994,-46.54052366099995,Termoelectricas
CHILE,PMGD CHILE GENERACION LTDA.,TERMOELECTRICA,PETROLEO DIESEL,1.1004,2017-12-31,-71.29012442599992,-35.06041307399994,Termoelectricas
CHILOE,ELEKTRA GENERACION S.A.,TERMOELECTRICA,PETROLEO DIESEL,9.056,2014-12-10,-73.61552179299997,-43.09138615299997,Termoelectricas
CHORRILLOS,GENERADORA CHORRILLOS SPA,TERMOELECTRICA,PETROLEO DIESEL,2.99,2018-08-14,-70.82401159799997,-33.35415191699997,Termoelectricas
CHUFKEN,SAGESA S.A.,TERMOELECTRICA,PETROLEO DIESEL,2.4,2014-12-10,-72.61649199399994,-38.26240495999997,Termoelectricas
CHUYACA,SAGESA S.A.,TERMOELECTRICA,PETROLEO DIESEL,13.29,2014-12-10,-73.08841651799992,-40.57865008299996,Termoelectricas
CISNES,EDELAYSEN,TERMOELECTRICA,S/I,0.56,2018-09-30,-72.67884575699986,-44.72282631999997,Termoelectricas
CMPC CORDILLERA,PAPELES CORDILLERA SPA,TERMOELECTRICA,PETROLEO-GAS NATURAL,51.85,2014-12-10,-70.55796283099994,-33.60797248499995,Termoelectricas
CMPC TISSUE,CMPC TISSUE S.A.,TERMOELECTRICA,GAS NATURAL,3.9,2014-12-10,-70.9381695809999,-33.70757939599997,Termoelectricas
COCHAMO,SAGESA S.A.,TERMOELECTRICA,PETROLEO DIESEL,2.6432,2014-12-10,-72.30800558299995,-41.55176426299994,Termoelectricas
COLMITO,CENTRAL COLMITO S.A.,TERMOELECTRICA,PETROLEO DIESEL,57.259,2014-12-10,-71.47402399999987,-32.93037173999994,Termoelectricas
COMBARBALA,PRIME ENERGIA QUICKSTART SPA,TERMOELECTRICA,PETROLEO DIESEL,75.97,2018-08-14,-71.08717462499988,-31.14252235599997,Termoelectricas
CONCHALI,QUEMCHI GENERADORA DE ELECTRICIDAD S.A.,TERMOELECTRICA,PETROLEO DIESEL,3.0,2018-12-31,-71.47853577399997,-31.939484581999977,Termoelectricas
CONCON,TECNORED S.A.,TERMOELECTRICA,PETROLEO DIESEL,2.3,2014-12-10,-71.47422880299996,-32.93311787199997,Termoelectricas
CONSTITUCION,ELEKTRA GENERACION S.A.,TERMOELECTRICA,PETROLEO DIESEL,9.012,2014-12-10,-72.40687005599989,-35.36039691999997,Termoelectricas
CONTULMO,SAGESA S.A.,TERMOELECTRICA,PETROLEO DIESEL,0.83,2014-12-10,-73.22334566399991,-38.03413500499994,Termoelectricas
CORONEL,SAGESA S.A.,TERMOELECTRICA,GAS NATURAL,44.765,2014-12-10,-73.16858395399993,-36.96756570599996,Termoelectricas
CURACAUTIN,SAGESA S.A.,TERMOELECTRICA,PETROLEO DIESEL,2.4,2014-12-10,-71.81944964899992,-38.45282482099998,Termoelectricas
CURAUMA,TECNORED S.A.,TERMOELECTRICA,PETROLEO DIESEL,2.5,2014-12-10,-71.55696972999988,-33.12914165299998,Termoelectricas
DEGAN,GENERACION DE ENERGIA NUEVA DEGAN SPA,TERMOELECTRICA,PETROLEO DIESEL,31.995,2014-12-10,-73.71393759099988,-42.14512257899997,Termoelectricas
DEGAN II,GENERACION DE ENERGIA NUEVA DEGAN SPA,TERMOELECTRICA,PETROLEO DIESEL,18.818,2018-09-30,-73.71393759099988,-42.14512257899997,Termoelectricas
DIEGO DE ALMAGRO,ELECTRICA MOKA SPA,TERMOELECTRICA,PETROLEO DIESEL,23.6691,2014-12-10,-70.03938578899988,-26.398847407999934,Termoelectricas
ARICA,ENGIE ENERGIA CHILE S.A.,TERMOELECTRICA,PETROLEO DIESEL,10.521,2014-12-10,-70.30299539199996,-18.467501897999966,Termoelectricas
ZOFRI,ENORCHILE S.A.,TERMOELECTRICA,PETROLEO DIESEL,5.83,2014-12-10,-70.13002026899994,-20.20648174799993,Termoelectricas
EL CANELO,CENTRAL ELECTRICA EL CANELO SPA,TERMOELECTRICA,PETROLEO DIESEL,3.0,2014-12-10,-72.99659781399987,-41.33137142199996,Termoelectricas
EL CANELO II,CENTRAL ELECTRICA EL CANELO SPA,TERMOELECTRICA,PETROLEO DIESEL,3.0,2017-12-31,-72.99659781399987,-41.33137142199996,Termoelectricas
EL NOGAL,GENERADORA ESTANCILLA SPA,TERMOELECTRICA,PETROLEO DIESEL,3.0,2014-12-10,-70.71214168199992,-33.659951382999964,Termoelectricas
EL PENON,ENLASA GENERACION CHILE S.A.,TERMOELECTRICA,PETROLEO DIESEL,80.838,2014-12-10,-71.22990574499988,-30.14221862899996,Termoelectricas
EL SALVADOR,ASESORIAS G-51 SPA,TERMOELECTRICA,PETROLEO DIESEL,17.702,2014-12-10,-70.0377010499999,-26.401035494999974,Termoelectricas
EL TOTORAL,TECNORED S.A.,TERMOELECTRICA,PETROLEO DIESEL,3.103,2014-12-10,-71.63678030999995,-33.427705800999945,Termoelectricas
EL TRARO,EDELAYSEN,TERMOELECTRICA,PETROLEO,1.32,2014-12-10,-72.6214655629999,-47.22849367699996,Termoelectricas
EMELDA,EMPRESA ELECTRICA DIEGO DE ALMAGRO SPA,TERMOELECTRICA,PETROLEO DIESEL,71.392,2014-12-10,-70.02224968899986,-26.38031799299995,Termoelectricas
ERMITANO,GENERADORA ERMITANO SPA,TERMOELECTRICA,PETROLEO DIESEL,2.85,2018-12-31,-71.39751144099989,-33.617394160999936,Termoelectricas
ESPERANZA,ENORCHILE S.A.,TERMOELECTRICA,PETROLEO DIESEL,19.2546,2014-12-10,-70.67471185399995,-34.240453884999965,Termoelectricas
ESTANCILLA,GENERADORA ESTANCILLA SPA,TERMOELECTRICA,PETROLEO DIESEL,3.0,2014-12-10,-70.7125154439999,-33.65976584699996,Termoelectricas
ESTANDARTES,ENORCHILE S.A.,TERMOELECTRICA,PETROLEO DIESEL,6.1875,2014-12-10,-70.12928380199992,-20.20654972899996,Termoelectricas
FUTALEUFU,EDELAYSEN,TERMOELECTRICA,PETROLEO DIESEL,1.164,2014-12-10,-71.86629804599988,-43.18300025999997,Termoelectricas
GUACOLDA,GUACOLDA ENERGIA SPA,TERMOELECTRICA,CARBON-PETCOKE,701.723,2014-12-10,-71.25651964199994,-28.46471240899996,Termoelectricas
HBS GNL,HBS ENERGIA S.A.,TERMOELECTRICA,GAS NATURAL,3.3823,2016-01-01,-72.35352473699993,-37.28567266899995,Termoelectricas
HORCONES,ARAUCO BIOENERGIA SPA,TERMOELECTRICA,PETROLEO DIESEL,24.3,2014-12-10,-73.21674995899991,-37.21180538099998,Termoelectricas
HORNOPIREN,SAGESA S.A.,TERMOELECTRICA,PETROLEO DIESEL,3.75,2014-12-10,-72.48461308799995,-41.96025673599996,Termoelectricas
HUASCO,GUACOLDA ENERGIA SPA,TERMOELECTRICA,PETROLEO DIESEL,57.681,2014-12-10,-71.25364123999987,-28.47004753599998,Termoelectricas
HUICHAS,EDELAYSEN,TERMOELECTRICA,S/I,0.48,2018-09-30,-73.52385504499989,-45.16376243499997,Termoelectricas
IEM,ENGIE ENERGIA CHILE S.A.,TERMOELECTRICA,CARBON,347.95,2018-08-14,-70.40513870899997,-23.086405785999943,Termoelectricas
KELAR,TAMAKAYA ENERGIA SPA,TERMOELECTRICA,GAS NATURAL,517.41,2014-12-10,-70.34017980499993,-23.03498426999994,Termoelectricas
LA JUNTA,EDELAYSEN,TERMOELECTRICA,PETROLEO DIESEL,0.508,2014-12-10,-72.38517633999993,-43.97002223599998,Termoelectricas
LA PORTADA,TECNET S.A.,TERMOELECTRICA,PETROLEO DIESEL,2.9524,2014-12-10,-70.3857352089999,-23.535819388999982,Termoelectricas
LAGO VERDE,EDELAYSEN,TERMOELECTRICA,PETROLEO DIESEL,0.2,2014-12-10,-71.8495401649999,-44.23974916099996,Termoelectricas
LAS VEGAS,TECNORED S.A.,TERMOELECTRICA,PETROLEO DIESEL,2.209,2014-12-10,-71.01103887399995,-32.842964483999936,Termoelectricas
LEBU,SAGESA S.A.,TERMOELECTRICA,PETROLEO DIESEL,3.4,2014-12-10,-73.66937868399987,-37.61538072899998,Termoelectricas
LINARES NORTE,TECNORED S.A.,TERMOELECTRICA,PETROLEO DIESEL,0.464,2014-12-10,-71.64398350299996,-35.82674268599993,Termoelectricas
LIPIGAS CONCON,EMPRESAS LIPIGAS S.A.,TERMOELECTRICA,GAS NATURAL,6.0,2014-12-10,-71.49149365699986,-32.92841044199997,Termoelectricas
LLANOS BLANCOS,PRIME ENERGIA QUICKSTART SPA,TERMOELECTRICA,PETROLEO DIESEL,149.865,2018-09-30,-71.21823152399986,-30.15252908499997,Termoelectricas
LONQUIMAY,SAGESA S.A.,TERMOELECTRICA,PETROLEO DIESEL,1.2,2014-12-10,-71.42929488099992,-38.55277234499994,Termoelectricas
LOS ALAMOS,SAGESA S.A.,TERMOELECTRICA,PETROLEO DIESEL,0.8,2014-12-10,-73.41798000999995,-37.62572979799995,Termoelectricas
LOS ESPINOS,ESPINOS S.A.,TERMOELECTRICA,PETROLEO DIESEL,121.276,2014-12-10,-71.45030224999994,-31.88301020399996,Termoelectricas
LOS GUINDOS,LOS GUINDOS GENERACION SPA,TERMOELECTRICA,PETROLEO DIESEL-GAS NATURAL,270.923,2014-12-10,-72.29124267599991,-37.102094008999984,Termoelectricas
LOS PINOS,COLBUN S.A.,TERMOELECTRICA,PETROLEO DIESEL,106.41,2014-12-10,-72.32474438399993,-37.08543571699994,Termoelectricas
LOS VIENTOS,GENERADORA METROPOLITANA SPA,TERMOELECTRICA,PETROLEO DIESEL,127.762,2014-12-10,-71.01285396699996,-32.84386417699994,Termoelectricas
LOUSIANA PACIFIC,SAGESA S.A.,TERMOELECTRICA,PETROLEO DIESEL,3.0,2014-12-10,-72.47430426799997,-39.56096245799995,Termoelectricas
LOUSIANA PACIFIC II,SAGESA S.A.,TERMOELECTRICA,PETROLEO DIESEL,3.0,2014-12-10,-72.46993659599991,-38.541765563999945,Termoelectricas
CENTRAL DE RESPALDO MAITENCILLO,EMPRESA ELECTRICA VALLENAR S.A.,TERMOELECTRICA,FUEL OIL NRO 6,67.792,2018-09-30,-70.91995645599991,-28.50944215399994,Termoelectricas
MANTOS BLANCOS,MANTOS COPPER S.A.,TERMOELECTRICA,PETROLEO DIESEL,27.92,2014-12-10,-70.06047762799994,-23.438990100999945,Termoelectricas
MANIHUALES,EDELAYSEN,TERMOELECTRICA,PETROLEO DIESEL,1.625,2014-12-10,-72.14256360499996,-45.153347881999935,Termoelectricas
MAULE,ELEKTRA GENERACION S.A.,TERMOELECTRICA,PETROLEO DIESEL,5.959,2014-12-10,-72.40687044399988,-35.360144583999954,Termoelectricas
MELINKA Y REPOLLAL,MUNICIPALIDAD DE GUAITECAS,TERMOELECTRICA,S/I,1.15,2018-09-30,-73.74499574799995,-43.89659953699999,Termoelectricas
MIMBRE,GENERADORA MIMBRE SPA,TERMOELECTRICA,PETROLEO DIESEL,2.985,2018-09-24,-71.00648144599995,-34.67640230999996,Termoelectricas
MONTE PATRIA,ELEKTRA GENERACION S.A.,TERMOELECTRICA,PETROLEO DIESEL,9.0,2014-12-10,-70.94910047699989,-30.69702677699996,Termoelectricas
MULTIEXPORT,SAGESA S.A.,TERMOELECTRICA,PETROLEO DIESEL,0.8,2014-12-10,-72.97379288999991,-41.467820726999946,Termoelectricas
MULTIEXPORT II,SAGESA S.A.,TERMOELECTRICA,PETROLEO DIESEL,1.6,2014-12-10,-72.9759407759999,-41.467314157999965,Termoelectricas
NEHUENCO,COLBUN S.A.,TERMOELECTRICA,GAS NATURAL,326.97,2014-12-10,-71.32310155399989,-32.93662445999996,Termoelectricas
NEHUENCO 9B,COLBUN S.A.,TERMOELECTRICA,PETROLEO DIESEL,106.92,2014-12-10,-71.32310155399989,-32.93662445999996,Termoelectricas
NEHUENCO II,COLBUN S.A.,TERMOELECTRICA,GAS NATURAL,405.562,2014-12-10,-71.32310155399989,-32.93662445999996,Termoelectricas
NEWEN,GAS SUR  S.A.,TERMOELECTRICA,PROPANO,14.61,2014-12-10,-73.11273494699992,-36.77549162299994,Termoelectricas
NUEVA ALDEA II,ARAUCO BIOENERGIA SPA,TERMOELECTRICA,PETROLEO DIESEL,9.88555,2014-12-10,-72.47945112999992,-36.65979603099999,Termoelectricas
PUERTO IBANEZ,EDELAYSEN,TERMOELECTRICA,PETROLEO DIESEL,0.364,2014-12-10,-71.95626336499993,-46.27891618099994,Termoelectricas
NUEVA RENCA,GENERADORA METROPOLITANA SPA,TERMOELECTRICA,PETROLEO DIESEL,370.1,2014-12-10,-70.6869726079999,-33.418361011999934,Termoelectricas
NUEVA VENTANAS,EMPRESA ELECTRICA VENTANAS S.A.,TERMOELECTRICA,CARBON,243.093,2014-12-10,-71.48315610399993,-32.749812546999976,Termoelectricas
OLIVOS,ESPINOS S.A.,TERMOELECTRICA,PETROLEO DIESEL,99.936,2014-12-10,-71.47689111499994,-31.935341276999964,Termoelectricas
ORAFTI,ORAFTI CHILE S.A.,TERMOELECTRICA,PETROLEO DIESEL,7.2,2014-12-10,-72.3450634059999,-36.90681378399995,Termoelectricas
PAJONALES,PRIME ENERGIA QUICKSTART SPA,TERMOELECTRICA,PETROLEO DIESEL,101.36,2018-08-14,-70.91422823399989,-29.113520291999976,Termoelectricas
PALENA,EDELAYSEN,TERMOELECTRICA,PETROLEO DIESEL,1.232,2014-12-10,-71.79857383399997,-43.61564728099995,Termoelectricas
PETROPOWER,ENAP REFINERIAS S.A.,TERMOELECTRICA,PETCOKE,20.5,2014-12-10,-73.12171005799996,-36.78728738899997,Termoelectricas
PLACILLA,TECNORED S.A.,TERMOELECTRICA,PETROLEO DIESEL,2.373,2014-12-10,-71.55907020399991,-33.108468623999954,Termoelectricas
PLANTA DE ACIDO SULFURICO MEJILLONES,NORACID S.A.,TERMOELECTRICA,COGENERACION,20.0682,2014-12-10,-70.41443616799995,-23.09891258099998,Termoelectricas
PORVENIR,EDELMAG S.A.,TERMOELECTRICA,GAS NATURAL-PETROLEO,11.088,2014-12-10,-70.38079256999993,-53.291801488999965,Termoelectricas
CHAGUAL,PRIME ENERGIA QUICKSTART SPA,TERMOELECTRICA,PETROLEO DIESEL,102.1888,2018-08-14,-71.47754788399993,-31.94168626299995,Termoelectricas
PUERTO GALA,MUNICIPALIDAD DE CISNES,TERMOELECTRICA,S/I,0.23,2018-09-30,-73.20869695299996,-44.25765351999996,Termoelectricas
PUERTO GAVIOTA,MUNICIPALIDAD DE CISNES,TERMOELECTRICA,S/I,0.1,2018-09-30,-73.30465993199994,-44.89763937899994,Termoelectricas
PUERTO NATALES,EDELMAG S.A.,TERMOELECTRICA,GAS NATURAL-PETROLEO,14.427,2014-12-10,-72.4785865099999,-51.73067769399995,Termoelectricas
PUERTO WILLIAMS,EDELMAG S.A.,TERMOELECTRICA,PETROLEO,2.3832,2014-12-10,-67.57834653599991,-54.93317259199995,Termoelectricas
PUNITAQUI,ELEKTRA GENERACION S.A.,TERMOELECTRICA,PETROLEO DIESEL,9.0,2014-12-10,-71.24056244099995,-30.858016348999968,Termoelectricas
PUNTA ARENAS,EDELMAG S.A.,TERMOELECTRICA,PETROLEO DIESEL-GAS NATURAL,9.81,2014-12-10,-70.90688807799995,-53.15520235799994,Termoelectricas
PUNTA COLORADA,CIA. BARRICK CHILE GENERACION LTDA,TERMOELECTRICA,PETROLEO DIESEL,15.856,2014-12-10,-71.04286144499997,-29.36679960699996,Termoelectricas
PUYUHUAPI,EDELAYSEN,TERMOELECTRICA,PETROLEO DIESEL,0.292,2014-12-10,-72.5591633229999,-44.31941023199994,Termoelectricas
TRINCAO,ENERGIA SIETE SPA,TERMOELECTRICA,PETROLEO DIESEL,17.52,2014-12-10,-73.61430191199997,-43.09133642199998,Termoelectricas
QUINTERO,ENEL GENERACION CHILE S.A.,TERMOELECTRICA,PETROLEO DIESEL,248.397,2014-12-10,-71.48590457299997,-32.78763916299994,Termoelectricas
RAMADILLA,GENERADORA LA CALERA SPA,TERMOELECTRICA,PETROLEO DIESEL,3.0,2018-08-14,-71.47771461399986,-31.93923006999995,Termoelectricas
RAUL MARIN BALMACEDA,MUNICIPALIDAD DE CISNES,TERMOELECTRICA,S/I,0.23,2018-09-30,-72.95171096599995,-43.77741467099997,Termoelectricas
REY,SAGESA S.A.,TERMOELECTRICA,PETROLEO DIESEL,0.78,2014-12-10,-73.41786347699997,-39.89670836099998,Termoelectricas
SALMOFOOD,SALMOFOOD S.A.,TERMOELECTRICA,PETROLEO DIESEL,1.6,2014-12-10,-73.76240802699988,-42.37402338399994,Termoelectricas
SAN GREGORIO,TECNORED S.A.,TERMOELECTRICA,PETROLEO DIESEL,0.422,2014-12-10,-71.81877399899997,-36.27881765199993,Termoelectricas
SAN ISIDRO,ENEL GENERACION CHILE S.A.,TERMOELECTRICA,GAS NATURAL,371.6,2014-12-10,-71.31585387999996,-32.93672298699994,Termoelectricas
SAN ISIDRO II,ENEL GENERACION CHILE S.A.,TERMOELECTRICA,GAS NATURAL,370.0,2014-12-10,-71.31428244999995,-32.935922509999955,Termoelectricas
SAN JAVIER I,PRIME ENERGIA QUICKSTART SPA,TERMOELECTRICA,PETROLEO DIESEL,25.51108,2018-08-14,-72.3765402219999,-35.389401592999945,Termoelectricas
SAN JAVIER II,PRIME ENERGIA QUICKSTART SPA,TERMOELECTRICA,PETROLEO DIESEL,25.4338,2018-08-14,-72.3765402219999,-35.389401592999945,Termoelectricas
SAN LORENZO DE DIEGO DE ALMAGRO,ENLASA GENERACION CHILE S.A.,TERMOELECTRICA,PETROLEO DIESEL,62.26,2014-12-10,-70.03796566499989,-26.40035644199997,Termoelectricas
SANTA BARBARA,EDELAYSEN,TERMOELECTRICA,PETROLEO DIESEL,1.758,2014-12-10,-72.79958882299991,-42.84957541399996,Termoelectricas
SANTA BARBARA (CHAITEN),EDELAYSEN,TERMOELECTRICA,PETROLEO DIESEL,0.8,2017-03-31,-72.79958882299991,-42.84957541399996,Termoelectricas
SANTA LIDIA,GENERADORA METROPOLITANA SPA,TERMOELECTRICA,PETROLEO DIESEL,140.88,2014-12-10,-72.31644964299994,-37.09302950799997,Termoelectricas
SANTA MARIA,COLBUN S.A.,TERMOELECTRICA,CARBON,348.3533,2014-12-10,-73.13002437099988,-37.04200592499996,Termoelectricas
SEPULTURA,ENERGIA GENERACION SPA,TERMOELECTRICA,PETROLEO DIESEL,2.985,2018-08-14,-71.39751144099989,-33.617394160999936,Termoelectricas
TALTAL,ENEL GENERACION CHILE S.A.,TERMOELECTRICA,GAS NATURAL,238.0084,2014-12-10,-70.46602453799994,-24.988778751999973,Termoelectricas
TAPERA 1,EDELAYSEN,TERMOELECTRICA,S/I,0.09,2018-09-30,-71.67265116599992,-44.64350051599996,Termoelectricas
TAPERA 2,EDELAYSEN,TERMOELECTRICA,S/I,0.09,2018-09-30,-71.67265116599992,-44.64350051599996,Termoelectricas
TAPIHUE,TECNORED S.A.,TERMOELECTRICA,GAS NATURAL,6.4,2014-12-10,-71.38994810399993,-33.33272447599995,Termoelectricas
TEHUELCHE,EDELAYSEN,TERMOELECTRICA,PETROLEO DIESEL,10.995,2014-12-10,-72.10263394099991,-45.62510995599996,Termoelectricas
TEHUELCHE PROVISORIA,EDELAYSEN,TERMOELECTRICA,PETROLEO DIESEL,6.4,2014-12-10,-72.10227072199996,-45.62480478699996,Termoelectricas
TENO,ENLASA GENERACION CHILE S.A.,TERMOELECTRICA,PETROLEO DIESEL,58.882,2014-12-10,-71.14193426099996,-34.86856219699996,Termoelectricas
TENO GAS,INNOVACION ENERGIA S.A.,TERMOELECTRICA,GAS NATURAL-GAS LICUADO,43.68,2018-08-14,-71.14380026299989,-34.86754661599997,Termoelectricas
ANGAMOS,EMPRESA ELECTRICA ANGAMOS SPA,TERMOELECTRICA,CARBON-PETCOKE,501.55,2014-12-10,-70.36923150999996,-23.065939603999936,Termoelectricas
COCHRANE,EMPRESA ELECTRICA COCHRANE SPA,TERMOELECTRICA,CARBON-PETCOKE,489.603,2009-12-31,-70.36568671199996,-23.06287244699996,Termoelectricas
HORNITOS,INVERSIONES HORNITOS SPA,TERMOELECTRICA,CARBON,157.61,2014-12-10,-70.40758521899988,-23.087919341999964,Termoelectricas
MEJILLONES,ENGIE ENERGIA CHILE S.A.,TERMOELECTRICA,CARBON-GAS NATURAL,537.789,2014-12-10,-70.41159995899989,-23.089093713999944,Termoelectricas
TERMOELECTRICA TARAPACA,ENEL GENERACION CHILE S.A.,TERMOELECTRICA,PETROLEO DIESEL,18.6053,2014-12-10,-70.19285027599994,-20.805689034999943,Termoelectricas
TOCOPILLA,ENGIE ENERGIA CHILE S.A.,TERMOELECTRICA,PETROLEO DIESEL,426.8117,2014-12-10,-70.21018917399988,-22.096227102999933,Termoelectricas
TERMOPACIFICO,GENERADORA DEL PACIFICO SPA,TERMOELECTRICA,PETROLEO DIESEL,86.058,2014-12-10,-70.38183535799988,-27.49200316799994,Termoelectricas
TIRUA,SAGESA S.A.,TERMOELECTRICA,PETROLEO DIESEL,1.9,2014-12-10,-73.48561834899988,-38.325025763999975,Termoelectricas
TOMAVAL,TOMAVAL GENERACION S.A.,TERMOELECTRICA,PETROLEO DIESEL,2.9,2014-12-10,-71.22724042099992,-32.85497487599997,Termoelectricas
TORTEL,MUNICIPALIDAD DE TORTEL,TERMOELECTRICA,S/I,0.24,2018-09-30,-73.52673551599992,-47.80750440599997,Termoelectricas
TRAPEN,ENLASA GENERACION CHILE S.A.,TERMOELECTRICA,PETROLEO DIESEL,80.838,2014-12-10,-73.0768311349999,-41.51773288799996,Termoelectricas
TRES PUENTES,EDELMAG S.A.,TERMOELECTRICA,GAS NATURAL-PETROLEO,81.705,2014-12-10,-70.89711695999995,-53.10149569199996,Termoelectricas
TRONGOL-CURANILAHUE,SAGESA S.A.,TERMOELECTRICA,PETROLEO DIESEL,2.4,2014-12-10,-73.32084321699995,-37.49140135299996,Termoelectricas
UJINA,MINERA COLLAHUASI,TERMOELECTRICA,FUEL OIL NRO 6,35.435465,2014-12-10,-68.59178263899992,-20.97809976999997,Termoelectricas
VILLA O’HIGGINS,EDELAYSEN,TERMOELECTRICA,S/I,0.15,2018-09-30,-72.5609131519999,-48.476001037999936,Termoelectricas
YUNGAY,CENTRAL YUNGAY S.A.,TERMOELECTRICA,PETROLEO DIESEL,198.775,2014-12-10,-72.2933136989999,-37.105496356999936,Termoelectricas
ZAPALLAR,GENERADORA ZAPALLAR SPA,TERMOELECTRICA,PETROLEO DIESEL,2.985,2018-12-31,-71.22551766499987,-34.99222728899997,Termoelectricas
YUMBEL,ESPINOS S.A.,TERMOELECTRICA,PETROLEO DIESEL,2.985,2019-03-31,-72.54774564699994,-37.13032130999994,Termoelectricas
LOS SAUCES,ESPINOS S.A.,TERMOELECTRICA,PETROLEO DIESEL,2.985,2019-03-31,-72.83302853899988,-37.98709629199993,Termoelectricas
GAMI,GENERADORA ELECTRICA GAMI LTDA.,TERMOELECTRICA,PETROLEO DIESEL,2.875,2019-03-31,-73.16726307099987,-40.49532993799994,Termoelectricas
PICOLTUE,ESPINOS S.A.,TERMOELECTRICA,PETROLEO DIESEL,5.97,2019-03-31,-72.25861731899988,-37.689347002999966,Termoelectricas
CALFUCO,GENERADORA AZUL SPA,TERMOELECTRICA,PETROLEO DIESEL,2.99,2019-06-30,-73.07642289199987,-41.52362741199994,Termoelectricas
RIO AZUL,GENERADORA LA CALERA SPA,TERMOELECTRICA,PETROLEO DIESEL,2.99,2019-06-30,-73.07650648599997,-41.52381354099998,Termoelectricas
PMGD TER CIRUELILLO,IMELSA ENERGIA SPA,TERMOELECTRICA,PETROLEO DIESEL,2.955,2019-06-30,-73.68327994499987,-41.81962522699996,Termoelectricas
CALAFATE,GENERADORA CALAFATE SPA,TERMOELECTRICA,PETROLEO DIESEL,2.99,2019-12-31,-72.9103754219999,-41.43475222099994,Termoelectricas
ALERCE,GENERADORA LA CALERA SPA,TERMOELECTRICA,PETROLEO DIESEL,2.99,2019-12-31,-72.9103754219999,-41.43475222099994,Termoelectricas
PINARES,ELECTRICA PINARES LTDA.,TERMOELECTRICA,PETROLEO DIESEL,8.6,2019-12-31,-72.37653276299989,-35.391068960999974,Termoelectricas
AGGREKO 01,AGGREKO CHILE LTDA.,TERMOELECTRICA,PETROLEO DIESEL,3.0,2020-06-30,-70.70603846799997,-33.33465441699997,Termoelectricas
DON PEDRO,EBCO ENERGIA S.A.,TERMOELECTRICA,PETROLEO DIESEL,2.88,2020-06-30,-73.14399751799988,-36.874195705999966,Termoelectricas
LAS QUEMAS,GENERSUR SPA,TERMOELECTRICA,PETROLEO DIESEL,9.0,2020-06-30,-73.09470093199991,-40.60940543899994,Termoelectricas
EL FARO,FONTUS SCL III SPA,TERMOELECTRICA,PETROLEO DIESEL,3.0,2020-06-30,-71.47939034399997,-31.939801563999936,Termoelectricas
ETERSOL,ENERGIA MORRO GUAYACAN SPA,TERMOELECTRICA,PETROLEO DIESEL,0.73,2020-06-30,-70.7061026859999,-33.37153826799994,Termoelectricas
BLUEGATE,BLUEGATE ENERGIA SPA,TERMOELECTRICA,PETROLEO DIESEL,3.0,2020-06-30,-73.0761407629999,-41.524285762999966,Termoelectricas
RASO POWER,ELECTRICA RASO POWER LTDA.,TERMOELECTRICA,PETROLEO DIESEL-GAS NATURAL,8.48,2018-06-30,-72.37676351999994,-35.39026947699995,Termoelectricas
BOLDOS,ALTO CAUTIN SPA,TERMOELECTRICA,PETROLEO DIESEL,2.991,2020-12-31,-72.25980096899991,-37.68867456799995,Termoelectricas
AROMOS,ALTO CAUTIN SPA,TERMOELECTRICA,PETROLEO DIESEL,2.991,2020-12-31,-72.82930560999989,-37.98379469599996,Termoelectricas
DEUCO,EBCO ENERGIA S.A.,TERMOELECTRICA,PETROLEO DIESEL,2.88,2020-12-31,-72.69819718699989,-37.82690772899997,Termoelectricas
LOS NEGROS,LLONQUEN ENERGIAS SPA,TERMOELECTRICA,PETROLEO DIESEL,2.99,2020-12-31,-72.93174636299989,-40.591986532999954,Termoelectricas
CAMPESINA (EX ALDEA),LLONQUEN ENERGIAS SPA,TERMOELECTRICA,PETROLEO DIESEL,2.99,2020-12-31,-73.0042729679999,-40.31545994999993,Termoelectricas
RAPACO,LLONQUEN ENERGIAS SPA,TERMOELECTRICA,PETROLEO DIESEL,2.99,2020-12-31,-73.06990347099986,-40.27095660799995,Termoelectricas
TAMBORES,LLONQUEN ENERGIAS SPA,TERMOELECTRICA,PETROLEO DIESEL,2.99,2020-12-31,-72.99555360799991,-40.34451713899995,Termoelectricas
CHIFIN,LLONQUEN ENERGIAS SPA,TERMOELECTRICA,PETROLEO DIESEL,2.99,2020-12-31,-73.19609586099989,-40.78992274499996,Termoelectricas
TRANQUILO,EDELAYSEN,TERMOELECTRICA,PETROLEO DIESEL,0.4,2020-12-31,-72.6721083939999,-46.62570800599997,Termoelectricas
CAMPING DIESEL,TACORA ENERGY SPA,TERMOELECTRICA,PETROLEO DIESEL,3.0,2020-12-31,-70.9329431189999,-33.70593900099993,Termoelectricas
DAGOBERTO,EBCO ENERGIA S.A.,TERMOELECTRICA,PETROLEO DIESEL,2.88,2020-12-31,-72.60797340199997,-38.75922841999994,Termoelectricas
QUITRALMAN,CENTRAL EL ATAJO SPA,TERMOELECTRICA,PETROLEO DIESEL,2.4,2020-12-31,-72.22139307499992,-37.645006594999984,Termoelectricas
CHILLAN,ESPINOS S.A.,TERMOELECTRICA,PETROLEO DIESEL,2.9,2020-12-31,-72.17159934899996,-36.62889735999994,Termoelectricas
LAGUNITAS,EMPRESA ELECTRICA LAGUNITAS SPA,TERMOELECTRICA,PETROLEO DIESEL,2.5,2021-05-31,-73.00658493499986,-41.453858596999964,Termoelectricas
EGIDO,TACORA ENERGY SPA,TERMOELECTRICA,PETROLEO DIESEL,3.0,2021-05-31,-71.59006243999988,-33.09306800799993,Termoelectricas
HOLLEY,ENERGIA MORRO GUAYACAN SPA,TERMOELECTRICA,PETROLEO DIESEL,0.8,2021-05-31,-70.60782029299992,-33.419998601999964,Termoelectricas
LLAGUEPE,SAGESA S.A.,TERMOELECTRICA,PETROLEO DIESEL,2.2248,2021-05-31,-72.4874949959999,-41.72832488599994,Termoelectricas
BELLET,ENERGIA MORRO GUAYACAN SPA,TERMOELECTRICA,PETROLEO DIESEL,0.5,2021-05-31,-70.61766773999989,-33.426183384999945,Termoelectricas
EL CEREZO,BEPATAGONIA GENERACION SPA,TERMOELECTRICA,PETROLEO DIESEL,3.0,2021-05-31,-71.05715548499995,-34.92499460199997,Termoelectricas
EL JARDIN,GENERADORA LA CALERA S.A.,TERMOELECTRICA,PETROLEO DIESEL,3.0,2021-05-31,-73.26609476499993,-41.60475336699994,Termoelectricas
COYA,POWER CHILE LIMITADA,TERMOELECTRICA,PETROLEO DIESEL,3.0,2021-06-30,-70.70504030899997,-34.19105475699996,Termoelectricas
EXEQUIEL FERNANDEZ,ENERGIA MORRO GUAYACAN SPA,TERMOELECTRICA,PETROLEO DIESEL,0.5,2021-06-30,-70.60361018299989,-33.509099885999944,Termoelectricas
TIGRE,TACORA ENERGY SPA,TERMOELECTRICA,PETROLEO DIESEL,3.0,2021-12-31,-70.93277115799992,-33.70596874399996,Termoelectricas
BERLIOZ,AS ENERGIA LIMITADA,TERMOELECTRICA,PETROLEO DIESEL,3.0,2021-12-31,-70.63348900999995,-33.510504055999945,Termoelectricas
LAS DALIAS,GENERADORA AZUL SPA,TERMOELECTRICA,PETROLEO DIESEL,3.0,2021-12-31,-73.2655425989999,-41.60456679299995,Termoelectricas
LOS ARRAYANES,INMOBILIARIA AGUA MARINA S.A.,TERMOELECTRICA,PETROLEO DIESEL,3.0,2022-12-31,-70.72227274999989,-33.30137828399995,Termoelectricas
NUEVO REINO,EDELAYSEN,TERMOELECTRICA,PETROLEO DIESEL,1.37,2022-12-31,-72.67914481899993,-44.72256461199999,Termoelectricas
MERCED (EX LAS MERCEDES),GENERADORA LOS HIBISCOS SPA,TERMOELECTRICA,PETROLEO DIESEL,3.0,2022-12-31,-70.70412199099997,-33.65685186899998,Termoelectricas
CASABLANCA II,TECNORED S.A.,TERMOELECTRICA,PETROLEO DIESEL,0.9,2014-12-10,-71.39227411299987,-33.326259739999955,Termoelectricas
MAYOR POWER,FIRME ENERGIA SPA,TERMOELECTRICA,PETROLEO DIESEL,3.0,2024-06-30,-70.67734059399993,-33.69044018699998,Termoelectricas
COLACO PARGUA,BEPATAGONIA GENERACION S.A.,TERMOELECTRICA,PETROLEO DIESEL,3.0,2024-06-30,-73.4263008879999,-41.76309019499996,Termoelectricas
ABANICO,ENEL GENERACION CHILE S.A.,HIDRAULICA PASADA,NO APLICA,90.3856,2018-06-30,-71.48940111999997,-37.36442524299997,Hidroelectricas
AILLIN,HIDROELECTRICA LAS JUNTAS S.A.,HIDRAULICA PASADA,NO APLICA,6.8511,2015-09-30,-71.45523347499994,-37.56231259799995,Hidroelectricas
ALFALFAL,AES ANDES S.A.,HIDRAULICA PASADA,NO APLICA,184.5534,2018-06-30,-70.19265748899994,-33.50124755699994,Hidroelectricas
ALLIPEN,HIDROELECTRICA ALLIPEN S.A.,HIDRAULICA PASADA,NO APLICA,2.5961,2018-06-30,-72.22289113899996,-38.998652565999976,Hidroelectricas
ALTO HOSPICIO,ENERNUEVAS S.A.,HIDRAULICA PASADA,NO APLICA,1.1,2018-06-30,-70.10974619199999,-20.25058507999995,Hidroelectricas
ALFALFAL II,ALTO MAIPO SPA,HIDRAULICA PASADA,NO APLICA,259.38,2008-05-22,-70.23483069799994,-33.576646181999934,Hidroelectricas
LAS LAJAS,ALTO MAIPO SPA,HIDRAULICA PASADA,NO APLICA,277.46,2008-05-22,-70.29028637099998,-33.55272205399996,Hidroelectricas
ALTO RENAICO,ESPINOS S.A.,HIDRAULICA PASADA,NO APLICA,1.378,2012-02-29,-72.40364449499998,-37.800213258999975,Hidroelectricas
ANGOSTURA,COLBUN S.A.,HIDRAULICA EMBALSE,NO APLICA,321.0,2018-06-30,-71.81674346899996,-37.71258934699995,Hidroelectricas
ANTUCO,ENEL GENERACION CHILE S.A.,HIDRAULICA PASADA,NO APLICA,326.628,2018-06-30,-71.62675184799997,-37.30988062599994,Hidroelectricas
ARRAYAN,HIDROELECTRICA ARRAYAN,HIDRAULICA PASADA,NO APLICA,1.2,2018-06-30,-70.42643685099995,-33.370188576999965,Hidroelectricas
AUXILIAR DEL MAIPO,CARBOMET ENERGIA S.A.,HIDRAULICA PASADA,NO APLICA,5.1,2018-06-30,-70.63364187299999,-33.64268942899997,Hidroelectricas
AYSEN,EDELAYSEN,HIDRAULICA PASADA,NO APLICA,6.6,2018-06-30,-72.70997560699993,-45.37553376299997,Hidroelectricas
BLANCO,COLBUN S.A.,HIDRAULICA PASADA,NO APLICA,52.8675,2018-06-30,-70.32890095099998,-32.91706497599995,Hidroelectricas
BOQUIAMARGO,ELECTRICA SAN MIGUEL SPA,HIDRAULICA PASADA,NO APLICA,1.0896,2018-06-30,-71.61468273899999,-37.868926888999965,Hidroelectricas
BUREO,PMGD BUREO,HIDRAULICA PASADA,NO APLICA,2.156,2018-06-30,-72.47916328499997,-37.59382137599994,Hidroelectricas
CALIBORO,SOCER S.A.,HIDRAULICA PASADA,NO APLICA,1.4,2018-06-30,-72.04765547699998,-37.31353195299994,Hidroelectricas
CALLAO,HIDROENESUR S.A.,HIDRAULICA PASADA,NO APLICA,3.29175,2018-06-30,-72.33819707699996,-40.88781617799998,Hidroelectricas
CANUTILLAR,COLBUN S.A.,HIDRAULICA EMBALSE,NO APLICA,171.57,2018-06-30,-72.34179358499995,-41.52812830999994,Hidroelectricas
CAPULLO,EMPRESA ELECTRICA CAPULLO S.A.,HIDRAULICA PASADA,NO APLICA,11.84316,2018-06-30,-72.40001191399995,-40.81894856799994,Hidroelectricas
CARENA,EMPRESA ELECTRICA INDUSTRIAL S.A.,HIDRAULICA PASADA,NO APLICA,8.4,2018-06-30,-70.95285813899994,-33.528640414999984,Hidroelectricas
CARILAFQUEN,EMPRESA ELECTRICA CAREN S.A.,HIDRAULICA PASADA,NO APLICA,19.2357,2018-06-30,-71.52075931299999,-38.88303177199998,Hidroelectricas
CAVANCHA,ENERNUEVAS S.A.,HIDRAULICA PASADA,NO APLICA,2.592,2018-06-30,-70.12732163899994,-20.23708296899997,Hidroelectricas
CHACABUQUITO,COLBUN S.A.,HIDRAULICA PASADA,NO APLICA,25.63575,2018-06-30,-70.50611858499997,-32.85357073599994,Hidroelectricas
CHACAYES,PACIFIC HYDRO CHACAYES S.A.,HIDRAULICA PASADA,NO APLICA,111.72,2018-06-30,-70.45231651599994,-34.275518991999945,Hidroelectricas
CHANLEUFU II,LAGRIMAS DEL SUR SPA,HIDRAULICA PASADA,NO APLICA,3.4,2018-06-30,-72.33754671999998,-40.714860089999945,Hidroelectricas
CHAPIQUINA,ENGIE ENERGIA CHILE S.A.,HIDRAULICA PASADA,NO APLICA,10.832,2018-06-30,-69.54877353499995,-18.37286333399993,Hidroelectricas
CHIBURGO,COLBUN S.A.,HIDRAULICA PASADA,NO APLICA,19.1575,2018-06-30,-71.35501801799995,-35.66146496699997,Hidroelectricas
CHILCO,GANADERA Y FORESTAL CARRAN LTDA.,HIDRAULICA PASADA,NO APLICA,0.2,2006-04-20,-71.99360227799997,-40.345339568999975,Hidroelectricas
CIPRESES,ENEL GENERACION CHILE S.A.,HIDRAULICA EMBALSE,NO APLICA,96.6415,2018-06-30,-70.80773147899998,-35.786599112999966,Hidroelectricas
CIPRESILLOS,ELECTRICA CIPRESILLOS SPA,HIDRAULICA PASADA,NO APLICA,10.356,2014-12-04,-70.30344407799998,-34.439869503999944,Hidroelectricas
COLBUN,COLBUN S.A.,HIDRAULICA EMBALSE,NO APLICA,460.8,2018-06-30,-71.37124428899995,-35.68612401699994,Hidroelectricas
COLLIL,ENERGIA COLLIL S.A.,HIDRAULICA PASADA,NO APLICA,6.997,2018-06-30,-73.95798245299994,-42.59761069499996,Hidroelectricas
CONTRA,EMPRESA ELECTRICA CONTRA SPA,HIDRAULICA PASADA,NO APLICA,0.328,2018-06-30,-72.88205720499997,-40.37733305199998,Hidroelectricas
CONVENTO VIEJO,CONVENTO VIEJO S.A.,HIDRAULICA PASADA,NO APLICA,16.58,2006-08-11,-71.12864694199999,-34.76800202099997,Hidroelectricas
CORRENTOSO,HIDROPALMAR S.A.,HIDRAULICA PASADA,NO APLICA,8.38,2007-09-30,-72.29055471599997,-40.79402603699998,Hidroelectricas
COYA,PACIFIC HYDRO CHILE S.A.,HIDRAULICA PASADA,NO APLICA,11.9724,2018-06-30,-70.52571066999997,-34.20492268199996,Hidroelectricas
CUCHILDEO,EMPRESA ELECTRICA CUCHILDEO SPA,HIDRAULICA PASADA,NO APLICA,0.765,2018-06-30,-72.48267883699998,-41.95996430599996,Hidroelectricas
CUMBRES,CUMBRES SPA,HIDRAULICA PASADA,NO APLICA,17.86,2014-08-22,-72.20758329399996,-40.64686500099998,Hidroelectricas
CUMPEO,HIDROELECTRICA CUMPEO S.A.,HIDRAULICA PASADA,NO APLICA,5.75,2018-06-30,-71.16078745799996,-35.24649547499996,Hidroelectricas
CURILEUFU,SOC. AGRICOLA Y GANADERA CURILEUFU LTDA.,HIDRAULICA PASADA,NO APLICA,0.2197,2018-06-30,-72.53988540599994,-40.39145396599997,Hidroelectricas
CURILLINQUE,EMPRESA ELECTRICA PEHUENCHE S.A.,HIDRAULICA PASADA,NO APLICA,84.6179,2018-06-30,-70.94166514499994,-35.80552341799995,Hidroelectricas
DIGUA,ELECTRICA DIGUA SPA,HIDRAULICA PASADA,NO APLICA,22.5,2016-06-20,-71.55261804999998,-36.257211171999984,Hidroelectricas
DON WALTERIO,GENERADORA ELECTRICA RHOM LTDA.,HIDRAULICA PASADA,NO APLICA,2.9456,2018-06-30,-72.51618006399997,-40.557760213999984,Hidroelectricas
DONGO,HIDROELECTRICA DONGO SPA,HIDRAULICA PASADA,NO APLICA,5.9976,2018-06-30,-73.89446908799994,-42.56775748099994,Hidroelectricas
DONGUIL,DONGUIL ENERGIA S.A.,HIDRAULICA PASADA,NO APLICA,0.2494,2018-06-30,-72.67459865799998,-39.120351751999976,Hidroelectricas
DONA HILDA,FORESTAL Y GANADERA CARRAN LTDA,HIDRAULICA PASADA,NO APLICA,0.419,2018-06-30,-72.00594997199994,-40.33285926399998,Hidroelectricas
DOS VALLES,HIDROELECTRICA DOS VALLES SPA,HIDRAULICA PASADA,NO APLICA,4.45,2017-09-30,-70.34079780299999,-34.90173376499996,Hidroelectricas
EL AGRIO,EL AGRIO HIDRO SPA,HIDRAULICA PASADA,NO APLICA,2.4974,2018-06-30,-71.42928311099996,-38.55276357899993,Hidroelectricas
EL ARRAYAN,ENERGIAS RENOVABLES EL ARRAYAN LTDA,HIDRAULICA PASADA,NO APLICA,0.1491,2018-06-30,-72.46483552899997,-40.598202768999954,Hidroelectricas
EL BRINCO,HIDRO MUNILQUE SPA,HIDRAULICA PASADA,NO APLICA,0.19,2015-05-22,-72.16131207199999,-37.68121358999997,Hidroelectricas
EL CANELO,HIDROELECTRICA EL CANELO S.A.,HIDRAULICA PASADA,NO APLICA,6.04,2018-06-30,-71.75710954699997,-38.83958654299994,Hidroelectricas
EL COLORADO,DESARROLLO DE ENERGIA SPA,HIDRAULICA PASADA,NO APLICA,1.99,2018-06-30,-72.60982291299996,-41.404569838999976,Hidroelectricas
EL DIUTO,MINICENTRAL HIDROELECTRICA EL DIUTO LTDA.,HIDRAULICA PASADA,NO APLICA,3.2918,2018-06-30,-72.08169893999997,-37.42292786799993,Hidroelectricas
EL GALPON,ENERBOSCH S.A.,HIDRAULICA PASADA,NO APLICA,1.2858,2018-06-30,-71.21547583999995,-35.23745600799998,Hidroelectricas
EL LLANO,ELECTRICA PUNTILLA S.A.,HIDRAULICA PASADA,NO APLICA,1.9079,2018-06-30,-70.53570537499996,-33.62187738199998,Hidroelectricas
EL MANZANO (MELIPEUCO),HIDROELECTRICA EL MANZANO S.A.,HIDRAULICA PASADA,NO APLICA,4.85,2018-06-30,-71.81309923999999,-38.837367678999954,Hidroelectricas
EL MIRADOR,EL MIRADOR SPA,HIDRAULICA PASADA,NO APLICA,2.9996,2018-06-30,-71.60954908299993,-37.89576677899999,Hidroelectricas
MOCHO,HIDROMOCHO S.A.,HIDRAULICA PASADA,NO APLICA,14.77,2011-02-25,-72.25166654499998,-40.64153281299997,Hidroelectricas
EL PASO,HIDROELECTRICA EL PASO SPA,HIDRAULICA PASADA,NO APLICA,59.64,2018-06-30,-70.41910015599996,-34.963690198999984,Hidroelectricas
EL PINAR,EMPRESA ELECTRICA EL PINAR SPA,HIDRAULICA PASADA,NO APLICA,11.3778,2012-10-17,-71.64279088899997,-37.13420458399997,Hidroelectricas
EL RINCON (RM),ASOC. DE CANAL. SOCIEDAD DEL CANAL DE MAIPO,HIDRAULICA PASADA,NO APLICA,0.284665,2018-06-30,-70.54320875999997,-33.54809585999993,Hidroelectricas
EL TARTARO,WENKE Y CIA. LTDA.,HIDRAULICA PASADA,NO APLICA,0.1037,2018-06-30,-70.69106065199998,-32.562296851999974,Hidroelectricas
EL TORO,ENEL GENERACION CHILE S.A.,HIDRAULICA EMBALSE,NO APLICA,437.2715,2018-06-30,-71.45282707099994,-37.27509950499996,Hidroelectricas
EL TORO 2,ENERNUEVAS S.A.,HIDRAULICA PASADA,NO APLICA,1.11,2018-06-30,-70.05126600199998,-20.22862824199996,Hidroelectricas
EL TRARO,EDELAYSEN,HIDRAULICA PASADA,NO APLICA,0.64,2018-06-30,-72.62146556299996,-47.22849367699996,Hidroelectricas
ANCOA,HIDROELECTRICA EMBALSE ANCOA SPA,HIDRAULICA PASADA,NO APLICA,25.4089,2013-12-23,-71.18652861699996,-35.85295059099997,Hidroelectricas
ENSENADA,HIDROELECTRICA ENSENADA S.A.,HIDRAULICA PASADA,NO APLICA,1.2,2018-06-30,-72.54078899099994,-41.27200453299997,Hidroelectricas
EYZAGUIRRE,ASOC. DE CANAL. SOCIEDAD DEL CANAL DE MAIPO,HIDRAULICA PASADA,NO APLICA,1.8715,2018-06-30,-70.51069291399995,-33.60807190699995,Hidroelectricas
FLORIDA,ASOC. DE CANAL. SOCIEDAD DEL CANAL DE MAIPO,HIDRAULICA PASADA,NO APLICA,5.9868,2018-06-30,-70.54655407699994,-33.54664725699996,Hidroelectricas
GUAYACAN,ENERGIA COYANCO S.A.,HIDRAULICA PASADA,NO APLICA,11.8432,2018-06-30,-70.35971812399998,-33.60284347299995,Hidroelectricas
HIDROBONITO MC1,HIDROENESUR S.A.,HIDRAULICA PASADA,NO APLICA,8.9546,2018-06-30,-72.40353364099997,-40.917786053999976,Hidroelectricas
HIDROBONITO MC2,HIDROENESUR S.A.,HIDRAULICA PASADA,NO APLICA,3.15,2018-06-30,-72.40353364099997,-40.917786053999976,Hidroelectricas
LOS PORTONES,LOS PORTONES S.A.,HIDRAULICA PASADA,NO APLICA,2.195,2018-06-30,-72.23567614999996,-40.33225774699997,Hidroelectricas
HORNITOS,RIO TRANQUILO S.A.,HIDRAULICA PASADA,NO APLICA,57.0066,2018-06-30,-70.26331720999997,-32.90055373399997,Hidroelectricas
ISLA,ENEL GENERACION CHILE S.A.,HIDRAULICA PASADA,NO APLICA,69.881,2018-06-30,-70.83501027899996,-35.80996677599995,Hidroelectricas
ITATA,ELECTRICA PUNTILLA S.A.,HIDRAULICA PASADA,NO APLICA,19.43,2018-06-30,-72.18089286299994,-37.04974829499997,Hidroelectricas
JUNCAL,COLBUN S.A.,HIDRAULICA PASADA,NO APLICA,29.127,2018-06-30,-70.32865382299997,-32.91698642799997,Hidroelectricas
JUNCALITO,COLBUN S.A.,HIDRAULICA PASADA,NO APLICA,1.52,2018-06-30,-70.26965482799994,-32.901120902999935,Hidroelectricas
LA ARENA,EMPRESA ELECTRICA LA ARENA SPA,HIDRAULICA PASADA,NO APLICA,6.783,2018-06-30,-72.64551610399997,-41.681243535999954,Hidroelectricas
LA BIFURCADA,HIDRO MUNILQUE SPA,HIDRAULICA PASADA,NO APLICA,0.226,2018-06-30,-72.13019409299994,-37.69147786999997,Hidroelectricas
LA COMPANIA II,EMPRESA ELECTRICA LA COMPANIA SPA,HIDRAULICA PASADA,NO APLICA,2.555,2017-05-24,-70.64729792499998,-34.14903877599994,Hidroelectricas
LA CONFLUENCIA,HIDROELECTRICA LA CONFLUENCIA S.A.,HIDRAULICA PASADA,NO APLICA,162.792,2018-06-30,-70.55422062699995,-34.83349753099998,Hidroelectricas
LA HIGUERA,HIDROELECTRICA LA HIGUERA S.A.,HIDRAULICA PASADA,NO APLICA,154.6125,2018-06-30,-70.71440553499997,-34.75155049199998,Hidroelectricas
LA MINA,COLBUN S.A.,HIDRAULICA PASADA,NO APLICA,36.93,2012-12-20,-70.76761621299994,-35.820667896999964,Hidroelectricas
LA MONTANA,HIDROELCTRICA PUMA S.A.,HIDRAULICA PASADA,NO APLICA,2.975,2018-06-30,-70.81642937399994,-34.935892638999974,Hidroelectricas
LA MONTANA II,HIDROELECTRICA RIO CLARO S.A.,HIDRAULICA PASADA,NO APLICA,1.8842,2018-06-30,-70.84830369299993,-34.93509619599996,Hidroelectricas
LA PALOMA,HIDROPALOMA S.A.,HIDRAULICA PASADA,NO APLICA,4.416,2018-06-30,-71.03726599899994,-30.70039112099994,Hidroelectricas
LA VINA-ALTO LA VINA,HIDRO MUNILQUE SPA,HIDRAULICA PASADA,NO APLICA,0.5421,2018-06-30,-72.20876614299993,-37.65858649399996,Hidroelectricas
LAGO ATRAVESADO,EDELAYSEN,HIDRAULICA PASADA,NO APLICA,10.5,2018-06-30,-72.28883514699999,-45.75613774699997,Hidroelectricas
LAJA I,EOLICA MONTE REDONDO SPA,HIDRAULICA PASADA,NO APLICA,34.056,2018-06-30,-72.53028941599996,-37.24403849399994,Hidroelectricas
LAS FLORES,HIDROELECTRICA LAS FLORES S.A.,HIDRAULICA PASADA,NO APLICA,2.5,2018-06-30,-72.30347676499997,-40.084701405999965,Hidroelectricas
LAS VERTIENTES,ELECTRICA PUNTILLA S.A.,HIDRAULICA PASADA,NO APLICA,1.8646,2018-06-30,-70.46966793899998,-33.59258568299998,Hidroelectricas
LICAN,LICAN SPA,HIDRAULICA PASADA,NO APLICA,17.955,2018-06-30,-72.40139941399997,-40.61803123999994,Hidroelectricas
LIRCAY,HIDROELECTRICA RIO LIRCAY S.A.,HIDRAULICA PASADA,NO APLICA,18.9525,2018-06-30,-71.26135602399995,-35.53727782999994,Hidroelectricas
LLAUQUEREO,HIDROELECTRICA LLEUQUEREO S.A.,HIDRAULICA PASADA,NO APLICA,1.755,2018-06-30,-71.52423691599995,-37.566885113999945,Hidroelectricas
LOMA ALTA,EMPRESA ELECTRICA PEHUENCHE S.A.,HIDRAULICA PASADA,NO APLICA,36.349,2018-06-30,-70.98185749699996,-35.790822686999945,Hidroelectricas
LOS BAJOS,CARBOMET ENERGIA S.A.,HIDRAULICA PASADA,NO APLICA,5.4725,2018-06-30,-70.59482166199996,-33.63540473299997,Hidroelectricas
LOS COLONOS,EMPRESA ELECTRICA RIO PUMA SPA.,HIDRAULICA PASADA,NO APLICA,0.6399,2018-06-30,-72.68737979499997,-41.00711998599997,Hidroelectricas
LOS CONDORES,ENEL GENERACION CHILE S.A.,HIDRAULICA PASADA,NO APLICA,169.7399,2007-06-05,-70.62658333199994,-35.91740724099998,Hidroelectricas
LOS CORRALES,LAGRIMAS DEL SUR SPA,HIDRAULICA PASADA,NO APLICA,0.8,2018-06-30,-72.31481372299999,-40.64721091499996,Hidroelectricas
LOS CORRALES II,LAGRIMAS DEL SUR SPA,HIDRAULICA PASADA,NO APLICA,1.025,2018-06-30,-72.31482374799998,-40.64717460099996,Hidroelectricas
LOS HIERROS,EMPRESA ELECTRICAS AGUAS DEL MELADO SPA,HIDRAULICA PASADA,NO APLICA,25.0,2018-06-30,-71.06390683899997,-35.85786073799994,Hidroelectricas
LOS HIERROS II,EMPRESA ELECTRICA PORTEZUELO SPA,HIDRAULICA PASADA,NO APLICA,6.0,2018-06-30,-71.07892779199994,-35.83984350999998,Hidroelectricas
LOS MOLLES,ENEL GENERACION CHILE S.A.,HIDRAULICA PASADA,NO APLICA,17.9514,2018-06-30,-70.58669873199995,-30.74422947199997,Hidroelectricas
LOS MORROS,CIA. EMPRESA LOS MORROS S.A.,HIDRAULICA PASADA,NO APLICA,3.0535,2018-06-30,-70.65611198499994,-33.647783179999976,Hidroelectricas
LOS PADRES,LOS PADRES HIDRO SPA,HIDRAULICA PASADA,NO APLICA,2.181,2018-06-30,-71.70627497299995,-37.52788723799995,Hidroelectricas
LOS QUILOS,COLBUN S.A.,HIDRAULICA PASADA,NO APLICA,31.7972,2018-06-30,-70.40784198099993,-32.86644961999997,Hidroelectricas
MACHICURA,COLBUN S.A.,HIDRAULICA EMBALSE,NO APLICA,94.7625,2018-06-30,-71.39780104799996,-35.732451684999944,Hidroelectricas
MAISAN,ABASTIBLE S.A.,HIDRAULICA PASADA,NO APLICA,0.59,2018-06-30,-72.66398895299994,-38.98381796399997,Hidroelectricas
MAITENES,AES ANDES S.A.,HIDRAULICA PASADA,NO APLICA,26.92,2018-06-30,-70.26178821999997,-33.530703469999935,Hidroelectricas
MALALCAHUELLO,EMPRESA ELECTRICA CAREN S.A.,HIDRAULICA PASADA,NO APLICA,9.154,2018-06-30,-71.52075931299999,-38.88303177199998,Hidroelectricas
MALLARAUCO,HIDROELECTRICA MALLARAUCO S.A.,HIDRAULICA PASADA,NO APLICA,3.3915,2018-06-30,-71.00442199999998,-33.58740334399994,Hidroelectricas
MAMPIL,DUQUECO SPA,HIDRAULICA PASADA,NO APLICA,54.9065,2018-06-30,-71.70739735499996,-37.53639491299998,Hidroelectricas
MARIA ELENA,GENERADORA ELECTRICA MARIA ELENA LTDA.,HIDRAULICA PASADA,NO APLICA,0.285,2018-06-30,-72.48752412999994,-40.77189727899997,Hidroelectricas
MARIPOSAS,HIDROELECTRICA RIO LIRCAY S.A.,HIDRAULICA PASADA,NO APLICA,6.2855,2018-06-30,-71.26416869899998,-35.59608841099998,Hidroelectricas
MCH DOSAL,DOSAL HNOS. Y CIA. LTDA.,HIDRAULICA PASADA,NO APLICA,0.2696,2018-06-30,-70.80837619999994,-35.787220453999964,Hidroelectricas
MELO,SOCER S.A.,HIDRAULICA PASADA,NO APLICA,2.97,2018-06-30,-72.12058539399999,-37.287562675999936,Hidroelectricas
MINIHIDRO SANTA ROSA,ENERNUEVAS S.A.,HIDRAULICA PASADA,NO APLICA,1.25,2018-06-30,-70.06846534999994,-20.30103199399997,Hidroelectricas
MOLINERA VILLARRICA,CIA MOLINERA VILLARRICA LTDA,HIDRAULICA PASADA,NO APLICA,0.5966,2018-06-30,-72.22793836199997,-39.29825179399995,Hidroelectricas
MONREAL,EDELAYSEN,HIDRAULICA PASADA,NO APLICA,3.0,2018-06-30,-72.06126357999995,-45.86998500599998,Hidroelectricas
MSA-I,MINICENTRALES ARAUCANIA S.A.,HIDRAULICA PASADA,NO APLICA,3.0,2014-11-21,-72.05854279299996,-39.17167635299995,Hidroelectricas
MUCHI,HIDROMUCHI S.A.,HIDRAULICA PASADA,NO APLICA,0.9975,2018-06-30,-72.22690963899998,-40.316245341999945,Hidroelectricas
MUNILQUE,PMGD BIO BIO NEGRETE S.A.,HIDRAULICA PASADA,NO APLICA,0.5469,2018-06-30,-72.42746110099995,-37.57547925099993,Hidroelectricas
MUNILQUE II,PMGD BIO BIO NEGRETE S.A.,HIDRAULICA PASADA,NO APLICA,0.5469,2018-06-30,-72.43117460399998,-37.57229003799995,Hidroelectricas
NALCAS,HIDROENESUR S.A.,HIDRAULICA PASADA,NO APLICA,6.992,2018-06-30,-72.34006142899995,-40.89514722599995,Hidroelectricas
OJOS DE AGUA,ENEL GENERACION CHILE S.A.,HIDRAULICA PASADA,NO APLICA,8.9847,2018-06-30,-70.80756092099995,-35.78590753499998,Hidroelectricas
PALACIOS,HIDROELECTRICA PALACIOS SPA.,HIDRAULICA PASADA,NO APLICA,3.017,2016-08-05,-70.34137629599996,-34.90163721399995,Hidroelectricas
PALMAR,HIDROPALMAR S.A.,HIDRAULICA PASADA,NO APLICA,8.56,2007-09-30,-72.33140126299998,-40.792789658999936,Hidroelectricas
PALMUCHO,ENEL GENERACION CHILE S.A.,HIDRAULICA PASADA,NO APLICA,31.952,2018-06-30,-71.47537807399993,-38.04571523199997,Hidroelectricas
PANGUE,ENEL GENERACION CHILE S.A.,HIDRAULICA EMBALSE,NO APLICA,465.8325,2018-06-30,-71.61213834999995,-37.91078426399997,Hidroelectricas
PEHUENCHE,EMPRESA ELECTRICA PEHUENCHE S.A.,HIDRAULICA EMBALSE,NO APLICA,569.92,2018-06-30,-71.16353801499997,-35.73080074599994,Hidroelectricas
PEHUI,GENERADORA ELECTRICA PEHUI LTDA,HIDRAULICA PASADA,NO APLICA,1.1,2018-06-30,-72.51613533099999,-40.556680821999976,Hidroelectricas
PEUCHEN,DUQUECO SPA,HIDRAULICA PASADA,NO APLICA,84.8725,2018-06-30,-71.59627124599996,-37.54115393799998,Hidroelectricas
PICHILONCO,GM HOLDINGS S.A.,HIDRAULICA PASADA,NO APLICA,1.15,2018-06-30,-72.29927276399997,-40.33892582899995,Hidroelectricas
PILMAIQUEN,ENEL GREEN POWER CHILE S.A.,HIDRAULICA PASADA,NO APLICA,40.6776,2018-06-30,-72.64913271699999,-40.63791064699996,Hidroelectricas
PIUTEL,PIUTEL GENERACION ELECTRICA LIMITADA,HIDRAULICA PASADA,NO APLICA,0.5586,2018-06-30,-72.43569774399998,-39.73810546399994,Hidroelectricas
RIO MULCHEN,CENTRAL HIDROELECTRICA RIO MULCHEN S.A.,HIDRAULICA PASADA,NO APLICA,2.9751,2018-06-30,-72.15702899099995,-37.85116342099997,Hidroelectricas
PROVIDENCIA,HIDROELECTRICA RIO LIRCAY S.A.,HIDRAULICA PASADA,NO APLICA,14.129,2018-06-30,-71.27288364699996,-35.46972372899995,Hidroelectricas
PUCLARO,HIDROELECTRICA PUCLARO S.A.,HIDRAULICA PASADA,NO APLICA,5.376,2018-06-30,-70.86381773999994,-29.99605095399994,Hidroelectricas
PULELFU,EMPRESA ELECTRICA LA LEONERA S.A.,HIDRAULICA PASADA,NO APLICA,8.955,2018-06-30,-72.38527026799994,-40.80998005999993,Hidroelectricas
PULLINQUE,ENEL GREEN POWER CHILE S.A.,HIDRAULICA PASADA,NO APLICA,51.1584,2018-06-30,-72.21728684299995,-39.59568162099998,Hidroelectricas
PUNTILLA,ELECTRICA PUNTILLA S.A.,HIDRAULICA PASADA,NO APLICA,21.7491,2018-06-30,-70.53516042999996,-33.61850231899996,Hidroelectricas
PURISIMA,ENERBOSCH S.A.,HIDRAULICA PASADA,NO APLICA,0.4198,2018-06-30,-71.18201506599996,-35.20206762399994,Hidroelectricas
QUELTEHUES,AES ANDES S.A.,HIDRAULICA PASADA,NO APLICA,48.9412,2018-06-30,-70.21923168499995,-33.812844042999984,Hidroelectricas
QUILLAILEO,CENTRAL HIDROELECTRICA QUILLAILEO SPA,HIDRAULICA PASADA,NO APLICA,0.8161,2018-06-30,-71.80826847799995,-37.693004385999984,Hidroelectricas
QUILLECO,COLBUN S.A.,HIDRAULICA PASADA,NO APLICA,70.6513,2018-06-30,-71.95665442299997,-37.335828522999975,Hidroelectricas
RALCO,ENEL GENERACION CHILE S.A.,HIDRAULICA EMBALSE,NO APLICA,685.06,2018-06-30,-71.51797489599994,-37.99795412499998,Hidroelectricas
RAPEL,ENEL GENERACION CHILE S.A.,HIDRAULICA EMBALSE,NO APLICA,361.9847,2018-06-30,-71.58878947999995,-34.04127483099995,Hidroelectricas
RECA,ENERBOSCH S.A.,HIDRAULICA PASADA,NO APLICA,1.6958,2018-06-30,-72.07685854999994,-39.75847800899993,Hidroelectricas
RENAICO,ESPINOS S.A.,HIDRAULICA PASADA,NO APLICA,6.3,2018-06-30,-72.41567223899995,-37.81383799499997,Hidroelectricas
RIO AZUL,EDELAYSEN,HIDRAULICA PASADA,NO APLICA,1.4,2018-06-30,-72.12341118799998,-43.490603576999945,Hidroelectricas
RIO COLORADO,HIDROELECTRICA RIO COLORADO S.A.,HIDRAULICA PASADA,NO APLICA,16.466,2013-12-23,-70.93883355699995,-35.83015188799993,Hidroelectricas
RIO HUASCO,HIDROELECTRICA RIO HUASCO S.A.,HIDRAULICA PASADA,NO APLICA,5.1,2018-06-30,-70.64508527699996,-28.67620243899995,Hidroelectricas
RIO PICOIQUEN,HIDROANGOL S.A.,HIDRAULICA PASADA,NO APLICA,19.306,2018-06-30,-72.75328716699994,-37.81608225399998,Hidroelectricas
RIO TRUENO,HIDROELECTRICA TRUENO S.A.,HIDRAULICA PASADA,NO APLICA,5.59,2018-06-30,-72.04723628299996,-38.60101247899996,Hidroelectricas
ROBLERIA,HIDROELECTRICA ROBLERIA SPA,HIDRAULICA PASADA,NO APLICA,3.9908,2018-06-30,-71.28058894999998,-35.85031793199994,Hidroelectricas
RUCATAYO,EMPRESA ELECTRICA RUCATAYO S.A.,HIDRAULICA PASADA,NO APLICA,59.3,2018-06-30,-72.70415551199994,-40.619153282999946,Hidroelectricas
RUCUE,COLBUN S.A.,HIDRAULICA PASADA,NO APLICA,178.1324,2018-06-30,-71.86568774799997,-37.36048787699997,Hidroelectricas
SAN ANDRES,HIDROELECTRICA SAN ANDRES SPA,HIDRAULICA PASADA,NO APLICA,40.0582,2018-06-30,-70.38254629399995,-34.73458158099993,Hidroelectricas
SAN CLEMENTE,COLBUN S.A.,HIDRAULICA PASADA,NO APLICA,5.8853,2018-06-30,-71.35570091799997,-35.59820915199998,Hidroelectricas
SAN IGNACIO,COLBUN S.A.,HIDRAULICA PASADA,NO APLICA,35.08,2018-06-30,-71.54145621399994,-35.61466847699995,Hidroelectricas
SANTA ELENA,CENTRAL HIDROELECTRICA SANTA ELENA S.A.,HIDRAULICA PASADA,NO APLICA,2.75,2015-12-04,-72.05363438599994,-39.095656143999975,Hidroelectricas
SANTA ISABEL,SOCER S.A.,HIDRAULICA PASADA,NO APLICA,1.45,2018-06-30,-72.29709414399997,-37.44071659799994,Hidroelectricas
SAUCE ANDES,GENERADORA ELECTRICA SAUCE LOS ANDES S.A.,HIDRAULICA PASADA,NO APLICA,1.379,2018-06-30,-70.54109497999997,-32.83516036799995,Hidroelectricas
SAUZAL,ENEL GENERACION CHILE S.A.,HIDRAULICA PASADA,NO APLICA,82.6261,2018-06-30,-70.63099747499996,-34.25275668499995,Hidroelectricas
SAUZALITO,ENEL GENERACION CHILE S.A.,HIDRAULICA PASADA,NO APLICA,11.2221,2018-06-30,-70.65523749599998,-34.23567780299993,Hidroelectricas
TRAILELFU,ENERBOSCH S.A.,HIDRAULICA PASADA,NO APLICA,2.45,2018-06-30,-72.04600942999997,-39.21588520599994,Hidroelectricas
TRANQUIL,EMPRESA ELECTRICA TRANQUIL SPA,HIDRAULICA PASADA,NO APLICA,2.9673,2018-06-30,-71.96413890699995,-39.74324489999998,Hidroelectricas
TRANCA DEL TORO,FORESTAL NELTUME CARRANCO S.A.,HIDRAULICA PASADA,NO APLICA,1.9,2014-12-18,-71.95380639699994,-39.854657395999936,Hidroelectricas
TRUFULTRUFUL,ENERBOSCH,HIDRAULICA PASADA,NO APLICA,0.819,2018-06-30,-71.66324756099993,-38.84454077399994,Hidroelectricas
VOLCAN,AES ANDES S.A.,HIDRAULICA PASADA,NO APLICA,12.997,2018-06-30,-70.21479409099999,-33.82068875899995,Hidroelectricas
COSAPILLA,ENGIE ENERGIA CHILE S.A.,HIDRAULICA PASADA,NO APLICA,0.5,2020-06-30,-69.55858882899997,-18.375528093999947,Hidroelectricas
COCHAMO,SAGESA S.A.,HIDRAULICA PASADA,NO APLICA,0.68,2020-06-30,-72.29618984499996,-41.49171242199998,Hidroelectricas
EL PORTAL,CENTRAL EL PORTAL SPA,HIDRAULICA PASADA,NO APLICA,1.1,2020-06-30,-72.11103828699999,-37.69731018799996,Hidroelectricas
LOS PORTONES (AMPLIACION 2),LOS PORTONES S.A.,HIDRAULICA PASADA,NO APLICA,0.2,2020-06-30,-72.23518636899996,-40.33235252299994,Hidroelectricas
PANGAL,PACIFIC HYDRO CHILE S.A.,HIDRAULICA PASADA,NO APLICA,36.9075,2020-12-31,-70.44272489899998,-34.23926478499993,Hidroelectricas
EL ATAJO,CENTRAL EL ATAJO SPA,HIDRAULICA PASADA,NO APLICA,1.2,2020-12-31,-72.22151480899998,-37.64520148299994,Hidroelectricas
MC3,HIDROENERSUR S.A.,HIDRAULICA PASADA,NO APLICA,2.2709,2020-12-31,-72.35484369299996,-40.94779993999998,Hidroelectricas
CORRALES,HIDROELECTRICA LOS CORRALES SPA,HIDRAULICA PASADA,NO APLICA,2.968,2020-12-31,-70.40461042999993,-34.74173195499998,Hidroelectricas
SAN VICTOR,EMPRESA ELECTRICA SAN VICTOR SPA,HIDRAULICA PASADA,NO APLICA,2.99,2020-12-31,-72.43342429899997,-45.331227646999935,Hidroelectricas
PUNTA DEL VIENTO,HIDROELECTRICA PUNTA DEL VIENTO SPA,HIDRAULICA PASADA,NO APLICA,2.999,2021-06-30,-70.43900850199998,-34.75499079599996,Hidroelectricas
PIEDRAS NEGRAS,HIDROELECTRICA PIEDRAS NEGRAS SPA,HIDRAULICA PASADA,NO APLICA,2.964,2022-06-30,-70.43758167999994,-34.75524208899998,Hidroelectricas
TERRA AUSTRAL,COMPANIA HIDROELECTRICA HIDROENER SPA,HIDRAULICA PASADA,NO APLICA,0.78,2022-06-30,-72.30206586899999,-41.55118770699994,Hidroelectricas
FLORIDA II,ASOC. DE CANAL. SOCIEDAD DEL CANAL DE MAIPO,HIDRAULICA PASADA,NO APLICA,19.125,2022-06-30,-70.54535368899997,-33.547582113999965,Hidroelectricas
FLORIDA III,ASOC. DE CANAL. SOCIEDAD DEL CANAL DE MAIPO,HIDRAULICA PASADA,NO APLICA,2.4945,2022-06-30,-70.54294728299993,-33.54792777199998,Hidroelectricas
NUEVO REINO,EDELAYSEN,HIDRAULICA PASADA,NO APLICA,0.3,2022-12-31,-72.67914481899999,-44.72256461199999,Hidroelectricas
HORNOPIREN,PMGD HORNOPIREN LTDA.,HIDRAULICA PASADA,NO APLICA,0.26,2024-06-30,-72.48904784399997,-41.946245258999966,Hidroelectricas
TRICA-DOS,TRICAHUE SPA,FOTOVOLTAICO,NO APLICA,2.8,2019-06-30,-71.57890158899994,-35.59964890199996,Solares
EL CARDENAL,PFV EL CARDENAL SPA,FOTOVOLTAICO,NO APLICA,3.0,2022-06-30,-71.08934908299995,-34.42417671199996,Solares
IDAHUE DEL VERANO,PALPANA DE VERANO SPA,FOTOVOLTAICO,NO APLICA,3.0,2021-12-31,-71.11622242999994,-34.309588290999955,Solares
NORTE CHICO,ACOTANGO DE VERANO SPA,FOTOVOLTAICO,NO APLICA,1.9485,2019-03-31,-71.16450300699995,-32.09909119699995,Solares
FOTOVOLT LINARES II,AILIN FOTOVOLTAICA SPA,FOTOVOLTAICO,NO APLICA,1.5,2021-06-30,-71.65546003399999,-35.82407398299995,Solares
MARCHIGUE II,GR CANELO SPA,FOTOVOLTAICO,NO APLICA,8.9293,2017-09-30,-71.66611934899998,-34.40669302199996,Solares
LO MIGUEL,PLANTA SOLAR LO MIGUEL II SPA,FOTOVOLTAICO,NO APLICA,3.25,2020-12-31,-70.82613945099996,-34.39039542699993,Solares
SOLAR SAN ANDRES,SAN ANDRES SPA,FOTOVOLTAICO,NO APLICA,50.6,2014-12-10,-70.11122075299994,-27.25422451999998,Solares
SOL DEL MAULE,SAN JAVIER I SPA,FOTOVOLTAICO,NO APLICA,2.5,2021-05-31,-71.70720647299999,-35.56066261499996,Solares
LORO CHOROY,PFV EL LORO CHOROY SPA,FOTOVOLTAICO,NO APLICA,9.0,2020-06-30,-71.31366728099994,-34.97694801199998,Solares
FRANCISCO,GR BOLDO SPA,FOTOVOLTAICO,NO APLICA,3.0,2017-12-31,-70.63092889999996,-34.00024419799996,Solares
LAS PALOMAS,PV LAS PALOMAS SPA,FOTOVOLTAICO,NO APLICA,2.99,2018-03-31,-72.00496637299995,-36.78588133199997,Solares
ANDES II B,ANDES SOLAR II SPA,FOTOVOLTAICO,NO APLICA,129.7287,2020-12-31,-68.57365581699997,-23.997595995999973,Solares
PFV REN (AMPLIACION),MILLARAY FOTOVOLTAICA SPA,FOTOVOLTAICO,NO APLICA,3.0,2024-06-30,-72.60044346699993,-37.69644844599998,Solares
SANTA MARGARITA,FOTOVOLTAICA PEUMO SPA,FOTOVOLTAICO,NO APLICA,3.0,2020-12-31,-71.52152337299998,-34.458424513999944,Solares
MELI,MELI SPA,FOTOVOLTAICO,NO APLICA,9.0,2018-06-30,-70.76568303799996,-34.05162134599993,Solares
ALTOS DE TIL TIL,ELECTRICA ALTOS DE TIL TIL SPA,FOTOVOLTAICO,NO APLICA,1.7,2018-12-31,-70.88875088299994,-33.096953078999945,Solares
CANQUEN,CANQUEN SPA,FOTOVOLTAICO,NO APLICA,1.0,2022-12-31,-72.41027621799998,-37.44956537199994,Solares
EL ESTERO,FOTOVOLTAICA MANZANO SPA,FOTOVOLTAICO,NO APLICA,2.68,2017-12-31,-71.40145188999998,-34.22058010799998,Solares
LAS TAGUAS,PFV LAS TAGUAS SPA,FOTOVOLTAICO,NO APLICA,9.0,2020-12-31,-71.23568947099994,-29.833966224999983,Solares
GR SANTA ROSA,GR CHAQUIHUE SPA,FOTOVOLTAICO,NO APLICA,8.888,2016-07-27,-71.29393334899999,-33.99764374899996,Solares
INDEPENDENCIA,LA INDEPENDENCIA SOLAR SPA,FOTOVOLTAICO,NO APLICA,2.7,2022-12-31,-70.89036170399999,-33.14513098499998,Solares
SLK CB NUEVE,SLK CB NUEVE SPA.,FOTOVOLTAICO,NO APLICA,3.0,2021-06-30,-70.68737050299995,-32.662009560999934,Solares
PLAYERITO,PLAYERO SPA,FOTOVOLTAICO,NO APLICA,3.0,2020-06-30,-72.44972273899998,-35.87618091199994,Solares
SANTA FE,PARQUE SOLAR SANTA FE SPA,FOTOVOLTAICO,NO APLICA,8.999,2018-06-30,-71.71134311799995,-35.62345521699996,Solares
DON SIMON,SOLAR TI TREINTA Y SEIS SPA,FOTOVOLTAICO,NO APLICA,7.0,2021-06-30,-70.67541398299994,-34.206287273999976,Solares
LO SIERRA,PARQUE SOLAR H6 SPA,FOTOVOLTAICO,NO APLICA,2.965,2019-03-31,-71.32940639399999,-33.98414690399994,Solares
LIQUIDAMBAR,CVE PROYECTO SIETE SPA,FOTOVOLTAICO,NO APLICA,9.0,2021-12-31,-70.53870956199995,-32.824456787999964,Solares
CONEJO SOLAR,CONEJO SOLAR SPA,FOTOVOLTAICO,NO APLICA,104.0,2016-12-31,-70.16290331299996,-25.504103215999976,Solares
UNIHUE,PARQUE SOLAR UNIHUE SPA,FOTOVOLTAICO,NO APLICA,2.7,2022-12-31,-71.67043794399996,-35.48571611099993,Solares
PFV REN,MILLARAY FOTOVOLTAICA SPA,FOTOVOLTAICO,NO APLICA,3.0,2022-12-31,-72.60044346699993,-37.69644844599998,Solares
LOS PALTOS,PARQUE SOLAR LOS PALTOS SPA,FOTOVOLTAICO,NO APLICA,2.695,2019-12-31,-71.03097227299997,-32.398028701999976,Solares
CKILIR,CE URIBE ANTOFAGASTA SOLAR SPA,FOTOVOLTAICO,NO APLICA,9.0,2019-06-30,-70.27594489099994,-23.60714808599994,Solares
MECO CHILLAN,PARQUE SOLAR MECO CHILLAN SPA,FOTOVOLTAICO,NO APLICA,6.0,2020-12-31,-72.13366903199994,-36.74936105999996,Solares
SANTA RITA,"PARQUE FOTOVOLTAICO SANTA RITA SOLAR SPA
SPA",FOTOVOLTAICO,NO APLICA,2.7,2020-12-31,-71.90877914999999,-36.54365513299996,Solares
LA LAJUELA,RIGEL SPA,FOTOVOLTAICO,NO APLICA,6.88,2016-07-27,-71.39008911099995,-34.64803439899998,Solares
EL OLIVAR,EL OLIVAR SOLAR SPA,FOTOVOLTAICO,NO APLICA,9.0,2019-12-31,-72.41161335099997,-37.430255286999966,Solares
SANTA TERESITA,PLANTA SOLAR SANTA TERESITA II SPA,FOTOVOLTAICO,NO APLICA,9.0,2020-12-31,-70.78651424199995,-33.268086703999984,Solares
PERALILLO,PARRONAL ENERGY SPA,FOTOVOLTAICO,NO APLICA,2.9559,2017-12-31,-71.71168562399998,-35.036699554999984,Solares
PERSEFONE SOLAR,CVE PROYECTO TREINTA Y UNO SPA,FOTOVOLTAICO,NO APLICA,4.05,2020-06-30,-71.01182882899997,-31.83012531499997,Solares
ANCAHUAL SOLAR,CANELILLO SOLAR SPA,FOTOVOLTAICO,NO APLICA,9.0,2021-06-30,-72.50439093899996,-39.32771232099998,Solares
EL CONDOR,PFV EL CONDOR SPA,FOTOVOLTAICO,NO APLICA,1.33,2019-12-31,-71.02990379799996,-34.87805800099994,Solares
DON EUGENIO,GR TIACA SPA,FOTOVOLTAICO,NO APLICA,2.9499,2017-12-31,-71.38614422399996,-34.265019791999975,Solares
FILOMENA SOLAR,PANIRI DE VERANO SPA,FOTOVOLTAICO,NO APLICA,3.0,2020-06-30,-70.61555958999998,-32.70824979599996,Solares
SAN FRANCISCO SOLAR,SAN FRANCISCO SOLAR SPA,FOTOVOLTAICO,NO APLICA,3.0,2018-03-31,-70.70381659199995,-33.04009575599997,Solares
EL ROMERO,ACCIONA ENERGIA CHILE HOLDINGS S.A.,FOTOVOLTAICO,NO APLICA,196.0,2017-06-30,-70.90792703899996,-29.109486537999945,Solares
DIEGO DE ALMAGRO SUR,COLBUN S.A.,FOTOVOLTAICO,NO APLICA,208.945,2016-07-27,-69.97108538299995,-26.589006048999977,Solares
EL PILPEN,PV EL PILPEN SPA,FOTOVOLTAICO,NO APLICA,2.9901,2017-12-31,-71.24276746799995,-33.55887577899995,Solares
MARANON,PSF SANTA ISABEL SPA,FOTOVOLTAICO,NO APLICA,9.0,2020-12-31,-70.71110807999997,-28.58419362999996,Solares
URIBE SOLAR,FOTOVOLTAICA NORTE GRANDE 5 SPA,FOTOVOLTAICO,NO APLICA,52.75,2017-03-31,-70.21660501799994,-23.56178119599997,Solares
PANGUILEMO AEROPUERTO,PARQUE SOLAR RETIRO SPA,FOTOVOLTAICO,NO APLICA,5.5,2020-06-30,-71.59280936099998,-35.38544675999998,Solares
JARDIN SOLAR PETORCA,PSF PETORCA SPA,FOTOVOLTAICO,NO APLICA,0.2,2020-12-31,-70.87803256699993,-32.39607205599998,Solares
ORQUIDEA SOLAR,CVE PROYECTO QUINCE SPA,FOTOVOLTAICO,NO APLICA,3.0,2021-06-30,-71.21475075599994,-30.546156672999928,Solares
SAN CARLOS SOLAR,SAN CARLOS SOLAR SPA,FOTOVOLTAICO,NO APLICA,2.6,2021-06-30,-71.93862782799994,-36.40356538299994,Solares
PEPA SOLAR,PMGD PEPA SPA,FOTOVOLTAICO,NO APLICA,9.0,2019-06-30,-70.83034096099993,-33.75442061699994,Solares
PFV CERRO DOMINADOR,CERRO DOMINADOR PV S.A.,FOTOVOLTAICO,NO APLICA,99.9,2015-08-03,-69.45973255299998,-22.79295879999995,Solares
NANCAGUA,PARQUE SOLAR LA MURALLA DOS SPA,FOTOVOLTAICO,NO APLICA,6.0,2020-06-30,-71.22972905399996,-34.66360523099996,Solares
TALHUEN,REDEN TALHUEN SOLAR SPA,FOTOVOLTAICO,NO APLICA,3.0,2018-03-31,-71.25308317099996,-30.56014812099994,Solares
GENOVA,GENOVA SOLAR SPA,FOTOVOLTAICO,NO APLICA,9.0,2020-06-30,-71.69990134599993,-35.831798839999976,Solares
LOS ROBLES,PANGUILEMO SPA,FOTOVOLTAICO,NO APLICA,2.99,2020-12-31,-71.60071630399995,-35.373919325999964,Solares
GRAN TENO,GR ALGARROBO SPA,FOTOVOLTAICO,NO APLICA,139.0819,2019-12-31,-71.14028152099996,-34.80602387599998,Solares
LINARES,LINARES GENERACION SPA,FOTOVOLTAICO,NO APLICA,8.98,2018-03-31,-71.62477379199998,-35.85471732499997,Solares
LO CHACON,PFV LO CHACON SPA,FOTOVOLTAICO,NO APLICA,2.99,2022-06-30,-71.31507689899996,-33.98576089699998,Solares
LIRIO DEL CAMPO,LIRIO DE CAMPO SOLAR SPA,FOTOVOLTAICO,NO APLICA,2.779,2020-06-30,-71.16291103499998,-33.59573433199995,Solares
RECOLETA,DIEGO DE ALMAGRO SOLAR 3 S.A.,FOTOVOLTAICO,NO APLICA,5.48,2017-12-31,-71.12952551999996,-30.51212673499998,Solares
JAVIERA,JAVIERA SPA,FOTOVOLTAICO,NO APLICA,63.3,2015-09-30,-70.22074430299995,-26.30373869799996,Solares
ALTO BELLAVISTA SUNLIGHT,ALTO BELLAVISTA SPA,FOTOVOLTAICO,NO APLICA,0.95,2021-06-30,-70.75314355499995,-34.313016742999935,Solares
MANDINGA,MANDINGA SOLAR SPA,FOTOVOLTAICO,NO APLICA,9.0,2019-12-31,-71.26796709899997,-33.80142415299997,Solares
EL AVELLANO SOLAR,SANTA CECILIA SOLAR SPA,FOTOVOLTAICO,NO APLICA,6.0,2020-06-30,-72.33746321099994,-37.408841062999954,Solares
SANTA LUISA SOLAR,SANTA LUISA ENERGY SPA,FOTOVOLTAICO,NO APLICA,2.6,2021-06-30,-71.96728217599997,-36.45548462199997,Solares
PFV JOSE SOLER MALLAFRE,FV SANTA LAURA SPA,FOTOVOLTAICO,NO APLICA,1.33,2019-06-30,-71.05210556299994,-34.88219294999993,Solares
TUCUQUERE,TUCUQUERE SPA,FOTOVOLTAICO,NO APLICA,2.975,2019-06-30,-70.97138200899997,-32.78443483099994,Solares
CACHIYUYO SOLAR II,NUOVOSOL SPA,FOTOVOLTAICO,NO APLICA,8.992,2015-03-31,-70.21744633799995,-27.84078145199993,Solares
CAPRICORNIO,ENGIE ENERGIA CHILE S.A.,FOTOVOLTAICO,NO APLICA,88.6173,2015-08-03,-70.17838756599997,-23.416622098999937,Solares
EL TREBOL,PORTEZUELO SPA,FOTOVOLTAICO,NO APLICA,3.0,2023-06-30,-71.53514802299998,-34.26934712399998,Solares
LOS MOLINOS,LOS MOLINOS SPA,FOTOVOLTAICO,NO APLICA,9.0,2018-06-30,-71.26504633499997,-33.57231975899998,Solares
PV UTFSM VINA DEL MAR,MGM INNOVA CAPITAL CHILE SPA,FOTOVOLTAICO,NO APLICA,0.4985,2018-09-30,-71.48610852699994,-33.036883082999964,Solares
EL TURPIAL,PFV EL TURPIAL SPA,FOTOVOLTAICO,NO APLICA,2.99,2022-12-31,-70.22859576299999,-27.569183659999965,Solares
LUZ DEL NORTE,PARQUE SOLAR FOTOVOLTAICO LUZ DEL NORTE SPA,FOTOVOLTAICO,NO APLICA,141.04,2016-12-31,-69.89286185599997,-27.02624758199994,Solares
POZO ALMONTE SOLAR III,POZO ALMONTE SOLAR 3 S.A.,FOTOVOLTAICO,NO APLICA,15.998,2014-12-10,-69.75025241399999,-20.24879576899997,Solares
SGT CHOLGUAN,RAVENNA SOLAR SPA,FOTOVOLTAICO,NO APLICA,2.2,2021-12-31,-72.09039707699998,-37.14105091799996,Solares
LAS TENCAS,PFV LAS TENCAS SPA,FOTOVOLTAICO,NO APLICA,9.0,2019-12-31,-71.09327396499998,-34.419258904999936,Solares
MEMBRILLO,FOTOVOLTAICA AVELLANO SPA,FOTOVOLTAICO,NO APLICA,2.99,2020-12-31,-70.99217237099998,-34.78553129399995,Solares
RUCAPAINE,ENERGIA RENOVABLE RUCAPAINE SPA,FOTOVOLTAICO,NO APLICA,9.0,2020-06-30,-70.78826905599993,-33.828088510999976,Solares
SATURNO NORTE,LOS LIBERTADORES SOLAR SPA,FOTOVOLTAICO,NO APLICA,4.5,2020-12-31,-71.40363220299997,-35.74953359299997,Solares
LALACKAMA,ENEL GREEN POWER CHILE S.A.,FOTOVOLTAICO,NO APLICA,54.835,2015-09-30,-70.30305476899997,-25.119227808999938,Solares
QUILMO,PARQUE SOLAR QUILMO SPA,FOTOVOLTAICO,NO APLICA,9.0,2020-06-30,-72.12853680899997,-36.70984789799997,Solares
FV BOLERO,BOLERO SPA,FOTOVOLTAICO,NO APLICA,135.7,2017-06-30,-69.40926683799995,-23.469732346999933,Solares
SANTA PAMELA,RUBEN SOLAR SPA,FOTOVOLTAICO,NO APLICA,7.7,2020-12-31,-72.27718559399995,-37.50256489099996,Solares
LOS GORRIONES,PV LOS GORRIONES SPA,FOTOVOLTAICO,NO APLICA,3.0,2018-03-31,-71.76102718799996,-36.03395334899994,Solares
MARGARITA X,MARGARITA SOLAR SPA,FOTOVOLTAICO,NO APLICA,3.9,2018-09-30,-71.32321379699994,-34.28822792699998,Solares
GABARDO DEL VERANO SOLAR,SALADO ENERGY SPA,FOTOVOLTAICO,NO APLICA,6.0,2020-12-31,-70.60513437699996,-33.824080064999976,Solares
EL PICHON,PFV EL PICHON SPA,FOTOVOLTAICO,NO APLICA,3.0,2022-06-30,-71.76078326799995,-36.03522975299995,Solares
COINCO,ENEL GREEN POWER CHILE S.A.,FOTOVOLTAICO,NO APLICA,2.8,2022-06-30,-70.95664611699993,-34.254175620999945,Solares
AHE BUENAS YERBAS,SEFT ENERGIAS RENOVABLES SPA,FOTOVOLTAICO,NO APLICA,9.0,2021-06-30,-71.07502714399993,-34.02628349899993,Solares
SAN ANTONIO SOLAR I,SANTA BARBARA ENERGY SPA,FOTOVOLTAICO,NO APLICA,0.3,2022-12-31,-72.42075702399995,-37.44670341899996,Solares
CARA DE GALLO,PARQUE FOTOVOLTAICO EL LORETO SPA,FOTOVOLTAICO,NO APLICA,2.7,2022-12-31,-71.00992623299999,-34.27593565899997,Solares
ESCORIAL DEL VERANO SOLAR,CORCOVADO DE VERANO SPA,FOTOVOLTAICO,NO APLICA,3.0,2021-05-31,-70.77848138399997,-32.74004612999994,Solares
CORTIJO,APOLO SOLAR SPA,FOTOVOLTAICO,NO APLICA,9.0,2018-09-30,-72.39298153799996,-37.09917826699996,Solares
TES SOLAR,TES SOLAR SPA,FOTOVOLTAICO,NO APLICA,2.6,2022-12-31,-72.19987555399996,-36.78292862599994,Solares
MUTUPIN,MONTEJO ENERGIA SPA,FOTOVOLTAICO,NO APLICA,9.0,2018-12-31,-71.87444150399995,-36.43604878299993,Solares
CHIMBARONGO,GR TINEO SPA,FOTOVOLTAICO,NO APLICA,3.0,2017-12-31,-70.96819807799994,-34.82329219799993,Solares
SANTA TERESA,HORTIFRUT - SOLARITY,FOTOVOLTAICO,NO APLICA,0.152,2024-06-30,-70.70948318099994,-32.57224843299997,Solares
MAIKONO,TORTOLA SPA,FOTOVOLTAICO,NO APLICA,3.0,2021-12-31,-71.44004747899999,-32.81667527899998,Solares
LOS LAGOS,LOS LAGOS SPA,FOTOVOLTAICO,NO APLICA,2.2,2020-12-31,-71.37733175099999,-34.25594104999993,Solares
LA CRUZ SOLAR,FOTOVOLTAICA NORTE GRANDE 1 SPA,FOTOVOLTAICO,NO APLICA,52.0201,2019-12-31,-69.61214086099994,-22.257168754999952,Solares
EL CAIQUEN,PFV EL CAIQUEN SPA,FOTOVOLTAICO,NO APLICA,9.0,2020-06-30,-71.74981769199997,-35.928807226999936,Solares
CHEQUEN SOLAR,CHEQUEN SOLAR SPA,FOTOVOLTAICO,NO APLICA,9.0,2021-06-30,-70.82482236999994,-33.28172474799993,Solares
DONA CARMEN SOLAR,ENERGIA CERRO EL MORADO S.A.,FOTOVOLTAICO,NO APLICA,34.542,2015-08-03,-71.25404612499995,-32.47888003299994,Solares
SOL DEL NORTE,PARQUE SOLAR SOL DEL NORTE SPA,FOTOVOLTAICO,NO APLICA,2.9393,2015-12-31,-70.68370578999998,-30.04006352299996,Solares
GRANJA SOLAR,COPEC RENOVABLES SPA,FOTOVOLTAICO,NO APLICA,111.0658,2016-12-31,-69.49637771399995,-20.80834157299995,Solares
TURQUIA,TEDLAR LUNA SPA,FOTOVOLTAICO,NO APLICA,1.5,2022-12-31,-72.66280279599994,-37.23728782499995,Solares
LOS BANOS,PARQUE SOLAR ESMERALDA SPA,FOTOVOLTAICO,NO APLICA,5.9934,2020-06-30,-72.09675103299998,-37.13733474299994,Solares
QUILMO SOLAR,QUILMO SOLAR SPA,FOTOVOLTAICO,NO APLICA,5.2,2019-12-31,-72.08202126599997,-36.64619113699996,Solares
RATULEMUS (EL ROSAL),GPG GENERACION DISTRIBUIDA SPA,FOTOVOLTAICO,NO APLICA,3.0,2021-12-31,-72.34476555999998,-35.93781595799993,Solares
CRUCERO,CRUCERO SPA,FOTOVOLTAICO,NO APLICA,2.92,2018-09-30,-71.50141334999995,-34.47456929199996,Solares
RLA SOLAR,RLA SOLAR SPA,FOTOVOLTAICO,NO APLICA,2.7,2019-03-31,-71.42565593899997,-33.90104348999995,Solares
ALICAHUE,PARQUE FOTOVOLTAICO ALICAHUE SOLAR SPA,FOTOVOLTAICO,NO APLICA,2.998,2018-06-30,-70.89895788199993,-32.41709764099994,Solares
GR PEUMO,GR CIPRES SPA,FOTOVOLTAICO,NO APLICA,8.0,2018-06-30,-71.12717872199994,-34.41682542099994,Solares
EL CHUCAO,PFV EL CHUCAO SPA,FOTOVOLTAICO,NO APLICA,3.0,2019-12-31,-71.92938627199999,-36.01931198699998,Solares
OVALLE NORTE,PARQUE SOLAR OVALLE NORTE SPA,FOTOVOLTAICO,NO APLICA,9.0,2019-06-30,-71.23943435699994,-30.569025308999983,Solares
LA HUERTA,LA HUERTA SPA,FOTOVOLTAICO,NO APLICA,2.97,2022-12-31,-71.71385259499993,-35.04985644399994,Solares
EL RAYADOR,PFV EL RAYADOR SPA,FOTOVOLTAICO,NO APLICA,9.0,2020-06-30,-71.22585947199997,-29.85634290799993,Solares
PAMPA CAMARONES,ENGIE ENERGIA CHILE S.A.,FOTOVOLTAICO,NO APLICA,6.153,2016-12-31,-70.11257572899996,-18.88578325399993,Solares
PAILLIHUE SOLAR,ANDINA SOLAR 17 ESTE SPA,FOTOVOLTAICO,NO APLICA,8.994,2021-12-31,-72.38355868699995,-37.49008453499994,Solares
VILLA PRAT,VILLA PRAT ENERGY SPA,FOTOVOLTAICO,NO APLICA,2.96,2018-03-31,-71.62690827099993,-35.11311239299994,Solares
FARDELA NEGRA,FARDELA NEGRA SPA,FOTOVOLTAICO,NO APLICA,3.0,2021-06-30,-71.60766305599998,-33.36190921899998,Solares
GUANCHOI,ENEL GREEN POWER CHILE S.A.,FOTOVOLTAICO,NO APLICA,356.6098,2015-08-03,-69.94835179699999,-26.66220749799993,Solares
PLOMO DEL VERANO,LINZOR DE VERANO SPA,FOTOVOLTAICO,NO APLICA,2.4,2022-06-30,-70.85075063199997,-33.509323722999966,Solares
PARQUE PVP SAN ISIDRO,PARQUE SOLAR SAN ISIDRO SPA,FOTOVOLTAICO,NO APLICA,9.0,2021-06-30,-71.26504463799995,-32.931549856999936,Solares
NORTH WEST,GENERADORA NORTH WEST SPA,FOTOVOLTAICO,NO APLICA,8.99,2020-06-30,-70.91754993799998,-29.123641884999984,Solares
LOICA,LOICA SPA,FOTOVOLTAICO,NO APLICA,3.0,2021-12-31,-71.78785490799999,-35.61202769199997,Solares
HORIZONTE,PSF PAINE SPA,FOTOVOLTAICO,NO APLICA,6.0,2020-06-30,-70.73478147599997,-33.841838096999936,Solares
PARQUE SOLAR CUZ CUZ,PARQUE SOLAR CUZ CUZ SPA,FOTOVOLTAICO,NO APLICA,2.97,2018-06-30,-71.21522447299998,-31.66306611999994,Solares
PORTEZUELO,PV PORTEZUELOS SPA,FOTOVOLTAICO,NO APLICA,3.0,2018-06-30,-71.57690465299999,-34.26199382599998,Solares
HORMIGA,HORMIGA SOLAR SPA,FOTOVOLTAICO,NO APLICA,2.541,2017-03-31,-70.72022302499994,-32.71603893699995,Solares
HUAQUELON,NUEVA GALES SPA,FOTOVOLTAICO,NO APLICA,9.0,2018-03-31,-71.24026554699998,-30.82815577399998,Solares
ROVIAN,PV ROVIAN SPA,FOTOVOLTAICO,NO APLICA,6.985,2017-09-30,-71.22512379399996,-34.64970632199993,Solares
PITOTOY,FOTOVOLTAICA ALERCE SPA,FOTOVOLTAICO,NO APLICA,2.985,2020-06-30,-70.95718236799996,-34.386791004999964,Solares
LUMBRERAS,BETEL SPA,FOTOVOLTAICO,NO APLICA,3.0,2020-06-30,-71.31568708999998,-33.646977525999944,Solares
LA VICTORIA,MAGDALENA SOLAR SPA,FOTOVOLTAICO,NO APLICA,9.0,2019-12-31,-72.02917191999995,-36.61880189399994,Solares
CAUQUENES,PARQUE SOLAR VIVEROS SPA,FOTOVOLTAICO,NO APLICA,8.4793,2019-12-31,-72.27867187299995,-35.959610658999964,Solares
FAROL,FAROL SOLAR SPA,FOTOVOLTAICO,NO APLICA,3.55,2020-12-31,-70.41177859299995,-23.173327876999963,Solares
MARIA DOLORES IX,PEDRO SOLAR SPA,FOTOVOLTAICO,NO APLICA,9.0,2020-12-31,-72.39143345199994,-37.45696451799995,Solares
PILPILEN,PILPILEN SPA,FOTOVOLTAICO,NO APLICA,2.75,2019-12-31,-71.75491355499997,-34.15290841499996,Solares
TAMBO REAL,GENERADORA ELECTRICA KALTEMP LTDA.,FOTOVOLTAICO,NO APLICA,2.9264,2014-12-10,-70.77018754199997,-30.048527684999957,Solares
PEDREROS SOLAR,ISABEL SOLAR SPA,FOTOVOLTAICO,NO APLICA,2.987,2019-03-31,-70.91058530899994,-32.802151823999964,Solares
CHUCHINI,SPV P4 SPA,FOTOVOLTAICO,NO APLICA,2.88,2017-03-31,-71.07885447499996,-31.74681715899993,Solares
MARCHIGUE VII,MARCHIHUE VII SPA,FOTOVOLTAICO,NO APLICA,2.95,2019-06-30,-71.61628608699993,-34.40609290499998,Solares
LAS CHACRAS,LAS CHACRAS ENERGY SPA,FOTOVOLTAICO,NO APLICA,2.97,2019-06-30,-71.51991079999993,-34.28056105199994,Solares
TREBO,SOLAR TI DIECISIETE SPA,FOTOVOLTAICO,NO APLICA,2.97,2021-06-30,-71.36126626299995,-33.65954048799995,Solares
CASUTO,SOLAR TI DIEZ SPA,FOTOVOLTAICO,NO APLICA,2.74,2018-12-31,-70.71239823899998,-32.85118772399994,Solares
AZABACHE,ENEL GENERACION CHILE S.A.,FOTOVOLTAICO,NO APLICA,58.0703,2015-08-03,-68.82126236599998,-22.485594240999944,Solares
BLU SOLAR,BLU SOLAR SPA,FOTOVOLTAICO,NO APLICA,2.3,2020-06-30,-72.01088544699996,-36.65876261899996,Solares
TAIRA,PLANTA SOLAR TOCOPILLA SPA,FOTOVOLTAICO,NO APLICA,200.3316,2020-06-30,-69.53511122199995,-22.25988887699998,Solares
SAN JAVIER,PARQUE SOLAR EL PASO,FOTOVOLTAICO,NO APLICA,6.0,2018-09-30,-71.68576757899996,-35.59249991199994,Solares
CURICURA,PARQUE SOLAR AURORA SPA,FOTOVOLTAICO,NO APLICA,9.0,2019-12-31,-71.14217296099997,-34.92620245699993,Solares
LA HUAYCA II,SPS LA HUAYCA S.A.,FOTOVOLTAICO,NO APLICA,25.05,2015-08-03,-69.53401235799998,-20.45456065299993,Solares
LOS MORROS I,COMPANIA ELECTRICA LOS MORROS S.A.,FOTOVOLTAICO,NO APLICA,2.6,2023-12-31,-70.65650772799995,-33.64761555299998,Solares
ANDES SOLAR II B (AMPLIACION),ANDES SOLAR II SPA,FOTOVOLTAICO,NO APLICA,27.3,2022-12-31,-68.58572798899996,-23.99784585599997,Solares
LAS TORTOLAS,PFV LAS TORCAZAS SPA,FOTOVOLTAICO,NO APLICA,3.0,2020-06-30,-72.39570551999998,-36.76817726399997,Solares
SAN RAFAEL,AVANZA SOLAR SPA,FOTOVOLTAICO,NO APLICA,3.0,2022-06-30,-71.59302049399997,-35.33564080799994,Solares
MALINKE,MALINKE SOLAR SPA,FOTOVOLTAICO,NO APLICA,3.0,2020-12-31,-71.28741246799996,-33.77400652399996,Solares
LOS TORDOS,PFV LOS TORDOS SPA,FOTOVOLTAICO,NO APLICA,5.0,2019-12-31,-71.58132848099996,-35.47922868599994,Solares
BERGAMO,GPG GENERACION DISTRIBUIDA SPA,FOTOVOLTAICO,NO APLICA,3.8,2021-12-31,-71.12336323099998,-34.84526746999995,Solares
EL QUELTEHUE,PV EL QUELTEHUE SPA,FOTOVOLTAICO,NO APLICA,2.9952,2017-12-31,-71.21461662399997,-33.56064518899996,Solares
TOPACIO,PARQUE SOLAR ESMERALDA SPA,FOTOVOLTAICO,NO APLICA,3.0,2022-12-31,-72.09721629299997,-37.13935897599998,Solares
COYA,ENGIE ENERGIA CHILE S.A.,FOTOVOLTAICO,NO APLICA,182.373,2015-08-03,-69.57438430399998,-22.24920313199993,Solares
LOS PUQUIOS,PARQUE SOLAR LOS PUQUIOS SPA,FOTOVOLTAICO,NO APLICA,3.0,2015-12-31,-69.54557122599994,-20.43731136099996,Solares
EL MONTE,CALLAQUI DE VERANO SPA,FOTOVOLTAICO,NO APLICA,3.0,2020-12-31,-71.01339564099999,-33.67164144099996,Solares
SDGX01,ENGIE ENERGIA CHILE S.A.,FOTOVOLTAICO,NO APLICA,1.25,2014-12-10,-71.09248138299995,-30.22716285399997,Solares
JOTABECHE,PARQUE SOLAR JOTABECHE SPA,FOTOVOLTAICO,NO APLICA,3.61,2021-06-30,-70.25255416499994,-27.59884772099997,Solares
MARIA ELENA FV,GENERACION SOLAR SPA,FOTOVOLTAICO,NO APLICA,67.8,2014-12-10,-69.57663441799997,-22.220403871999963,Solares
TREBAL SOLAR,EL ROBLE SOLAR SPA,FOTOVOLTAICO,NO APLICA,2.999,2020-12-31,-70.85826388999993,-33.50979737199998,Solares
PAMA,PSF PAMA S.A.,FOTOVOLTAICO,NO APLICA,1.99,2014-12-10,-71.03082312299995,-31.194983797999956,Solares
DON OSCAR SOLAR,DON ESTEBAN SPA,FOTOVOLTAICO,NO APLICA,9.0,2021-06-30,-71.19924838699995,-30.15685405399995,Solares
LALACKAMA II,ENEL GREEN POWER CHILE S.A.,FOTOVOLTAICO,NO APLICA,16.4505,2016-12-31,-70.30987712599995,-25.10889218099993,Solares
NUEVO QUILLAGUA,PARQUE FOTOVOLTAICO NUEVO QUILLAGUA SPA,FOTOVOLTAICO,NO APLICA,95.052,2015-08-03,-69.49502755999998,-21.650177759999963,Solares
CINTAC,IMELSA ENERGIA SPA,FOTOVOLTAICO,NO APLICA,2.77,2016-12-31,-70.72455406299997,-33.51376952399994,Solares
PESARO,PESARO SOLAR SPA,FOTOVOLTAICO,NO APLICA,3.0,2022-12-31,-71.58741279799995,-33.629902078999976,Solares
CSP CERRO DOMINADOR,CERRO DOMINADOR CSP,CSP,NO APLICA,108.27,2015-08-03,-69.48054337599996,-22.776312013999927,Solares
LAS ARBOLEDAS,TENO III SPA,FOTOVOLTAICO,NO APLICA,2.99,2022-12-31,-71.17652984099993,-34.859319882999955,Solares
ASTILLAS,GR CARZA SPA,FOTOVOLTAICO,NO APLICA,9.0,2018-09-30,-70.88869210199994,-28.55908778299994,Solares
MANAO,SOLAR TI DOCE SPA,FOTOVOLTAICO,NO APLICA,3.0,2021-12-31,-70.98709632999999,-32.86302510899998,Solares
FV DEL DESIERTO,FOTOVOLTAICA DEL DESIERTO SPA,FOTOVOLTAICO,NO APLICA,8.35,2017-09-30,-68.59901716299998,-24.017824125999937,Solares
EL DIVISADERO,DIVISADERO S.A.,FOTOVOLTAICO,NO APLICA,2.995,2016-12-31,-71.12747300399997,-30.84574463699994,Solares
LLUTA SOLAR,EL PERAL SPA,FOTOVOLTAICO,NO APLICA,2.7,2022-06-30,-70.24385258199999,-18.40888184399995,Solares
PUEBLO SECO,PARQUE SOLAR PUEBLO SECO SPA,FOTOVOLTAICO,NO APLICA,9.0,2021-06-30,-72.11715586099996,-36.88886970299996,Solares
ALTOS DEL PAICO,SUN ENERGREEN SA,FOTOVOLTAICO,NO APLICA,2.05,2016-12-31,-71.05396467199995,-33.652470412999946,Solares
LA FRONTERA,PV LA FRONTERA SPA,FOTOVOLTAICO,NO APLICA,4.8,2018-03-31,-71.76716847199998,-34.82617937999993,Solares
PENAFLOR SOLAR,PETEROA ENERGY SPA,FOTOVOLTAICO,NO APLICA,9.0,2020-06-30,-70.90759787899998,-33.56559688999994,Solares
LAS PERDICES,SONNEDIX LAS PERDICES SPA,FOTOVOLTAICO,NO APLICA,2.966,2019-03-31,-71.58700169299993,-35.357655498999975,Solares
HELIOS,PARSOSY HELIOS SPA,FOTOVOLTAICO,NO APLICA,3.0,2021-12-31,-70.97427898699993,-32.84301793999998,Solares
VALLE DEL SOL (MODIFICACION),ENEL GREEN POWER CHILE LIMITADA,FOTOVOLTAICO,NO APLICA,149.55,2015-08-03,-69.57814574499997,-22.33320521199994,Solares
AROMO DEL VERANO,MISCANTI DE VERANO SPA,FOTOVOLTAICO,NO APLICA,3.0,2022-06-30,-70.87357734299997,-34.21013738999994,Solares
JAVIERA CARRERA,GR TORRES DEL PAINE SPA,FOTOVOLTAICO,NO APLICA,9.0,2020-06-30,-70.72784498099998,-33.751623837999944,Solares
EL BOCO,SOCIEDAD BOCO SOLAR SPA,FOTOVOLTAICO,NO APLICA,7.67,2017-06-30,-71.24489356999999,-32.85510111199994,Solares
LUCAS SOLAR,DON ARTURO SPA,FOTOVOLTAICO,NO APLICA,9.0,2020-06-30,-71.22569098799994,-30.14772985999997,Solares
PARQUE PVP LA ROSA,PARQUE SOLAR LA ROSA II SPA,FOTOVOLTAICO,NO APLICA,6.0,2019-06-30,-71.19634180099996,-34.46892234699993,Solares
CRUZ SOLAR,PMGD CRUZ SPA,FOTOVOLTAICO,NO APLICA,2.956,2018-12-31,-70.86599156499994,-32.79398618099998,Solares
ZORZAL,ZORZAL SPA,FOTOVOLTAICO,NO APLICA,2.999,2022-12-31,-72.48661320799994,-37.54701444799997,Solares
CARACAS II,GENERADORA SOL SOLIV SPA,FOTOVOLTAICO,NO APLICA,9.0,2020-06-30,-71.43436129299994,-31.87850082999995,Solares
AVEL SOLAR (MODIFICACION),SANTA LAURA ENERGY SPA,FOTOVOLTAICO,NO APLICA,9.0,2020-12-31,-72.33547738899995,-37.40176141999996,Solares
VITUCO 2B,VITUCO SPA,FOTOVOLTAICO,NO APLICA,2.95,2018-09-30,-71.62458466899994,-34.29106464199998,Solares
SAN EDUARDO,JOEL SOLAR SPA,FOTOVOLTAICO,NO APLICA,0.192,2022-12-31,-72.08834940699995,-36.52679038499997,Solares
EL INGENIO,PARQUE SOLAR ALTOS LAO SPA,FOTOVOLTAICO,NO APLICA,9.0,2020-06-30,-71.14765516399996,-32.492419981999944,Solares
PASTRAN,PASTRAN SPA,FOTOVOLTAICO,NO APLICA,9.0,2017-12-31,-71.14306958199995,-30.638646164999955,Solares
PFV MALLOCO,PLANTA SOLAR PENAFLOR II SPA,FOTOVOLTAICO,NO APLICA,2.5,2022-06-30,-70.89274362099997,-33.62526894299998,Solares
MALLOCO,MALLOCO SOLAR SPA,FOTOVOLTAICO,NO APLICA,9.0,2021-06-30,-70.85363574699994,-33.58294643499994,Solares
FV DE LOS ANDES,FOTOVOLTAICA DE LOS ANDES SPA,FOTOVOLTAICO,NO APLICA,8.928,2016-07-27,-68.59880750899998,-24.01567393199997,Solares
TALLADO,ANGAMOS SOLAR SPA,FOTOVOLTAICO,NO APLICA,9.0,2020-06-30,-70.42355956399996,-23.14194631199996,Solares
CENTAURO SOLAR,CENTAURO SOLAR SPA,FOTOVOLTAICO,NO APLICA,7.88,2019-03-31,-72.15286287999999,-36.60094727399997,Solares
ILLAPEL 5X,PARSOSY ILLPAEL 5 SPA,FOTOVOLTAICO,NO APLICA,2.9866,2018-12-31,-71.14289067299995,-31.612782635999963,Solares
LIRIOS,PLANTA SOLAR LOS LIRIOS II SPA,FOTOVOLTAICO,NO APLICA,4.75,2020-12-31,-70.80296226699994,-34.23596554899996,Solares
PMGD PFV PAS1,POZO ALMONTE SOLAR 1 SPA,FOTOVOLTAICO,NO APLICA,8.97,2015-12-31,-69.75220514399996,-20.268584903999965,Solares
CANTERA,GPG GENERACION DISTRIBUIDA SPA,FOTOVOLTAICO,NO APLICA,2.9,2021-06-30,-71.51794231499997,-33.90337397899998,Solares
RINCONADA NORTE (SLK 808),FV RINCONADA SPA,FOTOVOLTAICO,NO APLICA,2.97,2020-12-31,-70.68944319799994,-32.65826575099993,Solares
EL ROMERAL,GR ULMO SPA,FOTOVOLTAICO,NO APLICA,8.0,2019-06-30,-71.03198562199998,-34.73127400899995,Solares
SAN CAMILO,ENEL GREEN POWER CHILE S.A.,FOTOVOLTAICO,NO APLICA,3.0,2020-12-31,-71.32726764299997,-35.11938352399994,Solares
SOLAR DIEGO DE ALMAGRO,ARCADIA GENERACION SOLAR S.A.,FOTOVOLTAICO,NO APLICA,31.914,2014-12-10,-70.02006237699999,-26.37893417699996,Solares
PACHIRA,EL NARANJAL SPA,FOTOVOLTAICO,NO APLICA,9.0,2018-06-30,-71.62464490099995,-35.856180275999975,Solares
RCU,RTN SOLAR SPA,FOTOVOLTAICO,NO APLICA,6.0,2018-03-31,-71.12899077399999,-34.87480292099997,Solares
GUADALAO,FOTOVOLTAICA MANIO SPA,FOTOVOLTAICO,NO APLICA,2.99,2019-12-31,-71.57197201199995,-34.252622531999975,Solares
MARIA PINTO,PFV MARIA PINTO SPA,FOTOVOLTAICO,NO APLICA,2.99,2020-06-30,-71.20239957199993,-33.511702654999965,Solares
LINGUE,LINGUE SPA,FOTOVOLTAICO,NO APLICA,3.0,2020-06-30,-71.39274576899999,-33.38274046899994,Solares
PULLALLI,FOTOVOLTAICA LA LIGUA SPA,FOTOVOLTAICO,NO APLICA,2.989,2019-12-31,-71.27708761899999,-32.45426051299995,Solares
PLACILLA SOLAR,GR LILEN SPA,FOTOVOLTAICO,NO APLICA,9.0,2017-09-30,-71.09570867999997,-34.60745297799997,Solares
EL CHERCAN,PFV EL CHERCAN SPA,FOTOVOLTAICO,NO APLICA,9.0,2019-12-31,-71.31749670199997,-34.97875005299994,Solares
ELENA ETAPA I (FASE I),SOLAR ELENA SPA,FOTOVOLTAICO,NO APLICA,66.442,2016-07-27,-69.47836406499994,-22.16279561099998,Solares
DON ANDRONICO,PARQUE SOLAR CANCHA SPA,FOTOVOLTAICO,NO APLICA,2.703,2020-06-30,-71.32201441799998,-33.98853329899998,Solares
ARMAZONES,SAGESA S.A.,FOTOVOLTAICO,NO APLICA,5.0,2020-12-31,-70.29737842599997,-24.638408217999935,Solares
LUNA,LUNA ENERGY SPA,FOTOVOLTAICO,NO APLICA,2.9393,2017-12-31,-71.40847140999995,-34.21439288099998,Solares
SANTA LUCIA,SANTA LUCIA SOLAR SPA,FOTOVOLTAICO,NO APLICA,6.9,2020-06-30,-71.14590008799996,-30.63360200799997,Solares
ANDES IV,ANDES SOLAR IV SPA,FOTOVOLTAICO,NO APLICA,129.7205,2022-12-31,-68.56964913999997,-24.019876041999964,Solares
LAS LECHUZAS,PFV LAS LECHUZAS SPA,FOTOVOLTAICO,NO APLICA,3.0,2019-06-30,-72.05755354499996,-36.49669351499995,Solares
SUNHUNTER,SUNHUNTER SPA,FOTOVOLTAICO,NO APLICA,9.0,2017-12-31,-71.21798507799997,-30.54172663399993,Solares
SOLAR DEL BUENO,SOLAR DEL BUENO SPA,FOTOVOLTAICO,NO APLICA,3.0,2023-12-31,-72.95678062199994,-40.31992452199995,Solares
GR ALCON SOLAR,GR LLEUQUE SPA,FOTOVOLTAICO,NO APLICA,9.0,2019-12-31,-71.73921302399998,-34.38115234199995,Solares
CEFALU SOLAR,CEFALU SOLAR SPA,FOTOVOLTAICO,NO APLICA,2.38,2022-12-31,-71.48426600999994,-33.91842938099995,Solares
PICUNCHE,GR TOLHUACA SPA,FOTOVOLTAICO,NO APLICA,9.0,2020-06-30,-70.67598249799994,-33.99982785599997,Solares
LOS TAURETES,CVE PROYECTO OCHO SPA,FOTOVOLTAICO,NO APLICA,2.9,2021-12-31,-70.69836348699994,-33.02822935599994,Solares
TALCA,SANTA CATALINA SOLAR SPA,FOTOVOLTAICO,NO APLICA,9.0,2016-07-27,-71.55570227099997,-35.46096267899998,Solares
BELLAVISTA,PARQUE SOLAR BELLAVISTA SPA,FOTOVOLTAICO,NO APLICA,2.97,2016-12-31,-71.22094228099996,-31.666267725999944,Solares
LLOICA,PFV LAS LOICAS SPA,FOTOVOLTAICO,NO APLICA,3.0,2022-06-30,-70.27349235099996,-27.42264655699995,Solares
TARANTO SOLAR,SONNEDIX TARANTO SPA,FOTOVOLTAICO,NO APLICA,9.0,2019-12-31,-71.41976079899996,-33.37597693399994,Solares
SOLARPACK MALLOA,CHRONOS SOLAR SPA,FOTOVOLTAICO,NO APLICA,2.6,2022-12-31,-70.95951751899997,-34.47381568099996,Solares
EL ROBLE,CHESTER SOLAR IV SPA,FOTOVOLTAICO,NO APLICA,8.88,2017-12-31,-71.38799979599997,-34.03582953299997,Solares
SIETE COLORES,SIETE COLORES SPA,FOTOVOLTAICO,NO APLICA,9.0,2022-06-30,-71.17999014999998,-31.620930406999943,Solares
BULNES LOS BARONES,MERCURIO SOLAR SPA,FOTOVOLTAICO,NO APLICA,2.9,2021-05-31,-72.20027196199999,-36.82311481999994,Solares
CONDOR CHEPICA,PARQUE FOTOVOLTAICO CHEPICA SPA,FOTOVOLTAICO,NO APLICA,3.0,2021-12-31,-71.31482863399998,-34.726414569999974,Solares
CAMPOS DEL SOL,ENEL GREEN POWER CHILE S.A.,FOTOVOLTAICO,NO APLICA,380.87,2015-08-03,-69.90784787099994,-27.06459240299995,Solares
FV HURTADO,PATRICIA SOLAR SPA,FOTOVOLTAICO,NO APLICA,2.7,2022-12-31,-72.36339200599997,-37.444072148999965,Solares
DON JORGE,BETEL SPA,FOTOVOLTAICO,NO APLICA,3.0,2020-06-30,-71.49260946799996,-34.48526991699998,Solares
LA LIGUA,ILLALOLEN S.A.,FOTOVOLTAICO,NO APLICA,2.99,2019-12-31,-71.23148883099998,-32.42962770799994,Solares
CHANARES,ENEL GREEN POWER CHILE S.A.,FOTOVOLTAICO,NO APLICA,35.892,2015-09-30,-70.08012924499997,-26.37305845699996,Solares
EL RECONQUISTADOR,PARQUE SOLAR EL CONQUISTADOR SPA,FOTOVOLTAICO,NO APLICA,2.5,2022-06-30,-72.52849152999994,-36.21725649899997,Solares
EL CERNICALO II,PV EL CERNICALO SPA,FOTOVOLTAICO,NO APLICA,1.5,2018-03-31,-72.37291504199999,-36.42841895999993,Solares
VILLA CRUZ,VILLA CRUZ SPA,FOTOVOLTAICO,NO APLICA,2.9325,2019-06-30,-71.88282067899996,-35.59179263599998,Solares
CALDERA,CALDERA SOLAR SPA,FOTOVOLTAICO,NO APLICA,7.8,2020-06-30,-70.73148261699998,-27.09118144499996,Solares
SAN ISIDRO,FOTOVOLTAICA SAN ISIDRO SPA,FOTOVOLTAICO,NO APLICA,2.7226,2019-03-31,-70.79842015099996,-34.28016098299997,Solares
FUSTER DEL VERANO,LASCAR ENERGY SPA,FOTOVOLTAICO,NO APLICA,9.0,2018-03-31,-70.91981505499996,-33.26279866599998,Solares
EL PALQUI,FENIX SOLAR SPA,FOTOVOLTAICO,NO APLICA,2.8,2021-12-31,-70.96779589599998,-30.737068877999945,Solares
QUEBRADA DE TALCA,QUEBRADA DE TALCA SOLAR SPA,FOTOVOLTAICO,NO APLICA,1.0,2020-06-30,-71.03263127599996,-30.025561246999928,Solares
LA MANGA,LA MANGA ENERGY SPA,FOTOVOLTAICO,NO APLICA,2.96,2018-03-31,-71.57291084699995,-33.91339873299995,Solares
PLAZA SUNLIGHT,PLAZA SUNLIGHT SPA,FOTOVOLTAICO,NO APLICA,9.0,2021-06-30,-70.91915743699997,-31.815465993999965,Solares
SANTA CECILIA,COMMONPLACE ENERGY S.A.,FOTOVOLTAICO,NO APLICA,2.9452,2014-12-10,-70.91339171899995,-29.11717758599997,Solares
PFV CARRERA PINTO,ARCADIA GENERACION SOLAR S.A.,FOTOVOLTAICO,NO APLICA,90.675,2016-12-31,-69.86703741599996,-27.00423631299998,Solares
VICENTE SOLAR,SOLAR TI DOS SPA,FOTOVOLTAICO,NO APLICA,2.695,2020-12-31,-70.61823542299999,-33.67845012299995,Solares
SOL DE SEPTIEMBRE,SOL DE SEPTIEMBRE SPA,FOTOVOLTAICO,NO APLICA,8.97,2018-06-30,-70.86347245999997,-33.30028746599993,Solares
RANGUIL,RANGUIL SUR SPA,FOTOVOLTAICO,NO APLICA,2.92,2018-09-30,-71.76278399499995,-34.806844833999946,Solares
QUEMADOS,PSF QUEMADOS SPA,FOTOVOLTAICO,NO APLICA,7.0,2020-12-31,-70.69485003599993,-34.139996276999966,Solares
GRANADA,GRANADA SPA,FOTOVOLTAICO,NO APLICA,9.0,2017-09-30,-71.63381102199997,-35.80995828799996,Solares
EL HUASO,PARQUE SOLAR SALAMANCA SPA,FOTOVOLTAICO,NO APLICA,2.7,2021-12-31,-70.98026515599997,-32.764219572999934,Solares
PILAR LOS AMARILLOS,RTS ENERGIA S.A.,FOTOVOLTAICO,NO APLICA,3.0,2015-08-03,-69.74825223599998,-26.316245531999986,Solares
EL TRIGAL,PARQUE SOLAR EL TRIGAL SPA,FOTOVOLTAICO,NO APLICA,9.0,2021-06-30,-72.11676099499994,-36.87695871499994,Solares
ANAKENA,ANAKENA SPA,FOTOVOLTAICO,NO APLICA,9.0,2017-12-31,-71.14738741799994,-30.62301423399998,Solares
CORDILLERILLA SOLAR,TEATINOS ENERGIA S.A.,FOTOVOLTAICO,NO APLICA,1.3196,2017-06-30,-71.13231982999997,-35.16270112299998,Solares
LOCKMA,CE CENTINELA SOLAR SPA,FOTOVOLTAICO,NO APLICA,9.0,2019-06-30,-70.25858121399995,-23.60130210799997,Solares
LOS JOTES,PFV LOS JOTES SPA,FOTOVOLTAICO,NO APLICA,3.0,2022-06-30,-71.09574655299997,-32.46071146799994,Solares
TARUCA,TARUCA SOLAR SPA,FOTOVOLTAICO,NO APLICA,4.5,2020-06-30,-70.15518074399995,-18.50257410599994,Solares
ARICA,CHAPIQUINA SOLAR SPA,FOTOVOLTAICO,NO APLICA,3.85,2019-12-31,-70.25337988099994,-18.350497425999947,Solares
DONA IGNA,PARQUE FOTOVOLTAICO DONA IGNA SPA,FOTOVOLTAICO,NO APLICA,2.2,2022-12-31,-71.21321271999994,-33.590029364999964,Solares
LA CHIMBA BIS,LA CHIMBA BIS SPA,FOTOVOLTAICO,NO APLICA,2.76,2020-06-30,-71.23494305499997,-30.652162730999976,Solares
RENGO SOLAR,RENGO SOLAR SPA,FOTOVOLTAICO,NO APLICA,7.0,2021-06-30,-70.85877858899994,-34.42277830099994,Solares
SANTA LAURA,PARQUE SOLAR SANTA LAURA SPA,FOTOVOLTAICO,NO APLICA,2.97,2018-06-30,-71.03044840299998,-32.39694586899998,Solares
SGT CATAPILCO,SAN MARINO SOLAR SPA,FOTOVOLTAICO,NO APLICA,9.0,2021-06-30,-71.36276727299997,-32.59229489699993,Solares
EL PICURIO,PV EL PICURIO SPA,FOTOVOLTAICO,NO APLICA,3.0,2018-06-30,-71.06181497699998,-34.79911181299997,Solares
EL INTERLOCUTOR,PARQUE FOTOVOLTAICO IDAHUILLO SPA,FOTOVOLTAICO,NO APLICA,2.7,2022-12-31,-71.11252392599994,-34.31332175599994,Solares
PARQUE SOLAR FINIS TERRAE,ENEL GREEN POWER CHILE S.A.,FOTOVOLTAICO,NO APLICA,241.394,2017-09-30,-69.52243069499997,-22.344641621999983,Solares
SAN EUGENIO SOLAR,SAN EUGENIO SOLAR SPA,FOTOVOLTAICO,NO APLICA,6.1,2020-12-31,-72.27623050799997,-37.54069386199996,Solares
CONDOR LA LIGUA,PARQUE FOTOVOLTAICO LA LIGUA SPA,FOTOVOLTAICO,NO APLICA,2.55,2021-12-31,-71.25322497399998,-32.48435072399997,Solares
VALLE SOLAR OESTE II,SOLAR BROTHERS SPA,FOTOVOLTAICO,NO APLICA,8.992,2016-07-27,-70.39368627599998,-27.350881966999964,Solares
EL RESPLANDOR,IMPULSO SOLAR EL RESPLANDOR SPA,FOTOVOLTAICO,NO APLICA,2.627,2020-12-31,-72.38322802999994,-37.039225433999945,Solares
NEWENTUN,NEWENTUN SPA,FOTOVOLTAICO,NO APLICA,6.0,2019-12-31,-71.45052745599997,-34.49299112299997,Solares
LA BLANQUINA,SOLAR LA BLANQUINA SPA,FOTOVOLTAICO,NO APLICA,8.97,2017-07-31,-71.73164024299996,-34.044961142999966,Solares
DADINCO,ENEL GREEN POWER CHILE S.A.,FOTOVOLTAICO,NO APLICA,3.0,2020-12-31,-72.09130127299994,-36.526335366999945,Solares
MACAO,MACAO SOLAR SPA,FOTOVOLTAICO,NO APLICA,9.0,2019-06-30,-70.88748403699998,-33.69638933699997,Solares
ESPERANZA,RTS ENERGIA S.A.,FOTOVOLTAICO,NO APLICA,2.8656,2014-12-10,-69.62753306899998,-26.293375931999947,Solares
DOMEYKO,ARCADIA GENERACION SOLAR S.A.,FOTOVOLTAICO,NO APLICA,201.61,2015-08-03,-69.57744472299999,-24.062041127999976,Solares
YAHUTELA,CATEMU SOLAR SPA,FOTOVOLTAICO,NO APLICA,6.0,2020-06-30,-70.97277679699994,-32.78716349399997,Solares
PATRICIA DEL VERANO SOLAR,POMERAPE SPA,FOTOVOLTAICO,NO APLICA,9.0,2020-12-31,-70.95119562799994,-33.70199992999994,Solares
PFV PICA,ATACAMA SOLAR S.A.,FOTOVOLTAICO,NO APLICA,0.6,2015-12-31,-69.44901657199995,-20.49921268999998,Solares
PANQUEHUE II,GR LINGUE SPA,FOTOVOLTAICO,NO APLICA,6.0,2018-03-31,-70.81317733899994,-32.77758135599993,Solares
VICTORIA,VICTORIA SOLAR SPA,FOTOVOLTAICO,NO APLICA,9.0,2018-06-30,-68.97542540899997,-22.47917791699996,Solares
CLEMENTINA,CVE PROYECTO VEINTIUNO SPA,FOTOVOLTAICO,NO APLICA,6.0,2020-06-30,-70.86337028699995,-33.121377923999944,Solares
LLANOS DE POTROSO,LLANOS DE POTROSO SPA,FOTOVOLTAICO,NO APLICA,9.0,2016-12-31,-70.86156497099995,-29.754554130999963,Solares
COLTAUCO ALMENDRO,ACUARIO SOLAR SPA,FOTOVOLTAICO,NO APLICA,2.9,2021-06-30,-71.04631341199996,-34.270175861999974,Solares
CABILDO SUNLIGHT,CABILDO SUNLIGHT SPA,FOTOVOLTAICO,NO APLICA,9.0,2020-12-31,-71.10053829899994,-32.45175731099994,Solares
BARCELONA,BELEN SOLAR SPA,FOTOVOLTAICO,NO APLICA,9.0,2019-12-31,-71.16225126599994,-34.96466652999993,Solares
PUANGUE,PSF PUANGUE SPA,FOTOVOLTAICO,NO APLICA,4.0,2020-06-30,-71.32739019999997,-33.65520615999998,Solares
COCHARCAS,FOTOVOLTAICA ALFA SPA,FOTOVOLTAICO,NO APLICA,2.8,2020-06-30,-72.09459375499995,-36.526583322999954,Solares
ANTONIA SOLAR (O'HIGGINS),FOTOVOLTAICA DELTA SPA,FOTOVOLTAICO,NO APLICA,2.9825,2019-12-31,-70.95537151099995,-34.39543967099996,Solares
RINCONADA,GR TAMARUGO SPA,FOTOVOLTAICO,NO APLICA,7.97,2017-09-30,-70.81694226599996,-34.407204225999976,Solares
TAMARICO,TAMARICO SOLAR DOS SPA,FOTOVOLTAICO,NO APLICA,152.3,2015-08-03,-70.77496756099998,-28.43668376899996,Solares
PUELCHE,PUELCHE FLUX SPHERA SPA,FOTOVOLTAICO,NO APLICA,2.6,2020-12-31,-72.33333256799995,-37.520047628999976,Solares
PLAYERON,PLAYERO SPA,FOTOVOLTAICO,NO APLICA,3.0,2021-12-31,-72.45031447999997,-35.875019502999976,Solares
VINAS DEL SOL,ANDINA SOLAR 1 SPA,FOTOVOLTAICO,NO APLICA,6.0,2018-06-30,-71.43889399899996,-33.30832923999998,Solares
ALCALDESA,PARQUE SOLAR ALCALDESA SPA,FOTOVOLTAICO,NO APLICA,6.0,2019-12-31,-72.55147121099998,-36.24368798499995,Solares
ENCON SOLAR,LOA SOLAR SPA,FOTOVOLTAICO,NO APLICA,8.494,2016-07-27,-70.74809060299998,-32.72975016799995,Solares
EL PELICANO (ATACAMA),PFV EL PELICANO SPA,FOTOVOLTAICO,NO APLICA,3.0,2022-12-31,-70.25122223499994,-27.57344985399993,Solares
LAS SALINAS - ETAPA 1,ENEL GREEN POWER CHILE S.A.,FOTOVOLTAICO,NO APLICA,198.1912,2019-12-31,-68.95385543899994,-22.855043429999967,Solares
LA PERLA,MVC SOLAR 38 SPA,FOTOVOLTAICO,NO APLICA,1.0,2019-12-31,-72.21496560699995,-37.52212519899996,Solares
EL TRILE,PFV EL TRILE SPA,FOTOVOLTAICO,NO APLICA,9.0,2019-03-31,-71.62054812899999,-35.71371599599996,Solares
ALBOR SOLAR,PARQUE SOLAR ALBOR SPA,FOTOVOLTAICO,NO APLICA,5.2,2020-06-30,-72.20968504099994,-37.59518622199994,Solares
LOS PATOS,PV LOS PATOS SPA,FOTOVOLTAICO,NO APLICA,2.9901,2018-03-31,-71.61323887999998,-35.33394322399994,Solares
LO BOZA,RIZOMA IC ENERGY SPA,FOTOVOLTAICO,NO APLICA,0.768,2020-06-30,-70.75994585699993,-33.38302400799995,Solares
MALAQUITA SOLAR II,APOLO DEL NORTE SPA,FOTOVOLTAICO,NO APLICA,8.985,2016-07-27,-70.18094080699996,-27.842633176999986,Solares
ERINOME,LUCIANO SOLAR SPA,FOTOVOLTAICO,NO APLICA,2.75,2021-05-31,-71.71631533499993,-35.43430640899993,Solares
CURACAVI,PARQUE FOTOVOLTAICO CURACAVI SPA,FOTOVOLTAICO,NO APLICA,2.7,2020-12-31,-71.14115856499996,-33.33865337399993,Solares
TORTOLAS DEL VERANO,CALBUCO DE VERANO SPA,FOTOVOLTAICO,NO APLICA,3.0,2021-06-30,-70.52687637399998,-32.88136894999997,Solares
CALAMA SOLAR,CALAMA SOLAR 1 SPA,FOTOVOLTAICO,NO APLICA,9.0,2017-12-31,-68.87014115999995,-22.44421997299997,Solares
CHILLAN HUAMBALI HIPER,TAURO SOLAR SPA,FOTOVOLTAICO,NO APLICA,1.1,2022-12-31,-72.26382828399994,-36.67724250099997,Solares
EL MIRLO,PFV EL MIRLO SPA,FOTOVOLTAICO,NO APLICA,6.22,2020-06-30,-70.86166059899995,-34.45067673399996,Solares
PUERTO SECO SOLAR,CALAMA SOLAR 2 SPA,FOTOVOLTAICO,NO APLICA,8.959,2017-12-31,-68.87011641499998,-22.44992044199995,Solares
LUCE SOLAR,LUCE SOLAR SPA,FOTOVOLTAICO,NO APLICA,2.696,2019-06-30,-71.58799282099994,-33.91294731499994,Solares
LLANO DE LLAMPOS,AMANECER SOLAR SPA,FOTOVOLTAICO,NO APLICA,101.02,2014-12-10,-70.17114340099994,-27.117460621999957,Solares
EL CHINCOL,PV EL CHINCOL SPA,FOTOVOLTAICO,NO APLICA,2.99,2018-06-30,-71.86056180999998,-36.28440344299997,Solares
ALIANZA,PARQUE SOLAR ALIANZA SPA,FOTOVOLTAICO,NO APLICA,4.5,2020-06-30,-70.26654891799996,-27.557622703999986,Solares
ROSARIO,GR PUMALIN SPA,FOTOVOLTAICO,NO APLICA,4.9,2020-06-30,-70.88686470199997,-34.36040432699997,Solares
BELLAVISTA 1,TAMARUGAL SOLAR 1 S.A.,FOTOVOLTAICO,NO APLICA,8.9911,2017-12-31,-69.69207866799997,-20.797074150999947,Solares
MERCURIO SUR,LOS LIBERTADORES SOLAR SPA,FOTOVOLTAICO,NO APLICA,3.0,2020-12-31,-71.40363220299997,-35.74953359299997,Solares
NIHUE,NIHUE SOLAR SPA,FOTOVOLTAICO,NO APLICA,2.9,2021-05-31,-71.56535746099996,-33.96223151399994,Solares
QUETENA,PARQUE SOLAR QUETENA S.A.,FOTOVOLTAICO,NO APLICA,9.0,2018-06-30,-68.96161839999996,-22.45566862999993,Solares
SAN ALBERTO,DRACO SOLAR SPA,FOTOVOLTAICO,NO APLICA,3.18,2020-12-31,-72.10842642399996,-36.55637487399997,Solares
LOS LOROS,PARQUE SOLAR LOS LOROS,FOTOVOLTAICO,NO APLICA,45.8467,2016-12-31,-70.16848334599996,-27.85137752199995,Solares
COYUNCHE,PER PARINACOTA SPA,FOTOVOLTAICO,NO APLICA,2.7,2022-12-31,-72.27026005699997,-37.40445016899997,Solares
TECHOS ALTAMIRA,EERM ENERGIAS DEL FUTURO S.A.,FOTOVOLTAICO,NO APLICA,0.15,2014-12-10,-70.53801304899997,-33.479106988999945,Solares
BELENOS TIL TIL,PARSOSY BELENOS SPA,FOTOVOLTAICO,NO APLICA,9.0,2021-06-30,-70.81155155299996,-33.12030253699993,Solares
SAGRADA FAMILIA LA FORTUNA 15,FARMDO ENERGY CHILE SPA,FOTOVOLTAICO,NO APLICA,3.0,2022-12-31,-71.29489741399993,-35.018232257999955,Solares
LA GAMBOINA,PSF LA GAMBOINA SPA,FOTOVOLTAICO,NO APLICA,5.0,2021-06-30,-70.68962374899996,-34.154198346999976,Solares
SOL DEL DESIERTO,PARQUE SOLAR FOTOVOLTAICO SOL DEL DESIERTO SPA,FOTOVOLTAICO,NO APLICA,225.51,2015-08-03,-69.56209852699993,-22.20059795399993,Solares
EL TIUQUE,PFV EL TIUQUE SPA,FOTOVOLTAICO,NO APLICA,1.5,2022-06-30,-71.68849966199997,-35.61247556099994,Solares
RAUQUEN,GR PALMA SPA,FOTOVOLTAICO,NO APLICA,9.0,2018-03-31,-71.14458866399997,-34.91429560399996,Solares
ANDES SOLAR,AES ANDES,FOTOVOLTAICO,NO APLICA,21.425,2016-12-31,-68.58490714699997,-24.00854670399997,Solares
CHICAUMA DEL VERANO,PUNTIAGUDO ENERGY SPA,FOTOVOLTAICO,NO APLICA,9.0,2018-03-31,-70.92234506099999,-33.261668390999944,Solares
LLIU LLIU,ANDINA SOLAR 6 SPA,FOTOVOLTAICO,NO APLICA,3.0,2021-12-31,-71.39633607399998,-32.88726903699995,Solares
PILOTO SOLAR CARDONES,CENTRAL CARDONES S.A.,FOTOVOLTAICO,NO APLICA,0.3881,2017-03-31,-70.38502939199998,-27.487602616999936,Solares
DONIHUE,PV DONIHUE SPA,FOTOVOLTAICO,NO APLICA,7.5,2017-09-30,-70.95493464799995,-34.282974871999954,Solares
OCOA,PARQUE FOTOVOLTAICO OCOA SPA,FOTOVOLTAICO,NO APLICA,3.0,2018-03-31,-71.05888495299996,-32.796057978999954,Solares
CORSO,CORSO SOLAR SPA,FOTOVOLTAICO,NO APLICA,2.2,2020-06-30,-70.38096727499999,-27.300152198999967,Solares
SANTA JULIA,ANDINA SOLAR 17 ESTE SPA,FOTOVOLTAICO,NO APLICA,9.0,2019-06-30,-72.37829069999998,-37.51141698899994,Solares
PEGASUS SOLAR,PEGASUS SOLAR SPA,FOTOVOLTAICO,NO APLICA,2.98,2020-12-31,-72.02000964399997,-36.60402172099998,Solares
QUELTEHUE SOLAR,FOTOVOLTAICA EL MANZANAR SPA,FOTOVOLTAICO,NO APLICA,2.987,2020-06-30,-70.95345272099996,-34.38729242899996,Solares
GUADALUPE,GUADALUPE SOLAR SPA,FOTOVOLTAICO,NO APLICA,5.6,2017-07-31,-70.53045634699998,-32.85084015799998,Solares
TRANQUE DEL SOL,ANDINA SOLAR 13 SPA,FOTOVOLTAICO,NO APLICA,9.0,2019-12-31,-71.18748789899996,-32.72212976699996,Solares
ALMEYDA,ALMEYDA SPA,FOTOVOLTAICO,NO APLICA,56.0,2016-07-27,-70.09723720199997,-26.18980341599996,Solares
DON MATIAS,PARQUE FOTOVOLTAICO DON MATIAS SPA,FOTOVOLTAICO,NO APLICA,2.7,2022-12-31,-70.86627964499996,-34.69856510799997,Solares
PARQUE SOLAR OVEJERIA,COLBUN S.A.,FOTOVOLTAICO,NO APLICA,9.0,2018-06-30,-70.76820609899994,-33.094925064999984,Solares
LAS ROJAS,MARQUESA SOLAR SPA,FOTOVOLTAICO,NO APLICA,2.995,2019-12-31,-71.10827228499994,-29.84332483199995,Solares
SANTA ADRIANA,PARQUE FOTOVOLTAICO SANTA ADRIANA SPA,FOTOVOLTAICO,NO APLICA,2.996,2018-12-31,-70.97138688699994,-33.69280624199996,Solares
SANTIAGO SOLAR,SANTIAGO SOLAR S.A.,FOTOVOLTAICO,NO APLICA,90.83,2018-03-31,-70.86172432299998,-33.07789826799996,Solares
CAUCE SOLAR,CAUCE SOLAR SPA,FOTOVOLTAICO,NO APLICA,9.0,2021-06-30,-68.82396574499995,-22.461855833999948,Solares
SAN FRANCISCO PARRAL,PARQUE SOLAR DON FLAVIO SPA,FOTOVOLTAICO,NO APLICA,1.0,2021-12-31,-71.80154736899993,-36.007570312999974,Solares
ESFENA,CVE PROYECTO NUEVE SPA,FOTOVOLTAICO,NO APLICA,6.0,2019-12-31,-70.81010220799993,-32.23694450199997,Solares
LA CHAPEANA,LA CHAPEANA SPA,FOTOVOLTAICO,NO APLICA,2.905,2016-12-31,-71.11216859099994,-30.51649577299997,Solares
VILLA ALEGRE,PARQUE SOLAR VILLA ALEGRE SPA,FOTOVOLTAICO,NO APLICA,8.999,2018-06-30,-71.70397949799997,-35.684991854999964,Solares
ALAMEDA,SAO PAULO SOLAR SPA,FOTOVOLTAICO,NO APLICA,9.0,2020-12-31,-70.71869081699998,-34.10377621599997,Solares
VILLA SOLAR,VILLAPRAT SPA,FOTOVOLTAICO,NO APLICA,2.739,2019-12-31,-71.62090978799995,-35.10735613999998,Solares
PARAGUAY,PFV LA MOLINA SPA,FOTOVOLTAICO,NO APLICA,8.887,2017-09-30,-71.32707781199997,-35.11348252099998,Solares
LAJA ANDINO,ANDINA SOLAR 10 SPA,FOTOVOLTAICO,NO APLICA,9.0,2019-06-30,-72.64852641099998,-37.281162103999975,Solares
ORION SOLAR,ORION SOLAR SPA,FOTOVOLTAICO,NO APLICA,2.98,2020-12-31,-72.03174129799999,-36.596217114999945,Solares
VALPARAISO,PARQUE SOLAR LA ROSA SPA,FOTOVOLTAICO,NO APLICA,6.0,2020-06-30,-70.99589447699998,-32.837435288999984,Solares
TILTIL SOLAR,HANWHA Q CELLS TIL TIL UNO SPA,FOTOVOLTAICO,NO APLICA,2.48,2016-12-31,-70.81996840199997,-32.95754991899997,Solares
PIDUCO,ENEL GREEN POWER CHILE S.A.,FOTOVOLTAICO,NO APLICA,3.0,2021-06-30,-71.71156662699997,-35.42538172999997,Solares
ANUNUCA DEL VERANO,PACANA DEL VERANO SPA,FOTOVOLTAICO,NO APLICA,3.0,2022-06-30,-70.77403713099994,-32.751103211999975,Solares
HUATACONDO,AUSTRIANSOLAR CHILE CUATRO SPA,FOTOVOLTAICO,NO APLICA,88.1,2015-08-03,-69.46467796699994,-21.13582107299993,Solares
COLCHAGUA,PARQUE SOLAR LO PRADO SPA,FOTOVOLTAICO,NO APLICA,2.7,2021-12-31,-71.43882367999998,-34.518441001999975,Solares
POBLACION,POBLACION SOLAR SPA,FOTOVOLTAICO,NO APLICA,2.95,2018-09-30,-71.55642655899999,-34.457338558999936,Solares
LLAY LLAY,XUE SOLAR SPA,FOTOVOLTAICO,NO APLICA,9.0,2016-07-27,-70.95841625299994,-32.85186182299998,Solares
SAN CLEMENTE FLOR DEL LLANO,VESPA SOLAR SPA,FOTOVOLTAICO,NO APLICA,4.9,2020-12-31,-71.52127401099995,-35.519519972999944,Solares
EMILIA SOLAR,ENFRAGEN CHILE SOLAR SPA,FOTOVOLTAICO,NO APLICA,3.77,2019-12-31,-71.08386462799996,-31.14174611099997,Solares
RODEO,PV RODEO SPA,FOTOVOLTAICO,NO APLICA,2.96,2018-06-30,-70.96230797299995,-32.76988623699998,Solares
PALTO SUNLIGHT,PALTO SUNLIGHT SPA,FOTOVOLTAICO,NO APLICA,9.0,2020-06-30,-71.22946614599994,-32.95914368899997,Solares
RDCL SAN,SAN ALFONSO SOLAR SPA,FOTOVOLTAICO,NO APLICA,7.5,2019-03-31,-71.27149480499997,-33.03478222799998,Solares
ANTAY,GENERADORA DEL PACIFICO SPA,FOTOVOLTAICO,NO APLICA,9.0,2018-06-30,-70.38048721899997,-27.494282185999964,Solares
DON MARIANO,DON MARIANO ENERGY SPA,FOTOVOLTAICO,NO APLICA,2.98488,2019-06-30,-70.82311604599994,-34.49408646699993,Solares
PARQUE SANTA CRUZ,PARQUE SOLAR LO CHACON SPA,FOTOVOLTAICO,NO APLICA,9.0,2020-06-30,-71.34392742399996,-34.59702980699996,Solares
SOLARPACK VILLA ALEMANA,ANUMAR ENERGIA DEL SOL 1 SPA,FOTOVOLTAICO,NO APLICA,2.7,2020-12-31,-71.29392941699996,-33.047004914999945,Solares
NIQUEN,MAITEN SPA,FOTOVOLTAICO,NO APLICA,2.994,2019-06-30,-71.78223286099995,-36.30390810899996,Solares
EL GUANACO SOLAR,INCAHUASI ENERGY SPA,FOTOVOLTAICO,NO APLICA,9.0,2020-06-30,-70.86219577299994,-33.56263630999996,Solares
ATACAMA SOLAR II,ATACAMA SOLAR S.A.,FOTOVOLTAICO,NO APLICA,149.98,2015-08-03,-69.46669030499999,-20.511599541999946,Solares
SAN JOSE II,IMPULSO SOLAR SAN JOSE II SPA,FOTOVOLTAICO,NO APLICA,3.0,2022-06-30,-71.98338764199997,-36.49002084999995,Solares
JILGUERO,PFV JILGUERO SPA,FOTOVOLTAICO,NO APLICA,1.7,2022-12-31,-71.16297908999996,-35.07425136799998,Solares
CATAN SOLAR,PLANETA INVESTMENTS SPA,FOTOVOLTAICO,NO APLICA,2.995,2017-12-31,-70.60343355199996,-32.72871692899997,Solares
RIO ESCONDIDO,AR ESCONDIDO SPA,FOTOVOLTAICO,NO APLICA,157.96,2015-08-03,-70.19405308099994,-27.880864344999964,Solares
TRINIDAD,SPV P4 SPA,FOTOVOLTAICO,NO APLICA,2.99,2020-12-31,-71.56529689999996,-34.33767629199997,Solares
LOMA LOS COLORADOS,KDM ENERGIA S.A.,FOTOVOLTAICO,NO APLICA,0.764,2015-08-03,-70.79959099299998,-32.95181176999995,Solares
PRETTY FIELD,CAMPO LINDO SPA,FOTOVOLTAICO,NO APLICA,2.78,2020-12-31,-71.30721005699996,-30.69630688799998,Solares
HORNITOS,SOLARITY SPA,FOTOVOLTAICO,NO APLICA,0.3214,2015-04-30,-70.19119772799996,-27.73468780099995,Solares
TORINO,GPG GENERACION DISTRIBUIDA SPA,FOTOVOLTAICO,NO APLICA,8.0,2019-12-31,-71.14411076699997,-34.873184797999954,Solares
LA FORESTA,SOCIEDAD ENERGIAS RENOVABLES LOS LIRIOS SPA,FOTOVOLTAICO,NO APLICA,2.739,2020-06-30,-71.79505408799997,-34.95916300299996,Solares
COCINILLAS,AGRO SOLAR IV SPA,FOTOVOLTAICO,NO APLICA,2.779,2020-06-30,-71.13197413399996,-31.63091424299995,Solares
CHILENER,CHILENER II SPA,FOTOVOLTAICO,NO APLICA,2.8,2021-05-31,-71.64640792899996,-35.818099751999966,Solares
PV SALVADOR,PV SALVADOR SPA,FOTOVOLTAICO,NO APLICA,67.796,2015-09-30,-69.86555886899998,-26.31068278899994,Solares
CHILLAN SAN CARLOS 2,TORTUGA SOLAR SPA,FOTOVOLTAICO,NO APLICA,3.0,2022-12-31,-72.11420418699998,-36.55506151599997,Solares
RIO PEUCO,NUEVA ESPERANZA SOLAR SPA,FOTOVOLTAICO,NO APLICA,2.75,2022-06-30,-70.70130364799996,-33.93991986699996,Solares
LOS PERALES,PMGD SOLAR LOS PERALES I SPA,FOTOVOLTAICO,NO APLICA,3.0,2018-12-31,-71.30007549699997,-33.14692040199998,Solares
EL QUEMADO,REDEN CABILDO SOLAR SPA,FOTOVOLTAICO,NO APLICA,2.98,2018-12-31,-71.01771318599998,-32.43704972799998,Solares
SAN ANTONIO DEL MONTE SUNLIGHT,SAN ANTONIO SPA,FOTOVOLTAICO,NO APLICA,0.3,2021-06-30,-70.98512424699999,-33.66909617599998,Solares
LOMAS COLORADAS,PSF LOMAS COLORADAS S.A.,FOTOVOLTAICO,NO APLICA,1.99,2014-12-10,-71.02254980499998,-31.186382470999945,Solares
SAN ANTONIO MALVILLA,FARMDO ENERGY CHILE SPA,FOTOVOLTAICO,NO APLICA,3.0,2021-12-31,-71.45893469599997,-33.63923313799995,Solares
WILLKA,INVERSIONES FOTOVOLTAICAS SPA,FOTOVOLTAICO,NO APLICA,98.0,2015-08-03,-70.10851955699997,-18.499238503999948,Solares
QUINANTU SOLAR,TALTAL SOLAR S.A.,FOTOVOLTAICO,NO APLICA,9.0,2018-06-30,-71.58186371599999,-35.500083952999944,Solares
PEQUEN,PEQUEN SPA,FOTOVOLTAICO,NO APLICA,2.9,2021-05-31,-71.16235054399993,-34.851206643999944,Solares
LOS CISNES,PFV LOS CISNES SPA,FOTOVOLTAICO,NO APLICA,6.0,2021-06-30,-71.24594234499995,-33.55670824799995,Solares
SOL DE LILA,ENEL GREEN POWER CHILE S.A.,FOTOVOLTAICO,NO APLICA,149.23,2015-08-03,-68.57509231199998,-24.03316840399998,Solares
RAULI (MAULE),GR RAULI SPA,FOTOVOLTAICO,NO APLICA,9.0,2018-12-31,-71.27966262499996,-35.09539867199993,Solares
EL CASTANO,EL CASTANO SPA,FOTOVOLTAICO,NO APLICA,8.6,2016-03-31,-71.29276505699994,-34.29614966799994,Solares
EL LAUREL,LAUREL SPA,FOTOVOLTAICO,NO APLICA,7.31,2016-07-27,-71.02138080499998,-33.67782310399997,Solares
CIPRES,CIPRES SPA,FOTOVOLTAICO,NO APLICA,9.0,2017-09-30,-71.63060985899995,-35.813210089999984,Solares
MOSTAZAL,GR LITRE SPA,FOTOVOLTAICO,NO APLICA,9.0,2018-06-30,-70.67327622599998,-33.98439071299998,Solares
COLINA,CHACABUCO SOLAR SPA,FOTOVOLTAICO,NO APLICA,9.0,2018-12-31,-70.71359847899998,-33.032097464999936,Solares
LA MURALLA,PARQUE SOLAR LA MURALLA SPA,FOTOVOLTAICO,NO APLICA,2.99,2021-05-31,-71.11209712399994,-34.45000450099997,Solares
ENCINO,ENERGIA RENOVABLE ENCINO SPA,FOTOVOLTAICO,NO APLICA,1.9,2024-06-30,-70.74525590799993,-34.282111130999965,Solares
MAITENLAHUE,FOTOVOLTAICA SANTA ROSARIO SPA,FOTOVOLTAICO,NO APLICA,2.9,2022-06-30,-71.58956616899997,-33.90776634599996,Solares
ALTURAS DE OVALLE,GR HUINGAN SPA,FOTOVOLTAICO,NO APLICA,6.0,2017-09-30,-71.23970369799997,-30.552621433999946,Solares
LAS BANDURRIAS,PFV LAS BANDURRIAS SPA,FOTOVOLTAICO,NO APLICA,3.0,2021-06-30,-71.12798624499999,-35.16743815399997,Solares
LAS TURCAS,PV LAS TURCAS SPA,FOTOVOLTAICO,NO APLICA,2.9901,2017-09-30,-71.28206087299998,-33.803842000999964,Solares
CHANAR DEL VERANO,ISLUGA DE VERANO SPA,FOTOVOLTAICO,NO APLICA,3.0,2022-12-31,-68.98047012499995,-22.48247602899994,Solares
CANDELARIA SOLAR,CANDELARIA SOLAR SPA,FOTOVOLTAICO,NO APLICA,2.75,2019-12-31,-70.62853673299998,-34.01955537899994,Solares
TALAGANTE,TEDLAR JUPITER SPA,FOTOVOLTAICO,NO APLICA,2.56,2021-06-30,-70.86902292399998,-33.63645091999996,Solares
AXEL SOLAR,QUEBRADA DEL SOL SPA,FOTOVOLTAICO,NO APLICA,2.7,2022-12-31,-71.21827484399995,-30.14797273199997,Solares
VALLE ESCONDIDO,AR VALLE ESCONDIDO SPA,FOTOVOLTAICO,NO APLICA,106.23,2019-03-31,-70.27413147399994,-27.808912490999944,Solares
PLAYERO,PLAYERO SPA,FOTOVOLTAICO,NO APLICA,3.0,2020-06-30,-72.44972273899998,-35.87618091199994,Solares
VILLA MOSCOSO,CFT VILLA ALEMANA SPA,FOTOVOLTAICO,NO APLICA,3.0,2022-06-30,-71.36517868899995,-33.09162511499994,Solares
LA HUELLA,AUSTRIANSOLAR CHILE SEIS SPA,FOTOVOLTAICO,NO APLICA,84.0,2016-07-27,-70.89227355299994,-29.141199335999943,Solares
SAN PEDRO,GPG SOLAR CHILE 2017 SPA,FOTOVOLTAICO,NO APLICA,102.2,2020-06-30,-68.76013141699997,-22.55494968499994,Solares
SAN RAMIRO,PELEQUEN SUR SPA,FOTOVOLTAICO,NO APLICA,9.0,2019-06-30,-71.40056139299998,-34.00658963199993,Solares
RIMINI,RIMINI SOLAR SPA,FOTOVOLTAICO,NO APLICA,9.0,2020-06-30,-71.57791574099997,-33.62875717299994,Solares
SIRIMAVO,RAUQUEN SPA,FOTOVOLTAICO,NO APLICA,3.0,2022-12-31,-70.96403042199995,-30.71721647399994,Solares
LAS MAJADAS,DON PEDRO SPA,FOTOVOLTAICO,NO APLICA,9.0,2018-12-31,-70.93718768799994,-30.66976265699998,Solares
CHERCAN SOLAR,ENLASA GENERACION CHILE S.A.,FOTOVOLTAICO,NO APLICA,9.0,2020-06-30,-71.23440765199996,-30.138416374999963,Solares
DON RODRIGO,ENEL GREEN POWER CHILE S.A.,FOTOVOLTAICO,NO APLICA,4.5,2020-12-31,-71.57432322799997,-35.52834987499995,Solares
CANTILLANA,PARQUE SOLAR CANTILLANA SPA,FOTOVOLTAICO,NO APLICA,9.0,2020-12-31,-70.82498913799998,-33.83392569899996,Solares
JAHUEL,CHESTER SOLAR I SPA,FOTOVOLTAICO,NO APLICA,5.6,2016-07-27,-70.62101326599998,-32.68300653199998,Solares
MESETA DE LOS ANDES,TERCERA REGION SOLAR SPA,FOTOVOLTAICO,NO APLICA,148.8953,2019-12-31,-70.54079819299994,-32.89399641399996,Solares
PARQUE PVP MAYOS,PARQUE SOLAR SANTA CRUZ SPA,FOTOVOLTAICO,NO APLICA,1.031,2021-06-30,-71.17244457799995,-34.51079549299993,Solares
SANTA ISABEL ETAPA I,TSGF SPA.,FOTOVOLTAICO,NO APLICA,165.79,2016-12-31,-69.59297166399995,-22.055455369999947,Solares
POCILLAS,FARMDO ENERGY CHILE SPA,FOTOVOLTAICO,NO APLICA,3.0,2022-12-31,-72.37412756599997,-35.96900983599994,Solares
SAN ANTONIO,CUENCA SOLAR SPA.,FOTOVOLTAICO,NO APLICA,9.0,2020-12-31,-71.53933077799996,-35.846612938999954,Solares
SGT TUCAPEL,RAVENNA SOLAR SPA,FOTOVOLTAICO,NO APLICA,6.8,2021-12-31,-72.09039707699998,-37.14105091799996,Solares
PIQUERO,PIQUERO SPA,FOTOVOLTAICO,NO APLICA,9.0,2018-06-30,-71.44695094899998,-33.297296666999955,Solares
CHACABUCO,INVERSIONES CHACABUCO SPA,FOTOVOLTAICO,NO APLICA,8.999,2017-07-31,-70.71008150499995,-32.95361053299996,Solares
SAMO BAJO,SAMO BAJO SPA,FOTOVOLTAICO,NO APLICA,2.78,2022-06-30,-71.14670848799994,-30.552979525999945,Solares
CATO SOLAR,CATO SOLAR SPA,FOTOVOLTAICO,NO APLICA,2.6,2020-06-30,-72.05542482699997,-36.542444864999936,Solares
MITCHI,GR RUIL SPA,FOTOVOLTAICO,NO APLICA,9.0,2019-03-31,-70.00823419199997,-23.440131108999932,Solares
BERRUECO,BERRUECO ENERGIA SPA,FOTOVOLTAICO,NO APLICA,8.98,2020-12-31,-72.14391128399996,-36.67078531399994,Solares
SAN VICENTE TT,BLUE SOLAR DOCE SPA,FOTOVOLTAICO,NO APLICA,9.0,2020-12-31,-71.12832384899997,-34.349058627999966,Solares
USYA,ACCIONA ENERGIA CHILE HOLDINGS S.A.,FOTOVOLTAICO,NO APLICA,55.0,2015-08-03,-68.84669304099998,-22.48600889299996,Solares
CURACO,SOLAR TI TREINTA Y OCHO SPA,FOTOVOLTAICO,NO APLICA,9.0,2021-06-30,-70.68007646299998,-34.04330813599995,Solares
PATAGUILLA,PATAGUILLA SOLAR SPA,FOTOVOLTAICO,NO APLICA,9.0,2020-06-30,-70.94989863699993,-33.53445829599997,Solares
CAIMI,SOLCOR SPA,FOTOVOLTAICO,NO APLICA,0.194,2019-12-31,-71.41303204999997,-33.30235142299995,Solares
CATEMU,PARQUE SOLAR CATEMU SPA,FOTOVOLTAICO,NO APLICA,1.99,2019-12-31,-70.96428963599993,-32.73374501099994,Solares
PAMPA SOLAR NORTE,ARCADIA GENERACION SOLAR S.A.,FOTOVOLTAICO,NO APLICA,65.8652,2017-09-30,-70.17987069899993,-25.53295152699997,Solares
LOS LIBERTADORES,PV LIBERTADORES SPA,FOTOVOLTAICO,NO APLICA,7.98,2016-12-31,-70.78273915999995,-34.090626880999935,Solares
PUENTE SOLAR,PMGD PUENTE SPA,FOTOVOLTAICO,NO APLICA,3.0,2020-06-30,-70.84330788099999,-33.54970810699996,Solares
QUILLAY,QUILLAY SOLAR SPA,FOTOVOLTAICO,NO APLICA,2.997,2020-06-30,-71.16645984899998,-33.64152348399995,Solares
MONTT SOLAR,CANENCIA ENERGIA SPA,FOTOVOLTAICO,NO APLICA,3.0,2019-03-31,-71.06893397299996,-32.32437704899996,Solares
SALERNO,PMGD SALERNO SPA,FOTOVOLTAICO,NO APLICA,2.8,2020-12-31,-71.43191582899993,-33.90140686199993,Solares
LOS NOGALES,GPG GENERACION DISTRIBUIDA SPA,FOTOVOLTAICO,NO APLICA,2.0,2020-06-30,-71.34368010399999,-30.741186416999938,Solares
SANTA FRANCISCA,CVE PROYECTO DIECISIETE SPA,FOTOVOLTAICO,NO APLICA,6.0,2019-12-31,-70.61379658199996,-30.01748979799993,Solares
ANDES SOLAR II,ANDES SOLAR II SPA,FOTOVOLTAICO,NO APLICA,86.32,2019-06-30,-68.57538607399994,-24.00660581899996,Solares
LAS CABRAS,RCL SOLAR SPA,FOTOVOLTAICO,NO APLICA,2.99,2020-12-31,-71.32301431899998,-34.34879037199994,Solares
SOLAR LA SILLA,ENEL GREEN POWER CHILE S.A.,FOTOVOLTAICO,NO APLICA,1.53,2016-12-31,-70.74372680999994,-29.211369755999957,Solares
VELASCO SOLAR,SANTA BARBARA ENERGY SPA,FOTOVOLTAICO,NO APLICA,1.0,2022-12-31,-72.42075702399995,-37.44670341899996,Solares
CARACOLES,ENEL GREEN POWER CHILE S.A.,FOTOVOLTAICO,NO APLICA,2.7,2021-12-31,-71.48819687599996,-35.69086507399993,Solares
SANTA BLANCA ISLA DE MAIPO,SANTA BLANCA SPA,FOTOVOLTAICO,NO APLICA,2.4,2022-06-30,-70.93034196299993,-33.70927102799993,Solares
LIPANGUE,ESPINOS S.A.,FOTOVOLTAICO,NO APLICA,2.99,2018-12-31,-70.91716662099998,-33.338499903999946,Solares
EL SALITRAL,PSF EL SALITRAL S.A.,FOTOVOLTAICO,NO APLICA,2.97,2015-08-03,-71.02428072999999,-31.20262791099998,Solares
LUNA DEL NORTE,PARQUE SOLAR LUNA DEL NORTE SPA,FOTOVOLTAICO,NO APLICA,2.93928,2015-12-31,-70.68000578299996,-30.04019204499997,Solares
CABILSOL,GR GUAYACAN SPA,FOTOVOLTAICO,NO APLICA,3.0,2018-06-30,-71.10317730099996,-32.466449575999945,Solares
MACHICURA,COLBUN S.A.,FOTOVOLTAICO,NO APLICA,9.0,2019-12-31,-71.40631589799995,-35.731064740999955,Solares
VENTISQUERO SOLAR,CHIMBARONGO SOLAR SPA,FOTOVOLTAICO,NO APLICA,9.0,2020-06-30,-71.02855804199999,-34.74563027099998,Solares
SANTA INES SOLAR,CVE PROYECTO SEIS SPA,FOTOVOLTAICO,NO APLICA,2.95,2020-06-30,-70.86525505399999,-33.12536284199996,Solares
KONDA,KONDA SOLAR SPA,FOTOVOLTAICO,NO APLICA,2.995,2019-06-30,-70.71468808399999,-32.78298201599995,Solares
TIERRA,GR ALERCE ANDINO SPA,FOTOVOLTAICO,NO APLICA,3.9,2020-06-30,-70.26595301999998,-27.52950117599994,Solares
ENAMI SOLAR,ENAMI SOLAR SPA,FOTOVOLTAICO,NO APLICA,5.375,2021-06-30,-70.96366102099995,-32.76587885199996,Solares
CONCON,ABASTIBLE S.A.,FOTOVOLTAICO,NO APLICA,0.1,2022-12-31,-71.48824652299999,-32.928907986999945,Solares
FLORENCIA SOLAR,GENERADORA SOL SOLIV SPA,FOTOVOLTAICO,NO APLICA,9.0,2020-06-30,-71.43436129299994,-31.87850082999995,Solares
SOY SOLAR,GPG GENERACION DISTRIBUIDA SPA,FOTOVOLTAICO,NO APLICA,3.0,2022-12-31,-71.28762659799997,-30.219137478999983,Solares
EL CUERVO,PFV EL CUERVO SPA,FOTOVOLTAICO,NO APLICA,3.0,2021-05-31,-72.02962535399996,-35.01417402399994,Solares
KAUFMANN,AES ANDES S.A.,FOTOVOLTAICO,NO APLICA,0.814,2019-06-30,-70.74741529999994,-33.29659921999996,Solares
EL PIUQUEN,PFV EL PIUQUEN SPA,FOTOVOLTAICO,NO APLICA,3.0,2020-06-30,-72.22421826899995,-36.77305270099998,Solares
LAS CATITAS,PFV LAS CATITAS SPA,FOTOVOLTAICO,NO APLICA,9.0,2019-12-31,-71.63110840299998,-35.80250048999994,Solares
DONA REGINA SOLAR,YANQUI SOLAR SPA,FOTOVOLTAICO,NO APLICA,3.007,2022-12-31,-72.29960427899994,-37.534735619999935,Solares
PITAO,GR PITAO SPA,FOTOVOLTAICO,NO APLICA,9.0,2019-12-31,-71.13921152999995,-34.82509247199994,Solares
PUEBLO HUNDIDO,FOTOVOLTAICA PUEBLO HUNDIDO SPA,FOTOVOLTAICO,NO APLICA,2.8,2022-12-31,-70.87246621099996,-34.37101264399996,Solares
LAS MERCEDES,SONNEDIX FOTOVOLTAICA ALGARROBO SPA,FOTOVOLTAICO,NO APLICA,2.966,2019-12-31,-70.80130528199999,-34.27945134599997,Solares
LORETO SOLAR,FOTOVOLTAICA ACACIA SPA,FOTOVOLTAICO,NO APLICA,2.97,2019-06-30,-71.06328826099997,-34.24349117999998,Solares
LIEBRE DEL VERANO,GUALLATIRI SPA,FOTOVOLTAICO,NO APLICA,9.0,2021-06-30,-70.90022034699996,-33.73291297399993,Solares
LA QUINTA SOLAR,QUINTA SOLAR SPA,FOTOVOLTAICO,NO APLICA,2.9896,2017-12-31,-70.71170621399995,-33.028921810999975,Solares
TIJERAL,TIJERAL SPA,FOTOVOLTAICO,NO APLICA,3.0,2022-06-30,-71.07980269899997,-32.33146745099998,Solares
SOL DE LOS ANDES,AUSTRIANSOLAR CHILE UNO SPA,FOTOVOLTAICO,NO APLICA,89.71,2015-08-03,-69.92355276399996,-26.31823024199997,Solares
LAS CODORNICES,PFV LAS CODORNICES SPA,FOTOVOLTAICO,NO APLICA,2.98,2019-03-31,-72.01813139599994,-36.451820501999975,Solares
EL SHARON,ENEL GREEN POWER CHILE S.A.,FOTOVOLTAICO,NO APLICA,3.0,2021-12-31,-71.33238770299994,-34.070166782999934,Solares
NAZARINO DEL VERANO,SOCOMPA DE VERANO SPA,FOTOVOLTAICO,NO APLICA,3.0,2020-12-31,-71.06179448199998,-33.713972041999966,Solares
MALGARIDA,ACCIONA ENERGIA CHILE HOLDINGS S.A.,FOTOVOLTAICO,NO APLICA,200.68,2013-12-31,-69.94549511599996,-26.27150796799998,Solares
PVP ITIHUE,PARQUE SOLAR ITIHUE SPA,FOTOVOLTAICO,NO APLICA,9.0,2020-12-31,-71.93914324399998,-36.45240551699993,Solares
SAN PEDRO,CR GOIGUE SPA,FOTOVOLTAICO,NO APLICA,3.0,2016-12-31,-71.44139450199998,-33.90165203099997,Solares
EL CERNICALO,PV EL CERNICALO SPA,FOTOVOLTAICO,NO APLICA,1.5,2018-03-31,-72.37291504199999,-36.42841895999993,Solares
ARGOMEDO,GR GUINDO SPA,FOTOVOLTAICO,NO APLICA,7.97,2018-06-30,-71.00594486399996,-34.35695939499993,Solares
ICB,ICB INMOBILIARIA S.A.,FOTOVOLTAICO,NO APLICA,0.3,2021-05-31,-70.69851829999993,-33.34408243599995,Solares
EL BLANCO,EMPRESA ELECTRICA DE AYSEN S.A.,FOTOVOLTAICO,NO APLICA,2.96,2021-06-30,-71.93616835699999,-45.78491749399996,Solares
LEMU,GR ALERCE SPA,FOTOVOLTAICO,NO APLICA,4.97,2018-03-31,-71.79332601199997,-35.614785059999974,Solares
CHANCON,PV CHANCON SPA,FOTOVOLTAICO,NO APLICA,3.0,2018-06-30,-70.82221469599995,-34.09127389599996,Solares
MOYA,SUVAN SOLAR SPA,FOTOVOLTAICO,NO APLICA,9.0,2018-09-30,-72.35353947799996,-37.066919293999945,Solares
ALDEBARAN,SOLAR TI TREINTA Y SIETE SPA,FOTOVOLTAICO,NO APLICA,1.299,2021-06-30,-70.96074392499997,-34.58144990799997,Solares
LAS CABRAS- QUILAMUTA,VERFRUT - SOLARITY,FOTOVOLTAICO,NO APLICA,1.09,2024-06-30,-71.29769822199995,-34.069828808999944,Solares
AMPARO DEL SOL,SONNEDIX PARQUE SOLAR AMPARO DEL SOL SPA,FOTOVOLTAICO,NO APLICA,2.955,2017-12-31,-71.32852091699993,-30.612201745999982,Solares
ALBATROS,PFV ALBATROS SPA,FOTOVOLTAICO,NO APLICA,1.248,2022-12-31,-71.29984379499996,-34.98277298199997,Solares
VIOLETA (RM),GR QUEULAT SPA,FOTOVOLTAICO,NO APLICA,7.3,2020-06-30,-70.88307244899994,-33.54484416099996,Solares
VALLE SOLAR ESTE II,SINERGIA SOLAR SPA,FOTOVOLTAICO,NO APLICA,8.992,2016-07-27,-70.39133227299999,-27.35018331499998,Solares
SANTA AMELIA,BETEL SPA,FOTOVOLTAICO,NO APLICA,3.0,2019-12-31,-71.30897769299997,-34.42428286699993,Solares
LAS PALMAS DEL VERANO SOLAR,CAPURATA DEL VERANO SPA,FOTOVOLTAICO,NO APLICA,2.8,2022-06-30,-71.49490639099997,-33.62469943299993,Solares
PELUMPEN SOLAR,CVE PROYECTO DIECIOCHO SPA,FOTOVOLTAICO,NO APLICA,2.9,2022-12-31,-71.15282106199999,-33.03476810099994,Solares
GRANATE,GRANATE SPA,FOTOVOLTAICO,NO APLICA,9.0,2017-12-31,-71.26505868499999,-30.59059154099998,Solares
LITORAL,LITORAL SOLAR SPA,FOTOVOLTAICO,NO APLICA,9.0,2019-12-31,-71.60240059499995,-33.41821716599998,Solares
COVADONGA,CHUNGUNGO SOLAR SPA,FOTOVOLTAICO,NO APLICA,8.999,2018-09-30,-70.30743422099994,-26.43250794599993,Solares
PELLIN,SOLAR TI QUINCE SPA,FOTOVOLTAICO,NO APLICA,9.0,2020-12-31,-72.08810433699995,-37.14887789799997,Solares
LAGUNILLA,GR PACIFIC PAN DE AZUCAR SPA,FOTOVOLTAICO,NO APLICA,3.0,2016-12-31,-71.11190223099999,-30.50755134599996,Solares
LA COLONIA,ENEL GREEN POWER CHILE S.A.,FOTOVOLTAICO,NO APLICA,9.0,2020-06-30,-70.78254228799995,-33.820272114999966,Solares
BELEN,GR VILLARRICA SPA,FOTOVOLTAICO,NO APLICA,6.0,2021-06-30,-70.81463013099994,-33.34326031599994,Solares
DONA ANTONIA,DONA ANTONIA SOLAR SPA,FOTOVOLTAICO,NO APLICA,79.3579,2015-08-03,-71.16539621099997,-30.471185469999966,Solares
SANTA JULIA,SPV P4 SPA,FOTOVOLTAICO,NO APLICA,3.0,2016-12-31,-71.10394527999995,-32.30107070699995,Solares
TAMARUGO,BAOBAB,FOTOVOLTAICO,NO APLICA,2.95,2020-12-31,-69.64317773699997,-20.368224366999986,Solares
TAMANGO,GR LIUN SPA,FOTOVOLTAICO,NO APLICA,45.836,2021-12-31,-71.92763210099997,-36.02886278399996,Solares
LA ACACIA,LA ACACIA SPA,FOTOVOLTAICO,NO APLICA,8.4397,2016-07-27,-71.08362583499996,-34.48549362299997,Solares
RINCONADA ALCONES,ENEL GREEN POWER CHILE S.A.,FOTOVOLTAICO,NO APLICA,9.0,2019-12-31,-71.72008040799994,-34.37454798899995,Solares
EL PITIO,PV EL PITIO SPA,FOTOVOLTAICO,NO APLICA,2.9901,2018-06-30,-71.69565261099996,-35.97579502399998,Solares
GUANACO AMPLIACION,INCAHUASI ENERGY SPA,FOTOVOLTAICO,NO APLICA,6.0,2021-12-31,-70.85948308599995,-33.56171220799996,Solares
MARAMBIO,PARQUE SOLAR COLINA SPA,FOTOVOLTAICO,NO APLICA,2.7,2022-06-30,-71.23525826199995,-33.767983793999974,Solares
EL GAVIOTIN,PFV EL GAVIOTIN SPA,FOTOVOLTAICO,NO APLICA,9.0,2020-06-30,-71.23226662499997,-29.843361237999943,Solares
DON MARTIN,PARQUE SOLAR ALBOR SPA,FOTOVOLTAICO,NO APLICA,2.75,2022-06-30,-72.21008901099998,-37.59773402899998,Solares
VENTURADA,VENTURADA ENERGIA SPA,FOTOVOLTAICO,NO APLICA,8.98,2020-12-31,-72.13835127199997,-36.67269826799998,Solares
PFV PAINE,PAINE ENERGY SPA,FOTOVOLTAICO,NO APLICA,9.0,2018-06-30,-68.97279062099994,-22.48126435499995,Solares
SOLAR ESPERANZA II,GR ARAUCARIA SPA,FOTOVOLTAICO,NO APLICA,8.99,2017-03-31,-71.54088586399996,-34.33725703899995,Solares
NAHUEN,GR PILO SPA,FOTOVOLTAICO,NO APLICA,9.0,2019-03-31,-71.18769819299996,-33.75089307099995,Solares
PAMPA TIGRE,AR PAMPA SPA,FOTOVOLTAICO,NO APLICA,101.892,2018-06-30,-69.79625321599997,-23.85503583999997,Solares
CHAMPA,ENERGIA RENOVABLE CHAMPA SPA,FOTOVOLTAICO,NO APLICA,1.75,2020-06-30,-70.78527789099996,-33.82921396299997,Solares
TAMAYA SOLAR,ENGIE ENERGIA CHILE S.A.,FOTOVOLTAICO,NO APLICA,112.89,2018-09-30,-70.09011252499994,-22.17203003399993,Solares
MACARENA,CVE PROYECTO VEINTISEIS SPA.,FOTOVOLTAICO,NO APLICA,0.79,2020-06-30,-69.64099215599998,-20.36799747399993,Solares
SANTA ELIZABETH,PSF SANTA ISABEL SPA,FOTOVOLTAICO,NO APLICA,9.0,2020-06-30,-70.90744110099996,-34.313126903999944,Solares
AYLA SOLAR,PFV AYLA SOLAR SPA,FOTOVOLTAICO,NO APLICA,9.0,2020-12-31,-70.74591158299995,-34.12495233399994,Solares
PARQUE ALHUE,MEMBRILLO SOLAR SPA,FOTOVOLTAICO,NO APLICA,6.0,2019-12-31,-71.28035321999994,-34.002701997999964,Solares
DON HUMBERTO,ENEL GREEN POWER CHILE S.A.,FOTOVOLTAICO,NO APLICA,80.8036,2021-06-30,-70.81888147799998,-33.12079093999995,Solares
LA TRAVESIA,PARQUE SOLAR TABOLANGO SPA,FOTOVOLTAICO,NO APLICA,1.4,2020-06-30,-70.35996413899994,-27.445190469999943,Solares
EL FLAMENCO,PFV EL FLAMENCO SPA,FOTOVOLTAICO,NO APLICA,9.0,2019-06-30,-71.52034208499998,-35.685364661999984,Solares
GUARANA,SOLAR TI DIECISEIS SPA,FOTOVOLTAICO,NO APLICA,1.1,2021-06-30,-71.63121675499997,-34.073396472999946,Solares
LOS MAGNOLIOS SOLAR,LITRE SPA,FOTOVOLTAICO,NO APLICA,2.99,2020-06-30,-71.44137388999997,-33.39139560199993,Solares
LA ESTANCIA,GR MELI SPA,FOTOVOLTAICO,NO APLICA,3.0,2019-12-31,-71.07658626499995,-34.02849329899993,Solares
CHALINGA SOLAR,JOAQUIN SOLAR SPA,FOTOVOLTAICO,NO APLICA,2.996,2019-03-31,-70.97238091199995,-31.76106588899995,Solares
LAS GOLONDRINAS,PFV LAS GOLONDRINAS SPA,FOTOVOLTAICO,NO APLICA,9.0,2019-12-31,-71.41249184999998,-35.71958362199996,Solares
MILAN A,GPG GENERACION DISTRIBUIDA SPA,FOTOVOLTAICO,NO APLICA,3.0,2021-12-31,-71.12336323099998,-34.84526746999995,Solares
SAN EMILIO SOLAR I,SAN EMILIO SOLAR SPA,FOTOVOLTAICO,NO APLICA,3.0,2021-12-31,-71.20798640399994,-35.00514168999996,Solares
ROMERIA,PARQUE SOLAR EL SAUCE SPA,FOTOVOLTAICO,NO APLICA,9.0,2019-12-31,-71.06187451999995,-34.984921663999955,Solares
EL SAUCE,CHESTER SOLAR V SPA,FOTOVOLTAICO,NO APLICA,2.94,2018-06-30,-71.37281011699997,-34.07988709099993,Solares
OLIVILLO,ARBOL SPA,FOTOVOLTAICO,NO APLICA,8.85,2016-07-27,-71.39186480999996,-33.289659462999964,Solares
SANTA ESTER,IMPULSO SOLAR SAN JOSE SPA,FOTOVOLTAICO,NO APLICA,2.99,2020-12-31,-71.98719902399995,-36.48755535699996,Solares
ITAHUE SOLAR,COBENA ENERGIA SPA,FOTOVOLTAICO,NO APLICA,2.28,2020-06-30,-71.36268657699998,-35.158200041999976,Solares
EL ZORZAL,PFV EL ZORZAL SPA,FOTOVOLTAICO,NO APLICA,3.0,2020-06-30,-71.52786402599997,-35.300595999999985,Solares
CASABERMEJA,CASA BERMEJA SPA,FOTOVOLTAICO,NO APLICA,6.87,2018-06-30,-70.96800534699997,-33.51572191899993,Solares
CITRINO,SOLAR TI ONCE SPA,FOTOVOLTAICO,NO APLICA,2.8,2019-06-30,-70.90098219199996,-33.56207361999998,Solares
EL LITRE SOLAR,DIANA SOLAR SPA,FOTOVOLTAICO,NO APLICA,9.0,2017-09-30,-70.78190126499999,-33.12794492999996,Solares
CONDOR PETORCA,PARQUE FOTOVOLTAICO LOS BOLDOS SPA,FOTOVOLTAICO,NO APLICA,0.9,2023-12-31,-70.95690316399998,-32.26543908699995,Solares
CASTILLA,SANTA ESTER SOLAR SPA,FOTOVOLTAICO,NO APLICA,2.7054,2021-05-31,-70.54501868099999,-27.89755007599996,Solares
VILLA SECA,PARQUE SOLAR VILLA SECA SPA,FOTOVOLTAICO,NO APLICA,3.0,2019-06-30,-71.81974786899997,-35.865654425999935,Solares
CALLE LARGA,PMGD CALLE LARGA SPA,FOTOVOLTAICO,NO APLICA,2.97,2018-09-30,-70.61154312499997,-32.88314745099996,Solares
OLIVIER,GPG GENERACION DISTRIBUIDA SPA,FOTOVOLTAICO,NO APLICA,2.4,2022-06-30,-70.68878426899994,-30.034999890999984,Solares
EL NANDU,PFV EL NANDU SPA,FOTOVOLTAICO,NO APLICA,3.0,2020-06-30,-70.36354694399995,-27.32904614299997,Solares
PUNTA BAJA SOLAR,SONNEDIX PARQUE SOLAR PUNTA COLORADA SPA,FOTOVOLTAICO,NO APLICA,1.985,2018-09-30,-71.04715904799997,-29.35817136399993,Solares
LAS TERRAZAS (ATACAMA),ENERGIA ATACAMA S.A.,FOTOVOLTAICO,NO APLICA,2.99,2014-12-10,-70.34079933199996,-27.62854151299996,Solares
LUDERS,GR LAUREL SPA,FOTOVOLTAICO,NO APLICA,2.9559,2018-06-30,-70.63167263999998,-33.99440899999996,Solares
LA PAZ,PLANTA SOLAR LA PAZ II SPA,FOTOVOLTAICO,NO APLICA,9.0,2020-12-31,-70.78923747599998,-33.36462302299998,Solares
HUAPE,FARMDO ENERGY CHILE SPA,FOTOVOLTAICO,NO APLICA,2.967,2020-12-31,-72.25131235999999,-36.60393121299995,Solares
MARIN,PMGD MAUCO SPA,FOTOVOLTAICO,NO APLICA,2.9558,2018-03-31,-70.73479019799998,-32.78726875399997,Solares
SANTUARIO SOLAR,PMGD SANTUARIO SPA,FOTOVOLTAICO,NO APLICA,2.9871,2017-12-31,-70.68840079499995,-32.89182858799995,Solares
LAS CHILCAS,LAS CHILCAS SOLAR SPA,FOTOVOLTAICO,NO APLICA,4.02,2021-06-30,-70.25645098999996,-18.53222780499993,Solares
PENCAHUE ESTE,PARQUE SOLAR PORVENIR SPA,FOTOVOLTAICO,NO APLICA,2.99,2021-05-31,-71.74444551399995,-35.404538558999946,Solares
QUILAPILUN,CHUNGUNGO S.A.,FOTOVOLTAICO,NO APLICA,112.385,2017-06-30,-70.68793057499994,-33.103695020999965,Solares
VERONA,VERONA SOLAR SPA,FOTOVOLTAICO,NO APLICA,0.04,2022-12-31,-71.17080501399994,-34.86164004099993,Solares
EA SF GRANEROS,ENERGIA RENOVABLE MARENGO SPA,FOTOVOLTAICO,NO APLICA,3.0,2022-12-31,-70.81247621199998,-34.12555662899996,Solares
ESPIGA DE ORO,ENERBLAN SPA,FOTOVOLTAICO,NO APLICA,2.7169,2023-12-31,-72.53474719099995,-37.59747415399994,Solares
ALTO SOLAR,ALTOS DE LA MANGA ENERGY SPA,FOTOVOLTAICO,NO APLICA,2.956,2018-09-30,-71.60217362099996,-33.89993645399994,Solares
EL PERAL,PSF EL PERAL SPA,FOTOVOLTAICO,NO APLICA,0.01,2021-06-30,-70.69450749299995,-33.74882162999995,Solares
ARIZTIA,FOTOVOLTAICA ARIZTIA SPA,FOTOVOLTAICO,NO APLICA,2.996,2018-09-30,-71.27277784099994,-32.31842489899998,Solares
LAS MOLLACAS,LAS MOLLACAS SPA,FOTOVOLTAICO,NO APLICA,2.905,2016-12-31,-71.22556442099994,-30.676327021999956,Solares
ROMA,PARQUE SOLAR ROMA SPA,FOTOVOLTAICO,NO APLICA,2.8,2022-12-31,-70.91868694199997,-34.57765550899995,Solares
GABRIELA,BRONTE SPA,FOTOVOLTAICO,NO APLICA,9.0,2018-03-31,-70.69496165299995,-29.98178626699996,Solares
PENCAHUE,HIRUELA ENERGIA SPA,FOTOVOLTAICO,NO APLICA,4.0,2018-09-30,-71.81710196399996,-35.41901632399998,Solares
CANONES SUNLIGHT,LOS CANONES SUNLIGHT SPA,FOTOVOLTAICO,NO APLICA,9.0,2020-12-31,-71.17884175399996,-32.76224826299995,Solares
PARANAL,SAGESA S.A.,FOTOVOLTAICO,NO APLICA,4.0,2020-12-31,-70.29454373599998,-24.638477803999933,Solares
FOTOVOLT LIN,AILIN FOTOVOLTAICA SPA,FOTOVOLTAICO,NO APLICA,4.5,2021-12-31,-71.65673113299994,-35.82170245999998,Solares
JAURURO SOLAR,FOTOVOLTAICA JAURURO SPA,FOTOVOLTAICO,NO APLICA,2.7226,2019-03-31,-71.27117225699993,-32.45377219799997,Solares
LOS TILOS,PARQUE FOTOVOLTAICO OCOA II SPA,FOTOVOLTAICO,NO APLICA,3.5,2018-06-30,-71.05943201099996,-32.79338859699993,Solares
CANELILLO,AGRO SOLAR V SPA,FOTOVOLTAICO,NO APLICA,2.779,2020-06-30,-71.26889537999995,-31.701950925999935,Solares
PFV SDSI,SANBAR SOLAR SPA,FOTOVOLTAICO,NO APLICA,2.6,2020-12-31,-72.30520211199996,-37.53647094899998,Solares
POMUYETO,ESTREMERA ENERGIA SPA,FOTOVOLTAICO,NO APLICA,3.0,2022-12-31,-71.87717803199996,-36.43646044199994,Solares
ECLIPSE SOLAR,ECLIPSE SOLAR SPA,FOTOVOLTAICO,NO APLICA,8.99,2016-07-27,-71.42640149999994,-33.90636626099996,Solares
HOMERO SOLAR,GR ESPINO SPA,FOTOVOLTAICO,NO APLICA,2.9901,2017-12-31,-70.63995722899995,-33.964108049999936,Solares
LOS GIRASOLES,LOS GIRASOLES SPA,FOTOVOLTAICO,NO APLICA,2.62685,2019-12-31,-71.08207943599996,-33.42645126399998,Solares
MAIMALICAN,PS MAIMALICAN SPA.,FOTOVOLTAICO,NO APLICA,9.0,2020-06-30,-71.35240003199993,-32.14236408399995,Solares
VALLE DE LA LUNA II,VALLE DE LA LUNA II SPA,FOTOVOLTAICO,NO APLICA,2.9898,2017-12-31,-70.84503303599996,-33.28598947199998,Solares
DUQUECO SOLAR,COCHARCAS SOLAR SPA,FOTOVOLTAICO,NO APLICA,9.0,2019-12-31,-72.30252897499997,-37.53922170599998,Solares
AVILES,AVILES SPA,FOTOVOLTAICO,NO APLICA,8.3,2019-12-31,-71.47264362199996,-33.92676865399994,Solares
DIEGO DE ALMAGRO SOLAR (EX DAS),DIEGO DE ALMAGRO SOLAR SPA,FOTOVOLTAICO,NO APLICA,7.91,2015-08-03,-70.06644218499997,-26.371355371999982,Solares
BICENTENARIO,FOTOVOLTAICA SOLAR LAUREL SPA,FOTOVOLTAICO,NO APLICA,2.8,2020-12-31,-71.84843336699998,-36.14043437599997,Solares
SANTA CLARA,IMPULSO SOLAR LAS LLOYSAS SPA,FOTOVOLTAICO,NO APLICA,2.73,2018-12-31,-71.41599706899996,-30.609721683999965,Solares
CHACAICO,SOL DEL SUR 15 SPA,FOTOVOLTAICO,NO APLICA,1.0,2019-06-30,-72.53893996299996,-37.527293389999954,Solares
DON ENRIQUE,DON ENRIQUE SPA,FOTOVOLTAICO,NO APLICA,9.0,2017-12-31,-71.28872824899997,-30.80901563399993,Solares
OLIVIA,GPG GENERACION DISTRIBUIDA SPA,FOTOVOLTAICO,NO APLICA,3.0,2022-12-31,-70.71222204999998,-30.053824609999936,Solares
TRICAHUE II,TRICAHUE SOLAR SPA,FOTOVOLTAICO,NO APLICA,8.98115,2017-07-31,-70.82228358399993,-34.35700997799995,Solares
NAN,GR HORNOPIREN SPA,FOTOVOLTAICO,NO APLICA,6.7,2020-06-30,-70.74236762399994,-34.04992523399994,Solares
CABRERO SOLAR,CABRERO SOLAR SPA,FOTOVOLTAICO,NO APLICA,9.0,2019-03-31,-72.41855556699994,-37.04003167299993,Solares
SOL DEL NORTE,FOTOVOLTAICA SOL DEL NORTE SPA,FOTOVOLTAICO,NO APLICA,7.42,2015-08-03,-68.59447845099999,-24.016511557999934,Solares
QUINTACABRERO,SOL DEL SUR 9 SPA,FOTOVOLTAICO,NO APLICA,8.91,2019-06-30,-72.37306190199996,-37.06066177899993,Solares
LO MIRANDA,PFV DONIHUE SPA,FOTOVOLTAICO,NO APLICA,5.955,2017-09-30,-70.88171779699996,-34.19893107099995,Solares
FARAMALLA,PARQUE FOTOVOLTAICO FARAMALLA SPA,FOTOVOLTAICO,NO APLICA,3.0,2021-06-30,-71.06997315199999,-34.04335608599996,Solares
EL MANZANO,ENEL GREEN POWER CHILE S.A.,FOTOVOLTAICO,NO APLICA,91.74,2016-07-27,-70.78833127899998,-33.09987761299993,Solares
LOMA TENDIDA DEL VERANO,PARUMA DEL VERANO SPA,FOTOVOLTAICO,NO APLICA,2.993,2022-06-30,-70.56932947599995,-33.74429039399996,Solares
CONDOR PELVIN,PARQUE FOTOVOLTAICO PENAFLOR SPA,FOTOVOLTAICO,NO APLICA,3.0,2020-12-31,-70.92765645999998,-33.621356987999945,Solares
LONCURA,TEDLAR DIEMOS SPA,FOTOVOLTAICO,NO APLICA,9.0,2021-06-30,-71.49680627599997,-32.78810749399997,Solares
FULGOR,PARQUE FULGOR SPA,FOTOVOLTAICO,NO APLICA,2.64,2021-12-31,-72.62042544399998,-37.658818622999945,Solares
EL AGUILA,ENGIE ENERGIA CHILE S.A.,FOTOVOLTAICO,NO APLICA,2.014,2015-08-03,-69.88672006099995,-18.445460813999944,Solares
LA PALMA,SANTA ELVIRA ENERGY SPA,FOTOVOLTAICO,NO APLICA,9.0,2020-12-31,-72.14657088499996,-36.597374128999945,Solares
DARLIN SOLAR,PMGD DARLIN SPA,FOTOVOLTAICO,NO APLICA,8.95,2019-06-30,-70.85270352599997,-33.75214816099998,Solares
LA VENDIMIA,ENERGIAS RENOVABLES EL BOLDO SPA,FOTOVOLTAICO,NO APLICA,9.0,2020-06-30,-72.29337692699994,-35.991783554999984,Solares
PMG TENO SOLAR,ENLASA GENERACION CHILE S.A.,FOTOVOLTAICO,NO APLICA,7.238,2021-05-31,-71.13954347899994,-34.87043443999994,Solares
EL TRIUNFO,BLUE SOLAR OCHO SPA,FOTOVOLTAICO,NO APLICA,0.109,2020-06-30,-70.56205038899998,-32.74813503499996,Solares
BULNES SOLAR,BULNES SOLAR SPA,FOTOVOLTAICO,NO APLICA,9.0,2022-12-31,-72.26013609199998,-36.73333611299995,Solares
SANTA EMILIA,GR PATAGONIA SPA,FOTOVOLTAICO,NO APLICA,9.0,2020-06-30,-70.78410847099997,-34.12177921099993,Solares
PIRQUE,SOLAR TI CUATRO SPA,FOTOVOLTAICO,NO APLICA,2.74,2018-12-31,-70.62161033799998,-33.681255557999975,Solares
TABOLANGO,ANDINA SOLAR 2 SPA,FOTOVOLTAICO,NO APLICA,9.0,2018-06-30,-71.37758825399999,-32.922370763999936,Solares
PMGD CAUQUENES,GPG GENERACION DISTRIBUIDA SPA,FOTOVOLTAICO,NO APLICA,3.0,2022-06-30,-72.31823195399994,-35.92892909599993,Solares
TORCAZAS,PFV LAS TORCAZAS SPA,FOTOVOLTAICO,NO APLICA,3.0,2020-06-30,-71.61653130399998,-34.34584085899996,Solares
CEME 1,CEME1 SPA,FOTOVOLTAICO,NO APLICA,401.106,2016-07-27,-69.59252610199997,-22.360580006999957,Solares
EL CARPINTERO,PFV EL CARPINTERO SPA,FOTOVOLTAICO,NO APLICA,8.5,2020-06-30,-72.39648783399997,-35.36491594299997,Solares
LAS CACHANAS,PFV LAS CACHANAS SPA,FOTOVOLTAICO,NO APLICA,9.0,2019-12-31,-70.96352204999994,-34.58369533499996,Solares
LIMA,PARQUE FOTOVOLTAICO CHEPICA SPA,FOTOVOLTAICO,NO APLICA,3.0,2021-12-31,-71.31482863399998,-34.726414569999974,Solares
EL QUEULE,EL QUEULE SPA,FOTOVOLTAICO,NO APLICA,6.87,2016-07-27,-71.39613509399999,-34.22177505599996,Solares
PALERMO SOLAR,GPG GENERACION DISTRIBUIDA SPA,FOTOVOLTAICO,NO APLICA,8.98,2019-12-31,-71.39950701399994,-33.99566487299995,Solares
EL PELICANO,EL PELICANO SOLAR COMPANY SPA,FOTOVOLTAICO,NO APLICA,105.032,2015-08-03,-70.87099534599997,-29.14615417299996,Solares
NILHUE,GESTEL INGENIERIA LTDA.,FOTOVOLTAICO,NO APLICA,1.1,2017-03-31,-70.92629529399994,-32.71055263699998,Solares
PV UTFSM VALPARAISO VALDES,MGM INNOVA CAPITAL CHILE SPA,FOTOVOLTAICO,NO APLICA,0.2145,2018-09-30,-71.59446252899994,-33.03609125599996,Solares
JAMA,PLANTA SOLAR SAN PEDRO III SPA,FOTOVOLTAICO,NO APLICA,51.0,2016-03-31,-68.69941150099999,-22.586050557999958,Solares
POZO ALMONTE SOLAR II,POZO ALMONTE SOLAR 2 S.A.,FOTOVOLTAICO,NO APLICA,7.496,2014-12-10,-69.75204960299999,-20.27406127499995,Solares
PITRA,PITRA SPA,FOTOVOLTAICO,NO APLICA,3.0,2020-06-30,-71.59102639199995,-33.36611667999995,Solares
CANESA SOLAR,ANGELA SOLAR SPA,FOTOVOLTAICO,NO APLICA,2.966,2018-12-31,-71.12923107799998,-31.720442093999964,Solares
SOFIA,GPG GENERACION DISTRIBUIDA SPA,FOTOVOLTAICO,NO APLICA,2.4,2022-06-30,-70.71645354099996,-30.054419053999936,Solares
SANTA CAROLINA,GR ROBLE SPA,FOTOVOLTAICO,NO APLICA,3.0,2020-12-31,-70.89862582599994,-34.68326978899995,Solares
PATAGUA,ENEL GREEN POWER CHILE S.A.,FOTOVOLTAICO,NO APLICA,9.0,2020-06-30,-71.27340634099994,-33.65934000599998,Solares
REXNER,ENERGIA FIRST SPA,FOTOVOLTAICO,NO APLICA,3.0,2021-05-31,-70.52797600799994,-32.882537035999974,Solares
ALENA,AR ALENA SPA,EOLICO,NO APLICA,83.92,2015-08-03,-72.55878196899994,-37.52421888699996,Eolicas
EOLICA LOS CURUROS,PARQUE EOLICO LOS CURUROS SPA,EOLICO,NO APLICA,107.7,2015-03-18,-71.63222681199994,-31.029368088999945,Eolicas
VALLE DE LOS VIENTOS,ENEL GREEN POWER CHILE S.A.,EOLICO,NO APLICA,88.9,2014-12-10,-68.81710784399996,-22.51783184799996,Eolicas
PARQUE EOLICO CALAMA,ENGIE ENERGIA CHILE S.A.,EOLICO,NO APLICA,160.696,2018-06-30,-68.77023539099997,-22.47352342699997,Eolicas
ALTO BAGUALES 2,EMPRESA ELECTRICA DE AYSEN S.A.,EOLICO,NO APLICA,1.8,2016-12-31,-72.10303538199997,-45.525671012999965,Eolicas
EOLICA LAS PENAS,EOLICO LAS PENAS SPA,EOLICO,NO APLICA,8.3496,2017-03-31,-73.42632776899995,-37.25715924399998,Eolicas
EOLICA TALTAL,ENEL GREEN POWER CHILE S.A.,EOLICO,NO APLICA,98.109,2015-03-18,-69.85721235099999,-25.08005228999997,Eolicas
SARCO,AELA EOLICA SARCO SPA,EOLICO,NO APLICA,167.56,2015-08-03,-71.42236915599995,-28.86162515699993,Eolicas
AURORA,AELA EOLICA LLLANQUIHUE SPA,EOLICO,NO APLICA,126.6,2015-08-03,-73.15815242599996,-41.235654721999936,Eolicas
LEBU,PARQUE EOLICO LEBU-TORO SPA,EOLICO,NO APLICA,9.34,2014-12-10,-73.64911520399994,-37.68611314399993,Eolicas
TCHAMMA,AR TCHAMMA SPA,EOLICO,NO APLICA,171.777,2015-08-03,-69.08436045699995,-22.49847245199993,Eolicas
NEGRETE,WPD NEGRETE SPA,EOLICO,NO APLICA,35.34,2015-08-03,-72.54551547599993,-37.59700660799996,Eolicas
SIERRA GORDA ESTE,ENEL GREEN POWER CHILE S.A.,EOLICO,NO APLICA,110.619,2017-09-30,-68.97469135399996,-22.877677270999985,Eolicas
LA FLOR,VIENTOS DE RENAICO SPA,EOLICO,NO APLICA,32.4,2015-08-03,-72.59749761999996,-37.66789027799996,Eolicas
MESAMAVIDA,ENERGIA EOLICA MESAMAVIDA SPA,EOLICO,NO APLICA,60.0,2015-08-03,-72.46625560399997,-37.51841528699998,Eolicas
MALLECO SUR,WPD MALLECO SPA,EOLICO,NO APLICA,131.86,2015-08-03,-72.25794579899997,-38.00554517699993,Eolicas
MALLECO NORTE,WPD MALLECO SPA,EOLICO,NO APLICA,133.9,2015-08-03,-72.25794579899997,-38.00554517699993,Eolicas
PUNTA SIERRA,PACIFIC HYDRO PUNTA SIERRA SPA,EOLICO,NO APLICA,81.185,2016-12-31,-71.63304070599997,-31.13486043499995,Eolicas
EOLICA LOS BUENOS AIRES,ENEL GREEN POWER CHILE S.A.,EOLICO,NO APLICA,23.85,2016-12-31,-72.50834416899994,-37.53942388099995,Eolicas
EOLICA PUNTA PALMERAS,PUNTA PALMERAS S.A.,EOLICO,NO APLICA,44.7048,2014-12-10,-71.62507587099998,-31.23603077899997,Eolicas
EOLICA SAN PEDRO,ALBA SPA,EOLICO,NO APLICA,35.9964,2014-12-10,-73.92411167299997,-42.27540815899994,Eolicas
EOLICA SAN PEDRO II,RIO ALTO GENERACION S.A.,EOLICO,NO APLICA,64.9935,2017-09-30,-73.91878068699998,-42.28120138599997,Eolicas
CABO LEONES,PARQUE EOLICO CABO LEONES I S.A.,EOLICO,NO APLICA,175.1989,2015-08-03,-71.46676604699996,-28.91153034799993,Eolicas
CABO LEONES II,IBEREOLICA CABO LEONES II S.A.,EOLICO,NO APLICA,205.25,2015-08-03,-71.44350223699996,-28.96879109099996,Eolicas
CANELA,ENEL GENERACION CHILE S.A.,EOLICO,NO APLICA,17.9685,2014-12-10,-71.61068534599997,-31.28669231899994,Eolicas
CANELA II,ENEL GENERACION CHILE S.A.,EOLICO,NO APLICA,59.4,2014-12-10,-71.61782468899997,-31.30637849599998,Eolicas
CUEL,AELA EOLICA NEGRETE SPA,EOLICO,NO APLICA,32.4951,2015-03-18,-72.47897053499997,-37.51406788599997,Eolicas
EOLICA EL ARRAYAN,PARQUE EOLICO EL ARRAYAN SPA,EOLICO,NO APLICA,114.9885,2015-03-18,-71.70100835099998,-30.58317100499994,Eolicas
EOLICA PUNTA COLORADA,COMPANIA BARRICK CHILE GENERACION SPA,EOLICO,NO APLICA,19.998,2014-12-10,-71.04013630199995,-29.367536066999943,Eolicas
RAKI,RAKI SPA,EOLICO,NO APLICA,8.98,2015-12-31,-73.57340536299995,-37.74282822799995,Eolicas
HUAJACHE,HUAJACHE SPA,EOLICO,NO APLICA,5.9867,2016-03-31,-73.56848505699998,-37.746171566999976,Eolicas
RENAICO I,ENEL GENERACION CHILE S.A.,EOLICO,NO APLICA,87.5,2016-12-31,-72.58114450599999,-37.72064016299999,Eolicas
EOLICA SAN JUAN,SAN JUAN S.A.,EOLICO,NO APLICA,189.4,2017-06-30,-71.46822809499997,-28.88147059599993,Eolicas
MANANTIALES,STATKRAFT EOLICO S.A.,EOLICO,NO APLICA,26.472,2016-07-27,-71.63293593299994,-34.101270763999935,Eolicas
EOLICA TALINAY ORIENTE,PARQUE TALINAY ORIENTE S.A.,EOLICO,NO APLICA,89.55,2014-12-10,-71.56972194299993,-30.846370277999934,Eolicas
EOLICA TALINAY PONIENTE,ENEL GENERACION CHILE S.A.,EOLICO,NO APLICA,60.098,2015-04-30,-71.65297273999994,-30.811158499999976,Eolicas
EOLICA TOTORAL,NORVIND S.A.,EOLICO,NO APLICA,45.54,2014-12-10,-71.60186272499993,-31.348494656999947,Eolicas
UCUQUER,ENERGIAS UCUQUER S.A.,EOLICO,NO APLICA,7.0724,2015-03-18,-71.60981323599998,-34.04421081199996,Eolicas
UCUQUER II,ENERGIAS UCUQUER DOS S.A.,EOLICO,NO APLICA,10.5028,2015-03-18,-71.62138706799993,-34.04515443199995,Eolicas
MONTE REDONDO,EOLICA MONTE REDONDO S.A.,EOLICO,NO APLICA,47.52,2014-12-10,-71.63710555299997,-31.07258501399997,Eolicas
CABO NEGRO,PECKET ENERGY S.A.,EOLICO,NO APLICA,2.3,2014-12-10,-70.82912566599998,-52.949422366999954,Eolicas
CAMPO LINDO ETAPA 1,PARQUE EOLICO CAMPO LINDO SPA,EOLICO,NO APLICA,62.945,2022-12-31,-72.49435714699996,-37.41278068799994,Eolicas
SAN GABRIEL (MODIFICACION),PARQUE EOLICO SAN GABRIEL SPA,EOLICO,NO APLICA,180.0,2015-08-03,-72.51131475799997,-37.69398641899994,Eolicas
CERRO TIGRE,AR CERRO TIGRE SPA,EOLICO,NO APLICA,182.05,2015-08-03,-69.92844411399994,-23.76023049199995,Eolicas
EOLICA LEBU III,PARQUE EOLICO LEBU-TORO SPA,EOLICO,NO APLICA,5.15,2017-03-31,-73.64416791799994,-37.68220182799996,Eolicas
EL TOQUI,EMPRESA ELECTRICA DE AYSEN S.A.,EOLICO,NO APLICA,1.4,2015-03-18,-71.96777367899995,-45.02481926499996,Eolicas
PMGD EL ARREBOL,EMPRESA ELECTRICA EL ARREBOL SPA,EOLICO,NO APLICA,9.0,2016-07-27,-73.59225054299998,-37.540448321999975,Eolicas
LA CABANA,ENEL GREEN POWER CHILE S.A.,EOLICO,NO APLICA,105.23,2016-07-27,-72.57692899399996,-37.792028294999966,Eolicas
LA ESPERANZA,EOLICA LA ESPERANZA S.A.,EOLICO,NO APLICA,9.0,2017-09-30,-72.53435073499998,-37.605837476999966,Eolicas
LA ESTRELLA,EOLICA LA ESTRELLA SPA,EOLICO,NO APLICA,49.1,2016-07-27,-71.60601371099995,-34.15273632499998,Eolicas
LOS OLMOS,ENERGIA EOLICA LOS OLMOS SPA,EOLICO,NO APLICA,107.4634,2016-07-27,-72.45740955199994,-37.666769716999966,Eolicas
CARDONAL,STATKRAFT EOLICO S.A.,EOLICO,NO APLICA,30.89,2016-07-27,-71.66781214399998,-34.077177622999955,Eolicas
CABO LEONES III,IBEREOLICA CABO LEONES III S.A.,EOLICO,NO APLICA,188.274,2016-07-27,-71.49175079899999,-28.927308866999965,Eolicas
LOMAS DE DUQUECO,WPD CHILE SPA,EOLICO,NO APLICA,58.0,2016-07-27,-72.39093636599995,-37.52591994399995,Eolicas
EL NOGAL,PARQUE EOLICO EL NOGAL SPA,EOLICO,NO APLICA,8.9,2016-07-27,-72.41990076299999,-37.58934801699996,Eolicas
EL MAITEN,PARQUE EOLICO EL MAITEN SPA,EOLICO,NO APLICA,10.89,2016-07-27,-72.55139829699993,-37.26996615899998,Eolicas
LOS CERRILLOS,STATKRAFT EOLICO S.A.,EOLICO,NO APLICA,44.6805,2016-07-27,-71.62825447899996,-34.12929117299996,Eolicas
TOLPAN SUR,ACCIONA ENERGIA CHILE HOLDINGS S.A.,EOLICO,NO APLICA,80.9,2016-07-27,-72.59948250799994,-37.68573025999996,Eolicas
PUELCHE SUR,AR PUELCHE SUR SPA,EOLICO,NO APLICA,156.859,2016-07-27,-72.99970572499996,-41.030774934999954,Eolicas
VIENTOS PATAGONICOS,VIENTOS PATAGONICOS SPA,EOLICO,NO APLICA,10.35,2016-07-27,-70.83498020499997,-52.93722152099997,Eolicas
LLANOS DEL VIENTO,AR LLANOS DEL VIENTO SPA,EOLICO,NO APLICA,157.011,2018-12-31,-69.97065505799998,-23.771658042999945,Eolicas
RENAICO II,ENEL GREEN POWER CHILE S.A.,EOLICO,NO APLICA,141.412,2020-06-30,-72.56134749799998,-37.73730352099994,Eolicas
ATACAMA,PARQUE EOLICO ATACAMA SPA,EOLICO,NO APLICA,160.294,2020-06-30,-71.49210224199999,-28.96297326299998,Eolicas
KALLPA,ENGIE ENERGIA CHILE S.A.,EOLICO,NO APLICA,335.596,2021-06-30,-69.98947922699995,-24.91856365899997,Eolicas
SAN MATIAS,ENERGIA EOLICA SAN MATIAS SPA,EOLICO,NO APLICA,75.7991,2021-06-30,-72.57705379699996,-37.41864693799994,Eolicas
PILOTO H2V HIF,HIF CHILE 1 SPA,EOLICO,NO APLICA,3.4,2023-12-31,-70.95496651899998,-52.850621254999965,Eolicas
