NOMBRE,PROPIEDAD,TENSION,TIPO,FECHA_CREA,Latitude,Longitude
LOS HIERROS II - TAP LOS HIERROS 110KV,EMPRESA ELÉCTRICA PORTEZUELO SPA,110.0,DEDICADO,2019-04-26,-35.83955424695051,-71.08126691162536
PUNTA SIERRA - LAS PALMAS 220KV,TRANSELEC S.A.,220.0,NACIONAL,2023-04-10,-31.212258348553227,-71.60339475274725
LAGUNA SECA - 418 69KV,MINERA ESCONDIDA LTDA.,66.0,DEDICADO,2019-04-25,-24.356935890661497,-69.10268007327171
TRES PINOS - LEBU 66KV,CGE TRANSMISIÓN S.A.,66.0,ZONAL,2019-04-25,-37.64586474833384,-73.52650478492379
HUASCO - MAITENCILLO 110KV L2,TRANSELEC S.A.,110.0,DEDICADO,2019-04-26,-28.50600935103266,-71.09159624622286
ZALDIVAR - ESCONDIDA 220KV,MINERA ESCONDIDA LTDA.,220.0,DEDICADO,2017-12-20,-24.21159438208331,-69.08024779627706
TOLPAN SUR – LOS OLMOS 220KV,TOLCHÉN TRANSMISIÓN SPA,220.0,ZONAL,2023-04-10,-37.677158889739175,-72.36811290376033
TAP SANTA CLARA - ITATA 66KV,ELÉCTRICA PUNTILLA S.A.,66.0,DEDICADO,2021-09-05,-37.01458417284341,-72.22091605741599
ANCOA - ALTO JAHUEL 500KV L2,TRANSELEC S.A.,500.0,NACIONAL,2019-04-26,-34.654515565911105,-71.0203872650635
LAS ARAÑAS - EL PEUMO 66KV,CGE TRANSMISIÓN S.A.,66.0,ZONAL,2017-12-20,-33.93192246863856,-71.40939672086417
PUENTE ALTO - COSTANERA 110KV,TRANSMISORA ELÉCTRICA CORDILLERA SPA,110.0,ZONAL,2023-04-10,-33.617757061272975,-70.55268691686825
SAN PEDRO - LAS VEGAS 110KV,COMPAÑÍA TRANSMISORA DEL NORTE GRANDE S.A.,110.0,ZONAL,2019-04-26,-32.87688833325717,-71.14775817321828
LABERINTO - EL COBRE (ENGIE) 220KV,CODELCO CHILE - DIVISIÓN GABRIELA MISTRAL,220.0,NACIONAL,2019-04-26,-23.45132396395994,-69.39693774963644
RIO BONITO - CENTRAL CALLAO 23KV,SISTEMA DE TRANSMISIÓN DEL SUR S.A.,23.0,DEDICADO,2021-09-05,-40.912973101465774,-72.36995473658588
COLBUN - CENTRAL MACHICURA 220KV,ALFA TRANSMISORA DE ENERGÍA S.A.,220.0,DEDICADO,2017-12-20,-35.71458500356133,-71.3772466370232
TAP LO VALLEDOR - LO VALLEDOR 110KV,SOCIEDAD TRANSMISORA METROPOLITANA II S.A.,110.0,ZONAL,2019-04-26,-33.480509432125025,-70.70974320688362
ALTO JAHUEL - FLORIDA 110KV,SOCIEDAD TRANSMISORA METROPOLITANA II S.A.,110.0,ZONAL,2019-04-26,-33.625058306768786,-70.62072679996236
FUTURO – ANDES (AES ANDES) 220KV,ANDES SOLAR II SPA,220.0,DEDICADO,2019-04-26,-24.015395698196976,-68.5753045281779
COCHRANE - ENCUENTRO 220 KV,EMPRESA ELÉCTRICA COCHRANE SPA,220.0,DEDICADO,2019-04-26,-22.812573173011813,-69.8659485039209
RIO AZUL - SANTA BARBARA,EDELAYSEN,23.0,S/I,2019-04-26,-42.92005275456312,-72.71290848851162
CENTRAL LAUTARO - LAUTARO 66KV,COMASA SPA,66.0,DEDICADO,2019-04-25,-38.54099485258767,-72.46456842544409
RUCUE - QUILECO 220KV,ALFA TRANSMISORA DE ENERGÍA S.A.,220.0,DEDICADO,2019-04-26,-37.35084568488804,-71.91245476861017
ALTO JAHUEL - CHENA 220KV,TRANSELEC S.A.,220.0,NACIONAL,2019-04-26,-33.64048146537764,-70.73135967117105
ANTILLANCA - CHIRRE 110KV,SISTEMA DE TRANSMISIÓN DEL SUR S.A.,110.0,DEDICADO,2017-12-20,-40.62930498529409,-72.66910576536031
TAP PETROQUIMICAS - PETRODOW 154KV,OCCIDENTAL CHEMICAL CHILE LTDA.,154.0,DEDICADO,2017-12-20,-36.7621773986241,-73.11731103546525
BAJO MELIPILLA -MANDINGA 66KV,CGE TRANSMISIÓN S.A.,66.0,ZONAL,2019-04-25,-33.74750270460757,-71.2314219027964
ALTO JAHUEL - BUIN 220KV,SOCIEDAD TRANSMISORA METROPOLITANA II S.A.,220.0,NACIONAL,2023-04-10,-33.71206835814146,-70.69262996289783
PUEBLO SECO - CHILLAN 154KV,TRANSELEC S.A.,154.0,ZONAL,2019-04-26,-36.74806715788939,-72.09097924952513
POLPAICO (TRANSELEC) - SECCIONADORA LO AGUIRRE 500KV,TRANSELEC S.A.,500.0,NACIONAL,2019-04-26,-33.31635134904109,-70.88143682176181
TAP SANTA RAQUEL - SANTA RAQUEL 110KV,SOCIEDAD TRANSMISORA METROPOLITANA II S.A.,110.0,ZONAL,2019-04-26,-33.56180506529444,-70.60002074647318
ESMERALDA - SUR 110KV,EMPRESA DE TRANSMISIÓN ELÉCTRICA TRANSEMEL S.A.,110.0,ZONAL,2019-04-26,-23.69707408877125,-70.39856913410199
TAP CLUB HIPICO - CLUB HIPICO 110KV,SOCIEDAD TRANSMISORA METROPOLITANA II S.A.,110.0,ZONAL,2019-04-26,-33.47459690100522,-70.66485847814914
CENTRAL NEHUENCO III - SAN LUIS 220KV,COLBÚN S.A.,220.0,DEDICADO,2023-04-10,-32.935280431022925,-71.31986442459346
DIEGO DE ALMAGRO - EL SALADO 110KV,TRANSELEC S.A.,110.0,DEDICADO,2019-04-26,-26.419332474824277,-70.17963515389917
CHUQUICAMATA - CHAMY 100KV,CODELCO CHILE - DIVISIÓN CHUQUICAMATA,110.0,DEDICADO,2019-04-26,-22.270388990773444,-68.91386623524939
COCHARCAS - SAN CARLOS 66KV,CGE TRANSMISIÓN S.A.,66.0,ZONAL,2019-04-26,-36.47299057041644,-72.0030696320938
TAP RENGO - RENGO 66KV,CGE TRANSMISIÓN S.A.,66.0,ZONAL,2017-12-20,-34.41491109869214,-70.85757645730321
SAN BERNARDO - MALLOCO 110KV,SOCIEDAD TRANSMISORA METROPOLITANA II S.A.,110.0,ZONAL,2019-04-26,-33.610899961963895,-70.78663958365496
MAITENCILLO - SARCO 220KV,AELA EÓLICA SARCO SPA,220.0,NACIONAL,2021-09-15,-28.742916866910857,-71.13839640830429
COPAYAPU -CERRILLOS 110KV,CGE TRANSMISIÓN S.A.,110.0,ZONAL,2019-04-26,-27.53113877291731,-70.32184019236608
ILLAPA - CUMBRES 220KV,DIEGO DE ALMAGRO TRANSMISORA DE ENERGÍA S.A.,220.0,NACIONAL,2021-09-15,-26.435307091075003,-70.04131393364725
PUENTE NEGRO – TINGUIRIRICA 220KV,LA HIGUERA TRANSMISIÓN S.A.,220.0,NACIONAL,2019-04-26,-34.64896636800551,-70.9412411243803
TAP SAN PABLO – LO AGUIRRE 110KV,SOCIEDAD TRANSMISORA METROPOLITANA II S.A.,110.0,ZONAL,2021-09-10,-33.440768477946406,-70.8382766576605
CENTRAL CHAPIQUIÑA - ARICA 66KV,ENGIE ENERGÍA CHILE S.A.,66.0,DEDICADO,2019-04-25,-18.46430912029519,-69.9119150248287
RIO MALLECO – MULCHEN 220KV,TRANSCHILE CHARRÚA TRANSMISIÓN S.A.,220.0,NACIONAL,2017-12-20,-37.86314279119616,-72.28444406726399
BARRO BLANCO - RIO NEGRO 66KV,SISTEMA DE TRANSMISIÓN DEL SUR S.A.,66.0,NACIONAL,2023-04-10,-40.67017400337437,-73.16070989914282
CARAMPANGUE - CURANILAHUE NORTE 66KV,CGE TRANSMISIÓN S.A.,66.0,ZONAL,2019-04-25,-37.36109489084407,-73.31039609252468
TOTORALILLO - ACONCAGUA 110KV,ALFA TRANSMISORA DE ENERGÍA S.A.,110.0,ZONAL,2019-04-26,-32.88321383915716,-70.41154048071051
SICPA,EDELMAG,66.0,S/I,2019-04-26,-53.12863145216771,-70.90777247020549
ENLACE - BUCALEMU 66KV,CMPC MADERAS SPA,66.0,DEDICADO,2019-04-25,-37.12351968114607,-72.37410893313663
MIRAFLORES - MARGA MARGA 110KV L1,CGE TRANSMISIÓN S.A.,110.0,ZONAL,2017-12-20,-33.02912558302605,-71.53575351874763
PITRUFQUEN - LASTARRIA 66 KV L1,CGE TRANSMISIÓN S.A.,66.0,ZONAL,2019-04-25,-39.175720072141,-72.66746165438349
946_PARRAL - CHARRUA 154KV,S/I,154.0,ZONAL,2019-04-26,-36.59470836741711,-72.01446054849234
MAYACA - TAP OFF MAYACA 110KV,CHILQUINTA TRANSMISIÓN S.A.,110.0,ZONAL,2021-09-10,-32.864535826553016,-71.2067327239857
207_PUNTA COLORADA - MAITENCILLO 220KV,S/I,220.0,NACIONAL,2019-04-26,-28.938341843274124,-70.89453753199005
MAITENCILLO - AGROSUPER 220KV,TRANSELEC S.A.,220.0,DEDICADO,2019-04-26,-28.53737673336849,-70.92497573448865
CHILOE - DALCAHUE 110KV,SISTEMA DE TRANSMISIÓN DEL SUR S.A.,110.0,ZONAL,2019-04-26,-42.256062714111,-73.71740367979095
CIRUELITO - RECINTO 33KV,COOPERATIVA DE CONSUMO DE ENERGÍA ELÉCTRICA CHILLÁN LTDA.,33.0,ZONAL,2017-12-20,-36.79750587181505,-71.74842038874121
FATIMA - HOSPITAL 66KV,CGE TRANSMISIÓN S.A.,66.0,ZONAL,2019-04-25,-33.836718032318664,-70.75134011442415
POLPAICO (TRANSELEC) - NUEVA LAMPA 220KV,TRANSELEC S.A.,220.0,NACIONAL,2019-04-26,-33.36842728693784,-70.73548696913113
LLOLLELHUE - LA UNION 66KV,SISTEMA DE TRANSMISIÓN DEL SUR S.A.,66.0,ZONAL,2019-04-25,-40.22961357532286,-72.97887483045474
MULCHEN - LOS NOTROS 220KV,ALFA TRANSMISORA DE ENERGÍA S.A.,220.0,NACIONAL,2019-04-26,-37.70243539113692,-72.03970774821518
TOTORALILLO - CENTRAL CHACABUQUITO 110KV,ALFA TRANSMISORA DE ENERGÍA S.A.,110.0,ZONAL,2023-04-10,-32.85378571499996,-70.50578109199995
CARRERA PINTO - PASTORA 220KV,ENEL GREEN POWER CHILE S.A.,220.0,DEDICADO,2019-04-26,-27.000003078522436,-69.88938163420292
CHARRUA – SECCIONADORA EL ROSAL 220KV,TRANSELEC S.A.,220.0,NACIONAL,2019-04-26,-37.16988920159349,-72.33095036289646
TALCAHUANO - LATORRE 66KV L2,CGE TRANSMISIÓN S.A.,66.0,ZONAL,2019-04-25,-36.72738470009725,-73.12057322516063
SANTA CRUZ - LIHUIEIMO 66KV,CGE TRANSMISIÓN S.A.,66.0,ZONAL,2019-04-25,-34.58023526321016,-71.38077009144486
PAN DE AZUCAR - EL PEÑON 110KV,CGE TRANSMISIÓN S.A.,110.0,ZONAL,2019-04-26,-30.05846144993843,-71.25246462252623
TINEO - PUERTO MONTT 220 KV,TRANSELEC S.A.,220.0,NACIONAL,2023-04-10,-41.3361846707544,-73.00264025291662
ENLACE - FIBRANOVA 66KV,MASISA S.A.,66.0,ZONAL,2019-04-25,-37.0592604254137,-72.34958165597114
RIO ACONCAGUA – NUEVA PANQUEHUE 110KV,ALFA TRANSMISORA DE ENERGÍA S.A.,110.0,ZONAL,2019-04-26,-32.8099773977708,-70.95062045210938
DOMEYKO - OGP1 220KV,MINERA ESCONDIDA LTDA.,220.0,DEDICADO,2019-04-26,-24.30194349931586,-69.09908370734767
ENTRE RIOS - CHARRUA 500KV,TRANSELEC S.A.,500.0,NACIONAL,2019-04-26,-37.036058637166775,-72.26583457850047
PUNTA DE CORTES - TINGUIRIRICA 154KV,TRANSELEC S.A.,154.0,ZONAL,2019-04-26,-34.39966086373344,-70.93214848021073
ROSARIO - SAN FERNANDO 66KV,CGE TRANSMISIÓN S.A.,66.0,ZONAL,2019-04-25,-34.47900759891656,-70.89484235979133
TAP LOS DOMINICOS - LOS DOMINICOS 110KV,SOCIEDAD TRANSMISORA METROPOLITANA II S.A.,110.0,ZONAL,2019-04-26,-33.41299978104749,-70.51635026795667
668_QUILLOTA - LOS PIUQUENES 220KV,S/I,220.0,DEDICADO,2019-04-26,-32.369223203753144,-70.8688495729756
CARDONES - REFUGIO 110KV,COMPAÑÍA MINERA MARICUNGA,110.0,DEDICADO,2017-12-20,-27.613723432533806,-69.84559557151303
RENCA - BRASIL 110KV,SOCIEDAD TRANSMISORA METROPOLITANA II S.A.,110.0,ZONAL,2019-04-26,-33.42384043669755,-70.6769196423044
TAP SAN RAFAEL - SAN RAFAEL 44KV,CHILQUINTA TRANSMISIÓN S.A.,44.0,ZONAL,2019-04-26,-32.81686723615506,-70.60904572454751
CENTRAL LOS OLIVOS - CHOAPA 110KV,ESPINOS S.A.,110.0,DEDICADO,2019-04-26,-31.936993710767965,-71.4763977809789
DUQUECO - LOS PEUMOS 220KV,TRANSELEC S.A.,220.0,NACIONAL,2019-04-26,-37.880853425864274,-72.33647743680197
PARANAL - ARMAZONES 66KV,SISTEMA DE TRANSMISIÓN DEL SUR S.A.,66.0,ZONAL,2021-09-15,-24.824797864625445,-70.3847051393019
MALLOA - QUINTA DE TILCOCO 66KV,CGE TRANSMISIÓN S.A.,66.0,ZONAL,2019-04-25,-34.405137974967715,-70.95878037340707
RAPEL - SECCIONADORA ALTO MELIPILLA 220KV,ELETRANS II S.A.,220.0,NACIONAL,2023-04-10,-33.89651626226742,-71.3402634787201
TAP CENTRAL SANTA MARTA - CENTRAL SANTA MARTA 220KV,CONSORCIO SANTA MARTA S.A.,220.0,ZONAL,2019-04-26,-33.69664469241372,-70.79006178298651
DIEGO DE ALMAGRO - ILLAPA 220KV L2,ELETRANS S.A.,220.0,NACIONAL,2021-12-02,-26.49863972844619,-69.97007378351323
TIQUIMA - PAGUANA 220KV,TRANSELEC S.A.,220.0,DEDICADO,2019-04-26,-20.988576650504623,-69.0190846328449
MONTENEGRO  - MONTERRICO 154KV,TRANSELEC S.A.,154.0,ZONAL,2019-04-26,-36.68553036744208,-72.07453677384957
EL MAITEN - EL PAICO 66KV,CGE TRANSMISIÓN S.A.,66.0,ZONAL,2019-04-25,-33.68733910093576,-71.11770572965247
JUNCALITO - HORNITOS 11KV,ALFA TRANSMISORA DE ENERGÍA S.A.,11.0,DEDICADO,2023-04-10,-32.90161602571615,-70.26635499284798
NUEVA ZALDIVAR - OGP1 220KV,MINERA ESCONDIDA LTDA.,220.0,DEDICADO,2019-04-26,-24.26049580307817,-69.09507933122127
NUEVA POZO ALMONTE – POZO ALMONTE 220KV,EDELNOR TRANSMISIÓN S.A.,220.0,NACIONAL,2023-04-10,-20.28646663204013,-69.76093531578707
PARINACOTA – WILLKA 220kV,INVERSIONES FOTOVOLTAICAS SPA,220.0,DEDICADO,2019-04-26,-18.49404379813699,-70.18744738001469
LAS VIOLETAS - IMPERIAL 66 KV,SISTEMA DE TRANSMISIÓN DEL SUR S.A.,66.0,ZONAL,2023-04-10,-38.753491866852606,-72.9234856193402
TAP PAINE - PAINE 154KV,CGE TRANSMISIÓN S.A.,154.0,ZONAL,2019-04-26,-33.82840183899347,-70.7528481136765
LA CALERA - LAS VEGAS 44KV,CHILQUINTA TRANSMISIÓN S.A.,44.0,ZONAL,2021-09-10,-32.840975212725645,-71.11382798820064
CHARRUA - LAJA 66KV,TRANSELEC S.A.,66.0,ZONAL,2019-04-25,-37.22774075446915,-72.48745820822023
SAN CLEMENTE COLBUN - CHIBURGO 66KV,ALFA TRANSMISORA DE ENERGÍA S.A.,66.0,DEDICADO,2019-04-25,-35.62649161938536,-71.35581801362795
LOS MAQUIS - HORNITOS 220KV,ALFA TRANSMISORA DE ENERGÍA S.A.,220.0,DEDICADO,2019-04-26,-32.90557099840577,-70.34188668741956
ALGARROBAL – MAITENCILLO 220KV,TRANSELEC S.A.,220.0,NACIONAL,2023-04-10,-28.377203492651304,-70.76278199344854
PFV JAVIERA - TAL TAL 110KV,CGE TRANSMISIÓN S.A.,110.0,ZONAL,2019-04-26,-25.861080898048105,-70.32424327673175
TAP OFF 418 - 418 69 KV,MINERA ESCONDIDA LTDA.,66.0,DEDICADO,2019-04-26,-24.390140899999977,-69.13684619849997
MAULE - TALCA 66KV,CGE TRANSMISIÓN S.A.,66.0,ZONAL,2019-04-25,-35.45111720084724,-71.59604615372432
CARDONES - NUEVA CARDONES 220KV,INTERCHILE S.A.,220.0,NACIONAL,2019-04-26,-27.50382908141244,-70.40672533586583
PURI - DOMEYKO 220KV,MINERA ESCONDIDA LTDA.,220.0,DEDICADO,2019-04-26,-24.18636575555272,-69.27473069009922
CONCHI - EL ABRA 220KV,TRANSELEC S.A.,220.0,DEDICADO,2019-04-26,-21.98138076869874,-68.70788836624256
PILAUCO - REMEHUE 66KV,SISTEMA DE TRANSMISIÓN DEL SUR S.A.,66.0,ZONAL,2019-04-25,-40.56020247733542,-73.08148837892207
CENTRAL CERRO TIGRE - TIGRE 220KV,AR CERRO TIGRE SPA,220.0,DEDICADO,2023-04-10,-23.800171614528853,-69.89832346497288
CONDORES - PACIFICO 110KV,EMPRESA DE TRANSMISIÓN ELÉCTRICA TRANSEMEL S.A.,110.0,ZONAL,2019-04-26,-20.22635081969492,-70.10864888832013
MELIPULLI - ALTO BONITO 110KV,SISTEMA DE TRANSMISIÓN DEL SUR S.A.,110.0,ZONAL,2017-12-20,-41.478570517710125,-73.00521917452546
LO PRADO - CURACAVI 44KV,SOCIEDAD TRANSMISORA METROPOLITANA II S.A.,44.0,ZONAL,2017-12-20,-33.449550615614285,-70.98221649114991
KM6 - SOPLADORES 100KV,CODELCO CHILE - DIVISIÓN CHUQUICAMATA,110.0,DEDICADO,2017-12-20,-22.317649408403017,-68.88596977507876
CENTRAL CIPRESES - CENTRAL ISLA 154KV,TRANSELEC S.A.,154.0,DEDICADO,2019-04-26,-35.79659241926148,-70.8204259928665
FUNDICION CHAGRES - NUEVA PANQUEHUE 110KV,ALFA TRANSMISORA DE ENERGÍA S.A.,110.0,ZONAL,2019-04-26,-32.80672364595434,-70.9344122280159
OLAP - SULFUROS 69KV,MINERA ESCONDIDA LTDA.,69.0,DEDICADO,2023-04-10,-24.24241760943488,-69.11136960834352
ATACAMA - ESMERALDA 220KV,TRANSELEC S.A.,220.0,ZONAL,2019-04-26,-23.38516551264577,-70.40570286521232
CHIU CHIU - CALAMA NUEVA 110KV,ACCIONA ENERGÍA CHILE HOLDINGS S.A.,110.0,DEDICADO,2023-04-10,-22.446658208170835,-68.86885954651648
TAP OFF TAMARUGAL - LA HUAYCA II 66KV,SPS LA HUAYCA S.A.,66.0,DEDICADO,2017-12-20,-20.45070896994306,-69.61278294787715
VALDIVIA (STS) - CHUMPULLO 66kV,SISTEMA DE TRANSMISIÓN DEL SUR S.A.,66.0,DEDICADO,2017-12-20,-39.79376937392991,-73.18481729563828
ALONSO DE RIBERA - EJERCITO 66KV L2,CGE TRANSMISIÓN S.A.,66.0,ZONAL,2019-04-25,-36.8148668620772,-73.04722553505611
PARRAL - CAUQUENES 66KV,CGE TRANSMISIÓN S.A.,66.0,ZONAL,2019-04-25,-36.04363003476518,-72.0553238081904
PUNTA DE CORTES - CACHAPOAL 66KV,CGE TRANSMISIÓN S.A.,66.0,ZONAL,2017-12-20,-34.184499883987534,-70.79584642647428
POLPAICO (TRANSELEC) - QUILAPILUN 220KV C2,ALFA TRANSMISORA DE ENERGÍA S.A.,220.0,NACIONAL,2023-04-10,-33.13834272366544,-70.76048465358372
DON HECTOR - CENTRAL PAJONALES 220KV,PRIME ENERGÍA QUICKSTART SPA,220.0,DEDICADO,2021-09-15,-29.117492615474475,-70.92540340143259
TARAPACA - PUERTO PATACHE 220KV,TRANSELEC S.A.,220.0,ZONAL,2019-04-26,-20.797429346700905,-70.18365272345697
LUCERO - CHILLAN 66KV,CGE TRANSMISIÓN S.A.,66.0,ZONAL,2019-04-25,-36.71271704535972,-72.1325415249227
TAP LA ERMITA - LA ERMITA 220KV,ANGLO AMERICAN LOS BRONCES,220.0,DEDICADO,2019-04-26,-33.36992426425805,-70.40278006393518
HADES - PURI 220KV,ENEL GREEN POWER CHILE S.A.,220.0,DEDICADO,2019-04-26,-24.077252826577286,-69.51201376794363
CENTRAL DIESEL TAMAYA - A 110KV,ENGIE ENERGÍA CHILE S.A.,110.0,DEDICADO,2017-12-20,-22.27125628791244,-69.49840787207198
CENTRAL CORRALES – CENTRAL PUNTA DEL VIENTO 23KV,HIDROELÉCTRICA PUNTA DEL VIENTO SPA,23.0,DEDICADO,2023-04-10,-34.74779990754573,-70.42230143247659
FLORIDA - LOS ALMENDROS 110KV,SOCIEDAD TRANSMISORA METROPOLITANA II S.A.,110.0,ZONAL,2019-04-26,-33.48673286557622,-70.52471059716173
CONCON - BOSQUEMAR 110KV,CHILQUINTA TRANSMISIÓN S.A.,110.0,ZONAL,2016-08-01,-32.9384368328685,-71.49524346763295
RIO AZUL - FUTALEUFU,EDELAYSEN,23.0,S/I,2019-04-26,-43.33174821040262,-72.01513775508504
YUNGAY - CHARRUA 154KV,CENTRAL YUNGAY S.A.,154.0,DEDICADO,2019-04-26,-37.09946181561724,-72.30516663610507
CENTRAL LA HIGUERA - CENTRAL LA CONFLUENCIA 220KV,HIDROELÉCTRICA LA CONFLUENCIA S.A.,154.0,DEDICADO,2019-04-26,-34.792877164315335,-70.63402251758554
SANTA ROSA (CGE) - ALHUE 66KV,CGE TRANSMISIÓN S.A.,66.0,ZONAL,2019-04-25,-34.01652097242534,-71.18971833765055
CENTRAL MAMPIL - CENTRAL PEUCHEN 23KV,DUQUECO SPA,23.0,DEDICADO,2021-09-05,-37.54719509831059,-71.65225620424296
MAIPO - CANDELARIA 220KV,ALFA TRANSMISORA DE ENERGÍA S.A.,220.0,NACIONAL,2019-04-26,-33.86874107676009,-70.62698198314222
TAP LA CISTERNA - LA CISTERNA 110KV,SOCIEDAD TRANSMISORA METROPOLITANA II S.A.,110.0,ZONAL,2019-04-26,-33.52025137315311,-70.67689080255549
PALPANA - CRUCERO 220 KV C1,ENGIE ENERGÍA CHILE S.A.,220.0,DEDICADO,2019-04-26,-22.27287365478265,-69.52008135754018
COLBUN - ANCOA 220KV,ALFA TRANSMISORA DE ENERGÍA S.A.,220.0,NACIONAL,2023-04-10,-35.68523677680928,-71.37680684014202
RANCAGUA - EST. E-172 (TAP TUNICHE) 154kV,TRANSELEC S.A.,154.0,ZONAL,2019-04-26,-34.12825862823161,-70.7447304102251
ISLA DE MAIPO - EL MONTE 66KV,CGE TRANSMISIÓN S.A.,66.0,ZONAL,2017-12-20,-33.707805140923604,-70.94857208802425
ANGOL - COLLIPULLI 66KV,CGE TRANSMISIÓN S.A.,66.0,ZONAL,2017-12-20,-38.00784254497823,-72.44550399659789
TAP FPC - FPC 154KV,FORESTAL Y PAPELERA CONCEPCIÓN S.A.,154.0,ZONAL,2019-04-26,-36.93506107262096,-73.15303849827036
CANAL MELADO - LOMA ALTA 220KV,TRANSELEC S.A.,220.0,DEDICADO,2019-04-26,-35.75259034411111,-71.02087604632945
TAP ALTO MELIPILLA - ALTO MELIPILLA 110KV,CGE TRANSMISIÓN S.A.,110.0,ZONAL,2019-04-26,-33.69077012172702,-71.23732988545616
CODELCO VENTANAS 1 - CODELCO VENTANAS 2 110KV,CODELCO CHILE - DIVISIÓN VENTANAS,110.0,ZONAL,2019-04-26,-32.763224076909786,-71.48486040002071
SAUZAL - ALTO JAHUEL 110KV,TRANSELEC S.A.,110.0,ZONAL,2019-04-26,-33.98788573577929,-70.67198092250678
SAN PEDRO - PEÑABLANCA 110KV,CHILQUINTA TRANSMISIÓN S.A.,110.0,ZONAL,2021-09-10,-32.984310182930656,-71.31378970048289
CHUQUICAMATA - 10 100KV,CODELCO CHILE - DIVISIÓN CHUQUICAMATA,110.0,DEDICADO,2019-04-26,-22.306950431477368,-68.90437689713072
SAN PEDRO - QUILLOTA 110KV,COMPAÑÍA TRANSMISORA DEL NORTE GRANDE S.A.,110.0,ZONAL,2017-12-20,-32.944851458712336,-71.25866716635764
TAP OFF QUILPUE - QUILPUE 110KV,CHILQUINTA TRANSMISIÓN S.A.,110.0,ZONAL,2019-04-26,-33.023681940342854,-71.42742153931351
NUEVA CARDONES - NUEVA MAITENCILLO 500KV,INTERCHILE S.A.,500.0,NACIONAL,2019-04-26,-28.0822111516655,-70.64908219090101
MEJILLONES - EL LINCE 110KV,MINERA HMC S.A.,110.0,DEDICADO,2019-04-26,-22.966403547504434,-70.23490297240048
CACHAPOAL - MACHALI 66KV,CGE TRANSMISIÓN S.A.,66.0,ZONAL,2019-04-25,-34.20144233342931,-70.71043104173664
TAP LO ESPEJO - LO ESPEJO 110KV,SOCIEDAD TRANSMISORA METROPOLITANA II S.A.,110.0,ZONAL,2023-04-10,-33.50967352199996,-70.68470059449996
LLANTA - SALVADOR 110KV,CODELCO CHILE - DIVISIÓN EL SALVADOR,110.0,DEDICADO,2019-04-26,-26.307695973654727,-69.70173728347605
CANUTILLAR - PUERTO MONTT 220KV,TRANSELEC S.A.,220.0,DEDICADO,2019-04-26,-41.46233758157348,-72.64367122029107
LOS QUILOS - ACONCAGUA 66KV,ALFA TRANSMISORA DE ENERGÍA S.A.,66.0,DEDICADO,2019-04-25,-32.9010840514223,-70.3685153806617
EL PEÑON - MINERA TECK CDA 110KV,CGE TRANSMISIÓN S.A.,110.0,ZONAL,2019-04-26,-30.210700471006906,-71.15189608306044
PUNTA COLORADA - DON HECTOR 220KV,TRANSELEC S.A.,220.0,NACIONAL,2023-04-10,-29.23368625157794,-71.00823696733742
OASIS - TAP OASIS 220KV,ENGIE ENERGÍA CHILE S.A.,220.0,DEDICADO,2023-04-10,-22.48538646480518,-68.80987994152346
LOS NOTROS - RALCO 220KV,TRANSELEC S.A.,220.0,DEDICADO,2019-04-26,-37.86355861045652,-71.67287943621902
TAP LAJUELAS - SANTA ELISA 33KV,COOPERATIVA DE CONSUMO DE ENERGÍA ELÉCTRICA CHILLÁN LTDA.,33.0,ZONAL,2017-12-20,-36.63497686139582,-72.15729028719943
A3_CENTRAL SAN FRANCISCO MOSTAZAL - SAN FRANCISCO MOSTAZAL,S/I,66.0,ZONAL,2019-04-26,-33.98214294150278,-70.70029441643858
ALTO JAHUEL - MAIPO 220KV,ALFA TRANSMISORA DE ENERGÍA S.A.,220.0,NACIONAL,2019-04-26,-33.71484658515876,-70.69252797942927
LOS MAITENES - SAN FRANCISCO 66KV,ANGLO AMERICAN LOS BRONCES,66.0,DEDICADO,2017-12-20,-33.23914279677438,-70.34297375096801
PAJONALES - TAP PAJONALES 110KV,EUROPEAN SOUTHERN OBSERVATORY,110.0,DEDICADO,2023-04-10,-29.156127862499943,-70.92033182749998
ANCUD - CHILOE 110KV,SISTEMA DE TRANSMISIÓN DEL SUR S.A.,110.0,ZONAL,2019-04-26,-42.011678356441166,-73.78773346403858
ENTRE RIOS - ANCOA 500KV,TRANSELEC S.A.,500.0,NACIONAL,2019-04-26,-36.32323063595054,-71.78992756653315
LABERINTO - NUEVA ZALDIVAR 220KV L1,MINERA ESCONDIDA LTDA.,220.0,NACIONAL,2019-04-26,-23.813756569113853,-69.2678790120769
LAGUNAS - GRANJA SOLAR 220KV,MARÍA ELENA SOLAR S.A.,220.0,DEDICADO,2021-09-20,-20.830454990090416,-69.58695753971973
TAP VITOR N°2 - CENTRAL PAMPA CAMARONES 23KV,ENGIE ENERGÍA CHILE S.A.,23.0,DEDICADO,2021-09-20,-18.90795458774259,-70.1418808819625
FRUTILLAR NORTE - TINEO 220 KV,TRANSELEC S.A.,220.0,NACIONAL,2023-04-10,-41.16238392449272,-73.13375922306133
RIO TOLTEN - CUNCO 110KV,TRANSMISORA MELIPEUCO S.A.,110.0,DEDICADO,2019-04-26,-38.978001963308,-72.39085517390664
PADRE LAS CASAS - PITRUFQUEN 66KV L1,CGE TRANSMISIÓN S.A.,66.0,ZONAL,2019-04-25,-38.87747541173457,-72.6283671771097
ALAMEDA – CACHAPOAL 66KV,CGE TRANSMISIÓN S.A.,66.0,ZONAL,2019-04-26,-34.18056283779034,-70.73650111665984
RIO SALADO - POTRERILLOS 110 KV,CODELCO CHILE - DIVISIÓN EL SALVADOR,110.0,ZONAL,2023-04-10,-26.357199514046343,-69.68976641235051
MAULE – SANTA ISABEL 220KV,CGE TRANSMISIÓN S.A.,220.0,NACIONAL,2023-04-10,-35.49324027703605,-71.44452563220148
TAP GRANEROS - GRANEROS 66KV,CGE TRANSMISIÓN S.A.,66.0,ZONAL,2019-04-25,-34.060814499999964,-70.70928599999996
CERRO DOMINADOR - SIERRA GORDA 220KV,TRANSMISORA MEJILLONES S.A.,220.0,ZONAL,2023-04-10,-22.85257090108833,-69.42228330903583
SANGRA - MELIPULLI 66KV,SISTEMA DE TRANSMISIÓN DEL SUR S.A.,66.0,ZONAL,2019-04-25,-41.422356901044935,-72.95641495362108
LLOLLELHUE - NUEVA PICHIRROPULLI 66KV,SISTEMA DE TRANSMISIÓN DEL SUR S.A.,66.0,NACIONAL,2023-04-10,-40.16143133412748,-72.8867703978418
CENTRAL LA CONFLUENCIA - CENTRAL EL PASO 220KV,HIDROELÉCTRICA EL PASO SPA,154.0,DEDICADO,2019-04-26,-34.91281868807799,-70.5019887856917
MINERO - INTERCONEXION MAITENES 110KV,CODELCO CHILE - DIVISIÓN EL TENIENTE,110.0,DEDICADO,2017-12-20,-34.18003160635708,-70.54801235388025
PUNTA COLORADA - PARQUE EOLICO SAN JUAN 220KV,SAN JUAN S.A.,220.0,DEDICADO,2019-04-26,-29.116386950507252,-71.207417596232
TAP OFF OESTE - MINSAL 110KV,AES ANDES S.A.,110.0,DEDICADO,2019-04-26,-23.575745696447896,-68.53235858286911
TORQUEMADA - MAUCO 110KV,ENAP REFINERIAS S.A. - ACONCAGUA,110.0,DEDICADO,2019-04-26,-32.93667364187252,-71.48453403875227
EL PENON - ANDACOLLO 66KV,CGE TRANSMISIÓN S.A.,66.0,ZONAL,2019-04-25,-30.17077375388081,-71.14196672271854
TAP SDGX01 - SDGX01 23KV,ENGIE ENERGÍA CHILE S.A.,23.0,ZONAL,2023-04-10,-30.229422557671548,-71.09351245949007
KAPATUR - LABERINTO 220KV,COMPAÑÍA TRANSMISORA DEL NORTE GRANDE S.A.,220.0,NACIONAL,2017-12-20,-23.410596031846797,-69.97990425432836
COLO COLO - EJERCITO 66KV,CGE TRANSMISIÓN S.A.,66.0,ZONAL,2023-04-10,-36.81629776954148,-73.05460391485995
MAITENCILLO - CARDONES 110KV,TRANSELEC S.A.,110.0,DEDICADO,2019-04-26,-28.03664621194219,-70.61613640502868
CUMBRES - MALGARIDA 220KV,ALMEYDA SPA,220.0,NACIONAL,2023-04-10,-26.257831515020523,-69.97338981710782
PAPOSO - SECCIONADORA FRANCISCO 220KV,TRANSELEC S.A.,220.0,DEDICADO,2021-09-23,-25.242705803395506,-70.3399317653821
ANDES (AES ANDES) - NUEVA ZALDIVAR 220KV,AES ANDES S.A.,220.0,DEDICADO,2017-12-20,-24.152009996743264,-68.81647504739753
CALAMA NUEVA - CALAMA 110KV,EMPRESA DE TRANSMISIÓN ELÉCTRICA TRANSEMEL S.A.,110.0,DEDICADO,2023-04-10,-22.428998278021503,-68.92312226338704
METRO - OCHAGAVIA 110KV,SOCIEDAD TRANSMISORA METROPOLITANA II S.A.,110.0,ZONAL,2023-04-10,-33.464234409877704,-70.65913903365137
FFCC LOS ANDES - JUNCAL 44KV,CHILQUINTA TRANSMISIÓN S.A.,44.0,ZONAL,2017-12-20,-32.876465880205544,-70.37166005218089
MESAMAVIDA - SANTA LUISA 154KV,ENERGIA EÓLICA MESAMAVIDA SPA,154.0,ZONAL,2023-04-10,-37.486463637092925,-72.462497905073
CORONEL - ARENAS BLANCAS 66KV,CGE TRANSMISIÓN S.A.,66.0,ZONAL,2019-04-25,-37.00843051979936,-73.16443434761358
SAN LUIS - QUILLOTA 220KV,TRANSMISORA ELÉCTRICA DE QUILLOTA S.A.,220.0,NACIONAL,2019-04-26,-32.95352449676796,-71.28883614252938
VALLE ESCONDIDO - CARDONES 220 KV,AR ESCONDIDO SPA,220.0,ZONAL,2023-04-10,-27.64884074650076,-70.32059100129588
TAP OFF LA NEGRA - INACESA 23KV,INACAL S.A.,23.0,DEDICADO,2017-12-20,-23.781564174828787,-70.3220289667312
A6_PAILLACO - PICHIRROPULLI,S/I,66.0,ZONAL,2019-04-26,-40.12090799850106,-72.87125700693892
CHARRUA - LOS GUINDOS 220KV,LOS GUINDOS GENERACIÓN SPA,220.0,NACIONAL,2019-04-26,-37.09809447969215,-72.3071030324129
PAINE - ISLA DE MAIPO 66KV,CGE TRANSMISIÓN S.A.,66.0,ZONAL,2019-04-25,-33.75527108909485,-70.83399421516738
ISLA DE MAIPO - PAPELERA TALAGANTE 66KV,CGE TRANSMISIÓN S.A.,66.0,ZONAL,2019-04-25,-33.70984421022112,-70.93156196290757
MESETA DE LOS ANDES - LOS MAQUIS 220kV,TERCERA REGIÓN SOLAR SPA,220.0,DEDICADO,2019-04-26,-32.907123472301855,-70.47467290124092
DOMEYKO - SVC DOMEYKO 220KV,MINERA ESCONDIDA LTDA.,220.0,DEDICADO,2019-04-26,-24.24303461661527,-69.10165305358666
LOS PEUMOS - VICTORIA 66KV,CGE TRANSMISIÓN S.A.,66.0,ZONAL,2023-04-10,-38.24502648649997,-72.31746899149994
DUQUECO – SANTA BARBARA 66KV,PALMUCHO S.A.,66.0,DEDICADO,2019-04-26,-37.57918973011401,-72.17487543712726
DIGUA - TAP CATILLO 220KV,ELÉCTRICA DIGUA SPA,220.0,DEDICADO,2021-09-05,-36.25107853355905,-71.55407949824517
SAN JAVIER - VILLA ALEGRE 66KV,CGE TRANSMISIÓN S.A.,66.0,ZONAL,2019-04-25,-35.63987932222556,-71.67924284611001
QUELENTARO - LAS ARAÑAS 110KV,CGE TRANSMISIÓN S.A.,110.0,ZONAL,2019-04-26,-33.977053461907886,-71.49952355637728
CENTINELA - EL TESORO 220KV,RED ELÉCTRICA DEL NORTE 2 S.A.,220.0,DEDICADO,2019-04-26,-22.92877350895784,-69.117563347532
TEMUCO - PADRE LAS CASAS 66KV L1,CGE TRANSMISIÓN S.A.,66.0,ZONAL,2019-04-25,-38.7465747786027,-72.57408284228318
PILLANLELBUN - TEMUCO 66KV,CGE TRANSMISIÓN S.A.,66.0,ZONAL,2019-04-25,-38.67206051557613,-72.51364268848093
CONCEPCION - ALONSO DE RIBERA 154KV,CGE TRANSMISIÓN S.A.,66.0,ZONAL,2017-12-20,-36.8045530427367,-73.03255460000778
CENTRAL COLMITO - TORQUEMADA 110KV,CENTRAL COLMITO S.A.,110.0,ZONAL,2019-04-26,-32.93241910945635,-71.47268336414018
EL LAUREL - NUEVA PICHIRROPULLI 220KV,TRANSELEC S.A.,220.0,NACIONAL,2017-12-20,-39.98944112904446,-73.0191713443252
LA MISION - REMEHUE 66KV,SISTEMA DE TRANSMISIÓN DEL SUR S.A.,66.0,ZONAL,2019-01-25,-40.53867877404022,-73.1437426268727
LIHUEIMO - MARCHIGUE 66KV,CGE TRANSMISIÓN S.A.,66.0,ZONAL,2019-04-25,-34.468106281546966,-71.51419682209782
MEJILLONES - O'HIGGINS 220KV,MINERA ESCONDIDA LTDA.,220.0,DEDICADO,2019-04-26,-23.393352339827263,-70.31805390458385
LAGUNILLAS - HUALQUI 220KV,TRANSELEC S.A.,220.0,NACIONAL,2019-04-26,-36.99556708578319,-73.02213898372604
SAUZAL - COYA 66KV,PACIFIC HYDRO CHILE S.A.,66.0,DEDICADO,2019-04-25,-34.248812451588705,-70.57678595835546
CARDONES - SECCIONADORA LLANO DE LLAMPOS 220KV,TECNOCAP S.A.,220.0,DEDICADO,2019-04-26,-27.3614611994367,-70.24237926242024
CRUCERO - EST. 340 (SALAR) 220KV,ENGIE ENERGÍA CHILE S.A.,220.0,DEDICADO,2019-04-26,-22.293952652390335,-69.20652134526163
KIMAL - CRUCERO 220KV,SOCIEDAD AUSTRAL DE TRANSMISIÓN TRONCAL S.A.,220.0,NACIONAL,2017-12-20,-22.28725562208709,-69.5307817512505
PAGUANA - PUQUIOS 220KV,TRANSELEC S.A.,220.0,DEDICADO,2019-04-26,-20.97843077314883,-68.89579061363544
IQUIQUE - POZO ALMONTE 66KV,ENGIE ENERGÍA CHILE S.A.,66.0,DEDICADO,2019-04-25,-20.239274976832863,-69.95176750378107
TAP OFF MARIA DOLORES - CELULOSA LAJA 220KV,CMPC PULP SPA.,220.0,NACIONAL,2019-04-26,-37.35253911456759,-72.57348853636712
HUALPEN - LAGUNILLAS 154KV,TRANSELEC S.A.,154.0,ZONAL,2019-04-26,-36.89411343003352,-73.13994106763951
TAP OFF PACHACAMA - LA CALERA 110KV,COMPAÑÍA TRANSMISORA DEL NORTE GRANDE S.A.,110.0,DEDICADO,2019-04-26,-32.8245514720571,-71.17358210023133
640 - 940 69KV,MINERA ESCONDIDA LTDA.,69.0,DEDICADO,2023-04-10,-24.285952537308965,-69.0405183788161
LA PORTADA - GUARDIAMARINA 110KV,EMPRESA DE TRANSMISIÓN ELÉCTRICA TRANSEMEL S.A.,110.0,ZONAL,2019-04-26,-23.560390821876453,-70.37360219521214
BOLERO - LABERINTO 220KV,HELIO ATACAMA TRES SPA,220.0,DEDICADO,2019-04-26,-23.45724581744341,-69.41101953171999
TAP OFF NUEVA VICTORIA - LLAMARA 66KV,SOCIEDAD QUÍMICA Y MINERA DE CHILE S.A.,66.0,DEDICADO,2019-04-25,-21.041111552983985,-69.62159817556781
CHARRUA - SANTA LIDIA 220KV,TRANSELEC S.A.,220.0,DEDICADO,2019-04-26,-37.09284749999995,-72.31819249999995
EL SALTO - CERRO NAVIA 110KV,SOCIEDAD TRANSMISORA METROPOLITANA II S.A.,110.0,ZONAL,2019-04-26,-33.383980497406,-70.65602495177998
CERRO NAVIA - SAN PABLO 110KV,SOCIEDAD TRANSMISORA METROPOLITANA II S.A.,110.0,ZONAL,2021-09-10,-33.42330522236963,-70.74912421207446
CENTRAL CARENA - LO PRADO 44KV,ALFA TRANSMISORA DE ENERGÍA S.A.,44.0,DEDICADO,2017-12-20,-33.49187537210953,-70.92915944274836
ESTANCILLA - LOS ANDES (FFCC) 44kV,CHILQUINTA TRANSMISIÓN S.A.,44.0,S/I,2019-04-26,-32.792617606759244,-70.76895423280091
AIHUAPI - LOS NEGROS 66KV,EMPRESA ELÉCTRICA CAPULLO S.A.,66.0,ZONAL,2019-04-25,-40.63510654904604,-72.7515975650958
SAN JAVIER - CONSTITUCION 66KV,TRANSELEC S.A.,66.0,ZONAL,2019-04-25,-35.53339611420963,-72.07384758536054
TAP SAN BERNARDO - SAN BERNARDO 110KV,SOCIEDAD TRANSMISORA METROPOLITANA II S.A.,110.0,ZONAL,2019-04-26,-33.61153167044288,-70.71736010003896
CHACAYA - MEJILLONES 110KV,ENGIE ENERGÍA CHILE S.A.,110.0,DEDICADO,2019-04-26,-23.09376366213157,-70.4158347222608
MELIPULLI - PARGUA 220KV,SISTEMA DE TRANSMISIÓN DEL SUR S.A.,220.0,NACIONAL,2019-04-29,-41.60350437895785,-73.22444409788842
SECCIONADORA ALTO MELIPILLA - SECCIONADORA LO AGUIRRE 220KV,ELETRANS II S.A.,220.0,NACIONAL,2023-04-10,-33.554712481832034,-71.07130463992026
ATACAMA - O'HIGGINS 220KV,KELTI S.A.,220.0,NACIONAL,2019-04-26,-23.393944619839218,-70.3168742575021
TAP OFF LAS PINATAS - LAS PINATAS 66KV,LITORAL TRANSMISIÓN S.A.,66.0,ZONAL,2019-04-26,-33.375431787063754,-71.61735112481017
LAS PALMAS - TOTORAL 2 220KV,NORVIND S.A.,220.0,DEDICADO,2019-04-26,-31.28821053976537,-71.59072240971025
TAP IMPULSION - IMPULSION 110KV,GUACOLDA ENERGÍA SPA,110.0,DEDICADO,2019-04-26,-27.21356146811218,-70.35230967602892
FRUTILLAR - LLANQUIHUE 66KV,SISTEMA DE TRANSMISIÓN DEL SUR S.A.,66.0,ZONAL,2023-04-10,-41.208125476827256,-73.03367522086418
SECCIONADORA RIO TOLTEN - LASTARRIA 220 KV,TRANSELEC S.A.,220.0,NACIONAL,2017-12-20,-39.15648081013549,-72.65718749840313
TAP MAIPU - MAIPU 110KV,SOCIEDAD TRANSMISORA METROPOLITANA II S.A.,110.0,ZONAL,2019-04-26,-33.51568349999994,-70.73296649999997
GUACOLDA - MAITENCILLO 220KV L2,GUACOLDA ENERGÍA SPA,220.0,DEDICADO,2017-12-20,-28.50779070605009,-71.1026210090685
ALONSO DE RIBERA - ANDALIEN 66KV,CGE TRANSMISIÓN S.A.,66.0,ZONAL,2019-04-25,-36.80490249999997,-73.03314949999995
PORTEZUELO - LA ESPERANZA 66KV,CGE TRANSMISIÓN S.A.,66.0,ZONAL,2017-12-20,-34.349680307160575,-71.58688805230028
TAP OFF EL LOA - EL LOA 220KV,SOCIEDAD QUÍMICA Y MINERA DE CHILE S.A.,220.0,DEDICADO,2019-04-26,-22.31494580495378,-69.6418135153255
FRONTERA - SAN SIMON 220KV,TRANSELEC S.A.,220.0,NACIONAL,2019-04-26,-21.491911374824245,-69.53022942027637
ARENAS BLANCAS - PUCHOCO 66KV,CGE TRANSMISIÓN S.A.,66.0,ZONAL,2019-04-25,-37.0171376306225,-73.17669263122455
ALTO JAHUEL - BUIN (CGE) 66KV,CGE TRANSMISIÓN S.A.,66.0,ZONAL,2019-04-25,-33.72925260312978,-70.7136178243961
VALLENAR - EL EDEN 110KV,CGE TRANSMISIÓN S.A.,110.0,ZONAL,2019-04-26,-28.56295699999996,-70.77929049999997
CHACAYA - MOLYCOP 220KV,MOLY-COP CHILE S.A.,23.0,DEDICADO,2017-12-20,-23.089637567993936,-70.4057965862789
RIO AZUL - PALENA,EDELAYSEN,23.0,S/I,2019-04-26,-43.58783362854407,-71.98419301461833
ABANICO - CHARRUA 154KV,TRANSELEC S.A.,154.0,DEDICADO,2019-04-26,-37.23386912690096,-71.90999919137649
TAP TRES ESQUINAS - TRES ESQUINAS 66KV,COOPERATIVA DE CONSUMO DE ENERGÍA ELÉCTRICA CHILLÁN LTDA.,66.0,ZONAL,2019-04-25,-36.79892853073314,-72.17537340526292
MAULE - LIRCAY 66KV,HIDROELÉCTRICA RÍO LIRCAY S.A.,66.0,DEDICADO,2019-04-25,-35.53144253554251,-71.40219473996643
TAP OFF SAN FELIPE - SAN FELIPE 110KV,CHILQUINTA TRANSMISIÓN S.A.,110.0,ZONAL,2017-12-20,-32.775471376298455,-70.73206394598263
SAN LORENZO - DIEGO DE ALMAGRO 220KV,ENLASA GENERACIÓN CHILE S.A.,220.0,DEDICADO,2019-04-26,-26.39947259550729,-70.0383118531821
KAPATUR - O'HIGGINS 220KV,SISTEMA DE TRANSMISIÓN DEL NORTE S.A.,220.0,NACIONAL,2019-04-26,-23.41760470725508,-70.29765465454577
LLANO DE LLAMPOS - SECCIONADORA LLANO DE LLAMPOS 220KV,AMANECER SOLAR SPA,220.0,DEDICADO,2017-12-20,-27.162095437034036,-70.16848429661147
PUNTA DE CORTES - TUNICHE 66KV,CGE TRANSMISIÓN S.A.,66.0,ZONAL,2019-04-25,-34.1653462217985,-70.7879292905388
CARDONES - COPIAPO 110KV,CGE TRANSMISIÓN S.A.,110.0,ZONAL,2019-04-26,-27.433697430523605,-70.36180434136712
SECCIONADORA FRANCISCO - DIEGO DE ALMAGRO 220KV,TRANSELEC S.A.,220.0,DEDICADO,2021-09-23,-26.015495070194085,-70.25052446503348
PEÑABLANCA - MIRAFLORES 110KV,CHILQUINTA TRANSMISIÓN S.A.,110.0,ZONAL,2019-04-26,-33.01329476172494,-71.41079802818572
LA POLVORA – LAGUNA VERDE 110KV,CHILQUINTA TRANSMISIÓN S.A.,110.0,ZONAL,2019-04-26,-33.09305673288025,-71.65150962984947
ACCESO NORTE – CARBONATO 110KV,SQM SALAR S.A.,110.0,DEDICADO,2019-04-26,-23.616870746721546,-70.25647129087201
TAP PARGUA - PUNTA BARRANCO 110KV,SISTEMA DE TRANSMISIÓN DEL SUR S.A.,110.0,ZONAL,2019-04-26,-41.75762438059662,-73.44753826174502
CONDORES - PALAFITOS 110KV,EMPRESA DE TRANSMISIÓN ELÉCTRICA TRANSEMEL S.A.,110.0,ZONAL,2019-04-26,-20.229015945732574,-70.10799735605075
TAP ANDES (ENEL TRANSMISION) - ANDES (ENEL TRANSMISION) 110KV,SOCIEDAD TRANSMISORA METROPOLITANA II S.A.,110.0,ZONAL,2019-04-26,-33.43450578599996,-70.53548163599996
TAP CODELCO VENTANAS - CODELCO VENTANAS 1 110KV,CODELCO CHILE - DIVISIÓN VENTANAS,110.0,ZONAL,2019-04-26,-32.766139230603535,-71.47435138452666
CENTRAL NEHUENCO I - SAN LUIS 220KV,COLBÚN S.A.,220.0,DEDICADO,2019-04-26,-32.93822599629432,-71.31953863310827
TAP BUIN - BUIN 110KV,SOCIEDAD TRANSMISORA METROPOLITANA II S.A.,110.0,ZONAL,2019-04-26,-33.71039468749996,-70.69179735699996
NUEVA MAITENCILLO - NUEVA PAN DE AZUCAR 500KV,INTERCHILE S.A.,500.0,NACIONAL,2019-04-26,-29.33540375171558,-71.04986194181072
CARDONES - TRAVESIA 110KV,COMPAÑÍA CONTRACTUAL MINERA CANDELARIA,110.0,DEDICADO,2019-04-26,-27.42761047453584,-70.42357845874923
TAP CANAL MELADO - CANAL MELADO 220KV,TRANSELEC S.A.,220.0,DEDICADO,2019-04-26,-35.715742244392764,-71.22437717284016
SAN FERNANDO - PLACILLA 66KV,CGE TRANSMISIÓN S.A.,66.0,ZONAL,2019-04-25,-34.62200644210934,-71.0562172851823
TENO EMPALME - TENO 154KV,CGE TRANSMISIÓN S.A.,154.0,ZONAL,2019-04-26,-34.8601863056905,-71.15333577707558
MONREAL - TEHUELCHE,EDELAYSEN,23.0,S/I,2019-04-26,-45.819380772276176,-72.08743706874398
CASTRO - CHONCHI 110KV,SISTEMA DE TRANSMISIÓN DEL SUR S.A.,110.0,ZONAL,2019-04-26,-42.55381973180999,-73.80847642735378
LOS ANGELES (CGE) - TAP DUQUECO 66KV,CGE TRANSMISIÓN S.A.,66.0,ZONAL,2017-12-20,-37.50042733918717,-72.35356115787427
ENCUENTRO - COLLAHUASI 220KV,COMPAÑÍA DOÑA INÉS DE COLLAHUASI SCM,220.0,DEDICADO,2017-12-20,-21.49761840005364,-69.22568190787203
LAGUNAS - COLLAHUASI 220KV,COMPAÑÍA DOÑA INÉS DE COLLAHUASI SCM,220.0,DEDICADO,2017-12-20,-20.84966741772434,-69.15138843825767
SECCIONADORA EL ROSAL - LOS VARONES 220 kV,TRANSELEC S.A.,220.0,NACIONAL,2019-04-26,-37.35609317417824,-72.34996342007017
EL MANCO - ANDALICAN 66 KV,CGE TRANSMISIÓN S.A.,66.0,ZONAL,2019-04-25,-37.06448970809077,-73.13486530213194
LAS CABRAS - EL MANZANO 66KV,CGE TRANSMISIÓN S.A.,66.0,ZONAL,2017-12-20,-34.26882743758365,-71.35677124406332
CANDELARIA - CENTRAL CANDELARIA 220KV,ALFA TRANSMISORA DE ENERGÍA S.A.,220.0,DEDICADO,2019-04-26,-34.034301907306784,-70.6126074684195
DIEGO DE ALMAGRO - MINERA FRANKE 110KV,SOCIEDAD CONTRACTUAL MINERA FRANKE,110.0,DEDICADO,2019-04-26,-26.103982834946425,-69.95395475816214
ANA MARIA - LAGUNAS 220KV,INTERCHILE S.A.,220.0,NACIONAL,2019-04-26,-21.38552462808786,-69.5888724141975
POZO ALMONTE - CERRO COLORADO 110KV,COMPAÑÍA MINERA CERRO COLORADO LTDA,110.0,DEDICADO,2019-04-26,-20.163222848243294,-69.51437695548469
SEAT EL SOL - SER EL SALTO 44KV,EFE VALPARAÍSO S.A.,44.0,DEDICADO,2019-04-26,-33.04698636128999,-71.47049882309231
MAITENCILLO - ALGARROBO 110KV,TRANSELEC S.A.,110.0,NACIONAL,2019-04-26,-28.669038271075973,-70.92546361731104
LOS CHANGOS - KAPATUR 220KV,TRANSELEC S.A.,220.0,NACIONAL,2019-04-26,-23.14454968152114,-70.32748419671576
"CENTRAL SOLAR PAS2 - POZO ALMONTE 13,8KV",POZO ALMONTE SOLAR 2 S.A.,13.8,DEDICADO,2021-09-20,-20.266804721109203,-69.76630973833832
LLOLLELHUE - LOS LAGOS 66KV,SISTEMA DE TRANSMISIÓN DEL SUR S.A.,66.0,ZONAL,2017-12-20,-40.01740963199658,-72.83153027699827
LAS VEGAS - CENTRAL SANTIAGO SOLAR 110KV,COMPAÑÍA TRANSMISORA DEL NORTE GRANDE S.A.,110.0,ZONAL,2023-04-10,-32.97221322335667,-70.95196318213495
DIEGO DE ALMAGRO - RIO SALADO 110KV,CODELCO CHILE - DIVISIÓN EL SALVADOR,110.0,DEDICADO,2023-04-10,-26.36279524744478,-69.98347509997936
LABERINTO - NUEVA ZALDIVAR 220KV L2,ZALDÍVAR TRANSMISIÓN S.A.,220.0,NACIONAL,2021-09-15,-23.81812193826192,-69.26230488389439
SOL DEL DESIERTO - MARIA ELENA 220KV,PARQUE SOLAR FOTOVOLTAICO SOL DEL DESIERTO SPA,220.0,NACIONAL,2023-04-10,-22.211747340254774,-69.57153349931954
SANTA LUISA - TAP COYANCO 154KV,CGE TRANSMISIÓN S.A.,154.0,DEDICADO,2019-04-26,-37.47565676197925,-72.51233666529329
SAN CARLOS - SAN GREGORIO 66KV,CGE TRANSMISIÓN S.A.,66.0,ZONAL,2019-04-26,-36.36072740485476,-71.8803931571014
LOMA COLORADA - ESCUADRON 66KV,CGE TRANSMISIÓN S.A.,66.0,ZONAL,2019-04-25,-36.92856162940338,-73.1505064324774
CENTRAL MAITENES - TAP CENTRAL MAITENES 110KV,AES ANDES S.A.,110.0,DEDICADO,2019-04-26,-33.53919779299702,-70.27694726372135
LOS CHANGOS – PARINAS 500 KV,TRANSMISORA ELÉCTRICA DEL NORTE S.A.,500.0,NACIONAL,2019-04-26,-23.99313368767628,-70.12538902877424
URIBE - URIBE SOLAR 110KV,FOTOVOLTAICA NORTE GRANDE 5 SPA,110.0,DEDICADO,2023-04-10,-23.590867340166984,-70.24789632524065
IBERELENA - KIMAL 220kV,SOLAR ELENA SPA,220.0,DEDICADO,2019-04-26,-22.243021018536208,-69.5201833951854
EL PEUMO - SANTA ROSA (CGE)66KV,CGE TRANSMISIÓN S.A.,66.0,ZONAL,2019-04-25,-33.97911894041686,-71.36108765129184
SECCIONADORA LO AGUIRRE - CERRO NAVIA (TRANSELEC) 220KV,TRANSELEC S.A.,220.0,NACIONAL,2019-04-26,-33.43522659925184,-70.8185646324046
PUNTA PEUCO - PRINCIPAL PLANTA 44KV,CEMENTO POLPAICO S.A.,66.0,DEDICADO,2019-04-25,-33.13701207101988,-70.83311000564478
ILLAPEL - CHOAPA 110KV,CGE TRANSMISIÓN S.A.,110.0,ZONAL,2019-04-26,-31.77510044262829,-71.3186914739509
LAGUNILLAS - BOCAMINA 220KV,TRANSELEC S.A.,154.0,DEDICADO,2017-12-20,-37.00011090288624,-73.15556055974233
SAN VICENTE DE TAGUA TAGUA - LAS CABRAS 66KV,CGE TRANSMISIÓN S.A.,66.0,ZONAL,2019-04-25,-34.3663677305041,-71.19364997025406
LA CALERA - EL MELON 44KV,CHILQUINTA TRANSMISIÓN S.A.,44.0,ZONAL,2023-04-10,-32.74806528957106,-71.19720792528801
SGO - SPENCE 220KV,MINERA SPENCE S.A.,220.0,DEDICADO,2023-04-10,-22.794651288585,-69.29591172562431
CAPULLO - PULELFU 66KV,EMPRESA ELÉCTRICA CAPULLO S.A.,66.0,DEDICADO,2023-04-10,-40.81558032051919,-72.39408464323105
PARINAS – CENTRAL LALACKAMA 220KV,TRANSMISORA PARINAS S.A.,220.0,DEDICADO,2019-04-26,-25.021041854236312,-70.03426687994188
LABERINTO - KIMAL 220KV,KELTI S.A.,220.0,NACIONAL,2023-04-10,-22.838549900147605,-69.46046431560875
PARINACOTA - QUIANI 66KV,CGE TRANSMISIÓN S.A.,66.0,ZONAL,2019-04-25,-18.452362290270298,-70.28127753422444
CENTRAL LOS QUILOS - LOS MAQUIS 110KV,ALFA TRANSMISORA DE ENERGÍA S.A.,110.0,DEDICADO,2019-04-26,-32.866026499999975,-70.40888499999997
PAN DE AZUCAR - GUAYACAN 66KV,CGE TRANSMISIÓN S.A.,66.0,ZONAL,2017-12-20,-29.976811824034257,-71.32106128617879
LUZ DEL NORTE - CARRERA PINTO 220KV,PARQUE SOLAR FOTOVOLTAICO LUZ DEL NORTE SPA,220.0,DEDICADO,2019-04-26,-27.00929806670299,-69.89781125346586
CONFLUENCIA - LOS MAITENES 220KV,ANGLO AMERICAN LOS BRONCES,220.0,DEDICADO,2019-04-26,-33.230880362127266,-70.34261175400017
GUACOLDA - MAITENCILLO 220KV L1,GUACOLDA ENERGÍA SPA,220.0,DEDICADO,2017-12-20,-28.50814533055341,-71.09458071001262
ANGAMOS - ESTACION DE BOMBEO SIERRA GORDA N°1 220KV,TRANSMISORA BAQUEDANO S.A.,220.0,DEDICADO,2017-12-20,-23.085922472296332,-70.36586287193822
FRUTILLAR NORTE - TINEO 220 KV,TRANSELEC S.A.,220.0,NACIONAL,2023-04-10,-41.19159000172278,-73.05100271776827
HORCONES - CURANILAHUE NORTE 66KV,CGE TRANSMISIÓN S.A.,66.0,ZONAL,2021-09-05,-37.3345793542884,-73.2945654877351
SAN VICENTE - HUACHIPATO 154KV,COMPAÑÍA SIDERURGICA HUACHIPATO S.A.,154.0,DEDICADO,2019-04-26,-36.75155444281055,-73.12715279146504
SAN VICENTE - CEMENTOS BIO BIO 66KV,TRANSELEC S.A.,66.0,DEDICADO,2017-12-20,-36.74501213543618,-73.12205831785947
DOMEYKO - ESCONDIDA 220KV,MINERA ESCONDIDA LTDA.,220.0,DEDICADO,2019-04-26,-24.23987603632354,-69.0777510630962
OSORNO - REMEHUE 66KV,SISTEMA DE TRANSMISIÓN DEL SUR S.A.,66.0,ZONAL,2019-04-25,-40.55712800279926,-73.1109585727555
SANTA BARBARA – FAENAS PANGUE 66KV,PALMUCHO S.A.,66.0,DEDICADO,2019-04-26,-37.76221992624539,-71.8104322579581
PETROPOWER - HUALPEN 154KV,ENAP REFINERÍAS S.A.,154.0,DEDICADO,2023-04-10,-36.78692420250653,-73.119134099313
CHILLAN - SANTA ELVIRA 66KV,CGE TRANSMISIÓN S.A.,66.0,ZONAL,2019-04-25,-36.60868178799757,-72.08745177040396
TALCA - PIDUCO 66KV,CGE TRANSMISIÓN S.A.,66.0,ZONAL,2017-12-20,-35.43746181236774,-71.65362308740158
TAP OFF SAN SEBASTIAN - SAN SEBASTIAN 66kV,CHILQUINTA TRANSMISIÓN S.A.,66.0,ZONAL,2019-04-26,-33.51178860276611,-71.58418301245364
C.R. LLANOS BLANCOS - S/E TAP OFF LLANOS BLANCOS 220KV,PRIME ENERGÍA QUICKSTART SPA,220.0,DEDICADO,2023-04-10,-30.150314571861013,-71.21766571894379
BOMBEO 2 (SGO) – BOMBEO 3 (SGO) 66KV,CAITAN SPA,66.0,DEDICADO,2021-09-20,-22.947355883508703,-70.17249077257743
CERRO DOMINADOR - CSP CERRO DOMINADOR 220KV,CERRO DOMINADOR CSP S.A.,220.0,DEDICADO,2021-09-20,-22.778604822746697,-69.46584682434397
CENTINELA - ESPERANZA (MINERA CENTINELA) 220KV,RED ELÉCTRICA DEL NORTE 2 S.A.,220.0,NACIONAL,2019-04-26,-22.968608164970234,-69.11156022215177
LLAIMA - PILLANLELBUN 66 KV,CGE TRANSMISIÓN S.A.,66.0,ZONAL,2023-04-10,-38.62862871797432,-72.46334041470556
LOS ANGELES (CGE) - EL AVELLANO 66KV,CGE TRANSMISIÓN S.A.,66.0,ZONAL,2019-04-25,-37.46634446193025,-72.34582111460307
TAP EL ROSAL - LAJA 1 220KV,EÓLICA MONTE REDONDO SPA,220.0,DEDICADO,2017-12-20,-37.2456610322978,-72.44077418484177
CENTRAL EMELDA - DIEGO DE ALMAGRO 110KV,EMPRESA ELÉCTRICA DIEGO DE ALMAGRO SPA,110.0,DEDICADO,2019-04-26,-26.39015746876441,-70.0297641068922
TARAPACA – GEOGLIFOS 220KV,TRANSELEC S.A.,220.0,ZONAL,2019-04-26,-20.79558325830738,-70.08083593624782
AYSEN - CHACABUCO,EDELAYSEN,23.0,S/I,2019-04-26,-45.41601780376963,-72.72736206284615
EL PELICANO - DON HECTOR 220KV,EL PELÍCANO SOLAR COMPANY SPA,220.0,NACIONAL,2019-04-26,-29.13494942761426,-70.90628072794652
ALONSO DE RIBERA - CHIGUAYANTE 66KV,CGE TRANSMISIÓN S.A.,66.0,ZONAL,2019-04-25,-36.84833012559195,-73.01515122097327
CHENA - LO ESPEJO 110KV,SOCIEDAD TRANSMISORA METROPOLITANA II S.A.,110.0,ZONAL,2023-04-10,-33.52848759414229,-70.71862817668345
CARENA - PUENTE ALTO CMPC 44KV,ALFA TRANSMISORA DE ENERGÍA S.A.,44.0,DEDICADO,2017-12-20,-33.574216627706285,-70.9081508667013
ENCUENTRO - TCHITACK 220KV,CODELCO CHILE - DIVISIÓN CHUQUICAMATA,220.0,DEDICADO,2023-04-10,-22.29893374659354,-69.19190978225555
PUELCHE SUR - FRUTILLAR NORTE 220 KV,AR PUELCHE SUR SPA,220.0,DEDICADO,2019-04-26,-41.05355517629965,-73.04219242444537
LASTARRIA - CIRUELOS 220 KV,TRANSELEC S.A.,220.0,NACIONAL,2017-12-20,-39.4605403946664,-72.76072912856274
ANGOL - LOS SAUCES 66KV,SISTEMA DE TRANSMISIÓN DEL SUR S.A.,66.0,ZONAL,2016-08-01,-37.91121569177397,-72.7348596076555
TAP CHICUREO - CHICUREO 220KV,SOCIEDAD TRANSMISORA METROPOLITANA II S.A.,220.0,ZONAL,2019-04-26,-33.30067806621242,-70.62636708219141
TAP OFF NUEVA VICTORIA - SUR VIEJO 66KV,SOCIEDAD QUÍMICA Y MINERA DE CHILE S.A.,66.0,DEDICADO,2017-12-20,-20.94694679444005,-69.60255051553773
LA PALMA - SAN JAVIER 66KV,CGE TRANSMISIÓN S.A.,66.0,ZONAL,2023-04-10,-35.584837931421006,-71.71049108728745
CENTRAL CIPRESILLOS - ALTO CACHAPOAL 23KV,ELÉCTRICA CIPRESILLOS SPA,23.0,S/I,2019-04-26,-34.38142913909584,-70.3293280081949
PAN DE AZUCAR - NUEVA PAN DE AZUCAR 220KV,INTERCHILE S.A.,220.0,NACIONAL,2019-04-26,-30.0690743265524,-71.28530124100017
O´HIGGINS - FARELLON 220KV,MINERA ESCONDIDA LTDA.,220.0,DEDICADO,2019-04-26,-23.770089905470137,-70.03542747813212
TAP APOQUINDO - APOQUINDO 110KV,SOCIEDAD TRANSMISORA METROPOLITANA II S.A.,110.0,ZONAL,2019-04-26,-33.40965600849995,-70.56451269349998
PIRQUE - PUENTE ALTO CMPC 110KV,PAPELES CORDILLERA SPA,110.0,DEDICADO,2019-04-26,-33.634893141961406,-70.57528388922088
TAP CHAÑARES - CHAÑARES 110KV,ENEL GREEN POWER CHILE S.A.,110.0,DEDICADO,2019-04-26,-26.391358889284923,-70.08093780265034
CHACAYA - MUELLE 110KV,MINERA CENTINELA,110.0,DEDICADO,2019-04-26,-22.95618819105845,-70.31039737789094
ITAHUE - TINGUIRIRICA 154KV,TRANSELEC S.A.,154.0,DEDICADO,2019-04-26,-34.86839596649459,-71.1823883729187
CHACAYA - EL COBRE (ENGIE) 220KV,ENGIE ENERGÍA CHILE S.A.,220.0,DEDICADO,2017-12-20,-23.40027072468563,-69.98904011232126
CHACAHUIN - LINARES 66KV,TRANSELEC S.A.,66.0,ZONAL,2019-04-25,-35.84359358795237,-71.6266742838438
CARDONES – ALGARROBAL 220KV,TRANSELEC S.A.,220.0,NACIONAL,2023-04-10,-27.83697023851037,-70.51656563798342
CENTRAL CORRALES – CENTRAL SAN ANDRES (HSA)  23KV,HIDROELÉCTRICA LOS CORRALES SPA,23.0,DEDICADO,2023-04-10,-34.738267193736114,-70.39051082657389
TAP ALONSO DE CORDOVA - ALONSO DE CORDOVA 110KV,SOCIEDAD TRANSMISORA METROPOLITANA II S.A.,110.0,ZONAL,2019-04-26,-33.406153379499955,-70.57631135999995
TORQUEMADA - MIRAFLORES 110KV,COMPAÑÍA TRANSMISORA DEL NORTE GRANDE S.A.,110.0,ZONAL,2019-04-26,-32.99339849753697,-71.48308371024856
TAP OFF ENLACE - ANTUCOYA 220KV,MINERA ANTUCOYA,220.0,DEDICADO,2019-04-26,-22.659161276050455,-69.73863589236282
CENTRAL ALFALFAL - ALTO MAIPO 110KV,AES ANDES S.A.,110.0,DEDICADO,2019-04-26,-33.519720076864104,-70.22644068954698
LA ERMITA - LOS MAITENES 220KV,ANGLO AMERICAN LOS BRONCES,220.0,DEDICADO,2019-04-26,-33.34165558529613,-70.37080053251321
CENTRAL QUINTERO - SAN LUIS 220KV,TRANSELEC S.A.,220.0,DEDICADO,2019-04-26,-32.85169724269889,-71.38126589079991
CAPRICORNIO - ALTO NORTE 110KV,ENGIE ENERGÍA CHILE S.A.,110.0,DEDICADO,2019-04-26,-23.64158254614213,-70.28560453490174
PURRANQUE - FRUTILLAR 66KV,SISTEMA DE TRANSMISIÓN DEL SUR S.A.,66.0,ZONAL,2023-04-10,-41.02273348224964,-73.10676937583793
AGUA BUENA - SECCIONADORA RIO MALLECO 220KV,WPD MALLECO SPA,220.0,DEDICADO,2023-04-10,-38.00925056637211,-72.27354215480601
LA ESTRELLA - QUELENTARO 110KV,CGE TRANSMISIÓN S.A.,110.0,ZONAL,2019-04-26,-34.09229300766396,-71.62097282638845
REGULADORA RAPEL - TAP OFF NIHUE 66KV,CGE TRANSMISIÓN S.A.,66.0,ZONAL,2019-04-26,-34.02824133038183,-71.5500723801159
ALTO BONITO - MOLINOS (ENLASA) 110kV,SISTEMA DE TRANSMISIÓN DEL SUR S.A.,110.0,ZONAL,2019-04-26,-41.5146683050813,-73.06905076662703
LOS OLMOS – MULCHEN 220KV,TOLCHÉN TRANSMISIÓN SPA,220.0,ZONAL,2023-04-10,-37.670243027743965,-72.53675457268578
ANCOA - ALTO JAHUEL 500KV L3,ALTO JAHUEL TRANSMISORA DE ENERGÍA S.A.,500.0,NACIONAL,2017-12-20,-34.668423765262936,-70.91448815222967
CANDELARIA - PUENTE NEGRO 220KV,ALFA TRANSMISORA DE ENERGÍA S.A.,220.0,NACIONAL,2017-12-20,-34.36092919474753,-70.74992334005516
CENTRAL GUAYACAN - LA LAJA ENERGIA COYANCO 23KV,ENERGÍA COYANCO S.A.,23.0,DEDICADO,2023-04-10,-33.593749406650474,-70.38964509427562
INCAHUASI - LAS COMPAÑÍAS 110kV,TRANSELEC S.A.,110.0,ZONAL,2019-04-26,-29.535493519416644,-71.18353400162451
LIXIVIACION - BOOSTER 69KV,MINERA ESCONDIDA LTDA.,66.0,DEDICADO,2019-04-25,-24.27435136585817,-69.00561744568714
RIO BONITO - CENTRAL BONITO/FEO 23KV,SISTEMA DE TRANSMISIÓN DEL SUR S.A.,23.0,DEDICADO,2021-09-05,-40.91440194209893,-72.4049862339766
AIHUAPI - ANTILLANCA 110KV,SISTEMA DE TRANSMISIÓN DEL SUR S.A.,110.0,DEDICADO,2019-04-26,-40.66196367744327,-72.67022899804516
LAS ENCINAS - PADRE LAS CASAS 66KV,CGE TRANSMISIÓN S.A.,66.0,ZONAL,2019-04-25,-38.75909037725061,-72.61355757735019
COLBUN - PROCART 220KV,ALFA TRANSMISORA DE ENERGÍA S.A.,220.0,DEDICADO,2019-04-26,-35.691693279796354,-71.4688876702515
TAP ALTAMIRANO - ALTAMIRANO 110KV,SOCIEDAD TRANSMISORA METROPOLITANA II S.A.,110.0,ZONAL,2019-04-26,-33.41410328283611,-70.69006268879048
INCA DE ORO - ILLAPA 220 KV,COLBÚN S.A.,220.0,DEDICADO,2023-04-10,-26.59553162283269,-69.95529918503662
TEN GIS – LOS CHANGOS 220KV,TRANSMISORA ELÉCTRICA DEL NORTE S.A.,220.0,NACIONAL,2019-04-26,-23.121364549995956,-70.36245522096443
LA JUNTA - PUYUHUAPI,EDELAYSEN,23.0,S/I,2019-04-26,-44.137771817021,-72.4727094635486
BARRO BLANCO - PICHIL 66KV,SISTEMA DE TRANSMISIÓN DEL SUR S.A.,66.0,ZONAL,2019-04-25,-40.62884423449378,-73.03395261942848
CHARRUA - CELULOSA SANTA FE 220KV,CMPC PULP SPA.,220.0,S/I,2019-04-26,-37.358171608570366,-72.45323263608095
PLANTA ARAUCO - HORCONES 66KV,CELULOSA ARAUCO Y CONSTITUCIÓN S.A.,66.0,DEDICADO,2021-09-05,-37.21189081379151,-73.21978307577871
VIZCACHAS - PUENTE ALTO 110KV,TRANSMISORA ELÉCTRICA CORDILLERA SPA,110.0,ZONAL,2019-04-26,-33.60062319579795,-70.51768408726154
CARDONES - MEDELLIN 220KV,GENERADORA DEL PACÍFICO SPA,220.0,DEDICADO,2019-04-26,-27.490617470601997,-70.3847316818311
LABERINTO - LOMAS BAYAS 220KV,AES ANDES S.A.,220.0,DEDICADO,2019-04-26,-23.437940138454938,-69.45683881606999
ANDALICAN - LOTA 66KV,SISTEMA DE TRANSMISIÓN DEL SUR S.A.,66.0,ZONAL,2023-04-10,-37.09801729749995,-73.14664257299998
TAP MINERA VALLE CENTRAL - MINERA VALLE CENTRAL 154KV,MINERA VALLE CENTRAL S.A.,154.0,DEDICADO,2019-04-26,-34.23784644250628,-70.66061666650536
TAP ALTO MELIPILLA - BOLLENAR 110KV,CGE TRANSMISIÓN S.A.,110.0,ZONAL,2019-04-26,-33.63210911005047,-71.23382108473568
COLLAHUASI - QUEBRADA BLANCA 220KV,COMPAÑÍA MINERA TECK QUEBRADA BLANCA S.A.,220.0,DEDICADO,2019-04-26,-20.994834743215804,-68.71383455096493
ABANICO - TAP TRUPAN 154KV,S/I,154.0,DEDICADO,2019-04-26,-37.307534836861954,-71.6795775139232
RANCAGUA - ROSARIO 66KV,CGE TRANSMISIÓN S.A.,66.0,ZONAL,2019-04-25,-34.25410615532435,-70.77399184453448
PAN DE AZUCAR - DON GOYO 220KV,TRANSELEC S.A.,220.0,NACIONAL,2017-12-20,-30.25546537222909,-71.38308011155515
ESCUADRON - ARENAS BLANCAS 66KV,CGE TRANSMISIÓN S.A.,66.0,ZONAL,2019-04-25,-36.99148717655599,-73.17195089574771
TAP MACUL - MACUL 110KV,SOCIEDAD TRANSMISORA METROPOLITANA II S.A.,110.0,ZONAL,2019-04-26,-33.50462380886561,-70.57442938166322
TAP TALINAY - TALINAY 220KV,PARQUE TALINAY ORIENTE S.A.,220.0,DEDICADO,2019-04-26,-30.86497927855713,-71.6014089368587
DIEGO DE ALMAGRO - POTRERILLOS 110KV,CODELCO CHILE - DIVISIÓN EL SALVADOR,110.0,ZONAL,2019-04-26,-26.372443945385985,-69.75442912668247
MANTILHUE - MOCHO 110KV,SISTEMA DE TRANSMISIÓN DEL SUR S.A.,110.0,DEDICADO,2019-04-26,-40.63915690562386,-72.32934649473607
TAP ZONA DE CAIDA - ZONA DE CAIDA 220KV,PALMUCHO S.A.,220.0,DEDICADO,2017-12-20,-37.99756235855184,-71.51460970694521
LAS VEGAS - CRISTALERIAS CHILE 110KV,CHILQUINTA TRANSMISIÓN S.A.,110.0,ZONAL,2017-12-20,-32.84512239477589,-70.97991167441064
RIO NEGRO - PURRANQUE 66KV,SISTEMA DE TRANSMISIÓN DEL SUR S.A.,66.0,ZONAL,2023-04-10,-40.8483943957046,-73.17279939533545
LO PRADO - TAP LO PRADO 110KV,SOCIEDAD TRANSMISORA METROPOLITANA II S.A.,110.0,NACIONAL,2019-04-26,-33.45547478874575,-70.90619287425883
CERRILLOS - LOS LOROS 110KV,CGE TRANSMISIÓN S.A.,110.0,ZONAL,2019-04-26,-27.69534568794364,-70.20453688970973
FRONTERA - LAGUNAS 220KV,TRANSELEC S.A.,220.0,NACIONAL,2017-12-20,-21.229215859413216,-69.57153820141127
DOS AMIGOS - MINERA DOS AMIGOS 23KV,TRANSELEC S.A.,23.0,DEDICADO,2023-04-10,-36.74147891999996,-71.82214129999991
SECCIONADORA LO AGUIRRE - ALTO JAHUEL 500KV,TRANSELEC S.A.,500.0,NACIONAL,2019-04-26,-33.601035850787056,-70.81279655898769
CERRO NAVIA (TRANSELEC) - NEPTUNO 220KV,TRANSELEC S.A.,220.0,NACIONAL,2021-09-24,-33.44172110719512,-70.7299800728154
TEMUCO - PADRE LAS CASAS 66KV L1,CGE TRANSMISIÓN S.A.,66.0,ZONAL,2019-04-25,-38.74645522818388,-72.57412818193897
SANTA MARTA - PADRE HURTADO 110KV,CGE TRANSMISIÓN S.A.,110.0,ZONAL,2019-04-26,-33.5486023645383,-70.78771103901909
TAP DESALANT - DESALANT 110KV,AGUAS ANTOFAGASTA S.A.,110.0,ZONAL,2019-04-26,-23.540480162972795,-70.38967040063122
PALLATA - ENCUENTRO 220KV,MINERA SPENCE S.A.,220.0,DEDICADO,2023-04-10,-22.37881616141752,-69.48809078152019
MALLOA NUEVA - FUENTECILLA 66 KV,CGE TRANSMISIÓN S.A.,66.0,ZONAL,2021-09-24,-34.44619769134944,-71.02480448758769
SECCIONADORA LLANO DE LLAMPOS - CERRO NEGRO NORTE 220KV,TECNOCAP S.A.,220.0,DEDICADO,2017-12-20,-27.14587827326133,-70.25309896798618
VICTORIA - LAUTARO 66KV,CGE TRANSMISIÓN S.A.,66.0,ZONAL,2023-04-10,-38.437859223729205,-72.41147662559693
NOGALES - LOS VILOS 220KV,TRANSELEC S.A.,220.0,NACIONAL,2019-04-26,-32.333469579478376,-71.37490500619077
QUILLOTA - NOGALES 220KV,TRANSELEC S.A.,220.0,ZONAL,2019-04-26,-32.838823127994736,-71.25285208599814
GALLEGUILLOS - CALDERA 110KV,CGE TRANSMISIÓN S.A.,110.0,ZONAL,2019-04-26,-27.14730768918044,-70.5474170683947
CORONEL - BOCAMINA 66KV,CGE TRANSMISIÓN S.A.,66.0,ZONAL,2019-04-25,-37.01056924613079,-73.16337459858795
HUALANE - LICANTEN 66KV,CGE TRANSMISIÓN S.A.,66.0,ZONAL,2019-04-25,-34.99855794316637,-71.90788685769465
MIRAFLORES - MARGA MARGA 110KV L2,CGE TRANSMISIÓN S.A.,110.0,ZONAL,2017-12-20,-33.02912558302605,-71.53575351874763
COPIAPO - HERNAN FUENTES 110KV,CGE TRANSMISIÓN S.A.,110.0,ZONAL,2019-04-26,-27.36801958015249,-70.36201339858906
LOS NOTROS - ANGOSTURA 220KV,ALFA TRANSMISORA DE ENERGÍA S.A.,220.0,DEDICADO,2019-04-26,-37.71024267008644,-71.82554371341995
A10_CHARRUA - ATR8 220KV,S/I,220.0,S/I,2019-04-26,-37.08918454123703,-72.32109875380331
TAP RIO COLORADO - RIO COLORADO 66KV,HIDROELÉCTRICA RÍO COLORADO S.A.,66.0,DEDICADO,2014-11-02,-35.82177507516275,-70.9425711660499
CERRO NAVIA (TRANSELEC) - NUEVA LAMPA 220KV,TRANSELEC S.A.,220.0,NACIONAL,2019-04-26,-33.25691631285953,-70.80634754256103
RIO AZUL - LA JUNTA,EDELAYSEN,23.0,S/I,2019-04-26,-43.544936390167365,-72.34951319814087
MOLINOS (ENLASA) - EL EMPALME 110kV,SISTEMA DE TRANSMISIÓN DEL SUR S.A.,110.0,ZONAL,2017-12-20,-41.5508594501675,-73.15027848753415
CENTRAL CONVENTO VIEJO - SECCIONADORA CONVENTO VIEJO 154 KV,SOCIEDAD CONCESIONARIA EMBALSE CONVENTO VIEJO S.A.,154.0,DEDICADO,2023-04-10,-34.766171120739344,-71.12902268944482
CALERA CENTRO - CERRO CALERA 66KV,ALFA TRANSMISORA DE ENERGÍA S.A.,66.0,DEDICADO,2019-04-25,-32.7915672973892,-71.19639647867474
PUNITAQUI - EL SAUCE 66KV,CGE TRANSMISIÓN S.A.,66.0,ZONAL,2021-09-10,-30.95422602465557,-71.18434514414787
ENCUENTRO - SIERRA GORDA 220KV,TRANSMISORA MEJILLONES S.A.,220.0,DEDICADO,2017-12-20,-22.609229072028757,-69.48239896672534
COPIHUES - AIHUAPI 110KV,EMPRESA ELÉCTRICA CAPULLO S.A.,110.0,DEDICADO,2019-04-26,-40.74142834920684,-72.50098871554695
ANGOL - DEUCO 66KV,SISTEMA DE TRANSMISIÓN DEL SUR S.A.,66.0,DEDICADO,2019-04-26,-37.82683632888724,-72.67761149245891
TINGUIRIRICA - SAN FERNANDO 154KV,TRANSELEC S.A.,154.0,ZONAL,2019-04-26,-34.605070308632875,-70.99953647174594
RANCAGUA - R 66KV,FUNDICIÓN TALLERES LTDA.,66.0,ZONAL,2019-04-25,-34.17994312626622,-70.73435165115411
ESPERANZA – RIO ACONCAGUA 110KV,ALFA TRANSMISORA DE ENERGÍA S.A.,110.0,ZONAL,2019-04-26,-32.832823276599925,-70.9978477053878
TEHUELCHE - BAGUALES,EDELAYSEN,23.0,S/I,2019-04-26,-45.60549863603567,-72.09299584023623
CENTRAL CHACAYES - INTERCONEXION MAITENES 110KV,PACIFIC HYDRO CHACAYES S.A.,110.0,DEDICADO,2019-04-26,-34.236980917592675,-70.50382653398606
LOS MAQUIS - POLPAICO 220KV,ALFA TRANSMISORA DE ENERGÍA S.A.,220.0,NACIONAL,2019-04-26,-33.05809392963513,-70.62890276114726
RUCATAYO - TAP PICHIRRAHUE 220KV,TRANSRUCATAYO S.A.,220.0,DEDICADO,2019-04-26,-40.54054032807628,-72.90422741445975
MALLOA NUEVA - MALLOA 66KV,CGE TRANSMISIÓN S.A.,66.0,ZONAL,2019-04-25,-34.459673111368616,-70.95894854585845
CENTRAL CENIZAS - CARDONES 110KV,ELÉCTRICA CENIZAS S.A.,110.0,DEDICADO,2019-04-26,-27.486135759542886,-70.38861395366732
O'HIGGINS - COLOSO 220KV,MINERA ESCONDIDA LTDA.,220.0,DEDICADO,2019-04-26,-23.765112626924253,-70.3357306513803
CENTRAL EOLICA ALENA - TAP COYANCO 154KV,CGE TRANSMISIÓN S.A.,154.0,ZONAL,2023-04-10,-37.48225537372725,-72.55877937006227
TALCAHUANO - PERALES 66KV,CGE TRANSMISIÓN S.A.,66.0,ZONAL,2019-04-25,-36.7530467674391,-73.10154093113762
CONCEPCION - ANDALIEN 66KV,CGE TRANSMISIÓN S.A.,66.0,ZONAL,2019-04-26,-36.80390846449996,-73.03284010899995
PAN DE AZUCAR - VICUÑA 110KV,CGE TRANSMISIÓN S.A.,110.0,ZONAL,2019-04-26,-30.003630479813783,-70.99552843307983
PULLINQUE - LOS LAGOS 66kV,TRANSELEC S.A.,66.0,ZONAL,2017-12-20,-39.724317938617496,-72.52369860011423
CHARRUA - CONCEPCION 220KV,TRANSELEC S.A.,220.0,ZONAL,2017-12-20,-36.948781402584856,-72.67922269612282
TAP CALEU - CALEU 44KV,SOCIEDAD TRANSMISORA METROPOLITANA II S.A.,44.0,ZONAL,2019-04-26,-32.995126112908665,-70.96203157388629
ILLAPA - CARRERA PINTO 220KV L1,TRANSELEC S.A.,220.0,DEDICADO,2019-04-26,-26.79713799991129,-69.90616725163292
MARIA ELENA – KIMAL 220KV,TRANSELEC S.A.,220.0,NACIONAL,2023-04-10,-22.276512854465565,-69.54799559527008
LOS PEUMOS - TEMUCO 220KV,TRANSELEC S.A.,220.0,NACIONAL,2019-04-26,-38.48093287155462,-72.4289412070224
POLPAICO (TRANSELEC) - EL SALTO 220KV,SOCIEDAD TRANSMISORA METROPOLITANA II S.A.,220.0,ZONAL,2019-04-26,-33.220029748835216,-70.67439361496618
CAMPO LINDO - SANTA CLARA 220 KV,COMPAÑIA TRANSMISORA SUR SPA,220.0,DEDICADO,2019-04-26,-37.36269923570524,-72.40327835153046
EJERCITO - GUINDO 66 KV,CGE TRANSMISIÓN S.A.,66.0,ZONAL,2019-04-26,-36.842679721101945,-73.10061190784248
CALAMA - PUERTO SECO SOLAR 23KV,CALAMA SOLAR 2 SPA,23.0,DEDICADO,2023-04-10,-34.931952,-70.37578199999993
CHALLACOLLO - TIQUIMA 220KV,TRANSELEC S.A.,220.0,DEDICADO,2019-04-26,-20.991288264880065,-69.14361763294721
PARRAL - MONTERRICO 154KV,TRANSELEC S.A.,154.0,ZONAL,2019-04-26,-36.3766565730696,-71.90794300313641
VILLA ALEGRE - LINARES NORTE 66KV,CGE TRANSMISIÓN S.A.,66.0,ZONAL,2023-04-10,-35.76318380909431,-71.67086236088615
SAN FERNANDO - COLCHAGUA 66KV,CGE TRANSMISIÓN S.A.,66.0,ZONAL,2019-04-25,-34.59971474193556,-70.98156855428685
EL PAICO - EL MONTE 66KV,CGE TRANSMISIÓN S.A.,66.0,ZONAL,2019-04-25,-33.70657052420104,-71.01320478427898
TAP MAURO - MAURO 220KV,MLP TRANSMISION S.A.,220.0,DEDICADO,2019-04-26,-31.948442749002663,-70.93010926373489
COLORADO CHICO - OGP1 69KV,MINERA ESCONDIDA LTDA.,66.0,DEDICADO,2019-04-26,-24.418870130612717,-69.08957759854854
CALAMA NUEVA - LASANA 220KV,PLANTA SOLAR SAN PEDRO III SPA,220.0,DEDICADO,2019-04-26,-22.483816444232595,-68.82217815032243
LAGUNAS – NUEVA POZO ALMONTE 220KV,EDELNOR TRANSMISIÓN S.A.,220.0,NACIONAL,2017-12-20,-20.57077200583057,-69.68929435705803
CRUCERO - CHUQUICAMATA 7B 220KV,ENGIE ENERGÍA CHILE S.A.,220.0,DEDICADO,2019-04-26,-22.28806540814027,-69.22826549022427
TAP SANTA ROSA - SANTA ROSA 110KV,SOCIEDAD TRANSMISORA METROPOLITANA II S.A.,110.0,ZONAL,2019-04-26,-33.581889209499934,-70.59775028999996
ALTO MELIPILLA - SAN ANTONIO 110KV,CHILQUINTA TRANSMISIÓN S.A.,110.0,ZONAL,2019-04-26,-33.639719335329296,-71.42090226960413
AGUA SANTA - MIRAFLORES 110KV,CHILQUINTA TRANSMISIÓN S.A.,110.0,ZONAL,2019-04-26,-33.05395539131099,-71.54344817269472
LOS ESPINOS - LOS VILOS 220KV,ESPINOS S.A.,220.0,DEDICADO,2019-04-26,-31.91191352446088,-71.46203486395275
EL EMPALME - COLACO 110KV,SISTEMA DE TRANSMISIÓN DEL SUR S.A.,110.0,ZONAL,2019-04-26,-41.65676819453586,-73.30831849114531
RAPEL - SECCIONADORA ALTO MELIPILLA 220KV,ELETRANS II S.A.,220.0,NACIONAL,2023-04-10,-33.86935571640309,-71.38031666088787
CASABLANCA - LITORAL CENTRAL 66KV,CHILQUINTA TRANSMISIÓN S.A.,66.0,ZONAL,2019-04-26,-33.3499549901533,-71.5010929982646
TAP QUILICURA - QUILICURA 110KV,SOCIEDAD TRANSMISORA METROPOLITANA II S.A.,110.0,ZONAL,2019-04-26,-33.371224665940034,-70.69892334279776
REMEHUE - LOS TAMBORES 66KV,SISTEMA DE TRANSMISIÓN DEL SUR S.A.,66.0,ZONAL,2019-04-25,-40.42876558921029,-73.04630915741748
NOGALES – RIO ACONCAGUA 220KV,TRANSELEC S.A.,220.0,NACIONAL,2019-04-26,-32.7645005260596,-71.1110845755969
ALGARROBAL – MAITENCILLO 220KV,TRANSELEC S.A.,220.0,NACIONAL,2023-04-10,-28.37609551599086,-70.77437793874351
TEN GIS - CENTRAL MEJILLONES CTM3-TV 220KV,ENGIE ENERGÍA CHILE S.A.,220.0,DEDICADO,2023-04-10,-23.090555970237787,-70.41011658871385
TAP OFF LA CRUZ - SE021 66KV,SOCIEDAD QUÍMICA Y MINERA DE CHILE S.A.,66.0,DEDICADO,2017-12-20,-22.249347425313065,-69.65411885617262
VALDIVIA (STS) - LOS LAGOS 66kV,SISTEMA DE TRANSMISIÓN DEL SUR S.A.,66.0,ZONAL,2019-04-25,-39.81107262291517,-72.99388901877519
SAN GABRIEL - MULCHEN 220KV C1,TOLCHÉN TRANSMISIÓN SPA,220.0,ZONAL,2021-11-23,-37.675117875938376,-72.39071068932972
ALONSO DE RIBERA - PENCO 66KV,CGE TRANSMISIÓN S.A.,66.0,ZONAL,2019-04-25,-36.77246804717798,-73.01282397611833
BUIN (CGE)-ESTRUCTURA 103 66KV,CGE TRANSMISIÓN S.A.,66.0,ZONAL,2019-04-26,-33.773712509897464,-70.74328065804885
CERRO NAVIA - CHENA 110KV,SOCIEDAD TRANSMISORA METROPOLITANA II S.A.,110.0,NACIONAL,2016-08-01,-33.4981017017839,-70.73864666358068
TAP LO ESPEJO - BUIN 110KV,SOCIEDAD TRANSMISORA METROPOLITANA II S.A.,110.0,ZONAL,2019-04-26,-33.61948708406913,-70.71320298816832
1515_NUEVA PANQUEHUE - TOTORALILLO 110KV,S/I,110.0,ZONAL,2019-04-26,-32.817711095254744,-70.70600657472639
CARRERA PINTO - LA COIPA 220KV,CIA. MINERA MANTOS DE ORO,220.0,DEDICADO,2017-12-20,-26.92613495765019,-69.57917253576099
CENTRAL DIESEL TAMAYA - SALAR 110KV,ENGIE ENERGÍA CHILE S.A.,110.0,DEDICADO,2019-04-26,-22.28266348199164,-69.46415305877801
SALAR - KM6 100KV,CODELCO CHILE - DIVISIÓN CHUQUICAMATA,110.0,DEDICADO,2019-04-26,-22.331768577330337,-68.8780907142822
PELEQUEN - MALLOA NUEVA 66KV,CGE TRANSMISIÓN S.A.,66.0,ZONAL,2021-09-24,-34.46451955823006,-70.92555669388375
VENTANAS - TORQUEMADA 110KV,COMPAÑÍA TRANSMISORA DEL NORTE GRANDE S.A.,110.0,ZONAL,2019-04-26,-32.83891701982934,-71.46959429798932
CENTRAL LA SILLA - PAJONALES 23KV,EUROPEAN SOUTHERN OBSERVATORY,23.0,DEDICADO,2023-04-10,-29.16541489139108,-70.8148906952477
SALAR - CALAMA NUEVA 220KV,EMPRESA DE TRANSMISIÓN ELÉCTRICA TRANSEMEL S.A.,220.0,NACIONAL,2019-04-26,-22.387342078539,-68.8784166521209
PROVIDENCIA - LIRCAY 66KV,HIDROELÉCTRICA RÍO LIRCAY S.A.,66.0,DEDICADO,2019-04-25,-35.50355009346174,-71.27858383646044
POLPAICO (TRANSELEC) - LAS TORTOLAS 220KV,ALFA TRANSMISORA DE ENERGÍA S.A.,220.0,DEDICADO,2019-04-26,-33.164241852802924,-70.78321301548914
ESCONDIDA - ESCONDIDA NORTE 69KV,MINERA ESCONDIDA LTDA.,66.0,DEDICADO,2019-04-25,-24.24623880944807,-69.04892726534979
NUEVA CHUQUICAMATA - KIMAL 220KV,ENGIE ENERGÍA CHILE S.A.,220.0,NACIONAL,2023-04-10,-22.287840487166594,-69.21901814172237
TEMUCO - CAUTIN 220KV,TRANSELEC S.A.,220.0,NACIONAL,2019-04-26,-38.713275932379176,-72.54868431442078
MAULE - LINARES 154KV,TRANSELEC S.A.,154.0,ZONAL,2019-04-26,-35.67192920840497,-71.58121048130339
ANCOA - ALTO JAHUEL 500KV L4,ALTO JAHUEL TRANSMISORA DE ENERGÍA S.A.,500.0,NACIONAL,2017-12-20,-34.66848492352347,-70.91443470755743
TAP OFF PLACERES - PLACERES 110KV,CHILQUINTA TRANSMISIÓN S.A.,110.0,ZONAL,2019-04-26,-33.05553591640851,-71.57414708824666
LOS ANGELES - CERRO NEGRO 44KV,COMPAÑÍA MINERA CERRO NEGRO S.A.,66.0,DEDICADO,2019-04-25,-32.58555939533945,-70.9128748414609
LLANOS DEL VIENTO – O'HIGGINS 220KV,AR LLANOS DEL VIENTO SPA,220.0,DEDICADO,2019-04-26,-23.73482596231585,-70.1117443906296
TAP CARRASCAL - CARRASCAL 110KV,SOCIEDAD TRANSMISORA METROPOLITANA II S.A.,110.0,ZONAL,2019-04-26,-33.41970689273765,-70.68864853051063
ANDES SOLAR II - ANDES (AES ANDES) 23KV,ANDES SOLAR II SPA,23.0,ZONAL,2021-09-15,-24.017487969750334,-68.58358545113337
PALPANA - RADOMIRO TOMIC 220 KV C1,ENGIE ENERGÍA CHILE S.A.,220.0,DEDICADO,2019-04-26,-22.208157569969316,-69.15544890870227
LAGO ATRAVESADO - TEHUELCHE,EDELAYSEN,23.0,S/I,2019-04-26,-45.68852506707074,-72.18942922378483
CHONCHI - QUELLON 110KV,SISTEMA DE TRANSMISIÓN DEL SUR S.A.,110.0,ZONAL,2019-04-26,-42.86475488000218,-73.72437593866128
PUNTA DE CORTES - LO MIRANDA 66KV L1,CGE TRANSMISIÓN S.A.,66.0,ZONAL,2017-12-20,-34.198031633101685,-70.86226988738017
CENTRAL ALFALFAL - CENTRAL ALFALFAL II 220KV,AES ANDES S.A.,220.0,ZONAL,2019-04-26,-33.52556479919526,-70.22781714459224
ITAHUE - CURICO 66KV,CGE TRANSMISIÓN S.A.,66.0,ZONAL,2017-12-20,-35.06758045543844,-71.29295900065554
CERRO NAVIA - CHENA 220KV,TRANSELEC S.A.,220.0,NACIONAL,2019-04-26,-33.47747131027317,-70.7316823513096
ESPERANZA - LAS VEGAS 110KV,ALFA TRANSMISORA DE ENERGÍA S.A.,110.0,ZONAL,2019-04-26,-32.8426901199209,-71.01155268441238
LOS TAMBORES - LA UNION 66KV,SISTEMA DE TRANSMISIÓN DEL SUR S.A.,66.0,ZONAL,2019-04-25,-40.31232629861302,-73.03617723890098
LEYDA - SAN ANTONIO 110KV,CHILQUINTA TRANSMISIÓN S.A.,110.0,ZONAL,2023-04-10,-33.618297447393616,-71.53583696818365
CHUQUICAMATA - 10A 100KV,CODELCO CHILE - DIVISIÓN CHUQUICAMATA,110.0,DEDICADO,2019-04-26,-22.30865091240449,-68.9122177548909
SAN FRANCISCO - LOS BRONCES 66KV,ANGLO AMERICAN LOS BRONCES,66.0,DEDICADO,2023-04-10,-33.15952802577962,-70.31376646647041
TIERRA AMARILLA - ATACAMA KOZAN 110KV,CGE TRANSMISIÓN S.A.,110.0,ZONAL,2019-04-26,-27.490583842795445,-70.27844388093744
MEJILLONES - ENAEX 110KV,ENAEX S.A.,110.0,DEDICADO,2019-04-26,-23.097191366278494,-70.42546596406645
CONCHI - CERRO PABELLON 220KV,GEOTÉRMICA DEL NORTE S.A.,220.0,DEDICADO,2017-12-20,-21.87454952106645,-68.42794467772406
MINERO - EL COBRE 110KV,CODELCO CHILE - DIVISIÓN EL TENIENTE,110.0,DEDICADO,2019-04-26,-34.097535401328784,-70.4618187764106
TAP OFF NIHUE - LAS ARAÑAS 66KV,CGE TRANSMISIÓN S.A.,66.0,ZONAL,2019-04-26,-33.95063989560953,-71.47275313366617
TAP OFF MAYACA - TAP OFF LA PALMA 110KV,CHILQUINTA TRANSMISIÓN S.A.,110.0,ZONAL,2023-04-10,-32.864535826553016,-71.2067327239857
DON HECTOR - MAITENCILLO 220KV,TRANSELEC S.A.,220.0,NACIONAL,2021-09-15,-28.813970485894643,-70.84679601823363
LONCOCHE - PULLINQUE 66KV L1,CGE TRANSMISIÓN S.A.,66.0,ZONAL,2019-04-25,-39.46346584559458,-72.4037519771099
MULCHEN - PICOLTUE 220KV,SISTEMA DE TRANSMISIÓN DEL SUR S.A.,220.0,ZONAL,2019-04-26,-37.68142366295165,-72.25647536001394
PORTEZUELO - LA ESTRELLA 110KV,CGE TRANSMISIÓN S.A.,110.0,ZONAL,2019-04-26,-34.23678065805237,-71.63206620605403
DIEGO DE ALMAGRO - EL SALVADOR 110KV,CODELCO CHILE - DIVISIÓN EL SALVADOR,110.0,DEDICADO,2019-04-26,-26.325161481542786,-69.82403766052296
LOS ANGELES (CGE) - SANTA LUISA 154KV,CGE TRANSMISIÓN S.A.,154.0,ZONAL,2021-09-05,-37.4845589226784,-72.41472428754435
CAUQUENES - LA VEGA 66KV,CGE TRANSMISIÓN S.A.,66.0,ZONAL,2019-04-25,-35.907638530757914,-72.37701129200373
ALTO JAHUEL – BAJOS DE MENA 110KV,TRANSMISORA ELÉCTRICA CORDILLERA SPA,110.0,ZONAL,2019-04-26,-33.66845188795031,-70.65307754581558
CEMENTO MELON - PRINCIPAL MINA NAVIO 44KV,MELON S.A,44.0,ZONAL,2021-09-10,-32.73207821602056,-71.19800845922094
A11_CHARRUA - ATR5 220KV,S/I,220.0,S/I,2019-04-26,-37.08842671826543,-72.3209793563936
FATIMA - ISLA DE MAIPO 66KV,CGE TRANSMISIÓN S.A.,66.0,ZONAL,2014-11-02,-33.75677063485435,-70.83617044867604
CARRERA PINTO - SECCIONADORA SAN ANDRES 220KV L1,TRANSELEC S.A.,220.0,NACIONAL,2017-12-20,-27.1381752767847,-69.99179555829251
NUEVA POZO ALMONTE - CONDORES 220KV,RED ELÉCTRICA DEL NORTE S.A.,220.0,NACIONAL,2023-04-10,-20.27927171078285,-69.91609849346179
LASTARRIA - LONCOCHE 66 KV L1,CGE TRANSMISIÓN S.A.,66.0,ZONAL,2019-04-25,-39.35641372877844,-72.61777461278449
CHARRUA - LOS NOTROS 220KV L2,TRANSELEC S.A.,220.0,NACIONAL,2019-04-26,-37.33868132516104,-72.00930700188772
A4_CHARRUA 154KV - CHARRUA 66KV,S/I,66.0,ZONAL,2019-04-26,-37.09420076998967,-72.32246979016189
FUENTECILLA - SAN VICENTE DE TAGUA TAGUA 66 KV,CGE TRANSMISIÓN S.A.,66.0,ZONAL,2023-04-10,-34.43174959605138,-71.09239878225536
CENTRAL TOCOPILLA - A 110KV,ENGIE ENERGÍA CHILE S.A.,110.0,DEDICADO,2019-04-26,-22.255960484146502,-69.56597478789257
ENTRE RIOS - ANCOA 500KV,TRANSELEC S.A.,500.0,NACIONAL,2019-04-26,-36.39765572950693,-71.7046320043477
LA HUELLA - DON HECTOR 220KV,AUSTRIANSOLAR CHILE SEIS SPA,220.0,NACIONAL,2023-04-10,-29.132016793024203,-70.91963840600864
CARDONES - COPAYAPU 110KV,CGE TRANSMISIÓN S.A.,110.0,ZONAL,2019-04-26,-27.48600852084848,-70.38456232377428
CERRO DOMINADOR - ENCUENTRO 220KV,TRANSMISORA MEJILLONES S.A.,220.0,DEDICADO,2023-04-10,-22.52753532490233,-69.50260255706657
VILLARRICA - PUCON 66KV,CGE TRANSMISIÓN S.A.,66.0,ZONAL,2019-04-25,-39.34096495896327,-72.09499215981998
TAP ALTO CACHAPOAL - ALTO CACHAPOAL 66 KV,ELÉCTRICA CIPRESILLOS SPA,66.0,ZONAL,2019-04-26,-34.343273013244925,-70.37936401510254
DIEGO DE ALMAGRO - PFV JAVIERA 110KV,CGE TRANSMISIÓN S.A.,110.0,ZONAL,2019-04-26,-26.34553890944341,-70.12435685629693
FARELLON - CHIMBORAZO 220KV,MINERA ESCONDIDA LTDA.,220.0,DEDICADO,2023-04-10,-24.036624842968266,-69.561825989319
EL COBRE (ENGIE) - ESPERANZA 220KV,RED ELÉCTRICA DEL NORTE 2 S.A.,220.0,DEDICADO,2017-12-20,-23.137970627811125,-69.32500768999736
CENTRAL RUCATAYO - RUCATAYO 220KV,TRANSRUCATAYO S.A.,220.0,DEDICADO,2023-04-10,-40.61974414534632,-72.70518426568924
VICTORIA - TRAIGUEN 66KV,CGE TRANSMISIÓN S.A.,66.0,ZONAL,2019-04-25,-38.24804856508813,-72.48641761785954
TAP LA PALOMA - LA RONDA 66KV,CGE TRANSMISIÓN S.A.,66.0,ZONAL,2023-04-10,-34.55621902159672,-70.9584110116342
S/E TAP OFF LLANOS BLANCOS - TAP OFF LLANOS BLANCOS (ESTRUCTURA N°77) 220KV,PRIME ENERGÍA QUICKSTART SPA,220.0,DEDICADO,2023-04-10,-30.14813485376884,-71.21893510410005
TAP OFF ENLACE ANTUCOYA - ANTUCOYA 110KV,MINERA ANTUCOYA,110.0,DEDICADO,2021-09-20,-22.65618609741121,-69.8533758025115
NEPTUNO - CHENA 220KV,TRANSELEC S.A.,220.0,NACIONAL,2021-09-24,-33.489971333304595,-70.73150824349085
ESPERANZA - CALERA CENTRO 66KV,ALFA TRANSMISORA DE ENERGÍA S.A.,66.0,DEDICADO,2019-04-25,-32.806472346416,-71.10406827893799
EL SAUCE - COMBARBALA 66KV,CGE TRANSMISIÓN S.A.,66.0,ZONAL,2021-09-10,-31.13578071783597,-71.07868988170155
EL EDEN - ALTO DEL CARMEN 110KV,CGE TRANSMISIÓN S.A.,110.0,ZONAL,2019-04-26,-28.655710501737985,-70.63427744904293
CACHIYUYAL - PAMPA NORTE 220KV,ENEL GREEN POWER CHILE S.A.,220.0,DEDICADO,2019-04-26,-25.54334007520933,-70.25504708314838
ARMERILLO - LA MINA 66KV,ALFA TRANSMISORA DE ENERGÍA S.A.,66.0,DEDICADO,2021-09-08,-35.813458416799286,-70.85917834536363
PAN DE AZUCAR - PUNTA COLORADA 220KV,TRANSELEC S.A.,220.0,NACIONAL,2017-12-20,-29.64316259517744,-71.21219738434385
MALGARIDA - ALMEYDA 220KV,ALMEYDA SPA,220.0,ZONAL,2023-04-10,-26.227573129968164,-70.02487647088013
DIEGO DE ALMAGRO - CENTRAL ANDES GENERACION 110KV,ANDES GENERACIÓN SPA,110.0,ZONAL,2019-04-26,-26.402041497898672,-70.04292772468676
VALDIVIA - EL LAUREL 220KV,TRANSELEC S.A.,220.0,NACIONAL,2023-04-10,-39.8206006116231,-73.1972921360049
PUEBLO SECO - CHARRUA 154 KV,TRANSELEC S.A.,154.0,ZONAL,2023-04-10,-36.99202516894543,-72.22150819099782
CONCEPCION - MAHNS 66KV,CGE TRANSMISIÓN S.A.,66.0,ZONAL,2017-12-20,-36.71688379454708,-72.97671016038147
LINARES NORTE - LINARES 66KV,CGE TRANSMISIÓN S.A.,66.0,ZONAL,2023-04-10,-35.83624962191378,-71.63629716513036
METRO - LORD COCHRANE 110KV,SOCIEDAD TRANSMISORA METROPOLITANA II S.A.,110.0,ZONAL,2019-04-26,-33.44638349999994,-70.65516499999998
CHARRUA - LOS ANGELES (CGE) 154KV,CGE TRANSMISIÓN S.A.,154.0,ZONAL,2019-04-26,-37.28910114472794,-72.35454316532483
DEUCO - PICOIQUEN 66KV,SISTEMA DE TRANSMISIÓN DEL SUR S.A.,66.0,DEDICADO,2019-04-25,-37.82143883785065,-72.72585283759159
NANCAGUA - PANIAHUE 66KV,CGE TRANSMISIÓN S.A.,66.0,ZONAL,2019-04-25,-34.655001639424675,-71.27543905049538
SECCIONADORA ALTO MELIPILLA - ALTO MELIPILLA 220KV,ELETRANS II S.A.,220.0,ZONAL,2023-04-10,-33.69194844671674,-71.23658197768782
CARDONES - MAGNETITA 110KV,COMPAÑÍA MINERA DEL PACÍFICO S.A.,110.0,DEDICADO,2019-04-26,-27.49664239928151,-70.35159125097549
LOS LOROS - CENTRAL PARQUE SOLAR LOS LOROS 110KV,SOLAR LOS LOROS SPA,110.0,ZONAL,2021-09-15,-27.829524928546636,-70.14865806182615
CENTRAL PARQUE EOLICO TALTAL - PORTAL GCM 33KV,GUANACO COMPAÑÍA MINERA SPA,33.0,ZONAL,2021-09-15,-25.060144550292517,-69.86087070317453
CENTRAL SAN PEDRO DE DALCAHUE - CHILOE 110KV,SISTEMA DE TRANSMISIÓN DEL SUR S.A.,110.0,DEDICADO,2019-04-26,-42.21799296743479,-73.80145715121438
CHIBURGO - COLBUN 66KV,ALFA TRANSMISORA DE ENERGÍA S.A.,66.0,DEDICADO,2019-04-25,-35.67561849498096,-71.36548621286038
CENTRAL CABO LEONES II – IBERATACAMA 220KV,PARQUE EÓLICO ATACAMA SPA,220.0,DEDICADO,2019-04-26,-28.949593409958805,-71.46135462274364
PULLINQUE - LOS LAGOS 66kV,TRANSELEC S.A.,66.0,ZONAL,2017-12-20,-39.72494614914347,-72.51687396877891
CHARRUA - HUALPEN 220KV,TRANSELEC S.A.,220.0,NACIONAL,2019-04-26,-36.930890416383775,-72.7299776185256
MARCHIGUE - ALCONES 66KV,CGE TRANSMISIÓN S.A.,66.0,ZONAL,2019-04-25,-34.401627793423735,-71.67453696303255
O'HIGGINS - COLOSO 220KV,MINERA ESCONDIDA LTDA.,220.0,DEDICADO,2019-04-26,-23.76147360023775,-70.33214176864006
TAP LAMPA - LAMPA 220KV,SOCIEDAD TRANSMISORA METROPOLITANA II S.A.,220.0,DEDICADO,2017-12-20,-33.31921892596834,-70.75819949288356
LA CRUZ SOLAR - TAP OFF LA CRUZ SOLAR 220KV,FOTOVOLTAICA NORTE GRANDE 1,220.0,DEDICADO,2019-04-26,-22.275218386436794,-69.6339153992933
PARGUA - NUEVA ANCUD 220KV,SISTEMA DE TRANSMISIÓN DEL SUR S.A.,220.0,NACIONAL,2023-04-10,-41.86589647505419,-73.58598643082618
SAN JERONIMO - LAS BALANDRAS 66KV,LITORAL TRANSMISIÓN S.A.,66.0,ZONAL,2017-12-20,-33.37900459590112,-71.63494976788343
QUINQUIMO - CABILDO 110KV,CGE TRANSMISIÓN S.A.,110.0,ZONAL,2019-04-26,-32.46896990191809,-71.1948682464431
TEHUELCHE - BAGUALES,EDELAYSEN,23.0,S/I,2019-04-26,-45.5603404805542,-72.08417550461931
SAN FERNANDO - TENO 66KV,CGE TRANSMISIÓN S.A.,66.0,ZONAL,2019-04-25,-34.74489441566689,-71.04723154965319
TAP EL MANZANO - EL MANZANO 220KV,SOCIEDAD TRANSMISORA METROPOLITANA II S.A.,220.0,DEDICADO,2019-04-26,-33.15929833156302,-70.79209989019543
KIMAL - ENCUENTRO 220kV,SOCIEDAD AUSTRAL DE TRANSMISIÓN TRONCAL S.A.,220.0,NACIONAL,2017-12-20,-22.289222266477378,-69.52623978929115
PARINACOTA - CHINCHORRO 66KV,EMPRESA DE TRANSMISIÓN ELÉCTRICA TRANSEMEL S.A.,66.0,ZONAL,2019-04-25,-18.46938950506382,-70.28411361683904
SANTA ELVIRA - NUEVA ALDEA 66KV,CGE TRANSMISIÓN S.A.,66.0,ZONAL,2019-04-25,-36.64231622153349,-72.28214180688741
DON GOYO - LA CEBADA 220KV,TRANSELEC S.A.,220.0,NACIONAL,2023-04-10,-30.78730636373996,-71.56056753643207
MIRAJE - ENCUENTRO 220KV,TRANSELEC S.A.,220.0,NACIONAL,2017-12-20,-22.3512021167252,-69.5404860499635
LAGUNAS - CHALLACOLLO 220KV,TRANSELEC S.A.,220.0,DEDICADO,2019-04-26,-20.8870549674884,-69.44762774047192
CIRUELOS - CERROS DE HUICHAHUE 220KV,ELETRANS S.A.,220.0,NACIONAL,2019-04-26,-39.7408932649285,-72.90578633061953
AGUA SANTA - PLACILLA 110KV,CHILQUINTA TRANSMISIÓN S.A.,110.0,ZONAL,2019-04-26,-33.09173561585666,-71.5522611476048
CENTRAL CUMBRES -  MOCHO 23KV,CUMBRES SPA,23.0,DEDICADO,2023-04-10,-40.64316416168857,-72.22949090736991
HUALPEN - SAN VICENTE 154KV,TRANSELEC S.A.,154.0,ZONAL,2019-04-26,-36.766542672345686,-73.11569674854124
ESCONDIDA - MONTURAQUI 69KV,MINERA ESCONDIDA LTDA.,69.0,DEDICADO,2017-12-20,-24.21215352214825,-68.69580055493205
COLACO - PARGUA 110KV,SISTEMA DE TRANSMISIÓN DEL SUR S.A.,110.0,ZONAL,2023-04-10,-41.777370794795566,-73.50207629556546
LLANQUIHUE - TAP LLANQUIHUE 220KV,SISTEMA DE TRANSMISIÓN DEL SUR S.A.,220.0,ZONAL,2023-04-10,-41.28347997599994,-73.00715074349998
HUERTOS FAMILIARES – EL MANZANO (ENEL TRANSMISION) 33kV,ENEL GREEN POWER CHILE S.A.,33.0,S/I,2019-04-26,-33.132998959972404,-70.79360585254658
NUEVA VENTANAS - NOGALES 220KV,AES ANDES S.A.,220.0,DEDICADO,2019-04-26,-32.77033301980119,-71.34226758123717
CARDONES - CENTRAL CARDONES 220KV,CENTRAL CARDONES S.A.,220.0,DEDICADO,2023-04-10,-27.488766499999937,-70.38579699999997
TAP OFF LLANOS - AGUAS BLANCAS 66KV,ATACAMA MINERALS CHILE S.C.M.,66.0,DEDICADO,2017-12-20,-24.0250137793405,-69.8184704758973
ENCUENTRO - CENTINELA 220KV,RED ELÉCTRICA DEL NORTE 2 S.A.,220.0,DEDICADO,2019-04-26,-22.61351290166105,-69.3239364882025
TAP RECOLETA - RECOLETA 110KV,SOCIEDAD TRANSMISORA METROPOLITANA II S.A.,110.0,ZONAL,2019-04-26,-33.3818846963989,-70.63829103240802
ILLAPA - CARRERA PINTO 220KV L2,ELETRANS S.A.,220.0,DEDICADO,2019-04-26,-26.79713799991129,-69.90616725163292
GUARDIAMARINA - ESMERALDA 110KV,EMPRESA DE TRANSMISIÓN ELÉCTRICA TRANSEMEL S.A.,110.0,ZONAL,2019-04-26,-23.63320219778036,-70.37550466017623
LONCOCHE - VILLARRICA L2 66KV,CGE TRANSMISIÓN S.A.,66.0,ZONAL,2019-04-25,-39.29862234854384,-72.42296770453638
RIO ACONCAGUA – POLPAICO (TRANSELEC) 220KV,TRANSELEC S.A.,220.0,NACIONAL,2019-04-26,-32.9736238655015,-70.87003354910657
TAP PHI - PHI 66KV,ANGLO AMERICAN LOS BRONCES,66.0,DEDICADO,2017-12-20,-33.210710546422035,-70.33903577392047
ANTOFAGASTA - ALTO NORTE 110KV,COMPLEJO METALÚRGICO ALTONORTE S.A.,110.0,ZONAL,2019-04-26,-23.726690417921876,-70.34008552743026
CHACAYA - GNL MEJILLONES 110KV,SOCIEDAD GNL MEJILLONES S.A.,110.0,DEDICADO,2017-12-20,-23.08564816430885,-70.37106149156304
A1_NALCAS - CALLAO 23KV,S/I,23.0,DEDICADO,2019-04-26,-40.89194748735055,-72.34045460053996
CERRO NAVIA - RENCA 110KV,SOCIEDAD TRANSMISORA METROPOLITANA II S.A.,110.0,ZONAL,2019-04-26,-33.41348593556863,-70.71003025929082
ALTO JAHUEL - LOS GUINDOS (FFCC) 66KV,EMPRESA DE LOS FERROCARRILES DEL ESTADO,66.0,ZONAL,2021-09-08,-33.71193407607713,-70.70796343227312
TAP OFF ALGARROBO - CASABLANCA 66kV,CHILQUINTA TRANSMISIÓN S.A.,66.0,ZONAL,2019-04-26,-33.34996140854376,-71.50098990160636
SAN PEDRO - MIRAFLORES 110KV,CHILQUINTA TRANSMISIÓN S.A.,110.0,ZONAL,2023-04-10,-32.998836955357895,-71.39460170833235
CARDONES - PLANTA MATTA 110KV,GUACOLDA ENERGÍA SPA,110.0,DEDICADO,2019-04-26,-27.446720917861903,-70.32181163710662
PORTEZUELO - MARCHIGUE 66KV,CGE TRANSMISIÓN S.A.,66.0,ZONAL,2019-04-25,-34.37419805649672,-71.60870048401982
QUILAPILUN - LOS MAQUIS 220KV,ALFA TRANSMISORA DE ENERGÍA S.A.,220.0,NACIONAL,2019-04-26,-33.02000043491326,-70.41387838350087
TAP SAN RAFAEL - SAN RAFAEL 110KV,ALFA TRANSMISORA DE ENERGÍA S.A.,110.0,ZONAL,2019-04-26,-32.829196271660514,-70.61864183266219
NUEVA CHUQUICAMATA - SALAR 220KV,ENGIE ENERGÍA CHILE S.A.,220.0,NACIONAL,2023-04-10,-22.350541275465183,-68.90719488375716
VALDIVIA (STS) - PICARTE 66kV,SISTEMA DE TRANSMISIÓN DEL SUR S.A.,66.0,ZONAL,2019-04-25,-39.81505417000614,-73.20586549739882
TAP SAN JOSE - SAN JOSE 110KV,SOCIEDAD TRANSMISORA METROPOLITANA II S.A.,110.0,ZONAL,2019-04-26,-33.44591542230499,-70.71935502552645
TOCOPILLA – KIMAL 220KV,ENGIE ENERGÍA CHILE S.A.,220.0,ZONAL,2019-04-26,-22.2212351083857,-69.89975480498056
CHUQUICAMATA - SALAR 220KV,ENGIE ENERGÍA CHILE S.A.,220.0,NACIONAL,2019-04-26,-22.341384875781547,-68.91119393504412
PULELFU - CENTRAL PULELFU 66KV,EMPRESA ELÉCTRICA LA LEONERA S.A.,66.0,DEDICADO,2023-04-10,-40.810780987841326,-72.38701142797471
TORQUEMADA - CONCON 110KV,CHILQUINTA TRANSMISIÓN S.A.,110.0,ZONAL,2019-04-26,-32.93442317601597,-71.47317674846833
CARRERA PINTO - SECCIONADORA SAN ANDRES 220KV L2,ELETRANS S.A.,220.0,NACIONAL,2019-04-26,-27.140297486419517,-69.99301722614055
KELAR - KAPATUR 220KV,TAMAKAYA ENERGÍA SPA,220.0,DEDICADO,2019-04-26,-23.07754581668684,-70.33116196084006
CHUQUICAMATA - KM6 100 KV,CODELCO CHILE - DIVISIÓN CHUQUICAMATA,110.0,DEDICADO,2019-04-26,-22.31169882591703,-68.90614812640622
CURANILAHUE - TRES PINOS 66KV,CGE TRANSMISIÓN S.A.,66.0,ZONAL,2019-04-25,-37.539732921373485,-73.40050518479428
HUASCO - MAITENCILLO 110KV L1,TRANSELEC S.A.,110.0,DEDICADO,2019-04-26,-28.50511775082025,-71.09210968491095
TAP OFF QUILLAGUA - PEQ 220KV,PARQUE FOTOVOLTAICO NUEVO QUILLAGUA SPA,220.0,DEDICADO,2019-04-26,-21.658058885583408,-69.50521734166354
RANCAGUA - ALAMEDA 66KV L1,CGE TRANSMISIÓN S.A.,66.0,ZONAL,2019-04-25,-34.16709809262335,-70.72632885032822
CHOAPA - QUEREO 110KV,CGE TRANSMISIÓN S.A.,110.0,ZONAL,2019-04-26,-31.93865180203757,-71.47690152107502
PAPOSO - CACHIYUYAL 220KV,TRANSELEC S.A.,220.0,DEDICADO,2021-09-23,-25.24237054727064,-70.33997756576602
CABRERO - MASISA 66KV,SISTEMA DE TRANSMISIÓN DEL SUR S.A.,66.0,DEDICADO,2019-04-25,-37.04100731771143,-72.39606051637291
VICUÑA - BAÑOS DEL TORO 110KV,COMPAÑÍA MINERA ZALDÍVAR LTDA,110.0,DEDICADO,2021-09-15,-29.93396452163688,-70.35368424464713
CHIMBORAZO - DOMEYKO 220KV,MINERA ESCONDIDA LTDA.,220.0,DEDICADO,2019-04-26,-24.230057813214327,-69.18138007227184
ANCOA - ALTO JAHUEL 500KV L1,TRANSELEC S.A.,500.0,NACIONAL,2019-04-26,-34.72404807095393,-70.99799201175179
RAPEL - QUELENTARO 220KV,CGE TRANSMISIÓN S.A.,220.0,ZONAL,2019-04-26,-34.04049051565912,-71.58820492443975
BUIN (CGE) - FATIMA 66KV,CGE TRANSMISIÓN S.A.,66.0,ZONAL,2019-04-25,-33.77516363225534,-70.74357441778149
TAP LA PINTANA - LA PINTANA 110KV,SOCIEDAD TRANSMISORA METROPOLITANA II S.A.,110.0,ZONAL,2019-04-26,-33.617956955999944,-70.61695776449997
DOS AMIGOS - ALGARROBO 110kV,TRANSELEC S.A.,110.0,ZONAL,2019-04-26,-28.87403315657499,-70.92738164505583
RAHUE - PILAUCO 220KV,SISTEMA DE TRANSMISIÓN DEL SUR S.A.,220.0,DEDICADO,2019-04-29,-40.57465127314151,-73.08396404767188
LINARES - PARRAL 66KV,CGE TRANSMISIÓN S.A.,66.0,ZONAL,2019-04-25,-35.990078382619444,-71.71974080780305
TAP VITACURA - VITACURA 110KV,SOCIEDAD TRANSMISORA METROPOLITANA II S.A.,110.0,ZONAL,2019-04-26,-33.40548046368128,-70.60587331506781
PLAYA ANCHA – LA POLVORA 110KV,CASABLANCA TRANSMISORA DE ENERGÍA S.A.,110.0,ZONAL,2019-04-26,-33.06375401098718,-71.64219788920487
CHIRRE - MANTILHUE 110KV,SISTEMA DE TRANSMISIÓN DEL SUR S.A.,110.0,DEDICADO,2019-04-26,-40.62324957654548,-72.51133890007868
RUCUE - CHARRUA 220KV,ALFA TRANSMISORA DE ENERGÍA S.A.,220.0,DEDICADO,2019-04-26,-37.211203470835486,-72.08721171222669
MAITENCILLO - VALLENAR 110KV,TRANSELEC S.A.,110.0,ZONAL,2019-04-26,-28.55082967892422,-70.85250450818654
ANCOA - ITAHUE 220KV,TRANSELEC S.A.,220.0,NACIONAL,2017-12-20,-35.41902710942864,-71.35390408740592
LIRCAY - MARIPOSAS 66KV,HIDROELÉCTRICA RÍO LIRCAY S.A.,66.0,DEDICADO,2019-04-25,-35.56646071757658,-71.2675206311109
SAN PEDRO - VENTANAS 110KV,COMPAÑÍA TRANSMISORA DEL NORTE GRANDE S.A.,110.0,ZONAL,2019-04-26,-32.84573836202346,-71.376752258108
ESMERALDA - URIBE 110KV,EMPRESA DE TRANSMISIÓN ELÉCTRICA TRANSEMEL S.A.,110.0,DEDICADO,2019-04-26,-23.630236428089454,-70.3389953994105
CAITAN – DESALINIZADORA Y BOMBEO (SGO) 66KV,CAITAN SPA,66.0,DEDICADO,2023-04-10,-23.078341428103805,-70.3320103199882
ENCUENTRO - MMH 220KV,CODELCO CHILE - DIVISIÓN MINISTRO HALES,220.0,DEDICADO,2016-08-01,-22.295855176579263,-69.21367336251083
CHILLAN - MONTERRICO 66KV,CGE TRANSMISIÓN S.A.,66.0,ZONAL,2019-04-25,-36.60968024754667,-72.0752475686908
MINERO - COLON 110KV,CODELCO CHILE - DIVISIÓN EL TENIENTE,110.0,DEDICADO,2019-04-26,-34.088975029102386,-70.46806011446452
COPAYAPU - GALLEGUILLOS 110KV,CGE TRANSMISIÓN S.A.,110.0,ZONAL,2017-12-20,-27.37955360284512,-70.40758455937488
MMH - TCHITACK 220KV,CODELCO CHILE - DIVISIÓN CHUQUICAMATA,220.0,DEDICADO,2021-09-20,-22.3450143369606,-68.87526040711641
RIO AZUL - SANTA BARBARA,EDELAYSEN,23.0,S/I,2019-04-26,-43.21373637142954,-72.4230321451757
CHARRUA - ENLACE 66KV,AES ANDES S.A.,66.0,ZONAL,2019-04-25,-37.09437090279319,-72.32351642748411
SAN GREGORIO - PARRAL 66KV,CGE TRANSMISIÓN S.A.,66.0,ZONAL,2019-04-26,-36.20546482126244,-71.81681629259928
IEM - TEN GIS 220KV,ENGIE ENERGÍA CHILE S.A.,220.0,DEDICADO,2023-04-10,-23.08867306479497,-70.40719494723099
CURANILAHUE NORTE - TRES PINOS 66KV,CGE TRANSMISIÓN S.A.,66.0,ZONAL,2021-09-05,-37.61247577664424,-73.41814940335489
LOS VARONES – DUQUECO 220 kV,TRANSELEC S.A.,220.0,NACIONAL,2019-04-26,-37.48336301823672,-72.31997353280386
CANDELARIA - MINERO 220KV,ALFA TRANSMISORA DE ENERGÍA S.A.,220.0,DEDICADO,2019-04-26,-34.04700451210044,-70.53865504002576
CERRO NAVIA - CENTRAL SANTIAGO SOLAR 110KV,COMPAÑÍA TRANSMISORA DEL NORTE GRANDE S.A.,110.0,ZONAL,2023-04-10,-33.25199292267346,-70.75218608668312
DON ANTONIO - ANA MARIA 220KV,TSGF SPA,220.0,DEDICADO,2019-04-26,-22.036150209217507,-69.60082324450103
TAP OFF ALTO HOSPICIO - ALTO HOSPICIO 110KV,EMPRESA DE TRANSMISIÓN ELÉCTRICA TRANSEMEL S.A.,110.0,ZONAL,2019-04-26,-20.253200499999963,-70.10497899999996
HUALTE - QUIRIHUE 33KV,CGE TRANSMISIÓN S.A.,33.0,ZONAL,2017-12-20,-36.37949510016681,-72.47100373607375
ITAHUE - SECCIONADORA CONVENTO VIEJO 154 KV,TRANSELEC S.A.,154.0,DEDICADO,2019-04-26,-34.94986278026327,-71.23700502647192
ALTO JAHUEL - PUNTA DE CORTES 154KV,TRANSELEC S.A.,154.0,ZONAL,2019-04-26,-33.94093187479205,-70.75607283395591
SEAT EL SOL - SER VILLA ALEMANA 44KV,EFE VALPARAÍSO S.A.,66.0,DEDICADO,2019-04-26,-33.04258286712509,-71.39799098047689
EL PEÑON - LA RUCA 110KV,CGE TRANSMISIÓN S.A.,110.0,DEDICADO,2019-04-26,-30.313304994969187,-71.2313100128725
CENTRAL LA HIGUERA - PUENTE NEGRO 220KV,LA HIGUERA TRANSMISIÓN S.A.,220.0,DEDICADO,2019-04-26,-34.735557830922104,-70.81605594391978
CAMPOS DEL SOL -  CARRERA PINTO 220KV,ENEL GREEN POWER CHILE S.A.,220.0,DEDICADO,2019-04-26,-27.02729765540476,-69.91402931700246
PILMAIQUEN - OSORNO 66KV,ENEL GREEN POWER CHILE S.A.,66.0,DEDICADO,2019-04-25,-40.603375573751286,-72.88554508166166
PITRUFQUEN - LASTARRIA 66 KV L1,CGE TRANSMISIÓN S.A.,66.0,ZONAL,2019-04-25,-39.17564863290999,-72.66760602259843
ILLAPEL - SALAMANCA 110KV,CGE TRANSMISIÓN S.A.,110.0,ZONAL,2019-04-26,-31.71637791451586,-71.08727592157544
LAS PALMAS - PUNTA PALMERAS 220KV,PUNTA PALMERAS S.A.,220.0,DEDICADO,2019-04-26,-31.26465230917116,-71.60390879253434
TEMUCO - PUMAHUE 66KV,CGE TRANSMISIÓN S.A.,66.0,ZONAL,2023-04-10,-38.7084377355409,-72.55781256788885
PUNTA COLORADA - TRES QUEBRADAS 220KV,COMPAÑÍA BARRICK CHILE GENERACIÓN SPA,220.0,S/I,2019-04-26,-29.404894966943868,-70.5993379298859
PARINAS – CUMBRE 500 KV,TRANSMISORA ELÉCTRICA DEL NORTE S.A.,500.0,NACIONAL,2019-04-26,-25.58970679179436,-69.83799858824463
VALLE DE LOS VIENTOS - CALAMA NUEVA 110KV,CGE TRANSMISIÓN S.A.,110.0,ZONAL,2019-04-26,-22.4465100651324,-68.86898790882526
TINEO - NUEVA PICHIRROPULLI 220 KV,TRANSELEC CONCESIONES S.A.,220.0,NACIONAL,2023-04-10,-40.68836493883559,-73.13810911977892
POLPAICO (TRANSELEC) - SANTA FILOMENA 220KV,ANGLO AMERICAN LOS BRONCES,220.0,DEDICADO,2019-04-26,-33.16964964740529,-70.71572948618078
DOMEYKO - PLANTA OXIDOS 220KV,MINERA ESCONDIDA LTDA.,220.0,DEDICADO,2019-04-26,-24.24844740831075,-69.10346969113893
CAPRICORNIO - ANTOFAGASTA 110KV,ENGIE ENERGÍA CHILE S.A.,110.0,ZONAL,2017-12-20,-23.568144530791628,-70.27999098379416
PICARTE - CORRAL 66KV,SISTEMA DE TRANSMISIÓN DEL SUR S.A.,66.0,ZONAL,2019-04-25,-39.91239972340583,-73.3073065731748
CHARRUA - ANCOA 500KV,CHARRÚA TRANSMISORA DE ENERGÍA S.A.,500.0,NACIONAL,2021-09-24,-36.45401418759123,-71.7298237354337
TAP PUDAHUEL - PUDAHUEL 110KV,SOCIEDAD TRANSMISORA METROPOLITANA II S.A.,110.0,ZONAL,2019-04-26,-33.4209123410491,-70.72979641134225
LOS VILOS - LAS PALMAS 220KV,TRANSELEC S.A.,220.0,NACIONAL,2019-04-26,-31.616412318413666,-71.52828623572455
DIEGO DE ALMAGRO - ILLAPA 220KV L1,TRANSELEC S.A.,220.0,DEDICADO,2021-12-02,-26.49863972844619,-69.97007378351323
NUEVA ZALDIVAR - SULFUROS 220KV,MINERA ESCONDIDA LTDA.,220.0,DEDICADO,2019-04-26,-24.20383611480825,-69.09043160372029
NUEVA PICHIRROPULLI - RAHUE 220KV,TRANSELEC S.A.,220.0,NACIONAL,2017-12-20,-40.36375140716199,-72.99153546170126
CENTRAL MAMPIL - CENTRAL PEUCHEN 220KV,DUQUECO SPA,220.0,DEDICADO,2019-04-26,-37.54470115726697,-71.65428084768718
JUNCAL - HNOS CLARK 44 KV,CHILQUINTA TRANSMISIÓN S.A.,44.0,ZONAL,2019-04-26,-32.86963853551263,-70.14889985902714
POZO ALMONTE - LA CASCADA HMC (SAGASCA) 66KV,HALDEMAN MINING COMPANY S.A.,66.0,DEDICADO,2019-04-25,-20.25803329252804,-69.54293779193895
BOCAMINA - CORONEL 154KV,TRANSELEC S.A.,154.0,DEDICADO,2023-04-10,-37.008332747751695,-73.16165697902566
TENO - CURICO 66KV,CGE TRANSMISIÓN S.A.,66.0,ZONAL,2019-04-25,-34.93177086578386,-71.18371617603593
CENTRAL PUNTILLA - PUENTE ALTO 110KV,ELÉCTRICA PUNTILLA S.A.,110.0,DEDICADO,2019-04-26,-33.61823386499998,-70.53606755999996
DIEGO DE ALMAGRO - MANTO VERDE 110KV,MANTOVERDE S.A.,110.0,DEDICADO,2019-04-26,-26.44360412124743,-70.22871187605323
REMEHUE - LA UNION 66KV,SISTEMA DE TRANSMISIÓN DEL SUR S.A.,66.0,ZONAL,2023-04-10,-40.40421953547207,-73.04460450772811
CHIVILCAN - LAS ENCINAS 66KV,CGE TRANSMISIÓN S.A.,66.0,ZONAL,2019-04-25,-38.73384442325557,-72.62173232497143
ANCOA - PANIMAVIDA 66KV,TRANSELEC S.A.,66.0,DEDICADO,2019-04-25,-35.72119605795381,-71.38420642345618
RENCA - METRO 110KV,SOCIEDAD TRANSMISORA METROPOLITANA II S.A.,110.0,ZONAL,2023-04-10,-33.43000351484778,-70.66818825457274
TAP OFF SAN FELIPE - SAN FELIPE 44KV,CHILQUINTA TRANSMISIÓN S.A.,44.0,ZONAL,2017-12-20,-32.76219072999996,-70.71586588499997
SAN SIMON - LAGUNAS 220KV,TRANSELEC S.A.,220.0,NACIONAL,2019-04-26,-20.99567183840813,-69.64201190362523
LOS MAQUIS (CGE) - HUALANE 66KV,CGE TRANSMISIÓN S.A.,66.0,ZONAL,2019-04-25,-35.12575089469917,-71.63269279026665
EL ARRAYAN - DON GOYO 220KV,PARQUE EÓLICO EL ARRAYÁN SPA,220.0,NACIONAL,2023-04-10,-30.53321970729224,-71.5962930958901
LAGUNAS - PUQUIOS 220KV,TRANSELEC S.A.,220.0,DEDICADO,2019-04-26,-20.931083634731795,-69.25346418526358
EL TRARO - CHILE CHICO,EDELAYSEN,23.0,S/I,2019-04-26,-46.79208253279883,-72.42814504508712
PARQUE EOLICO RENAICO - MULCHEN 220KV,ENEL GREEN POWER CHILE S.A.,220.0,DEDICADO,2019-04-26,-37.72057281783154,-72.39913751680277
PANIAHUE - SANTA CRUZ 66KV,CGE TRANSMISIÓN S.A.,66.0,ZONAL,2023-04-10,-34.626973020476335,-71.35086175612673
MAITENCILLO - CENTRAL PARQUE EOLICO CABO LEONES I 220KV,LÍNEA DE TRANSMISIÓN CABO LEONES S.A.,220.0,DEDICADO,2021-09-15,-28.8593732811499,-71.06031039962183
PARINAS – CENTRAL PARQUE EOLICO TALTAL 220 KV,TRANSMISORA PARINAS S.A.,220.0,DEDICADO,2019-04-26,-24.938461594523933,-69.89499652650437
CENTRAL DIESEL ARICA - ARICA 66KV,ENGIE ENERGÍA CHILE S.A.,66.0,DEDICADO,2019-04-25,-18.46718710701601,-70.28639891390506
LICANCO - LAS VIOLETAS 66 KV,SISTEMA DE TRANSMISIÓN DEL SUR S.A.,66.0,ZONAL,2019-04-25,-38.77744850375477,-72.76745253075848
MULCHEN - SANTA CLARA 220 KV,TRANSCHILE CHARRÚA TRANSMISIÓN S.A.,220.0,NACIONAL,2019-04-26,-37.5013346183633,-72.2672043485499
CORONEL - ANDALICAN 66KV,CGE TRANSMISIÓN S.A.,66.0,ZONAL,2017-12-20,-37.15623554850241,-73.17419812804594
SAN VICENTE - TALCAHUANO 154KV,TRANSELEC S.A.,154.0,ZONAL,2019-04-26,-36.744062493159646,-73.12146909133494
TAP EL AGUILA - LLUTA 13.8KV,ENGIE ENERGÍA CHILE S.A.,13.8,DEDICADO,2021-09-20,-18.45977544298756,-69.87377756992441
PILAUCO - OSORNO 66KV,SISTEMA DE TRANSMISIÓN DEL SUR S.A.,66.0,ZONAL,2017-12-20,-40.57097738665298,-73.09965727663513
HUALPEN - GUINDO 220 KV,TRANSELEC S.A.,220.0,ZONAL,2019-04-26,-36.83335478797507,-73.13126309679114
PAN DE AZUCAR - MINERA TECK CDA 220KV,TRANSELEC S.A.,220.0,DEDICADO,2019-04-26,-30.14436647832072,-71.21130730377922
KM6 - 10A 100KV,CODELCO CHILE - DIVISIÓN CHUQUICAMATA,100.0,DEDICADO,2017-12-20,-22.316351643115308,-68.8932395509748
ERBB-2 - PETROPOWER 66KV,TRANSELEC S.A.,66.0,DEDICADO,2017-12-20,-36.78196413301578,-73.11727596356239
ALONSO DE RIBERA - EJERCITO 66KV L1,CGE TRANSMISIÓN S.A.,66.0,ZONAL,2019-04-25,-36.809478377565775,-73.04877311914068
TAP CHACABUCO - CHACABUCO 110KV,SOCIEDAD TRANSMISORA METROPOLITANA II S.A.,110.0,ZONAL,2019-04-26,-33.33350834225596,-70.69326248202475
O'HIGGINS - PURI 220KV,MINERA ESCONDIDA LTDA.,220.0,DEDICADO,2019-04-26,-23.890862256016256,-69.81972829701701
QUILLECO - CHARRUA 220KV,ALFA TRANSMISORA DE ENERGÍA S.A.,220.0,DEDICADO,2019-04-26,-37.18355949928275,-72.12184094716886
MAIPO - PIRQUE 110KV,PAPELES CORDILLERA SPA,110.0,DEDICADO,2019-04-26,-33.67096521924703,-70.66071068486181
CARDONES – ALGARROBAL 220KV,TRANSELEC S.A.,220.0,NACIONAL,2023-04-10,-27.825946812924045,-70.52169771355823
TAP PV SALVADOR - PV SALVADOR 110KV,PV SALVADOR S.A.,110.0,DEDICADO,2019-04-26,-26.31378740217309,-69.86700227483325
NAHUELBUTA – CENTRAL PE LA FLOR 23kV,SISTEMA DE TRANSMISIÓN DEL SUR S.A.,23.0,DEDICADO,2021-09-20,-37.69474124286837,-72.5971843160842
TAP OFF PASO HONDO - PASO HONDO 66KV,LUZPARRAL TRANSMISIÓN S.A.,66.0,ZONAL,2021-09-05,-36.05212863118189,-71.94698120460352
LITORAL CENTRAL - SAN ANTONIO 66KV,CHILQUINTA TRANSMISIÓN S.A.,66.0,ZONAL,2019-04-26,-33.43854521081796,-71.58483858647737
EL SALADO - CHANARAL 23KV,TRANSELEC S.A.,110.0,ZONAL,2017-12-20,-26.384308103121747,-70.46252228094012
TAP OFF 416 - 416 69 KV,MINERA ESCONDIDA LTDA.,66.0,DEDICADO,2019-04-26,-24.38075355099994,-69.13406479299996
PAMPA TIGRE - TIGRE 220KV,AR PAMPA SPA,220.0,DEDICADO,2023-04-10,-23.844420238174365,-69.84590471992149
EL ARRIERO - SIERRA GORDA 220KV,ENEL GREEN POWER CHILE S.A.,220.0,DEDICADO,2021-09-20,-22.898826978120045,-69.16308744576384
MAITENCILLO - CASERONES 220KV,CYT OPERACIONES SPA,220.0,DEDICADO,2019-04-26,-28.28485305362376,-70.23358996964018
MEJILLONES - GUARDIAMARINA 110 KV,ENGIE ENERGÍA CHILE S.A.,110.0,ZONAL,2019-04-26,-23.34438914512181,-70.41199288172757
CHACAYA - MANTOS BLANCOS 220KV,ENGIE ENERGÍA CHILE S.A.,220.0,DEDICADO,2019-04-26,-23.334025978114525,-70.3014918633925
ATACAMA - MIRAJE 220KV,TRANSELEC S.A.,220.0,NACIONAL,2017-12-20,-22.868916930474622,-69.90966101605298
PLANTA VALDIVIA - CIRUELOS 220KV,CELULOSA ARAUCO Y CONSTITUCIÓN S.A.,220.0,DEDICADO,2019-04-26,-39.55760537040271,-72.90715950737496
MANTO VERDE - PLANTA DESALADORA Y BOMBEO N°1  110KV,MANTOVERDE S.A.,110.0,DEDICADO,2019-04-26,-26.56032540057237,-70.50897786736299
TAP OFF PALESTINA - EL PEÑON 66KV,MINERA MERIDIAN LTDA.,66.0,DEDICADO,2017-12-20,-24.15849650832344,-69.64083612184999
PUERTO PATACHE - CONDORES 220KV,TRANSELEC S.A.,220.0,ZONAL,2019-04-26,-20.51933790108913,-70.11126487809787
LUCERO - LARQUI 66KV,SISTEMA DE TRANSMISIÓN DEL SUR S.A.,66.0,ZONAL,2021-09-05,-36.77224180511603,-72.22782951619442
CENTRAL CIPRESES - ITAHUE 154KV,TRANSELEC S.A.,154.0,ZONAL,2019-04-26,-35.57271022750537,-71.19043655014366
VENTANAS - GNL QUINTERO 110KV,AES ANDES S.A.,110.0,DEDICADO,2019-04-26,-32.763408684029,-71.48707442775789
TAP OFF 403 - 403 69KV,MINERA ESCONDIDA LTDA.,66.0,DEDICADO,2019-04-26,-24.29717872806628,-69.03515714970301
LLANQUIHUE - PUERTO VARAS 66KV,SISTEMA DE TRANSMISIÓN DEL SUR S.A.,66.0,ZONAL,2023-04-10,-41.29987915743111,-73.0023795440661
TRES QUEBRADAS - LAMA 220KV,COMPAÑÍA BARRICK CHILE GENERACIÓN SPA,220.0,INTERNACIONAL,2019-04-26,-29.433081749753708,-70.04699171082828
EST. DE BOMBEO SG N°1 - EST. DE BOMBEO SG N°2 110KV,TRANSMISORA BAQUEDANO S.A.,110.0,DEDICADO,2023-04-10,-23.106457541285373,-70.38899989740273
PUERTO VARAS - SANGRA 66KV,SISTEMA DE TRANSMISIÓN DEL SUR S.A.,66.0,ZONAL,2019-04-25,-41.35631939674917,-72.97965171255298
CENTRAL LOS PINOS - CHARRUA 220KV,ALFA TRANSMISORA DE ENERGÍA S.A.,220.0,DEDICADO,2019-04-26,-37.08834639616144,-72.32393079356164
SECCIONADORA SAN ANDRES - CARDONES 220KV L2,ELETRANS S.A.,220.0,NACIONAL,2019-04-26,-27.38011446383168,-70.2426459476661
CHUQUICAMATA - K1 100 KV,CODELCO CHILE - DIVISIÓN CHUQUICAMATA,110.0,DEDICADO,2019-04-26,-22.306688306942032,-68.90577549731628
CELULOSA SANTA FE - CELULOSA PACIFICO 220KV,CMPC PULP SPA.,220.0,DEDICADO,2019-04-26,-37.65034116182321,-72.57944703886993
CHARRUA - CABRERO 66KV,SISTEMA DE TRANSMISIÓN DEL SUR S.A.,66.0,ZONAL,2019-04-25,-37.05867668114804,-72.35004617276067
PLANTA CONSTITUCION - CONSTITUCION 66KV,CELULOSA ARAUCO Y CONSTITUCIÓN S.A.,66.0,DEDICADO,2019-04-25,-35.34668651832879,-72.41788358371736
PUENTE NEGRO - COLBUN 220KV,ALFA TRANSMISORA DE ENERGÍA S.A.,220.0,NACIONAL,2017-12-20,-35.19081560011433,-71.137634797779
MINERO - SEWELL 110KV,CODELCO CHILE - DIVISIÓN EL TENIENTE,110.0,DEDICADO,2021-09-08,-34.09539841829855,-70.42393693263953
ELEVADORA CANELA II - LAS PALMAS 220KV,ENEL GENERACIÓN CHILE S.A.,220.0,NACIONAL,2017-12-20,-31.295732571406752,-71.60265270758245
LIXIVIACION - SULFUROS 69KV,MINERA ESCONDIDA LTDA.,66.0,DEDICADO,2019-04-25,-24.240166984891957,-69.0505449848139
RIO BONITO - ANTILLANCA 110KV,SISTEMA DE TRANSMISIÓN DEL SUR S.A.,110.0,DEDICADO,2019-04-26,-40.79688336694751,-72.61068160975252
LOS PEUMOS - CURACAUTIN 66KV,CGE TRANSMISIÓN S.A.,66.0,ZONAL,2019-04-25,-38.31130479891117,-72.09080314939459
SANTA MARIA - CHARRUA 220KV,ALFA TRANSMISORA DE ENERGÍA S.A.,220.0,DEDICADO,2019-04-26,-37.06344640387411,-72.72412847848484
ALONSO DE RIBERA - PERALES 66KV,CGE TRANSMISIÓN S.A.,66.0,ZONAL,2019-04-25,-36.79457728184607,-73.06771384233339
PLANTA MDP TENO - TENO 154KV,MADERAS ARAUCO S.A.,154.0,DEDICADO,2019-04-26,-34.87304190042111,-71.11249840420018
TAP OFF DOÑA CARMEN - DOÑA CARMEN 220KV,ENERGÍA CERRO EL MORADO S.A.,220.0,NACIONAL,2019-04-26,-32.478552210999965,-71.25553068999994
ANTILLANCA - RAHUE 220KV,SISTEMA DE TRANSMISIÓN DEL SUR S.A.,220.0,DEDICADO,2019-04-29,-40.58645439698416,-72.89760377191762
LAGUNILLAS - TAP QUIÑENCO 154KV,TRANSELEC S.A.,154.0,ZONAL,2019-04-26,-36.99148191719341,-73.14767092382796
LO MIRANDA - LORETO 66KV,CGE TRANSMISIÓN S.A.,66.0,ZONAL,2017-12-20,-34.234825157218495,-70.96099175598421
LABERINTO - MANTOS BLANCOS 220KV,AES ANDES S.A.,220.0,DEDICADO,2017-12-20,-23.461284153739346,-69.73629340650633
RANCAGUA - SAN FRANCISCO DE MOSTAZAL 66KV,CGE TRANSMISIÓN S.A.,66.0,ZONAL,2019-04-25,-34.07436344652732,-70.7143769884994
PAN DE AZUCAR - LAS COMPAÑIAS 110KV,TRANSELEC S.A.,110.0,ZONAL,2017-12-20,-29.920338846959982,-71.243376219568
INCAHUASI - DOS AMIGOS 110kV,TRANSELEC S.A.,110.0,ZONAL,2019-04-26,-29.121406139483177,-70.95359423544886
CACHIYUYAL - DIEGO DE ALMAGRO 220KV,TRANSELEC S.A.,220.0,DEDICADO,2021-09-23,-26.015936798469976,-70.25046657943466
ANTUCO (TRANSELEC) - CHARRUA 220KV,TRANSELEC S.A.,220.0,DEDICADO,2019-04-26,-37.18447322300295,-71.97241474481956
CHARRUA - CHOLGUAN 66KV,TRANSELEC S.A.,66.0,DEDICADO,2019-04-25,-37.13077116580962,-72.19905911252738
TAP ALTO MELIPILLA - BAJO MELIPILLA 110KV,CGE TRANSMISIÓN S.A.,110.0,ZONAL,2019-04-26,-33.69454572171545,-71.22029642520648
VALPARAISO – LA POLVORA 110KV,CASABLANCA TRANSMISORA DE ENERGÍA S.A.,110.0,ZONAL,2019-04-26,-33.07164665409816,-71.62706958871274
MANTILHUE - CENTRAL LICAN 110KV,SISTEMA DE TRANSMISIÓN DEL SUR S.A.,110.0,DEDICADO,2023-04-10,-40.618376499999954,-72.40197399999997
FATIMA - PAINE 66KV,CGE TRANSMISIÓN S.A.,66.0,ZONAL,2023-04-10,-33.7810709137385,-70.7445719741675
ALTO MELIPILLA - LEYDA 110KV,CHILQUINTA TRANSMISIÓN S.A.,110.0,ZONAL,2017-12-20,-33.65268632569892,-71.35111417676127
SANTA FILOMENA - CONFLUENCIA 220KV,ANGLO AMERICAN LOS BRONCES,220.0,DEDICADO,2019-04-26,-33.199023050514946,-70.43246672558435
MONTERRICO - COCHARCAS 66KV,CGE TRANSMISIÓN S.A.,66.0,ZONAL,2017-12-20,-36.57056080720452,-72.05579075387334
CENTRAL DOS VALLES - CENTRAL EL PASO 23KV,HIDROELECTRICA DOS VALLES SPA,154.0,DEDICADO,2019-06-12,-34.93722336981763,-70.38086953702586
MINERO - CORDILLERA 110KV,CODELCO CHILE - DIVISIÓN EL TENIENTE,110.0,DEDICADO,2019-04-26,-34.091084612477374,-70.46337728379308
CUMBRE – NUEVA CARDONES 500KV,TRANSMISORA ELÉCTRICA DEL NORTE S.A.,500.0,NACIONAL,2019-04-26,-26.95329975534025,-70.12362087740966
CERRO NEGRO NORTE - TOTORALILLO 220KV,TECNOCAP S.A.,220.0,DEDICADO,2019-04-26,-27.09179619186039,-70.55800135326531
SGO - PALLATA 220KV,MINERA SPENCE S.A.,220.0,DEDICADO,2023-04-10,-22.63408586705036,-69.35678611384378
TAP OFF BARRILES - MANTOS DE LA LUNA 110KV,GRACE S.A.,110.0,DEDICADO,2019-04-26,-22.27088472090129,-70.13756079806602
CHARRUA - LOS NOTROS 220KV L1,TRANSELEC S.A.,220.0,NACIONAL,2019-04-26,-37.33868132516104,-72.00930700188772
TAP SANTA ELENA - SANTA ELENA 110KV,SOCIEDAD TRANSMISORA METROPOLITANA II S.A.,110.0,ZONAL,2019-04-26,-33.48223710447725,-70.61086538943184
MARBELLA - QUILLOTA 110KV,CGE TRANSMISIÓN S.A.,110.0,ZONAL,2019-04-26,-32.81959128246981,-71.37946213910219
CAITAN – BOMBEO 2 (SGO) 66KV,CAITAN SPA,66.0,DEDICADO,2021-09-20,-23.12872598458681,-70.27080010797464
NUEVA ANCUD - CHILOE 220KV,SISTEMA DE TRANSMISIÓN DEL SUR S.A.,220.0,NACIONAL,2023-04-10,-42.05066954102018,-73.70353649207001
RAHUE - FRUTILLAR NORTE 220KV,TRANSELEC S.A.,220.0,NACIONAL,2019-04-26,-40.824237759417386,-73.12871927728267
PADRE LAS CASAS - PITRUFQUEN 66KV L1,CGE TRANSMISIÓN S.A.,66.0,ZONAL,2019-04-25,-38.87750134568815,-72.62823588886823
CUNCO - MELIPEUCO 110KV,TRANSMISORA MELIPEUCO S.A.,110.0,DEDICADO,2019-04-26,-38.89766036166755,-71.89512859632666
SOL DE LOS ANDES - RIO SALADO 110 KV,AUSTRIANSOLAR CHILE UNO SPA,110.0,DEDICADO,2023-04-10,-26.327573232524475,-69.9220874489679
PID PID - CASTRO 110KV,SISTEMA DE TRANSMISIÓN DEL SUR S.A.,110.0,ZONAL,2019-04-26,-42.45171771510226,-73.78830507535278
HUALANE - RANGUILI 66KV,CGE TRANSMISIÓN S.A.,66.0,ZONAL,2017-12-20,-34.92398136998567,-71.77239684295876
ANDES – LA PUNA 345 kV,AES ANDES S.A.,345.0,INTERNACIONAL,2019-04-26,-23.94572335534322,-67.69333440174414
TAP RIO TOLTEN - RIO TOLTEN 220KV,TRANSMISORA MELIPEUCO S.A.,220.0,DEDICADO,2023-04-10,-38.97631435137686,-72.64467065302212
TAP LAJUELAS - CIRUELITO 33KV,COOPERATIVA DE CONSUMO DE ENERGÍA ELÉCTRICA CHILLÁN LTDA.,33.0,ZONAL,2017-12-20,-36.68267305242807,-71.98464214243593
CHOAPA - QUINQUIMO 110KV,CGE TRANSMISIÓN S.A.,110.0,ZONAL,2019-04-26,-32.2037061710403,-71.45446255491079
LA RUCA - OVALLE 110KV,CGE TRANSMISIÓN S.A.,110.0,ZONAL,2019-04-26,-30.533320654181413,-71.1644251439994
SECCIONADORA FRANCISCO - CONEJO 220KV,CONEJO SOLAR SPA,220.0,DEDICADO,2021-09-15,-25.53493063146673,-70.23961599955598
RIO AZUL - LA JUNTA,EDELAYSEN,23.0,S/I,2019-04-26,-43.8226323130808,-72.3643289598887
SURCO Y SEMILLA - SECCIONADORA RIO MALLECO 220KV,WPD MALLECO SPA,220.0,NACIONAL,2023-04-10,-38.0429700468599,-72.28497361768649
TENO - AGUAS NEGRAS 66KV,CGE TRANSMISIÓN S.A.,66.0,ZONAL,2019-04-25,-34.86820827179397,-71.14129784735286
HERNAN FUENTES - GALLEGUILLOS 110KV,CGE TRANSMISIÓN S.A.,110.0,ZONAL,2019-04-26,-27.299037850330624,-70.37486094888018
SECCIONADORA CONVENTO VIEJO - TINGUIRIRICA 154 KV,TRANSELEC S.A.,154.0,ZONAL,2019-04-26,-34.69820673907669,-71.06833998902067
ACONCAGUA - SALADILLO 66KV,ALFA TRANSMISORA DE ENERGÍA S.A.,66.0,ZONAL,2019-04-25,-32.9252853443356,-70.29547388851478
OVALLE - PUNITAQUI 66KV,CGE TRANSMISIÓN S.A.,66.0,ZONAL,2021-09-10,-30.723364394632146,-71.22832562205579
ENCUENTRO - RANDE 220KV,ENEL GREEN POWER CHILE S.A.,220.0,DEDICADO,2019-04-26,-22.30966779933636,-69.54809714961777
TAP PAJARITOS - PAJARITOS 110KV,SOCIEDAD TRANSMISORA METROPOLITANA II S.A.,110.0,ZONAL,2019-04-26,-33.48560558928248,-70.74151357782424
NUEVA ZALDIVAR - ZALDIVAR 220KV,AES ANDES S.A.,220.0,DEDICADO,2019-04-26,-24.16441487416929,-69.06531892248475
LOS CHANGOS – KIMAL 500KV,TRANSELEC S.A.,500.0,NACIONAL,2017-12-20,-22.796986197038365,-69.82912923394967
CENTRAL MAMPIL - CENTRAL RUCUE 220KV,DUQUECO SPA,220.0,DEDICADO,2019-04-26,-37.465263584347824,-71.79861826326933
CENTRAL LOS HIERROS - CANAL MELADO 110KV,TRANSMISIÓN DEL MELADO SPA,110.0,DEDICADO,2019-04-26,-35.79108970243808,-71.08293833484349
CATEMU - TAP OFF LOS ANGELES 44KV,CHILQUINTA TRANSMISIÓN S.A.,44.0,DEDICADO,2019-04-26,-32.70531948964229,-70.94696074292759
TAP TILCOCO - INDAC 154KV,TRANSELEC S.A.,154.0,ZONAL,2019-04-26,-34.36044741336229,-70.87294790816189
TAP CHOCALAN - CHOCALAN 66KV,CGE TRANSMISIÓN S.A.,66.0,ZONAL,2019-04-26,-33.72647632299996,-71.21217567999997
PAN DE AZUCAR - SAN JOAQUIN 110KV,CGE TRANSMISIÓN S.A.,110.0,ZONAL,2019-04-26,-29.950004005347523,-71.26156061425287
ANDES (AES ANDES) - LABERINTO 220KV,AES ANDES S.A.,220.0,DEDICADO,2019-04-26,-23.65360516523074,-68.89529214777028
TRES PINOS - CAÑETE 66KV,SISTEMA DE TRANSMISIÓN DEL SUR S.A.,66.0,ZONAL,2017-12-20,-37.73509943913968,-73.43432238469926
CHARRUA - ENTRE RIOS 220KV,TRANSELEC S.A.,500.0,NACIONAL,2021-09-05,-37.03635845292655,-72.2692555496677
COCHARCAS - HUALTE 66KV,CGE TRANSMISIÓN S.A.,66.0,ZONAL,2019-04-25,-36.49272048477904,-72.21299184634
SECCIONADORA SAN ANDRES - CARDONES 220KV L1,TRANSELEC S.A.,220.0,NACIONAL,2017-12-20,-27.373763030235583,-70.24240473221208
DOMEYKO - SULFUROS 220KV,MINERA ESCONDIDA LTDA.,220.0,DEDICADO,2019-04-26,-24.247741098613293,-69.09878983379993
POZO ALMONTE - TAMARUGAL 66KV,ENGIE ENERGÍA CHILE S.A.,66.0,DEDICADO,2019-04-25,-20.344733639886467,-69.73440593166345
SANTA CLARA - CHARRUA 220 KV,TRANSCHILE CHARRÚA TRANSMISIÓN S.A.,220.0,NACIONAL,2019-04-26,-37.21583906648239,-72.30789089926152
TAP PALACIOS - CENTRAL PALACIOS 23KV,HIDROELÉCTRICA PALACIOS SPA,23.0,DEDICADO,2023-04-10,-34.93167749999995,-70.37600949999995
MANDINGA - LAS ARAÑAS 66KV,CGE TRANSMISIÓN S.A.,66.0,ZONAL,2019-04-25,-33.84301197170025,-71.35205237684104
LA CALERA - EL COBRE 110KV,ANGLO AMERICAN EL SOLDADO,110.0,DEDICADO,2019-06-14,-32.734259510606364,-71.16196289382081
RIO ESCONDIDO - VALLE ESCONDIDO 220 KV,AR ESCONDIDO SPA,220.0,ZONAL,2023-04-10,-27.850239003025024,-70.24121072331728
"CENTRAL SOLAR PAS3 - PAS3 13,8KV",POZO ALMONTE SOLAR 3 S.A.,13.8,DEDICADO,2021-09-20,-20.25459603935097,-69.7666879162104
GUINDO - CORONEL 66 KV,CGE TRANSMISIÓN S.A.,66.0,ZONAL,2019-04-26,-36.93940842714293,-73.14163874310782
QUILMO - TAP LAJUELAS 33KV,COOPERATIVA DE CONSUMO DE ENERGÍA ELÉCTRICA CHILLÁN LTDA.,33.0,ZONAL,2017-12-20,-36.68327779221463,-72.144414509515
EL MELON - TUNEL EL MELON 44KV,CHILQUINTA TRANSMISIÓN S.A.,44.0,ZONAL,2019-04-25,-32.66534987875852,-71.2181943185581
TAP OFF ACHUPALLAS - CONCON 110KV,CHILQUINTA TRANSMISIÓN S.A.,110.0,ZONAL,2017-12-20,-32.98170873644942,-71.50348944171665
CENTRAL LAS PIEDRAS - EL PEÑON 110KV,ENLASA GENERACIÓN CHILE S.A.,110.0,DEDICADO,2019-04-26,-30.143117881748797,-71.22913996786835
CORONEL - EL MANCO 66KV,CGE TRANSMISIÓN S.A.,66.0,ZONAL,2019-04-25,-37.02644238817431,-73.13421289834757
TAP OFF NIHUE - LA MANGA 66KV C1,CGE TRANSMISIÓN S.A.,66.0,ZONAL,2017-12-20,-33.966172172007255,-71.5526350344354
LASANA - SOLAR JAMA 220KV,PLANTA SOLAR SAN PEDRO III SPA,220.0,DEDICADO,2019-04-26,-22.55965123631505,-68.73728308803054
SANTA RITA - SAN SIMON 220KV,AUSTRIANSOLAR CHILE CUATRO SPA,220.0,NACIONAL,2021-09-20,-21.1519155265132,-69.51660558145423
LA CABAÑA – PARQUE EOLICO RENAICO 220kV,ENEL GREEN POWER CHILE S.A.,220.0,DEDICADO,2019-04-26,-37.76518895763049,-72.58152197628802
HUALQUI - CHARRUA 220KV,TRANSELEC S.A.,220.0,NACIONAL,2019-04-26,-37.02694462742866,-72.60864603079119
PANIMAVIDA - CHACAHUIN 66KV,TRANSELEC S.A.,66.0,ZONAL,2019-04-25,-35.81301749194618,-71.51414245065666
MAITENCILLO - NUEVA MAITENCILLO 220KV,INTERCHILE S.A.,220.0,NACIONAL,2019-04-26,-28.538940342265825,-70.92752378432486
CRUCERO - CONCHI 220KV,TRANSELEC S.A.,220.0,DEDICADO,2019-04-26,-22.164151221646623,-69.13031028563773
IQUIQUE - POZO ALMONTE 66KV,ENGIE ENERGÍA CHILE S.A.,66.0,DEDICADO,2019-04-25,-20.229510967006703,-69.96098164792281
TAP MAPAL - MAPAL 154kV,SAGESA S.A.,154.0,ZONAL,2019-04-26,-36.86555252499994,-73.14109925499994
CONCEPCION - EJERCITO 66KV,CGE TRANSMISIÓN S.A.,66.0,ZONAL,2017-12-20,-36.80827172752161,-73.04875207897108
TAP LO BOZA - LO BOZA 110KV,SOCIEDAD TRANSMISORA METROPOLITANA II S.A.,110.0,ZONAL,2019-04-26,-33.39353395012652,-70.74307574986678
TAP LAS ACACIAS - LAS ACACIAS 110KV,SOCIEDAD TRANSMISORA METROPOLITANA II S.A.,110.0,ZONAL,2019-04-26,-33.56008014667541,-70.72543389473178
LITORAL CENTRAL - SAN JERONIMO 66KV,LITORAL TRANSMISIÓN S.A.,66.0,ZONAL,2019-04-26,-33.36772224588629,-71.59146121964014
VENTANAS - QUINTERO 110KV,COMPAÑÍA TRANSMISORA DEL NORTE GRANDE S.A.,110.0,ZONAL,2019-04-26,-32.75042532975944,-71.48252762241204
CENTRAL ALFALFAL - LOS ALMENDROS 220KV,AES ANDES S.A.,220.0,ZONAL,2019-04-26,-33.4357614582126,-70.35630833597081
ALTO JAHUEL - LOS ALMENDROS 220KV,SOCIEDAD TRANSMISORA METROPOLITANA II S.A.,220.0,NACIONAL,2019-04-26,-33.59933061558676,-70.56487687677493
TAP MARISCAL - MARISCAL 110KV,CGE TRANSMISIÓN S.A.,110.0,ZONAL,2019-04-26,-33.59826783028018,-70.63060105278298
LAS VEGAS - ESTANCILLA 44kV,CHILQUINTA TRANSMISIÓN S.A.,44.0,S/I,2019-04-26,-32.82964214117488,-70.98509070126444
K1 - 10 100KV,CODELCO CHILE - DIVISIÓN CHUQUICAMATA,100.0,DEDICADO,2017-12-20,-22.30725552635432,-68.89592770303912
LOS MOLLES - OVALLE 66KV,TRANSELEC S.A.,66.0,ZONAL,2017-12-20,-30.69642035418488,-70.90059147585667
ZALDIVAR - EST. IMPULSION 1 66KV,COMPAÑÍA MINERA ZALDÍVAR SPA,66.0,DEDICADO,2021-09-15,-24.1792238805986,-68.65908057923849
TAP OFF 415 - 415 69 KV,MINERA ESCONDIDA LTDA.,66.0,DEDICADO,2019-04-26,-24.346782292846697,-69.0869314877294
GUARDIAMARINA - ANTOFAGASTA 110KV,ENGIE ENERGÍA CHILE S.A.,110.0,ZONAL,2019-04-26,-23.61469017702074,-70.37219551983493
GUINDO - LAGUNILLAS 220 KV,TRANSELEC S.A.,220.0,ZONAL,2019-04-26,-36.93449544453493,-73.14532458369175
SECCIONADORA ALTO MELIPILLA - SECCIONADORA LO AGUIRRE 220KV,ELETRANS II S.A.,220.0,NACIONAL,2023-04-10,-33.58638734097089,-71.05364272389436
TEN GIS - CENTRAL MEJILLONES CTM3-TG 220KV,ENGIE ENERGÍA CHILE S.A.,220.0,ZONAL,2023-04-10,-23.090778917055182,-70.41032865998059
LAS TORTOLAS - LOS MAITENES 220KV,ALFA TRANSMISORA DE ENERGÍA S.A.,220.0,DEDICADO,2019-04-26,-33.24721564147876,-70.54164274244391
763_MAITENCILLO - CASERONES 220KV L2,S/I,220.0,DEDICADO,2019-04-26,-28.284633044085737,-70.23402833263374
CARDONES - MINERA LA CANDELARIA 220KV,COMPAÑÍA CONTRACTUAL MINERA CANDELARIA,220.0,DEDICADO,2019-04-26,-27.51972747659722,-70.34894896845054
LO ESPEJO - OCHAGAVIA 110KV,SOCIEDAD TRANSMISORA METROPOLITANA II S.A.,110.0,ZONAL,2017-12-20,-33.50967000810087,-70.68704439256949
CONCEPCION - SAN VICENTE 154KV,TRANSELEC S.A.,154.0,DEDICADO,2017-12-20,-36.77586853910246,-73.07786688066228
ESTE 6 - HAMBURGO 69KV,MINERA ESCONDIDA LTDA.,69.0,DEDICADO,2023-04-10,-24.31930160626409,-69.06877398479718
TAP OFF 360 - 360 69KV,MINERA ESCONDIDA LTDA.,66.0,DEDICADO,2019-04-26,-24.274598928487887,-69.05088630118641
ATACAMA - O'HIGGINS 220KV,MINERA ESCONDIDA LTDA.,220.0,NACIONAL,2019-04-26,-23.393610708915755,-70.3169845567345
USYA - CHIU CHIU 110KV,ACCIONA ENERGÍA CHILE HOLDINGS S.A.,110.0,DEDICADO,2023-04-10,-22.48377725804036,-68.83300527654012
PILAUCO - BARRO BLANCO 66KV,SISTEMA DE TRANSMISIÓN DEL SUR S.A.,66.0,ZONAL,2019-04-25,-40.57576397422435,-73.08576346955556
PENCO - LIRQUEN 66KV,CGE TRANSMISIÓN S.A.,66.0,ZONAL,2019-04-25,-36.72981263620618,-72.98355439406109
FRONTERA - MARIA ELENA 220KV,TRANSELEC S.A.,220.0,NACIONAL,2019-04-26,-21.930371683423573,-69.55342445511688
CALAMA NUEVA - NUEVA CHUQUICAMATA 220KV,ENGIE ENERGÍA CHILE S.A.,220.0,ZONAL,2023-04-10,-22.381965521403888,-68.9286024820707
ITAHUE - TALCA 66KV,CGE TRANSMISIÓN S.A.,66.0,ZONAL,2017-12-20,-35.28617226838843,-71.50490715675204
CENTRAL SAN ANDRES - CENTRAL LA CONFLUENCIA 220KV,HIDROELÉCTRICA SAN ANDRÉS SPA,154.0,DEDICADO,2019-04-26,-34.7855584447089,-70.46837665802313
CERRO NAVIA - LAS VEGAS 110KV,COMPAÑÍA TRANSMISORA DEL NORTE GRANDE S.A.,110.0,ZONAL,2019-04-26,-33.13636983521128,-70.8347787414515
PUERTO MONTT - MELIPULLI 220KV,SISTEMA DE TRANSMISIÓN DEL SUR S.A.,220.0,ZONAL,2019-04-29,-41.45138272899996,-72.95349911249997
LINARES - PARRAL 154KV,TRANSELEC S.A.,154.0,ZONAL,2019-04-26,-35.98994314720852,-71.71427302231082
BAJO MELIPILLA - EL MAITEN 66KV,CGE TRANSMISIÓN S.A.,66.0,ZONAL,2019-04-25,-33.687449787462974,-71.19165571074917
PALMUCHO - ZONA DE CAIDA 66KV,PALMUCHO S.A.,66.0,DEDICADO,2017-12-20,-38.012405208557496,-71.48005179260502
TIERRA AMARILLA - PLANTAS 110KV,CGE TRANSMISIÓN S.A.,110.0,ZONAL,2019-04-26,-27.44335316116747,-70.27771217411008
CHACAYA - MEJILLONES 220KV,ENGIE ENERGÍA CHILE S.A.,220.0,DEDICADO,2019-04-26,-23.093742098525112,-70.41408076238218
EL EMPALME - CALBUCO 110KV,SISTEMA DE TRANSMISIÓN DEL SUR S.A.,110.0,ZONAL,2017-12-20,-41.67354960281843,-73.1983659189963
CIRUELOS - VALDIVIA 220KV,TRANSELEC S.A.,220.0,NACIONAL,2017-12-20,-39.66306191145378,-73.06650179627312
PUNTA DE CORTES - LO MIRANDA 66KV L2,CGE TRANSMISIÓN S.A.,66.0,ZONAL,2019-04-25,-34.198031633101685,-70.86226988738017
NUEVA PAN DE AZUCAR - POLPAICO (TRANSELEC) 500KV,INTERCHILE S.A.,500.0,NACIONAL,2019-04-26,-31.789013496738757,-71.40758774874476
ESMERALDA - CENTRO 110KV,EMPRESA DE TRANSMISIÓN ELÉCTRICA TRANSEMEL S.A.,110.0,ZONAL,2019-04-26,-23.67243194956744,-70.39213427244763
MUELLE - GUAYAQUES 110 KV,MINERA CENTINELA,110.0,DEDICADO,2017-12-20,-22.66745811809448,-70.08375384384925
PALMAR - COPIHUES 110KV,SISTEMA DE TRANSMISIÓN DEL SUR S.A.,110.0,DEDICADO,2019-04-26,-40.80499339613764,-72.35109868139321
CENTRAL TOCOPILLA - CENTRAL DIESEL TAMAYA 110KV,ENGIE ENERGÍA CHILE S.A.,110.0,DEDICADO,2019-04-26,-22.13212280884902,-70.15075815925002
ALTO JAHUEL - CHENA 220KV,TRANSELEC S.A.,220.0,NACIONAL,2019-04-26,-33.63499461778799,-70.7535428250752
TOTORAL 1 - TOTORAL 2 66KV,NORVIND S.A.,66.0,ZONAL,2019-04-25,-31.31862246104736,-71.59363787566883
TRAVESIA - PUNTA PADRONES 110KV,COMPAÑÍA CONTRACTUAL MINERA CANDELARIA,110.0,DEDICADO,2017-12-20,-27.285746449707965,-70.70249120554968
TAP LA REINA - LA REINA 110KV,SOCIEDAD TRANSMISORA METROPOLITANA II S.A.,110.0,ZONAL,2019-04-26,-33.47361905127991,-70.5499128256514
CENTRAL NEHUENCO II - SAN LUIS 220KV,COLBÚN S.A.,220.0,DEDICADO,2019-04-26,-32.9357494400229,-71.32125698014568
CHUQUICAMATA - A 100KV,CODELCO CHILE - DIVISIÓN CHUQUICAMATA,110.0,DEDICADO,2019-04-26,-22.30482397657975,-68.91798512690298
CHILOE - DEGAN 110KV,SISTEMA DE TRANSMISIÓN DEL SUR S.A.,110.0,DEDICADO,2019-04-26,-42.14451420162396,-73.71494571274522
SAN VICENTE - NEWEN 66KV,CGE TRANSMISIÓN S.A.,66.0,ZONAL,2017-12-20,-36.77426182883338,-73.11386766033428
LOMAS BAYAS – FORTUNA 220KV,COMPAÑÍA MINERA LOMAS BAYAS,220.0,DEDICADO,2019-04-26,-23.45336506452196,-69.5090979362982
NUEVA POZO ALMONTE - PARINACOTA 220KV,RED ELÉCTRICA DEL NORTE S.A.,220.0,NACIONAL,2023-04-10,-19.38237269565693,-70.00676032545272
LA JUNTA - LAGO VERDE,EDELAYSEN,23.0,S/I,2019-04-26,-44.10989894179453,-72.13074448614293
SANTA LUISA - CENTRAL CUEL 154KV,AELA EÓLICA NEGRETE SPA,154.0,ZONAL,2019-04-26,-37.49228849600717,-72.46602591511895
ANDALICAN - HORCONES 66KV,CGE TRANSMISIÓN S.A.,66.0,ZONAL,2019-04-25,-37.15595708820933,-73.17455695432616
SAUZAL - RANCAGUA 154KV,TRANSELEC S.A.,154.0,ZONAL,2019-04-26,-34.206327587703186,-70.67699939448894
CENTRAL RAPEL - REGULADORA RAPEL 66KV,CGE TRANSMISIÓN S.A.,66.0,ZONAL,2019-04-25,-34.03949620779166,-71.587347506646
POLPAICO (TRANSELEC) - QUILLOTA 220KV,TRANSELEC S.A.,220.0,NACIONAL,2017-12-20,-33.0652036615677,-71.04746146396232
COPAYAPU - TIERRA AMARILLA 110KV,CGE TRANSMISIÓN S.A.,110.0,ZONAL,2019-04-26,-27.509341438634884,-70.3422837829769
CARRERA PINTO - SECCIONADORA SAN ANDRES 220KV L1,TRANSELEC S.A.,220.0,NACIONAL,2017-12-20,-27.146692822827983,-69.99945931763456
CERRO DOMINADOR - PV CERRO DOMINADOR 220KV,CERRO DOMINADOR CSP S.A.,220.0,DEDICADO,2023-04-10,-22.782176352425576,-69.4656278526148
TCHAMMA  - PALLATA 220KV,AR TCHAMMA SPA,220.0,DEDICADO,2023-04-10,-22.48137864867834,-69.25309931307687
A5_INTERCONEXION LOS TAMBORES - LOS TAMBORES,S/I,66.0,ZONAL,2019-04-26,-40.32256535167191,-73.00049872963162
LOS NOTROS - PANGUE 220KV,TRANSELEC S.A.,220.0,DEDICADO,2019-04-26,-37.81857125569868,-71.72575559795163
HORCONES – CARAMPANGUE 66KV,CGE TRANSMISIÓN S.A.,66.0,ZONAL,2019-04-25,-37.23362394286871,-73.22630895748352
BAJOS DE MENA – FLORIDA 110KV,TRANSMISORA ELÉCTRICA CORDILLERA SPA,110.0,ZONAL,2019-04-26,-33.59457848332596,-70.59497887602302
PRINCIPAL MINA NAVIO - COMPRESORA MINA NAVIO 44KV,MELON S.A,44.0,DEDICADO,2021-09-10,-32.675285847972866,-71.19653752211667
CAUTIN – SECCIONADORA RIO TOLTEN 220KV,TRANSELEC S.A.,220.0,NACIONAL,2017-12-20,-38.83221419461457,-72.59776539770309
ENTRE RIOS - CHARRUA 500KV,TRANSELEC S.A.,500.0,NACIONAL,2019-04-26,-37.03484149142256,-72.26763865149812
SAN FERNANDO - LA RONDA 66KV,CGE TRANSMISIÓN S.A.,66.0,ZONAL,2021-09-08,-34.53162823241975,-70.96147534664857
ENCUENTRO - ANA MARIA 220KV,INTERCHILE S.A.,220.0,NACIONAL,2019-04-26,-22.166972384908235,-69.59053439360802
LASTARRIA - LONCOCHE 66 KV L1,CGE TRANSMISIÓN S.A.,66.0,ZONAL,2019-04-25,-39.35643397716582,-72.61789313011832
ALTO MAIPO - FLORIDA 110KV,AES ANDES S.A.,110.0,ZONAL,2019-04-26,-33.570760608867246,-70.4253724605488
TAP SAN JOAQUIN - SAN JOAQUIN 110KV,SOCIEDAD TRANSMISORA METROPOLITANA II S.A.,110.0,ZONAL,2023-04-10,-33.48424641499997,-70.62680650749996
ILLAPEL - COMBARBALA 66KV,CGE TRANSMISIÓN S.A.,66.0,ZONAL,2021-09-10,-31.397455967563825,-71.09014876258149
EL COBRE (ENGIE) - GABY 220KV,CODELCO CHILE - DIVISIÓN GABRIELA MISTRAL,220.0,DEDICADO,2019-04-26,-23.45820570141048,-69.1035696752586
AYSEN - BAGUALES,EDELAYSEN,23.0,S/I,2019-04-26,-45.44510144407317,-72.40722798397036
DALCAHUE - PID PID 110KV,SISTEMA DE TRANSMISIÓN DEL SUR S.A.,110.0,ZONAL,2019-04-26,-42.3886320921802,-73.74428627040513
TAP LOMA COLORADA - LOMA COLORADA 66KV,CGE TRANSMISIÓN S.A.,66.0,ZONAL,2019-04-25,-36.88110867463104,-73.13281923965343
CENTRAL LA CEBADA - PUNTA SIERRA 220KV,TRANSELEC S.A.,220.0,NACIONAL,2023-04-10,-31.08497034818039,-71.61346812350288
LLOLLELHUE - PICHIRROPULLI 66KV,SISTEMA DE TRANSMISIÓN DEL SUR S.A.,66.0,ZONAL,2023-04-10,-40.161062910373694,-72.88849563190394
CIRUELOS - MARIQUINA 220KV,SISTEMA DE TRANSMISIÓN DEL SUR S.A.,220.0,ZONAL,2019-04-26,-39.55043265149996,-72.91044884999997
RIO ACONCAGUA – FUNDICION CHAGRES 110KV,ALFA TRANSMISORA DE ENERGÍA S.A.,110.0,ZONAL,2019-04-26,-32.813339847064015,-70.9701165478539
BELLA MONICA - ILLAPA 220 kV,ENEL GREEN POWER CHILE S.A.,220.0,DEDICADO,2019-04-26,-26.64178987812293,-69.9439653256763
SAN FRANCISCO DE MOSTAZAL - PAINE 66KV,CGE TRANSMISIÓN S.A.,66.0,ZONAL,2019-04-25,-33.90367287362106,-70.72851495626847
TAP PUNTA TORO - LOS COLORADOS 110KV,COMPAÑÍA MINERA DEL PACÍFICO S.A.,110.0,DEDICADO,2019-04-26,-28.307735217424884,-70.77987749219886
PORTAL GCM – GUANACO 33KV,GUANACO COMPAÑÍA MINERA SPA,33.0,ZONAL,2021-09-15,-25.08523337080119,-69.70332240795236
VALLE DEL SOL - MIRAJE 220 KV,ENEL GREEN POWER CHILE S.A.,220.0,DEDICADO,2019-04-26,-22.38265045900206,-69.55805190922918
ANCOA - SAN FABIAN 220KV,SISTEMA DE TRANSMISIÓN DEL CENTRO S.A.,220.0,DEDICADO,2021-09-24,-36.129476491883295,-71.50958734031703
TALCA - SAN IGNACIO 66KV,ALFA TRANSMISORA DE ENERGÍA S.A.,66.0,DEDICADO,2017-12-20,-35.524931503819545,-71.58891896464336
IBERATACAMA - MAITENCILLO 220KV,PARQUE EÓLICO ATACAMA SPA,220.0,DEDICADO,2019-04-26,-28.862285724651933,-71.0748321339783
PARINACOTA - PUKARA 66KV,EMPRESA DE TRANSMISIÓN ELÉCTRICA TRANSEMEL S.A.,66.0,ZONAL,2019-04-25,-18.48102512217421,-70.28208509484121
EL TORO - ANTUCO (TRANSELEC) 220KV,TRANSELEC S.A.,220.0,DEDICADO,2019-04-26,-37.30655162783655,-71.53910059145761
TCBB - EL PINAR 66KV,EMPRESA ELECTRICA EL PINAR SPA,66.0,DEDICADO,2019-04-26,-37.121651657801145,-71.86321123536524
TALCAHUANO - LATORRE 66KV L1,CGE TRANSMISIÓN S.A.,66.0,ZONAL,2019-04-26,-36.73006914428622,-73.1156531570547
LA RONDA - SAN VICENTE DE TAGUA TAGUA 66KV,CGE TRANSMISIÓN S.A.,66.0,ZONAL,2019-04-25,-34.485834665953014,-71.01333798137924
OVALLE - ILLAPEL 110KV,CGE TRANSMISIÓN S.A.,110.0,ZONAL,2019-04-26,-31.106690627047325,-71.1470886370941
ANGAMOS - KAPATUR 220KV,EMPRESA ELÉCTRICA ANGAMOS SPA,220.0,DEDICADO,2017-12-20,-23.098634732660827,-70.34340412744695
OCHAGAVIA - FLORIDA 110KV,SOCIEDAD TRANSMISORA METROPOLITANA II S.A.,110.0,ZONAL,2019-04-26,-33.501273740218046,-70.59758851821465
TAP LOS MAQUIS - LOS MAQUIS 110KV,ALFA TRANSMISORA DE ENERGÍA S.A.,110.0,ZONAL,2019-04-26,-32.866233499999964,-70.41119449999997
CAUTIN – RIO MALLECO 220KV,TRANSCHILE CHARRÚA TRANSMISIÓN S.A.,220.0,NACIONAL,2017-12-20,-38.375525916249714,-72.46487475887254
CHARRUA - MONTENEGRO 154KV,TRANSELEC S.A.,154.0,ZONAL,2019-04-26,-36.93708973912464,-72.18517521224565
NORGENER - CRUCERO 220KV,AES ANDES S.A.,220.0,DEDICADO,2017-12-20,-22.219835715366425,-69.89932811388785
TINEO - PUERTO MONTT 220 KV,TRANSELEC S.A.,220.0,NACIONAL,2023-04-10,-41.366595144683785,-73.03267580013737
EST. 48 - PAPELERA BIO BIO 66KV,INVERSIONES BO PAPER S.A.,66.0,ZONAL,2017-12-20,-36.83612199752752,-73.09364969343042
DOMEYKO - LAGUNA SECA 220KV,MINERA ESCONDIDA LTDA.,220.0,DEDICADO,2019-04-26,-24.299313970194596,-69.09772442139844
SOL DE LILA - ANDES (AES ANDES) 220KV,ENEL GREEN POWER CHILE S.A.,220.0,DEDICADO,2023-04-10,-24.020717214251945,-68.58781534878823
GEOGLIFOS – LAGUNAS 220KV,TRANSELEC S.A.,220.0,NACIONAL,2019-04-26,-20.81158493588742,-69.83794074560845
CENTRAL ANCOA - TAP PUTAGAN 66KV,HIDROELÉCTRICA EMBALSE ANCOA SPA,66.0,DEDICADO,2021-09-08,-35.84733869390355,-71.33322464497132
QUINQUIMO - MARBELLA 110KV,CGE TRANSMISIÓN S.A.,110.0,ZONAL,2019-04-26,-32.55655731986095,-71.35490337598569
CENTRAL EL ROMERO - DON HECTOR 220KV,ACCIONA ENERGÍA CHILE HOLDINGS S.A.,220.0,DEDICADO,2019-04-26,-29.11874280864349,-70.92732616434697
LAGUNAS - MATILLA 220KV,TRANSELEC S.A.,220.0,DEDICADO,2021-09-20,-20.65229440351148,-69.58507627959715
MONREAL - TEHUELCHE,EDELAYSEN,23.0,S/I,2019-04-26,-45.691038861314446,-72.08532036517
LOMA LOS COLORADOS - TAP PUNTA PEUCO 110KV,KDM ENERGÍA S.A.,110.0,ZONAL,2021-09-10,-33.03778506743997,-70.83718738243334
LAS VEGAS - FFCC RUNGUE 44KV,CHILQUINTA TRANSMISIÓN S.A.,44.0,ZONAL,2019-04-25,-32.947068539090345,-70.97193650895834
CENTRAL MOCHO - MOCHO 23KV,HIDROMOCHO S.A.,23.0,DEDICADO,2023-04-10,-40.64115342757481,-72.25132664770183
LONCOCHE - PULLINQUE 66KV L2,CGE TRANSMISIÓN S.A.,66.0,ZONAL,2019-04-25,-39.46353631141236,-72.40383283109215
SF ENERGIA - EST. 401 (TO SF ENERGIA) 220KV,BIOENERGÍAS FORESTALES SPA,220.0,DEDICADO,2019-04-26,-37.513973486281365,-72.64836171806785
CONSTITUCION - PLANTA VIÑALES 66KV,CGE TRANSMISIÓN S.A.,66.0,ZONAL,2021-09-08,-35.36754931087944,-72.4053129181993
TIGRE - FARELLON 220KV,AR CERRO TIGRE SPA,220.0,DEDICADO,2023-04-10,-23.846868773448875,-69.87088988660342
CONDORES - CERRO DRAGON 110KV,EMPRESA DE TRANSMISIÓN ELÉCTRICA TRANSEMEL S.A.,110.0,ZONAL,2017-12-20,-20.251253074386515,-70.10325567805981
CERROS DE HUICHAHUE - NUEVA PICHIRROPULLI 220KV,ELETRANS S.A.,220.0,NACIONAL,2019-04-26,-40.056188027641056,-72.8874589660896
PEHUENCHE -  ANCOA 220KV,TRANSELEC S.A.,220.0,DEDICADO,2019-04-26,-35.71409435094435,-71.27254934379003
CONDORES - PARINACOTA 220KV,TRANSELEC S.A.,220.0,NACIONAL,2017-12-20,-19.33408922172927,-70.10505341685109
ITAHUE - MAULE 154KV,TRANSELEC S.A.,154.0,ZONAL,2019-04-26,-35.319152539404776,-71.44551438154683
TAP OFF SAN SEBASTIAN - SAN SEBASTIAN 66kV,CHILQUINTA TRANSMISIÓN S.A.,66.0,ZONAL,2019-04-26,-33.514186415131554,-71.59084611016723
AGUA SANTA – LA POLVORA 110KV,CHILQUINTA TRANSMISIÓN S.A.,110.0,ZONAL,2019-04-26,-33.06979659228813,-71.59055145286086
SAN LUIS - AGUA SANTA 220KV,CHILQUINTA TRANSMISIÓN S.A.,220.0,ZONAL,2019-04-26,-33.00206562680466,-71.43577480885764
TAP OFF RUNGUE - RUNGUE 44KV,CHILQUINTA TRANSMISIÓN S.A.,44.0,ZONAL,2019-04-26,-32.94686401535193,-70.97204468032571
KM6 - ACL 100KV,"ECOMETALES LIMITED, AGENCIA EN CHILE",110.0,DEDICADO,2019-04-26,-22.31869691351161,-68.8575513279801
CHARRUA - LUCERO 66KV,CGE TRANSMISIÓN S.A.,66.0,ZONAL,2019-04-25,-36.94787025291398,-72.2525298931221
TALCA - LA PALMA 66KV,CGE TRANSMISIÓN S.A.,66.0,ZONAL,2023-04-10,-35.519079021832,-71.68120835208916
TAP OFF LA LAJA - CENTRAL QUELTEHUES 110 KV,AES ANDES S.A.,110.0,DEDICADO,2019-04-26,-33.69350493974102,-70.32217677996724
TAP BICENTENARIO - BICENTENARIO,SOCIEDAD TRANSMISORA METROPOLITANA II S.A.,110.0,ZONAL,2019-04-26,-33.52401127995471,-70.73912680326795
TAP LA DEHESA - LA DEHESA 110KV,SOCIEDAD TRANSMISORA METROPOLITANA II S.A.,110.0,ZONAL,2019-04-26,-33.34969879515599,-70.59367582624165
O'HIGGINS - DOMEYKO 220KV,MINERA ESCONDIDA LTDA.,220.0,DEDICADO,2017-12-20,-23.981057433475108,-69.65956187352356
PUMAHUE - CHIVILCAN 66KV,CGE TRANSMISIÓN S.A.,66.0,ZONAL,2019-04-25,-38.71404439069162,-72.57856341929906
MONTERRICO - TAP EL NEVADO 66KV,CGE TRANSMISIÓN S.A.,66.0,ZONAL,2019-04-25,-36.60657320448847,-72.07907627203987
LOS BRONCES - MINA NUEVA 66KV,ANGLO AMERICAN LOS BRONCES,66.0,DEDICADO,2017-12-20,-33.148031681285765,-70.28725456092535
PAN DE AZUCAR - MARQUESA 66KV,CGE TRANSMISIÓN S.A.,66.0,ZONAL,2017-12-20,-29.964301700877268,-71.13277453734456
NUEVA CHUQUICAMATA - CHUQUICAMATA 220KV,ENGIE ENERGÍA CHILE S.A.,220.0,NACIONAL,2023-04-10,-22.31855177654276,-68.9254294404573
GEOGLIFOS - OYARVIDE 220KV,COMPAÑÍA MINERA TECK QUEBRADA BLANCA S.A.,220.0,DEDICADO,2019-04-26,-20.8194457362031,-69.97518389107984
CHARRUA - CONCEPCION 154KV,TRANSELEC S.A.,154.0,ZONAL,2019-04-26,-36.94940783893152,-72.6796349512201
TAP OFF QUINTAY - QUINTAY 66kV,CHILQUINTA TRANSMISIÓN S.A.,66.0,DEDICADO,2019-04-26,-33.21570545415071,-71.64847775273577
ELEVADORA CAPRICORNIO - CAPRICORNIO 110KV,ENGIE ENERGÍA CHILE S.A.,110.0,ZONAL,2023-04-10,-23.436972903840086,-70.19858944934656
CHACAYA - CRUCERO 220KV,ENGIE ENERGÍA CHILE S.A.,220.0,DEDICADO,2019-04-26,-22.8130873447124,-69.86911834657855
EL SALTO - LOS ALMENDROS 110KV,SOCIEDAD TRANSMISORA METROPOLITANA II S.A.,110.0,ZONAL,2017-12-20,-33.38994274930429,-70.56756281473947
QUILAPILUN - LOS MAQUIS 220KV,ALFA TRANSMISORA DE ENERGÍA S.A.,220.0,NACIONAL,2019-04-26,-32.99745914519944,-70.52867082110738
CARACAS II - CENTRAL CHAGUAL 23 KV,GENERADORA SOL SOLIV SPA,23.0,S/I,2019-04-26,-31.91052529614573,-71.46028110785579
RIO HUASCO - TAP RIO HUASCO 110KV,HIDROELÉCTRICA RÍO HUASCO S.A.,110.0,ZONAL,2019-04-26,-28.675074499999965,-70.64425899999998
ARICA - POZO ALMONTE 110KV,ENGIE ENERGÍA CHILE S.A.,110.0,ZONAL,2019-04-26,-19.3684857086161,-70.0159432634838
