ID_SUBEST,NOMBRE,PROPIEDAD,TENSION,TIPO,FECHA_CREA,Latitude,Longitude
2275,CENTRAL FUTALELFU,EDELAYSEN,23,NO APLICA,2014-12-04,-43.18332300099996,-71.86583299999995
380,S/E ARENAS BLANCAS,CGE TRANSMISIÓN S.A.,66,ZONAL,2014-04-12,-37.01178600099996,-73.17681299999998
877,S/E CEMENTO MELON,MELON S.A,66,ZONAL,2014-04-12,-32.78970600099996,-71.19855099999995
1908,S/E NORGENER,MINERA ESCONDIDA LTDA.,220,DEDICADO,2014-04-12,-22.096891340999942,-70.21075702999997
851,S/E PANIMAVIDA,CHILQUINTA TRANSMISIÓN S.A.,66,ZONAL,2014-04-12,-35.74941800099998,-71.42025799999993
2350,S/E BAJOS DE MENA,TRANSMISORA ELÉCTRICA CORDILLERA SPA,110,ZONAL,2014-04-12,-33.63267831199994,-70.60689977299995
357,S/E EL SAUCE,CGE TRANSMISIÓN S.A.,66,ZONAL,2014-04-12,-31.07449100099996,-71.13196899999997
1885,S/E KM6,CODELCO CHILE - DIVISIÓN CHUQUICAMATA,110,DEDICADO,2014-04-12,-22.323462120999977,-68.88376967999994
529,S/E PUERTO MONTT (STS),SISTEMA DE TRANSMISIÓN DEL SUR S.A.,220,ZONAL,2014-04-12,-41.45263122199998,-72.95352007499997
2223,S/E CENTRAL SAN JAVIER,PRIME ENERGÍA QUICKSTART SPA,<66,ZONAL,2014-04-12,-35.38973528799994,-72.37662893199996
303,S/E INTERCONEXION CHACAYES,PACIFIC HYDRO CHACAYES S.A.,220,S/I,2014-04-12,-34.19564200099995,-70.56163299999997
683,S/E CHACABUCO,SOCIEDAD TRANSMISORA METROPOLITANA II S.A.,110,ZONAL,2014-04-12,-33.33434153099995,-70.71108186999999
803,S/E TUNEL EL MELON,CHILQUINTA TRANSMISIÓN S.A.,<66,ZONAL,2014-04-12,-32.62993500099998,-71.23038299999996
1783,S/E CONEJO,CONEJO SOLAR SPA,220,DEDICADO,2014-04-12,-25.51212200099997,-70.16835099999997
2310,S/E HADES,ENEL GREEN POWER CHILE S.A.,66,DEDICADO,2014-04-12,-24.060000110999965,-69.58000002599994
1861,S/E DOMEYKO,MINERA ESCONDIDA LTDA.,220,DEDICADO,2014-04-12,-24.243710000999958,-69.10231099999999
1676,S/E PICOLTUE,SISTEMA DE TRANSMISIÓN DEL SUR S.A.,<66,ZONAL,2014-04-12,-37.682722000999945,-72.25641399999995
273,S/E CENTRAL CEMENTOS BIO BIO CENTRO,INACAL S.A.,<66,DEDICADO,2014-04-12,-36.74315944199998,-73.12027543099998
2105,S/E SECCIONADORA CONVENTO VIEJO,SOCIEDAD CONCESIONARIA EMBALSE CONVENTO VIEJO S.A.,154,S/I,2014-04-12,-34.76462000099997,-71.12912399999993
778,S/E CATEMU,CHILQUINTA TRANSMISIÓN S.A.,<66,ZONAL,2014-04-12,-32.77544500099998,-70.96060299999994
582,S/E PAPOSO,TRANSELEC S.A.,220,DEDICADO,2014-04-12,-24.98847700099998,-70.46478699999994
2250,S/E CENTINELA,RED ELÉCTRICA DEL NORTE 2 S.A.,220,NACIONAL,2014-04-12,-22.941717814999947,-69.12956840499999
1726,S/E CENTRAL LOS HIERROS II,EMPRESA ELÉCTRICA PORTEZUELO SPA,110,S/I,2014-04-12,-35.83980800099994,-71.07922299999996
2145,S/E CENTRAL COMBARBALA,PRIME ENERGÍA QUICKSTART SPA,<66,ZONAL,2014-04-12,-31.14253201899993,-71.08714334599995
620,S/E COPIAPO,CGE TRANSMISIÓN S.A.,110,ZONAL,2014-04-12,-27.379164840999977,-70.33526199999994
960,S/E MAPAL,SAGESA S.A.,<66,ZONAL,2014-04-12,-36.867457000999934,-73.14158099999997
645,S/E LIHUEIMO,CGE TRANSMISIÓN S.A.,66,ZONAL,2014-04-12,-34.54067800099995,-71.40942199999995
2181,S/E ALMEYDA,ALMEYDA SPA,220,ZONAL,2014-04-12,-26.19866381299994,-70.09562887199996
1758,S/E CACHIYUYAL,ENEL GREEN POWER CHILE S.A.,220,DEDICADO,2014-04-12,-25.54459246099998,-70.31325103999995
2216,S/E CENTRAL RUCATAYO,EMPRESA ELÉCTRICA RUCATAYO S.A.,220,DEDICADO,2014-04-12,-40.61970000099996,-72.70396599999998
934,S/E LONGAVI (FFCC),EMPRESA DE LOS FERROCARRILES DEL ESTADO,66,ZONAL,2014-04-12,-35.96216900099995,-71.69660499999998
677,S/E APOQUINDO,SOCIEDAD TRANSMISORA METROPOLITANA II S.A.,110,ZONAL,2014-04-12,-33.40981100099998,-70.56466999999998
1649,S/E CASERONES,COMPAÑÍA SCM MINERA LUMINA COPPER CHILE,220,DEDICADO,2014-04-12,-28.18560600099994,-69.53987999999998
2298,HORNOPIREN,SAGESA,23,NO APLICA,2014-12-04,-41.96422000099994,-72.47940499999999
1689,S/E CENTRAL LAJA 1,EÓLICA MONTE REDONDO SPA,220,ZONAL,2014-04-12,-37.24462600099997,-72.53080599999998
2244,S/E BOCAMINA,ENEL GENERACIÓN CHILE S.A.,154,DEDICADO,2014-04-12,-37.021304148999945,-73.16763497299996
700,S/E LO VALLEDOR,SOCIEDAD TRANSMISORA METROPOLITANA II S.A.,110,ZONAL,2014-04-12,-33.47522700099995,-70.68875999999995
908,S/E EL SALVADOR,CODELCO CHILE - DIVISIÓN EL SALVADOR,110,DEDICADO,2014-04-12,-26.28145400099993,-69.59615199999996
386,S/E CHIGUAYANTE,CGE TRANSMISIÓN S.A.,66,ZONAL,2014-04-12,-36.91005500099993,-73.03357699999998
374,S/E FATIMA,CGE TRANSMISIÓN S.A.,66,ZONAL,2014-04-12,-33.80866500099995,-70.75514899999996
2014,S/E NEPTUNO,TRANSELEC S.A.,220,NACIONAL,2014-04-12,-33.45422100099995,-70.72357399999999
723,S/E SANTA MARTA,SOCIEDAD TRANSMISORA METROPOLITANA II S.A.,110,ZONAL,2014-04-12,-33.54134500099997,-70.76507199999998
884,S/E ALGARROBO,COMPAÑÍA MINERA DEL PACÍFICO S.A.,110,ZONAL,2014-04-12,-28.799688000999936,-70.97796199999993
1826,S/E CENTRAL CHAPIQUIÑA,ENGIE ENERGÍA CHILE S.A.,66,DEDICADO,2014-04-12,-18.372699000999944,-69.54878599999995
509,S/E BARRO BLANCO,SISTEMA DE TRANSMISIÓN DEL SUR S.A.,220,ZONAL,2014-04-12,-40.57812795099994,-73.08806826999995
2359,S/E CENTRAL COLBUN,COLBÚN S.A.,220,NACIONAL,2014-04-12,-35.686032377999936,-71.37591104399996
1128,S/E SER EL SALTO,METRO REGIONAL DE VALPARAÍSO S.A.,<66,DEDICADO,2014-04-12,-33.04633900099998,-71.51387899999997
2299,S/E RIO SALADO,AUSTRIAN SOLAR CHILE UNO SPA,110,DEDICADO,2014-04-12,-26.33579286099996,-69.92189850299997
1891,S/E LABERINTO,CGE TRANSMISIÓN S.A.,110,NACIONAL,2014-04-12,-23.447589000999983,-69.40954299999999
2315,ISLA LLINGUA,SAGESA,23,NO APLICA,2014-12-04,-42.43268700099998,-73.45526600099998
421,S/E OVALLE,CGE TRANSMISIÓN S.A.,220,ZONAL,2014-04-12,-30.59598200099998,-71.18735199999998
2304,CENTRAL ALTO BAGUALES,EDELAYSEN,23,NO APLICA,2014-12-04,-45.52602100099995,-72.10458300099998
900,S/E MOLINOS,CODELCO CHILE - DIVISIÓN ANDINA,66,DEDICADO,2014-04-12,-33.09407700099996,-70.25413999999995
1925,S/E RADOMIRO TOMIC,CODELCO CHILE - DIVISIÓN RADOMIRO TOMIC,220,DEDICADO,2014-04-12,-22.19629000099997,-68.87035899999995
1938,S/E SUR VIEJO,SOCIEDAD QUÍMICA Y MINERA DE CHILE S.A.,66,DEDICADO,2014-04-12,-20.935282840999943,-69.53776548999997
2153,S/E PALMAR,HIDROPALMAR S.A.,110,DEDICADO,2014-04-12,-40.79002600099994,-72.31490999999994
1717,S/E LOS TAMBORES,SISTEMA DE TRANSMISIÓN DEL SUR S.A.,66,ZONAL,2014-04-12,-40.32070172099998,-72.99969097999997
2159,S/E CENTRAL CIPRESILLOS,ELÉCTRICA CIPRESILLOS SPA,<66,S/I,2014-04-12,-34.44009757999993,-70.30320815499994
714,S/E RECOLETA,SOCIEDAD TRANSMISORA METROPOLITANA II S.A.,110,ZONAL,2014-04-12,-33.38244800099994,-70.63899899999996
651,S/E PLACILLA,CGE TRANSMISIÓN S.A.,66,ZONAL,2014-04-12,-34.64527100099997,-71.13171099999994
952,S/E PAJONALES,EUROPEAN SOUTHERN OBSERVATORY,110,DEDICADO,2014-04-12,-29.11191931299993,-70.91905904499998
2003,S/E DON HECTOR,TRANSELEC S.A.,220,NACIONAL,2014-04-12,-29.12649200099997,-70.93257199999994
2234,S/E TIQUIMA,COMPAÑÍA MINERA TECK QUEBRADA BLANCA S.A.,220,DEDICADO,2014-04-12,-20.99112775499998,-69.06294320399996
2088,S/E CENTRAL DEGAÑ,GENERACIÓN DE ENERGÍA NUEVA DEGAN SPA,<66,DEDICADO,2014-04-12,-42.14488700099997,-73.71405199999998
427,S/E MAHNS,CGE TRANSMISIÓN S.A.,66,ZONAL,2014-04-12,-36.62014300099997,-72.95296999999994
828,S/E RECINTO,COOPERATIVA DE CONSUMO DE ENERGÍA ELÉCTRICA CHILLÁN LTDA.,<66,ZONAL,2014-04-12,-36.83860600099996,-71.66466299999996
1777,S/E CENTRAL FLORIDA 2 (SCM),ASOC. DE CANAL. SOCIEDAD DEL CANAL DE MAIPO,110,ZONAL,2014-04-12,-33.54757600099998,-70.54506999999995
589,S/E SAN VICENTE,TRANSELEC S.A.,154,DEDICADO,2014-04-12,-36.74772400099994,-73.12473799999998
1616,S/E PLANTA VIÑALES,MADERAS ARAUCO S.A.,66,S/I,2014-04-12,-35.370777000999965,-72.41027699999995
2290,S/E LITORAL CENTRAL,CHILQUINTA TRANSMISIÓN S.A.,66,ZONAL,2014-04-12,-33.368126426999936,-71.59345734699997
238,S/E CENTRAL CENIZAS,ELÉCTRICA CENIZAS S.A.,110,DEDICADO,2014-04-12,-27.48465300099997,-70.39115899999996
1933,S/E SOLAR JAMA,PLANTA SOLAR SAN PEDRO III SPA,220,DEDICADO,2014-04-12,-22.56858500099997,-68.69880099999995
488,S/E ROSARIO,CGE TRANSMISIÓN S.A.,66,DEDICADO,2014-04-12,-34.34777300099995,-70.82542599999994
717,S/E SAN BERNARDO,SOCIEDAD TRANSMISORA METROPOLITANA II S.A.,110,ZONAL,2014-04-12,-33.609753000999945,-70.71758799999998
2022,S/E BOLERO,HELIO ATACAMA TRES SPA,220,DEDICADO,2014-04-12,-23.46639200099997,-69.41227199999997
1820,S/E ATACAMA,TRANSELEC S.A.,220,NACIONAL,2014-04-12,-23.092652000999976,-70.41698299999996
515,S/E PID PID,SISTEMA DE TRANSMISIÓN DEL SUR S.A.,110,ZONAL,2014-04-12,-42.41552700099993,-73.77373199999994
288,S/E CENTRAL LIRCAY,HIDROELÉCTRICA RÍO LIRCAY S.A.,66,DEDICADO,2014-04-12,-35.53701200099994,-71.26159899999993
1606,S/E BICENTENARIO,SOCIEDAD TRANSMISORA METROPOLITANA II S.A.,110,ZONAL,2014-04-12,-33.524419800999965,-70.73874110999998
1847,S/E CHINCHORRO,CGE TRANSMISIÓN S.A.,66,ZONAL,2014-04-12,-18.46732900099994,-70.29655599999995
2209,S/E REMEHUE,SISTEMA DE TRANSMISIÓN DEL SUR S.A.,66,ZONAL,2014-04-12,-40.54385018299996,-73.10460225399999
837,S/E CABRERO,SISTEMA DE TRANSMISIÓN DEL SUR S.A.,66,ZONAL,2014-04-12,-37.04019900099996,-72.39662999999996
1656,S/E MONTERRICO,CGE TRANSMISIÓN S.A.,154,ZONAL,2014-04-12,-36.61253000099998,-72.06193999999994
659,S/E SAN CLEMENTE,CGE TRANSMISIÓN S.A.,66,DEDICADO,2014-04-12,-35.53614400099997,-71.57066799999996
207,S/E VENTANAS,AES ANDES S.A.,220,DEDICADO,2014-04-12,-32.74945700099994,-71.48100299999999
1873,S/E ESTACION DE BOMBEO SIERRA GORDA N°1,TRANSMISORA BAQUEDANO S.A.,110,DEDICADO,2014-04-12,-23.10378800099994,-70.40091899999999
2126,S/E MAITENES,PACIFIC HYDRO CHILE S.A.,110,DEDICADO,2014-04-12,-34.19591700099994,-70.56180499999994
694,S/E LAMPA,SOCIEDAD TRANSMISORA METROPOLITANA II S.A.,220,DEDICADO,2014-04-12,-33.31895400099995,-70.75768299999999
791,S/E PLAYA ANCHA,CHILQUINTA TRANSMISIÓN S.A.,110,ZONAL,2014-04-12,-33.04318500099998,-71.64797699999997
2296,S/E CARBONATO,SQM SALAR S.A.,<66,DEDICADO,2014-04-12,-23.629068952999944,-70.25818214099996
2237,S/E CHALLACOLLO,COMPAÑÍA MINERA TECK QUEBRADA BLANCA S.A.,220,DEDICADO,2014-04-12,-20.99348524999993,-69.22449927199995
252,S/E CENTRAL SAN ISIDRO II,ENEL GENERACIÓN CHILE S.A.,220,DEDICADO,2014-04-12,-32.936910000999944,-71.31450299999995
2268,S/E TCHAMMA,AR TCHAMMA SPA,<66,DEDICADO,2014-04-12,-22.489253081999948,-69.09130147799993
1917,S/E PARINACOTA,CGE TRANSMISIÓN S.A.,220,NACIONAL,2014-04-12,-18.47869500099995,-70.27112399999999
395,S/E COLO COLO,CGE TRANSMISIÓN S.A.,66,ZONAL,2014-04-12,-36.82032900099995,-73.05188299999998
438,S/E PENCO,CGE TRANSMISIÓN S.A.,66,ZONAL,2014-04-12,-36.74374687099999,-72.99055175999996
229,S/E CENTRAL SAN IGNACIO,COLBÚN S.A.,66,DEDICADO,2014-04-12,-35.61445700099995,-71.54086299999994
444,S/E MAULE,CGE TRANSMISIÓN S.A.,154,ZONAL,2014-04-12,-35.49996400099997,-71.53010399999994
1793,S/E NUEVA CARDONES,INTERCHILE S.A.,500,NACIONAL,2014-04-12,-27.518674000999965,-70.42598099999998
315,S/E CENTRAL CHUYACA,SAGESA S.A.,66,DEDICADO,2014-04-12,-40.578820390999965,-73.08833133999997
415,S/E TRES PINOS,CGE TRANSMISIÓN S.A.,66,ZONAL,2014-04-12,-37.62491800099997,-73.41675099999998
573,S/E HUALPEN,TRANSELEC S.A.,154,NACIONAL,2014-04-12,-36.78814200099998,-73.12175899999994
674,S/E ALONSO DE CORDOVA,SOCIEDAD TRANSMISORA METROPOLITANA II S.A,110,ZONAL,2014-04-12,-33.405982000999984,-70.57611499999996
1867,S/E EL TESORO,MINERA CENTINELA,220,DEDICADO,2014-04-12,-22.92659300099996,-69.09839899999997
2097,S/E TCHITACK,CODELCO CHILE - DIVISIÓN CHUQUICAMATA,220,DEDICADO,2014-04-12,-22.342641000999947,-68.85356099999996
642,S/E LAS ARAÑAS,CGE TRANSMISIÓN S.A.,110,ZONAL,2014-04-12,-33.90794100099998,-71.41321199999999
2178,S/E DESALINIZADORA Y BOMBEO 1 (SGO),CAITAN SPA,66,S/I,2014-04-12,-23.038614000999928,-70.34130299999998
2064,S/E IEM,ENGIE ENERGÍA CHILE S.A.,220,S/I,2014-04-12,-23.086225312999943,-70.40736699199994
1988,S/E VALLE DE LOS VIENTOS,ENEL GREEN POWER CHILE S.A.,110,DEDICADO,2014-04-12,-22.47977851099995,-68.82322374999995
2281,ISLA TAC,SAGESA,23,NO APLICA,2014-12-04,-42.38453600099996,-73.13227599999993
1732,S/E RENAICO,SISTEMA DE TRANSMISIÓN DEL SUR S.A.,<66,DEDICADO,2014-04-12,-37.81385500099998,-72.41552199999995
2029,S/E PASO HONDO,LUZPARRAL TRANSMISIÓN S.A.,66,ZONAL,2014-04-12,-36.02211700099997,-71.92906999999997
477,S/E TENO EMPALME,CGE TRANSMISIÓN S.A.,154,ZONAL,2014-04-12,-34.853651000999946,-71.16607499999998
870,S/E MANTO VERDE,MANTOVERDE S.A.,110,DEDICADO,2014-04-12,-26.560075000999973,-70.32609399999996
1814,S/E ANDES (AES GENER),AES ANDES S.A.,<66,ZONAL,2014-04-12,-24.01712600099995,-68.58476899999994
363,S/E GRANEROS,CGE TRANSMISIÓN S.A.,66,ZONAL,2014-04-12,-34.06095000099998,-70.71021499999995
323,S/E CENTRAL LOMA LOS COLORADOS,KDM ENERGÍA S.A.,110,DEDICADO,2014-04-12,-32.95797000099998,-70.80445299999997
278,S/E PLANTA MATTA,GUACOLDA ENERGÍA SPA,110,DEDICADO,2014-04-12,-27.416427460999955,-70.25495860999996
1853,S/E COLLAHUASI UNITARIA N°1,COMPAÑÍA DOÑA INÉS DE COLLAHUASI SCM,<66,DEDICADO,2014-04-12,-20.97756100099997,-68.59192599999994
2315,S/E E42,HIDROENERSUR S.A.,<66,S/I,2014-04-12,-40.91920182999996,-72.40188328899995
566,S/E CHARRUA,TRANSELEC S.A.,500,NACIONAL,2014-04-12,-37.09043700099994,-72.32017099999996
931,S/E ITAHUE (FFCC),EMPRESA DE LOS FERROCARRILES DEL ESTADO,66,ZONAL,2014-04-12,-35.14218700099997,-71.36549999999994
1953,S/E TAP OFF E.B. ALGORTA N°2,ALGORTA NORTE S.A.,<66,DEDICADO,2014-04-12,-23.13038320099997,-70.18587589199996
854,S/E PAILLACO,COOPERATIVA ELÉCTRICA PAILLACO LTDA,66,ZONAL,2014-04-12,-40.07767186099994,-72.86167311999998
915,S/E CODELCO VENTANAS 1,CODELCO CHILE - DIVISIÓN VENTANAS,110,ZONAL,2014-04-12,-32.76520400099997,-71.48255099999994
2057,S/E KIMAL,SOCIEDAD AUSTRAL DE TRANSMISIÓN TRONCAL S.A.,500,NACIONAL,2014-04-12,-22.30112400099995,-69.48238399999997
258,S/E CENTRAL BOCAMINA II,ENEL GENERACIÓN CHILE S.A.,220,DEDICADO,2014-04-12,-37.02135500099996,-73.16715099999993
993,S/E FPC,FORESTAL Y PAPELERA CONCEPCIÓN S.A.,154,DEDICADO,2014-04-12,-36.93467800099995,-73.15534199999996
628,S/E BAJO MELIPILLA,CGE TRANSMISIÓN S.A.,110,ZONAL,2014-04-12,-33.69785400099994,-71.20369999999997
977,S/E MINERA TECK CDA 110 KV,COMPAÑÍA MINERA TECK CARMEN DE ANDACOLLO,110,DEDICADO,2014-04-12,-30.262960000999957,-71.09010299999994
1911,S/E OGP1,MINERA ESCONDIDA LTDA.,220,DEDICADO,2014-04-12,-24.346980000999963,-69.06419099999994
1905,S/E MONTURAQUI,MOLY-COP CHILE S.A.,66,DEDICADO,2014-04-12,-24.22070760099996,-68.34764531999997
2260,S/E OASIS,ENGIE ENERGÍA CHILE S.A.,<66,DEDICADO,2014-04-12,-22.48540800099994,-68.80950199999995
1750,S/E TAP OFF RIO TOLTEN,TRANSMISORA MELIPEUCO S.A,220,NACIONAL,2014-04-12,-38.97727486399998,-72.64575978399995
1743,S/E CENTRAL LOS GUINDOS,LOS GUINDOS GENERACIÓN SPA,220,ZONAL,2014-04-12,-37.10161900099996,-72.29303699999997
407,S/E SAN MIGUEL,CGE TRANSMISIÓN S.A.,<66,ZONAL,2014-04-12,-35.43918600099994,-71.61654499999997
469,S/E CURICO,CGE TRANSMISIÓN S.A.,66,ZONAL,2014-04-12,-34.99168500099995,-71.22984099999996
401,S/E QUINQUIMO,CGE TRANSMISIÓN S.A.,110,ZONAL,2014-04-12,-32.43773700099996,-71.32521799999995
1800,S/E 401,MINERA ESCONDIDA LTDA.,66,DEDICADO,2014-04-12,-24.27005509099996,-69.05439531999997
1806,S/E 418,MINERA ESCONDIDA LTDA.,<66,DEDICADO,2014-04-12,-24.390334910999968,-69.13692036999998
214,S/E PLANTA ARAUCO,CELULOSA ARAUCO Y CONSTITUCIÓN S.A.,66,DEDICADO,2014-04-12,-37.20985100099995,-73.22323599999999
925,S/E GRANEROS (FFCC),EMPRESA DE LOS FERROCARRILES DEL ESTADO,66,ZONAL,2014-04-12,-34.06299800099998,-70.72483499999998
560,S/E ALTO JAHUEL,TRANSELEC S.A.,500,NACIONAL,2014-04-12,-33.71475900099995,-70.69426099999998
1963,TAP OFF ESTACION DE BOMBEO N°3,MINERA ESCONDIDA LTDA.,220,DEDICADO,2014-04-12,-24.08836215399998,-69.48021342799996
2323,S/E VALLE DEL SOL,ENEL GREEN POWER CHILE S.A.,<66,DEDICADO,2014-04-12,-22.333616796999934,-69.57883095799997
2192,S/E BONITO,HIDROENERSUR S.A.,<66,DEDICADO,2014-04-12,-40.91779147799997,-72.40364838899995
2117,S/E CENTRAL CUMBRES,CUMBRES SPA,<66,S/I,2014-04-12,-40.64650900099997,-72.20657999999997
862,S/E LOS BRONCES,ANGLO AMERICAN LOS BRONCES,66,DEDICADO,2014-04-12,-33.14844200099998,-70.28481299999999
785,S/E LAS VEGAS (CHILQUINTA),CHILQUINTA TRANSMISIÓN S.A.,110,ZONAL,2014-04-12,-32.84316300099994,-71.01219299999997
2149,S/E EL BATO,ENAP REFINERIAS S.A. - ACONCAGUA,<66,DEDICADO,2014-04-12,-32.77696500099995,-71.48760199999998
623,S/E PLANTAS,CGE TRANSMISIÓN S.A.,110,ZONAL,2014-04-12,-27.40848500099997,-70.26578399999994
1723,S/E CENTRAL LALACKAMA,ENEL GREEN POWER CHILE S.A.,<66,DEDICADO,2014-04-12,-25.10749300099997,-70.31350699999996
2111,S/E RIO NEGRO,SISTEMA DE TRANSMISIÓN DEL SUR S.A.,66,ZONAL,2014-04-12,-40.78873900099995,-73.19743399999999
585,S/E PUERTO MONTT,TRANSELEC S.A.,220,NACIONAL,2014-04-12,-41.451698000999954,-72.95303099999995
1681,S/E CENTRAL CUEL,AELA EÓLICA NEGRETE SPA,<66,S/I,2014-04-12,-37.50521100099997,-72.46725899999996
218,S/E CENTRAL LICANTEN,CELULOSA ARAUCO Y CONSTITUCIÓN S.A.,<66,ZONAL,2014-04-12,-34.987811000999955,-72.02164499999998
1780,S/E CENTRAL EL RINCON,ASOC. DE CANAL. SOCIEDAD DEL CANAL DE MAIPO,<66,ZONAL,2014-04-12,-33.54795600099993,-70.54278999999997
680,S/E BUIN (ENEL DISTRIBUCION),SOCIEDAD TRANSMISORA METROPOLITANA II S.A.,220,ZONAL,2014-04-12,-33.71079300099996,-70.69229499999994
2220,S/E CENTRAL NEHUENCO III,COLBÚN S.A.,220,DEDICADO,2014-04-12,-32.935538537999946,-71.32380026799996
2184,S/E CENTRAL PE LA FLOR,VIENTOS DE RENAICO SPA,<66,DEDICADO,2014-04-12,-37.69071500099994,-72.60288299999996
1755,S/E CENTRAL ITATA,ELÉCTRICA PUNTILLA S.A.,66,DEDICADO,2014-04-12,-37.04855200099996,-72.18022699999995
648,S/E NANCAGUA,CGE TRANSMISIÓN S.A.,66,ZONAL,2014-04-12,-34.65689300099996,-71.20221699999996
2278,CENTRAL LAGO VERDE,EDELAYSEN,23,NO APLICA,2014-12-04,-44.23976700099996,-71.85045499999995
2275,S/E AGUA BUENA,WPD MALLECO SPA,<66,DEDICADO,2014-04-12,-37.98686462699993,-72.25008057399998
2418,S/E LA CABAÑA,ENEL GREEN POWER CHILE S.A.,220,DEDICADO,2014-04-12,-37.806205288999934,-72.57244671499996
873,S/E HUACHIPATO,COMPAÑÍA SIDERURGICA HUACHIPATO S.A.,<66,DEDICADO,2014-04-12,-36.75331600099997,-73.13115599999998
881,S/E LOS COLORADOS,COMPAÑÍA MINERA DEL PACÍFICO S.A.,110,DEDICADO,2014-04-12,-28.28934800099995,-70.81386299999997
2295,VILLA AMENGUAL,EDELAYSEN,23,NO APLICA,2014-12-04,-44.74636593599996,-72.21147792599999
2301,ISLA QUEHUI,SAGESA,23,NO APLICA,2014-12-04,-42.61847100099993,-73.47502099999997
912,S/E COLON,CODELCO CHILE - DIVISIÓN EL TENIENTE,110,DEDICADO,2014-04-12,-34.08774500099997,-70.46371799999997
904,S/E MOLINO DE BOLAS,CODELCO CHILE - DIVISIÓN ANDINA,66,DEDICADO,2014-04-12,-33.09824719699998,-70.25359404599993
703,S/E LOS DOMINICOS,SOCIEDAD TRANSMISORA METROPOLITANA II S.A.,110,ZONAL,2014-04-12,-33.39231500099993,-70.51651799999996
2247,S/E  CHIU CHIU,ACCIONA ENERGÍA CHILE HOLDINGS S.A.,110,DEDICADO,2014-04-12,-22.47998600099993,-68.82287899999994
937,S/E BULNES (FFCC),EMPRESA DE LOS FERROCARRILES DEL ESTADO,66,ZONAL,2014-04-12,-36.743425859999945,-72.29080785799994
1640,S/E YERBAS BUENAS,CHILQUINTA TRANSMISIÓN S.A.,154,ZONAL,2014-04-12,-35.69232600099997,-71.57544499999995
799,S/E SAN FELIPE,CHILQUINTA TRANSMISIÓN S.A.,110,ZONAL,2014-04-12,-32.76108500099997,-70.71524499999998
2338,S/E CENTRAL PE VIENTOS PATAGONICOS (SM),ELETRANS II S.A.,220,S/I,2014-04-12,-52.94658976899996,-70.83266772899998
847,S/E LAS PINATAS,LITORAL TRANSMISIÓN S.A.,66,ZONAL,2014-04-12,-33.37547300099993,-71.61688099999998
1120,S/E COMPRESORA MINA NAVIO,MELON S.A,<66,DEDICADO,2014-04-12,-32.67428700099998,-71.19441599999993
1762,S/E MINERA DAYTON,CGE TRANSMISIÓN S.A.,<66,ZONAL,2014-04-12,-30.233461328999965,-71.09351865499997
1709,S/E PICHIRRAHUE,TRANSRUCATAYO S.A.,220,S/I,2014-04-12,-40.57221431099998,-73.08433750999995
496,S/E QUINTA DE TILCOCO,CGE TRANSMISIÓN S.A.,66,ZONAL,2014-04-12,-34.36381900099997,-70.97034699999995
711,S/E POLPAICO (ENEL DISTRIBUCION),SOCIEDAD TRANSMISORA METROPOLITANA II S.A.,<66,DEDICADO,2014-04-12,-33.11899000099993,-70.82671499999998
249,S/E CENTRAL TALTAL (ENEL GENERACION),ENEL GENERACIÓN CHILE S.A.,220,ZONAL,2014-04-12,-24.98848000099997,-70.46588599999995
2156,S/E CSP CERRO DOMINADOR,CERRO DOMINADOR CSP S.A.,220,DEDICADO,2014-04-12,-22.77238803199998,-69.47848682199998
1622,S/E RIO BONITO,SISTEMA DE TRANSMISIÓN DEL SUR S.A.,<66,DEDICADO,2014-04-12,-40.909461000999954,-72.40936099999993
2287,S/E FRUTILLAR NORTE,TRANSELEC S.A.,220,NACIONAL,2014-04-12,-41.06993623999995,-73.09612086499999
592,S/E VALDIVIA,TRANSELEC S.A.,220,NACIONAL,2014-04-12,-39.80061300099993,-73.18696299999993
2071,S/E MAYACA,CHILQUINTA TRANSMISIÓN S.A.,<66,ZONAL,2014-04-12,-32.86764784299993,-71.22960891699995
1697,S/E DON GOYO,DON GOYO TRANSMISIÓN S.A.,220,NACIONAL,2014-04-12,-30.54638300099998,-71.49343899999997
1841,S/E CERRO COLORADO,COMPAÑÍA MINERA CERRO COLORADO LTDA,110,DEDICADO,2014-04-12,-20.06405000099994,-69.26748899999996
2318,AYACARA,SAGESA,23,NO APLICA,2014-12-04,-42.30317600099994,-72.78050599999995
2091,S/E AURORA,SIN INFORMACIÓN,220,S/I,2014-04-12,-41.25167200099997,-73.12177999999994
424,S/E LOMA COLORADA,CGE TRANSMISIÓN S.A.,66,ZONAL,2014-04-12,-36.88011200099993,-73.13810699999993
825,S/E TRES ESQUINAS,COOPERATIVA DE CONSUMO DE ENERGÍA ELÉCTRICA CHILLÁN LTDA.,66,ZONAL,2014-04-12,-36.79874200099994,-72.17533199999997
308,S/E CENTRAL CURILLINQUE,TRANSELEC S.A.,154,DEDICADO,2014-04-12,-35.805616000999976,-70.94411199999996
512,S/E LA UNION,SISTEMA DE TRANSMISIÓN DEL SUR S.A.,66,ZONAL,2014-04-12,-40.294938000999935,-73.06810699999994
1998,S/E CENTRAL RIO COLORADO,HIDROELÉCTRICA RÍO COLORADO S.A.,66,DEDICADO,2014-04-12,-35.83284600099995,-70.93911399999996
956,S/E GNL QUINTERO,GNL QUINTERO S.A.,110,DEDICADO,2014-04-12,-32.778251000999944,-71.48759599999994
1131,TAP OFF MAURO,MINERA LOS PELAMBRES,220,DEDICADO,2014-04-12,-31.947145286999955,-70.85111042599993
2356,S/E BELLA MONICA,ENEL GREEN POWER CHILE S.A.,220,DEDICADO,2014-04-12,-26.25969270099995,-69.98923844199999
1888,S/E LA CASCADA HMC (SAGASCA),TAMAKAYA ENERGÍA SPA,66,DEDICADO,2014-04-12,-20.18870600099996,-69.33401499999997
383,S/E CACHAPOAL,CGE TRANSMISIÓN S.A.,66,ZONAL,2014-04-12,-34.19096000099995,-70.75142499999998
377,S/E ANDACOLLO,CGE TRANSMISIÓN S.A.,66,ZONAL,2014-04-12,-30.23345800099997,-71.09350999999998
1823,S/E CALAMA,CGE TRANSMISIÓN S.A.,110,NACIONAL,2014-04-12,-22.428771000999973,-68.92310099999997
945,S/E METRENCO (FFCC),EMPRESA DE LOS FERROCARRILES DEL ESTADO,66,NACIONAL,2014-04-12,-38.82995200099998,-72.63167499999997
235,S/E CENTRAL SANTA MARIA,COLBÚN S.A.,220,DEDICADO,2014-04-12,-37.04028500099997,-73.13107099999996
241,S/E CENTRAL CARENA,EMPRESA ELÉCTRICA INDUSTRIAL S.A.,<66,DEDICADO,2014-04-12,-33.52845058099996,-70.95231551999996
897,S/E SALADILLO,CODELCO CHILE - DIVISIÓN ANDINA,66,DEDICADO,2014-04-12,-32.95161400099994,-70.26998099999997
1928,S/E SVC DOMEYKO,MINERA ESCONDIDA LTDA.,220,DEDICADO,2014-04-12,-24.242587000999947,-69.10197399999998
1935,S/E SPENCE,MINERA SPENCE S.A.,220,DEDICADO,2014-04-12,-22.804782000999975,-69.28122899999994
2312,CENTRAL CHACABUCO,EDELAYSEN,23,NO APLICA,2014-12-04,-45.43391300099995,-72.74862399999995
1774,S/E PARQUE EOLICO RENAICO,ENEL GREEN POWER CHILE S.A.,<66,ZONAL,2014-04-12,-37.72614600099996,-72.57740199999995
833,S/E PUENTE ALTO (EEPA),TRANSMISORA ELÉCTRICA CORDILLERA SPA,110,ZONAL,2014-04-12,-33.618040650999944,-70.53733188999996
300,S/E LOS MAQUIS,ALFA TRANSMISORA DE ENERGÍA S.A.,220,NACIONAL,2014-04-12,-32.865723000999935,-70.41048299999994
2083,S/E CENTRAL EL AGUILA,ENGIE ENERGÍA CHILE S.A.,<66,DEDICADO,2014-04-12,-18.44698300099998,-69.88657099999995
506,S/E COLACO,SISTEMA DE TRANSMISIÓN DEL SUR S.A.,110,ZONAL,2014-04-12,-41.73929500099996,-73.38768799999997
2363,S/E SANTA CRUZ,SISTEMA DE TRANSMISIÓN DEL SUR S.A.,66,ZONAL,2014-04-12,-34.62189088699995,-71.35649837799997
949,S/E MAUCO,ENAP REFINERIAS S.A. - ACONCAGUA,110,DEDICADO,2014-04-12,-32.92801800099994,-71.49610699999994
1881,S/E INACESA,ON-GROUP S.A.,<66,DEDICADO,2014-04-12,-23.780827000999977,-70.32001099999997
980,S/E OXY,OCCIDENTAL CHEMICAL CHILE LTDA.,154,DEDICADO,2014-04-12,-36.762377570999945,-73.12323429999998
255,S/E CENTRAL OJOS DE AGUA,ENEL GENERACIÓN CHILE S.A.,154,S/I,2014-04-12,-35.78599400099995,-70.80752399999994
2264,S/E CENTRAL RIO ESCONDIDO,AR ESCONDIDO SPA,<66,ZONAL,2014-04-12,-27.88199635199993,-70.20608275499995
2060,S/E NUEVA PICHIRROPULLI,ELETRANS S.A.,220,NACIONAL,2014-04-12,-40.162658000999954,-72.88659599999994
2372,S/E MOVIL QUINTA REGION,CHILQUINTA TRANSMISIÓN S.A.,110,DEDICADO,2014-04-12,-32.933126699999946,-71.51738321999994
788,S/E MIRAFLORES,CHILQUINTA TRANSMISIÓN S.A.,110,ZONAL,2014-04-12,-33.03464300099995,-71.52542799999998
2293,S/E SOL DE LILA,ENEL GREEN POWER CHILE S.A.,<66,DEDICADO,2014-04-12,-24.02526346899998,-68.58425363999999
2330,S/E CAMPO LINDO,PARQUE EÓLICO CAMPO LINDO SPA,<66,DEDICADO,2014-04-12,-37.401023720999945,-72.49399303099995
1770,S/E CENTRAL ALTO RENAICO,ESPINOS S.A.,<66,DEDICADO,2014-04-12,-37.80019600099996,-72.40358599999996
662,S/E VILLA PRAT,CGE TRANSMISIÓN S.A.,66,ZONAL,2014-04-12,-35.11278600099996,-71.63335699999993
204,S/E SAN PEDRO (CTNG),COMPAÑÍA TRANSMISORA DEL NORTE GRANDE S.A.,110,ZONAL,2014-04-12,-32.93624300099998,-71.26486299999993
570,S/E DOS AMIGOS,TRANSELEC S.A.,110,DEDICADO,2014-04-12,-28.968572000999984,-70.89682199999999
2094,S/E CERRO DOMINADOR,CERRO DOMINADOR CSP S.A.,220,DEDICADO,2014-04-12,-22.77992100099993,-69.45185799999996
232,S/E CENTRAL LOS PINOS,COLBÚN S.A.,220,DEDICADO,2014-04-12,-37.08662500099996,-72.32471899999996
605,S/E NOGALES,TRANSELEC S.A.,220,NACIONAL,2014-04-12,-32.720313000999965,-71.22641399999998
291,S/E CENTRAL COLMITO,CENTRAL COLMITO S.A.,110,ZONAL,2014-04-12,-32.930155000999946,-71.47349799999995
1700,S/E CENTRAL LA CEBADA,COMPAÑÍA TRANSMISORA LA CEBADA S.A.,220,NACIONAL,2014-04-12,-31.03363300099994,-71.61422299999998
1797,S/E 10,CODELCO CHILE - DIVISIÓN CHUQUICAMATA,220,DEDICADO,2014-04-12,-22.31082165099997,-68.89461566999995
1850,S/E COLLAHUASI,COMPAÑÍA DOÑA INÉS DE COLLAHUASI SCM,220,DEDICADO,2014-04-12,-20.978423000999957,-68.63636699999995
492,S/E LAS ENCINAS,CGE TRANSMISIÓN S.A.,66,ZONAL,2014-04-12,-38.748509920999936,-72.62442006999999
484,S/E CORONEL,CGE TRANSMISIÓN S.A.,154,ZONAL,2014-04-12,-37.00881822099996,-73.15198544999998
720,S/E SAN JOSE,SOCIEDAD TRANSMISORA METROPOLITANA II S.A.,110,ZONAL,2014-04-12,-33.44684417099995,-70.70778033999994
2026,S/E CUMBRE,TRANSMISORA ELÉCTRICA DEL NORTE S.A.,500,NACIONAL,2014-04-12,-26.25677700099993,-69.98946599999994
2019,S/E ARMAZONES,SISTEMA DE TRANSMISIÓN DEL SUR S.A.,<66,ZONAL,2014-04-12,-24.641915000999973,-70.28886399999993
1817,S/E ANTOFAGASTA,ENGIE ENERGÍA CHILE S.A.,110,ZONAL,2014-04-12,-23.63375689099996,-70.38002991999997
1993,S/E CENTRAL CHILOE,ELEKTRA GENERACIÓN S.A.,<66,NACIONAL,2014-04-12,-43.091426000999945,-73.61547399999995
639,S/E LA ESPERANZA,CGE TRANSMISIÓN S.A.,<66,ZONAL,2014-04-12,-34.330094000999964,-71.55956799999996
697,S/E LO BOZA,SOCIEDAD TRANSMISORA METROPOLITANA II S.A.,110,ZONAL,2014-04-12,-33.38901538099998,-70.75461623999996
1985,S/E TOCOPILLA,CGE TRANSMISIÓN S.A.,<66,DEDICADO,2014-04-12,-22.097875856999963,-70.21198674699997
2241,S/E OYARVIDE,"COMPAÑÍA MINERA TECK QUEBRADA BLANCA S.A.

",<66,DEDICADO,2014-04-12,-20.819352099999943,-69.97360953099997
418,S/E VICTORIA,CGE TRANSMISIÓN S.A.,66,ZONAL,2014-04-12,-38.24488790099997,-72.31798295999994
312,S/E PETROPOWER,ENAP REFINERÍAS S.A.,154,DEDICADO,2014-04-12,-36.78496286099994,-73.11909764999996
2213,S/E TRES QUEBRADAS,COMPAÑÍA MINERA NEVADA SPA,220,S/I,2014-04-12,-29.41884253799998,-70.21470078699997
1870,S/E ESCONDIDA NORTE,MINERA ESCONDIDA LTDA.,66,DEDICADO,2014-04-12,-24.22936159099993,-69.03928887999996
1946,TAP OFF BARRILES,GRACE S.A.,220,DEDICADO,2014-04-12,-22.164529567999978,-70.06749667399998
518,S/E PICARTE,SISTEMA DE TRANSMISIÓN DEL SUR S.A.,66,ZONAL,2014-04-12,-39.83065400099997,-73.22360199999997
441,S/E PILLANLELBUN,CGE TRANSMISIÓN S.A.,<66,ZONAL,2014-04-12,-38.63655700099997,-72.47204499999998
366,S/E HOSPITAL,CGE TRANSMISIÓN S.A.,66,ZONAL,2014-04-12,-33.864868000999934,-70.74310999999994
283,S/E CALERA CENTRO,ALFA TRANSMISORA DE ENERGÍA S.A.,<66,DEDICADO,2014-04-12,-32.78906245099995,-71.19874483999996
226,S/E CENTRAL NEHUENCO I,COLBÚN S.A.,220,DEDICADO,2014-04-12,-32.937630000999945,-71.32409299999995
1894,S/E LIXIVIACION,TRANSELEC S.A.,220,DEDICADO,2014-04-12,-24.26625260099996,-69.01486688999995
1844,S/E CHACAYA,ENGIE ENERGÍA CHILE S.A.,220,DEDICADO,2014-04-12,-23.090657000999958,-70.41029499999996
263,S/E ENLACE,AES ANDES S.A.,66,ZONAL,2014-04-12,-37.09560554099994,-72.32442777999995
631,S/E CHOCALAN,CGE TRANSMISIÓN S.A.,66,ZONAL,2014-04-12,-33.72654500099998,-71.21242999999998
1044,TAP OFF EL EDEN,CGE TRANSMISIÓN S.A.,110,ZONAL,2014-04-12,-28.56336500499998,-70.77920497799994
972,S/E MINERA MARICUNGA,COMPAÑÍA MINERA MARICUNGA,110,DEDICADO,2014-04-12,-27.54759700099993,-69.28814899999998
617,S/E CALDERA,CGE TRANSMISIÓN S.A.,110,ZONAL,2014-04-12,-27.08933800099993,-70.80297799999994
2272,S/E ELEVADORA CAPRICORNIO,ENGIE ENERGÍA CHILE S.A.,110,ZONAL,2014-04-12,-23.41607346799998,-70.18175498999994
1902,S/E MEJILLONES,SOCIEDAD AUSTRAL DE TRANSMISIÓN TRONCAL S.A.,220,DEDICADO,2014-04-12,-23.095245000999967,-70.41921099999996
1914,S/E PEQ,POZO ALMONTE SOLAR 3 S.A.,<66,DEDICADO,2014-04-12,-21.65866300099998,-69.49408499999998
2054,S/E MANTILHUE,SISTEMA DE TRANSMISIÓN DEL SUR S.A.,110,DEDICADO,2014-04-12,-40.61835900099993,-72.40148599999998
2122,S/E SAN GABRIEL,PARQUE EÓLICO SAN GABRIEL SPA,<66,DEDICADO,2014-04-12,-37.67267900099995,-72.52835299999998
858,S/E EL COBRE [ANGLOAMERICAN),ANGLO AMERICAN EL SOLDADO,110,DEDICADO,2014-04-12,-32.66080600099997,-71.14473499999997
781,S/E EL MELON,CHILQUINTA TRANSMISIÓN S.A.,<66,ZONAL,2014-04-12,-32.69529300099998,-71.20111199999997
928,S/E SAN FERNANDO (FFCC),EMPRESA DE LOS FERROCARRILES DEL ESTADO,66,ZONAL,2014-04-12,-34.59707200099996,-70.98398599999996
1652,S/E TOTORALILLO (CAP CMP),TECNOCAP S.A.,220,DEDICADO,2014-04-12,-26.87692490699993,-70.80733887999997
1864,S/E EL LINCE,HALDEMAN MINING COMPANY S.A.,110,DEDICADO,2014-04-12,-22.67866800099995,-70.18955099999994
1957,TAP OFF EL AGUILA,ENGIE ENERGÍA CHILE S.A.,<66,DEDICADO,2014-04-12,-18.477135002999944,-69.86608899399994
2292,PORVENIR,EDELMAG,138,NO APLICA,2014-12-04,-53.291552440999965,-70.38022071299997
360,S/E MOLINA,CGE TRANSMISIÓN S.A.,66,ZONAL,2014-04-12,-35.09473500099995,-71.31796799999995
461,S/E PIRQUE,CGE TRANSMISIÓN S.A.,110,ZONAL,2014-04-12,-33.650113000999966,-70.61179499999997
398,S/E CASAS VIEJAS,CGE TRANSMISIÓN S.A.,110,ZONAL,2014-04-12,-32.59927400099997,-71.36593099999999
2284,CENTRAL NUEVO REINO,EDELAYSEN,23,NO APLICA,2014-12-04,-44.72250612299996,-72.67902350799994
2034,TAP OFF CENTRAL CAVANCHA,CAVANCHA S.A.,<66,S/I,2014-04-12,-20.237074864999958,-70.12731774299994
691,S/E LA DEHESA,SOCIEDAD TRANSMISORA METROPOLITANA II S.A.,110,ZONAL,2014-04-12,-33.34464800099994,-70.57121799999999
2187,S/E CENTRAL CAMPICHE,EMPRESA ELÉCTRICA CAMPICHE S.A.,220,DEDICADO,2014-04-12,-32.74869600099993,-71.48224499999998
1662,S/E MULCHEN,ALFA TRANSMISORA DE ENERGÍA S.A.,220,NACIONAL,2014-04-12,-37.68117984099996,-72.25394466999995
211,S/E YUNGAY,CENTRAL YUNGAY S.A.,154,DEDICADO,2014-04-12,-37.10585700099995,-72.29390799999999
563,S/E CARRERA PINTO,TRANSELEC S.A.,220,NACIONAL,2014-04-12,-27.00193000099995,-69.90268999999995
2318,S/E PAMPA TIGRE,AR PAMPA SPA,220,DEDICADO,2014-04-12,-23.855541242999948,-69.81362819999998
1967,TAP OFF LICANCABUR,MINERA CENTINELA,110,DEDICADO,2014-04-12,-22.72199312799995,-70.26085994699997
354,S/E EL AVELLANO,CGE TRANSMISIÓN S.A.,66,ZONAL,2014-04-12,-37.442043540999975,-72.32907927999997
1747,S/E CENTRAL LLAUQUEREO,HIDROELÉCTRICA LLEUQUEREO S.A.,<66,S/I,2014-04-12,-37.56685200099997,-71.52424099999996
404,S/E SAN FERNANDO,CGE TRANSMISIÓN S.A.,154,ZONAL,2014-04-12,-34.59783300099997,-70.98319999999995
1803,S/E 405,MINERA ESCONDIDA LTDA.,<66,DEDICADO,2014-04-12,-24.34080985099996,-69.05798419999996
1756,S/E PICHIL,SISTEMA DE TRANSMISIÓN DEL SUR S.A.,66,ZONAL,2014-04-12,-40.70553000099994,-73.00536599999998
2185,S/E CENTRAL MOCHO,HIDROMOCHO S.A.,<66,DEDICADO,2014-04-12,-40.64086100099996,-72.25136099999997
776,S/E ALTO MELIPILLA,CHILQUINTA TRANSMISIÓN S.A.,220,ZONAL,2014-04-12,-33.69137400099993,-71.23747599999996
271,S/E CENTRAL EMELDA,EMPRESA ELÉCTRICA DIEGO DE ALMAGRO SPA,110,DEDICADO,2014-04-12,-26.38070000099998,-70.02178299999997
2282,S/E CENTRAL CERRO TIGRE,AR CERRO TIGRE SPA,220,DEDICADO,2014-04-12,-23.76104429899993,-69.91936237799996
1836,S/E CENTRAL SOLAR PAS2,POZO ALMONTE SOLAR 2 S.A.,<66,DEDICADO,2014-04-12,-20.27171200099997,-69.75601299999994
2150,S/E LOS TILOS BULNES,COOPERATIVA DE CONSUMO DE ENERGÍA ELÉCTRICA CHILLÁN LTDA.,66,ZONAL,2014-04-12,-36.87806116599995,-72.21686876499996
301,S/E TOTORALILLO,ALFA TRANSMISORA DE ENERGÍA S.A.,110,DEDICADO,2014-04-12,-32.85396500099995,-70.50574299999994
801,S/E SAN RAFAEL (CHILQUINTA),CHILQUINTA TRANSMISIÓN S.A.,110,ZONAL,2014-04-12,-32.824195000999964,-70.61279999999994
2306,S/E RIO ACONCAGUA,TRANSELEC S.A.,220,NACIONAL,2014-04-12,-32.82093496099998,-70.98821436999998
624,S/E TIERRA AMARILLA,CGE TRANSMISIÓN S.A.,110,DEDICADO,2014-04-12,-27.480116000999946,-70.29300099999995
1724,TAP OFF CHAÑARES,ENEL GREEN POWER CHILE S.A.,110,DEDICADO,2014-04-12,-26.40480800099993,-70.08280899999994
1859,S/E CONDORES,EMPRESA DE TRANSMISIÓN ELÉCTRICA TRANSEMEL S.A.,220,NACIONAL,2014-04-12,-20.248325870999963,-70.07941080999996
221,S/E CANDELARIA,ALFA TRANSMISORA DE ENERGÍA S.A.,220,NACIONAL,2014-04-12,-34.03388700099998,-70.61166499999996
244,S/E CENTRAL BOCAMINA I,ENEL GENERACIÓN CHILE S.A.,220,DEDICADO,2014-04-12,-37.021304000999976,-73.16763499999996
706,S/E MALLOCO,SOCIEDAD TRANSMISORA METROPOLITANA II S.A.,110,ZONAL,2014-04-12,-33.60955100099994,-70.85821199999998
1809,S/E A,CODELCO CHILE - DIVISIÓN CHUQUICAMATA,110,DEDICADO,2014-04-12,-22.306187000999955,-68.91815199999996
2296,ISLA CAGUACH,SAGESA,23,NO APLICA,2014-12-04,-42.47480700099993,-73.25968099999994
906,S/E EM N°2,CODELCO CHILE - DIVISIÓN ANDINA,66,DEDICADO,2014-04-12,-33.15156700099993,-70.24877299999997
1052,S/E TAP OFF LA LAJA,AES ANDES S.A.,110,DEDICADO,2014-04-12,-33.58077309899994,-70.42043203399999
1122,S/E CODELCO VENTANAS 2,CODELCO CHILE - DIVISIÓN VENTANAS,110,ZONAL,2014-04-12,-32.76010500099994,-71.48418099999998
2319,CUCHILDEO,SAGESA,23,NO APLICA,2014-12-04,-41.96028700099998,-72.48442899999998
932,S/E PANGUILEMO (FFCC),EMPRESA DE LOS FERROCARRILES DEL ESTADO,66,ZONAL,2014-04-12,-35.36817600099994,-71.58755399999995
967,S/E PLANTA OXIDO,MINERA LAS CENIZAS S.A.,<66,DEDICADO,2014-04-12,-25.79770130099996,-70.31068187999995
848,S/E SAN JERONIMO,LITORAL TRANSMISIÓN S.A.,66,ZONAL,2014-04-12,-33.36814600099996,-71.59359799999999
1686,S/E TRAVESIA,COMPAÑÍA CONTRACTUAL MINERA CANDELARIA,110,DEDICADO,2014-04-12,-27.35035400099997,-70.43950199999995
2339,S/E PALPANA,ENGIE ENERGÍA CHILE S.A.,220,DEDICADO,2014-04-12,-22.265547176999974,-69.48224449899993
875,S/E CHUMPULLO,CARTULINAS CMPC SPA,66,DEDICADO,2014-04-12,-39.79100590099995,-73.18608259999996
2469,S/E LA ESPERANZA (TRANSELEC),TRANSELEC S.A.,220,DEDICADO,2014-04-12,-37.86056697599997,-72.37969976899996
1642,S/E RAPEL,TRANSELEC S.A.,220,NACIONAL,2014-04-12,-34.03862500099996,-71.58483999999999
643,S/E LEYDA,CGE TRANSMISIÓN S.A.,110,ZONAL,2014-04-12,-33.61757400099998,-71.46517799999998
2288,S/E GUARDIAMARINA,SOCIEDAD AUSTRAL DE TRANSMISIÓN TRONCAL S.A.,110,ZONAL,2014-04-12,-23.591262350999955,-70.37335272399997
1842,S/E CERRO DRAGON,CGE TRANSMISIÓN S.A.,110,ZONAL,2014-04-12,-20.25053100099996,-70.12448699999999
826,S/E COCHARCAS,COOPERATIVA DE CONSUMO DE ENERGÍA ELÉCTRICA CHILLÁN LTDA.,<66,ZONAL,2014-04-12,-36.52013400099997,-72.04767299999997
309,S/E LOMA ALTA,TRANSELEC S.A.,220,DEDICADO,2014-04-12,-35.79197253099994,-70.98155412999995
2141,S/E AGUAS CLARAS,INNOVACIÓN ENERGÍA S.A.,<66,DEDICADO,2014-04-12,-34.86854658799996,-71.14170761499997
1711,S/E CENTRAL UCUQUER,CGE TRANSMISIÓN S.A.,<66,ZONAL,2014-04-12,-34.04460600099998,-71.61676699999998
294,S/E CENTRAL LOS ESPINOS,ESPINOS S.A.,220,DEDICADO,2014-04-12,-31.883362000999966,-71.45031199999994
433,S/E PUMAHUE,CGE TRANSMISIÓN S.A.,66,ZONAL,2014-04-12,-38.70784986099994,-72.55561266999996
940,S/E RENAICO (FFCC),EMPRESA DE LOS FERROCARRILES DEL ESTADO,66,ZONAL,2014-04-12,-37.67540000099996,-72.58024199999994
841,S/E LOTA,SISTEMA DE TRANSMISIÓN DEL SUR S.A.,66,ZONAL,2014-04-12,-37.097924570999965,-73.14642471999997
2357,S/E FUENTECILLA,SISTEMA DE TRANSMISIÓN DEL SUR S.A.,66,ZONAL,2014-04-12,-34.428249480999966,-71.09097549699999
580,S/E MAITENCILLO,TRANSELEC S.A.,220,NACIONAL,2014-04-12,-28.535684000999936,-70.92421399999995
1876,S/E FORTUNA,COMPAÑÍA MINERA LOMAS BAYAS,220,DEDICADO,2014-04-12,-23.462791530999937,-69.53043269999995
1889,S/E LA HUAYCA II,HALDEMAN MINING COMPANY S.A.,66,DEDICADO,2014-04-12,-20.454996000999927,-69.53555299999994
1631,S/E CANETE,SISTEMA DE TRANSMISIÓN DEL SUR S.A.,66,ZONAL,2014-04-12,-37.83248605099993,-73.39383331999994
2092,S/E ANDALICAN,CGE TRANSMISIÓN S.A.,66,ZONAL,2014-04-12,-37.09797241099994,-73.14677790099995
372,S/E LATORRE,CGE TRANSMISIÓN S.A.,66,ZONAL,2014-04-12,-36.71882200099998,-73.11980499999999
2075,S/E CENTRAL ALFALFAL II,ALTO MAIPO SPA,220,DEDICADO,2014-04-12,-33.57472026099998,-70.23429794299994
2378,S/E IBERATACAMA,PARQUE EÓLICO ATACAMA SPA,220,DEDICADO,2014-04-12,-28.94951463199993,-71.48032293999995
507,S/E LOS NEGROS,SISTEMA DE TRANSMISIÓN DEL SUR S.A.,66,ZONAL,2014-04-12,-40.59786400099995,-72.89379499999995
500,S/E ZONA DE CAIDA,PALMUCHO S.A.,66,DEDICADO,2014-04-12,-37.99913700099995,-71.51343399999996
898,S/E SAG,CODELCO CHILE - DIVISIÓN ANDINA,220,DEDICADO,2014-04-12,-33.09277246099998,-70.25573038999994
1563,S/E PUNTA PEUCO (CEMENTO POLPAICO),CEMENTO POLPAICO S.A.,110,DEDICADO,2014-04-12,-33.118983310999965,-70.82713843999994
1929,S/E SALAR,CODELCO CHILE - DIVISIÓN CHUQUICAMATA,220,NACIONAL,2014-04-12,-22.340188000999945,-68.87612699999994
2313,CENTRAL CHILE CHICO,EDELAYSEN,23,NO APLICA,2014-12-04,-46.54003700099997,-71.75256799999994
657,S/E RETIRO,CGE TRANSMISIÓN S.A.,66,ZONAL,2014-04-12,-36.038919000999954,-71.76122899999996
2012,S/E CENTRAL RENCA,GENERADORA METROPOLITANA SPA,110,DEDICADO,2014-04-12,-33.41725000099996,-70.68882599999995
946,S/E EKA CHILE,EKA CHILE S.A.,154,DEDICADO,2014-04-12,-36.76511000099998,-73.12333299999995
950,S/E ERBB,ENAP REFINERÍAS S.A.,66,S/I,2014-04-12,-36.778398600999935,-73.11714420999994
2229,S/E LUCERO,SISTEMA DE TRANSMISIÓN DEL SUR S.A.,66,ZONAL,2014-04-12,-36.79796648699994,-72.17568235899995
586,S/E QUILLOTA,TRANSELEC S.A.,220,NACIONAL,2014-04-12,-32.953082000999984,-71.25022099999995
1882,S/E IQUIQUE,ENGIE ENERGÍA CHILE S.A.,66,DEDICADO,2014-04-12,-20.206842000999927,-70.12996699999997
2310,PUNTA ARENAS,EDELMAG,66,NO APLICA,2014-12-04,-53.15493603099998,-70.90740273499995
1775,S/E CENTRAL PARQUE EOLICO LOS BUENOS AIRES,ENEL GREEN POWER CHILE S.A.,66,ZONAL,2014-04-12,-37.55101400099994,-72.51216499999998
378,S/E ANDALIEN,CGE TRANSMISIÓN S.A.,66,ZONAL,2014-04-12,-36.80451267099994,-73.03302382999993
2085,S/E CENTRAL HIDROELECTRICA PALACIOS,HIDROELÉCTRICA PALACIOS SPA,<66,DEDICADO,2014-04-12,-34.93190500099996,-70.37575499999997
712,S/E PUDAHUEL,SOCIEDAD TRANSMISORA METROPOLITANA II S.A.,110,ZONAL,2014-04-12,-33.420861000999935,-70.72955799999994
2287,ISLA LAITEC,SAGESA,23,NO APLICA,2014-12-04,-43.20134000099995,-73.62555699899997
2061,S/E ENTRE RIOS,TRANSELEC S.A.,500,NACIONAL,2014-04-12,-36.990865000999975,-72.21090399999997
2294,S/E PUEBLO SECO,BESALCO TRANSMISIÓN SPA,154,ZONAL,2014-04-12,-36.88832319899996,-72.12208458499998
392,S/E COLCHAGUA,CGE TRANSMISIÓN S.A.,66,ZONAL,2014-04-12,-34.60082100099993,-70.97950099999997
1741,S/E CHICUREO,SOCIEDAD TRANSMISORA METROPOLITANA II S.A.,220,ZONAL,2014-04-12,-33.28972800099996,-70.65327799999994
1703,S/E CENTRAL SAN PEDRO DALCAHUE,ALBA S.A.,110,DEDICADO,2014-04-12,-42.273069420999946,-73.89652455999999
608,S/E LAGUNILLAS,TRANSELEC S.A.,220,NACIONAL,2014-04-12,-36.98848800099995,-73.13486899999998
369,S/E LA RONDA,CGE TRANSMISIÓN S.A.,66,ZONAL,2014-04-12,-34.557741000999954,-70.95919299999997
1897,S/E LOMAS BAYAS,ENGIE ENERGÍA CHILE S.A.,<66,DEDICADO,2014-04-12,-23.43313800099997,-69.50339399999996
233,S/E CENTRAL SAN CLEMENTE (COLBUN),COLBÚN S.A.,66,DEDICADO,2014-04-12,-35.59800300099994,-71.35539899999998
692,S/E LA PINTANA,SOCIEDAD TRANSMISORA METROPOLITANA II S.A.,110,ZONAL,2014-04-12,-33.61779247099997,-70.61634597999995
1798,S/E 10A,CODELCO CHILE - DIVISIÓN CHUQUICAMATA,110,DEDICADO,2014-04-12,-22.31045224099995,-68.89615970999995
2235,S/E PUQUIOS,COMPAÑÍA MINERA TECK QUEBRADA BLANCA S.A.,220,DEDICADO,2014-04-12,-20.993299238999956,-68.83391312799995
2207,S/E RIO TOLTEN,SIN INFORMACIÓN,66,NACIONAL,2014-04-12,-38.954940000999954,-72.63894999999997
205,S/E CENTRAL SANTA LIDIA,GENERADORA METROPOLITANA SPA,<66,DEDICADO,2014-04-12,-37.093287000999965,-72.31678299999999
256,S/E CENTRAL QUINTERO,TRANSELEC S.A.,220,DEDICADO,2014-04-12,-32.788183000999936,-71.48519899999997
2266,S/E CENTRAL ANDINA,CENTRAL TERMOELÉCTRICA ANDINA SPA,<66,S/I,2014-04-12,-23.08866200099993,-70.40780099999995
513,S/E MELIPULLI,SISTEMA DE TRANSMISIÓN DEL SUR S.A.,220,NACIONAL,2014-04-12,-41.45048300099995,-72.95409999999998
640,S/E LA MANGA,CGE TRANSMISIÓN S.A.,66,ZONAL,2014-04-12,-33.92102600099997,-71.56376499999993
2168,S/E CENTRAL NUEVA VENTANAS,AES ANDES S.A.,220,DEDICADO,2014-04-12,-32.74915100099997,-71.48239199999995
284,S/E CERRO CALERA,ALFA TRANSMISORA DE ENERGÍA S.A.,110,DEDICADO,2014-04-12,-32.79681500099997,-71.19543899999996
1845,S/E CHAMY,CODELCO CHILE - DIVISIÓN CHUQUICAMATA,110,DEDICADO,2014-04-12,-22.255965660999948,-68.89452088999997
1923,S/E QUEBRADA BLANCA,COMPAÑÍA MINERA TECK QUEBRADA BLANCA S.A.,220,DEDICADO,2014-04-12,-20.997465000999966,-68.79410599999994
486,S/E PUCON,CGE TRANSMISIÓN S.A.,66,ZONAL,2014-04-12,-39.28753707099997,-71.97412065999998
413,S/E TOME,CGE TRANSMISIÓN S.A.,66,ZONAL,2014-04-12,-36.63143100099995,-72.94926899999996
669,S/E SAN RAFAEL,CGE TRANSMISIÓN S.A.,<66,ZONAL,2014-04-12,-35.310469000999944,-71.52879599999994
2020,S/E DOS VALLES,HIDROELECTRICA DOS VALLES SPA,<66,DEDICADO,2014-04-12,-34.90185200099995,-70.34078399999999
419,S/E VICUÑA,CGE TRANSMISIÓN S.A.,110,ZONAL,2014-04-12,-30.051781000999934,-70.71489099999997
1765,S/E COPAYAPU,CGE TRANSMISIÓN S.A.,110,ZONAL,2014-04-12,-27.48414700099994,-70.38136699999995
2027,S/E PORTAL GCM,SIN INFORMACIÓN,<66,ZONAL,2014-04-12,-25.059767000999955,-69.85147899999998
1941,TAP OFF 534,MINERA ESCONDIDA LTDA.,66,DEDICADO,2014-04-12,-24.27277505899997,-69.05080025799998
1818,S/E ANTUCOYA,MINERA ANTUCOYA,220,DEDICADO,2014-04-12,-22.614093640999958,-69.84443241999998
1951,TAP OFF DOLORES,ENGIE ENERGÍA CHILE S.A.,110,ZONAL,2014-04-12,-19.61712300099998,-69.94619599999999
442,S/E PITRUFQUEN,CGE TRANSMISIÓN S.A.,66,ZONAL,2014-04-12,-38.98396638099996,-72.64887835999997
2242,S/E FAENAS PANGUE,PALMUCHO S.A.,<66,DEDICADO,2014-04-12,-37.90631600099994,-71.61457699999994
698,S/E LO ESPEJO,SOCIEDAD TRANSMISORA METROPOLITANA II S.A.,220,ZONAL,2014-04-12,-33.530570000999944,-70.71137699999997
227,S/E LAS TORTOLAS,ALFA TRANSMISORA DE ENERGÍA S.A.,220,DEDICADO,2014-04-12,-33.14256500099998,-70.70233099999996
1791,S/E CENTRAL SANTIAGO SOLAR,"SANTIAGO SOLAR S.A.

",110,ZONAL,2014-04-12,-33.081745000999945,-70.85883399999994
1986,S/E UJINA,COMPAÑÍA DOÑA INÉS DE COLLAHUASI SCM,<66,DEDICADO,2014-04-12,-20.97828500099996,-68.59218099999998
2133,S/E MOCHO,CUMBRES SPA,110,DEDICADO,2014-04-12,-40.641531000999976,-72.25140199999998
250,S/E CENTRAL RAPEL (ENEL GENERACION),ENEL GENERACIÓN CHILE S.A.,220,ZONAL,2014-04-12,-34.04143700099996,-71.58869199999998
2214,S/E LAMA,COMPAÑÍA MINERA NEVADA SPA,220,S/I,2014-04-12,-29.33317489899997,-69.97090842399996
2293,CENTRAL LA JUNTA,EDELAYSEN,23,NO APLICA,2014-12-04,-43.97002600099995,-72.38516900099995
1748,S/E CENTRAL CAREN BAJO,EMPRESA ELÉCTRICA CARÉN S.A.,<66,S/I,2014-04-12,-38.88318700099995,-71.52112999999997
399,S/E SANTA ELVIRA,CGE TRANSMISIÓN S.A.,66,ZONAL,2014-04-12,-36.59606000099996,-72.09864299999998
783,S/E JUNCAL PORTILLO,CHILQUINTA TRANSMISIÓN S.A.,<66,ZONAL,2014-04-12,-32.870826000999955,-70.14843399999995
2055,S/E CENTRAL PARQUE EOLICO CABO LEONES I,PARQUE EÓLICO CABO LEONES I S.A.,220,DEDICADO,2014-04-12,-28.94634900099993,-71.44387499999993
521,S/E PURRANQUE,SISTEMA DE TRANSMISIÓN DEL SUR S.A.,66,ZONAL,2014-04-12,-40.91220600099996,-73.15150599999998
564,S/E CASTILLA,TRANSELEC S.A.,110,DEDICADO,2014-04-12,-27.89477715099997,-70.53227077999998
618,S/E CERRILLOS,CGE TRANSMISIÓN S.A.,110,ZONAL,2014-04-12,-27.57529400099997,-70.25532499999997
1903,S/E MINSAL,ENGIE ENERGÍA CHILE S.A.,110,DEDICADO,2014-04-12,-23.516787000999955,-68.39957299999998
1865,S/E EL LOA,SOCIEDAD QUÍMICA Y MINERA DE CHILE S.A.,<66,DEDICADO,2014-04-12,-22.350574000999927,-69.63340899999997
321,S/E CENTRAL LAUTARO,COMASA SPA,66,DEDICADO,2014-04-12,-38.53990600099996,-72.46803999999997
2103,S/E DEUCO,SISTEMA DE TRANSMISIÓN DEL SUR S.A.,66,DEDICADO,2014-04-12,-37.82602300099995,-72.69847999999996
361,S/E LA PALMA,CGE TRANSMISIÓN S.A.,66,ZONAL,2014-04-12,-35.58128100099998,-71.70871599999998
2333,S/E FUTURO,ANDES SOLAR II SPA,220,DEDICADO,2014-04-12,-24.008619712999973,-68.56571083599994
1972,S/E TAP OFF OESTE,AES ANDES S.A.,220,DEDICADO,2014-04-12,-23.690449090999948,-68.61964699299995
2279,CENTRAL RIO AZUL,EDELAYSEN,23,NO APLICA,2014-12-04,-43.49062500099996,-72.12331400099998
929,S/E QUINTA (FFCC),EMPRESA DE LOS FERROCARRILES DEL ESTADO,66,ZONAL,2014-04-12,-34.81615800099996,-71.06468699999994
868,S/E MOLIENDA 3,ANGLO AMERICAN LOS BRONCES,66,DEDICADO,2014-04-12,-33.145082000999935,-70.28835299999997
974,S/E LOS PIUQUENES,MINERA LOS PELAMBRES,220,DEDICADO,2014-04-12,-31.81197605099993,-70.57847164999998
1653,S/E CENTRAL SDGX01,ENGIE ENERGÍA CHILE S.A.,<66,ZONAL,2014-04-12,-30.23018000099995,-71.09303399999999
634,S/E EL MONTE,CGE TRANSMISIÓN S.A.,66,ZONAL,2014-04-12,-33.70889300099998,-70.96930899999995
267,S/E CENTRAL LAS PIEDRAS,ENLASA GENERACIÓN CHILE S.A.,110,DEDICADO,2014-04-12,-30.14256200099993,-71.22944199999995
475,S/E QUEREO,CGE TRANSMISIÓN S.A.,<66,ZONAL,2014-04-12,-31.93948800099997,-71.47688299999999
1958,TAP OFF ENLACE,MINERA ANTUCOYA,220,NACIONAL,2014-04-12,-22.69907600099998,-69.62626899999998
1667,S/E CENTRAL SAN ANDRES (HSA),HIDROELÉCTRICA SAN ANDRÉS SPA,220,DEDICADO,2014-04-12,-34.73497900099994,-70.38370099999997
686,S/E CURACAVI,SOCIEDAD TRANSMISORA METROPOLITANA II S.A.,<66,ZONAL,2014-04-12,-33.42353000099996,-71.04317999999995
355,S/E EL ESPINO,CGE TRANSMISIÓN S.A.,<66,ZONAL,2014-04-12,-31.33234123099993,-71.09493733999994
2112,S/E SGO,MINERA SPENCE S.A.,220,DEDICADO,2014-04-12,-22.78138525299994,-69.30588634599997
2258,S/E NUEVA ANCUD,TRANSELEC S.A.,220,NACIONAL,2014-04-12,-41.95873713099997,-73.67883258499995
982,S/E PAPELERA BIO BIO,BO PAPER BIO-BIO S.A.,66,ZONAL,2014-04-12,-36.83381463099994,-73.09661659999995
923,S/E LOS GUINDOS (FFCC),EMPRESA DE LOS FERROCARRILES DEL ESTADO,<66,ZONAL,2014-04-12,-33.71127371399996,-70.72360796999999
212,S/E CENTRAL CARDONES,CENTRAL CARDONES S.A.,220,DEDICADO,2014-04-12,-27.487986000999967,-70.38546099999996
2319,S/E VALLE ESCONDIDO,AR VALLE ESCONDIDO SPA,220,ZONAL,2014-04-12,-27.811588334999957,-70.26781794699997
2299,CENTRAL MONREAL,EDELAYSEN,23,NO APLICA,2014-12-04,-45.86988200099995,-72.06114399999996
504,S/E CHOLGUAN (STS),SISTEMA DE TRANSMISIÓN DEL SUR S.A.,220,DEDICADO,2014-04-12,-37.16480100099994,-72.07404099999997
1118,S/E SANTA FILOMENA,ANGLO AMERICAN LOS BRONCES,220,DEDICADO,2014-04-12,-33.19386000099996,-70.56623299999995
1934,S/E SOPLADORES,CODELCO CHILE - DIVISIÓN CHUQUICAMATA,110,DEDICADO,2014-04-12,-22.31220678099993,-68.88555580699995
2043,S/E MIRAJE,TRANSELEC S.A.,220,NACIONAL,2014-04-12,-22.41994700099997,-69.52945999999997
2276,HIELOS DEL SUR II,EDELAYSEN,23,NO APLICA,2014-12-04,-48.51638437399998,-72.59724814699996
530,S/E VALDIVIA (STS),"SISTEMA DE TRANSMISIÓN DEL SUR S.A.

",66,ZONAL,2014-04-12,-39.80061316699994,-73.18696300899995
381,S/E BUIN (CGE),CGE TRANSMISIÓN S.A.,66,ZONAL,2014-04-12,-33.735140000999934,-70.73629799999998
1636,S/E PAPELERA TALAGANTE,CGE TRANSMISIÓN S.A.,66,DEDICADO,2014-04-12,-33.70896500099997,-70.93430199999995
878,S/E PRINCIPAL PLANTA POLPAICO,CEMENTO POLPAICO S.A.,<66,DEDICADO,2014-04-12,-33.15210700099993,-70.83192199999996
2079,S/E PUNTA SIERRA,PACIFIC HYDRO PUNTA SIERRA SPA,220,NACIONAL,2014-04-12,-31.136116000999948,-71.61395199999998
1909,S/E NUEVA ZALDIVAR,AES ANDES S.A.,220,DEDICADO,2014-04-12,-24.16342100099996,-69.06542099999996
2351,S/E LOS NOTROS,TRANSELEC S.A.,220,S/I,2014-04-12,-37.71302927099998,-71.82885098499997
358,S/E ESCUADRON (CGE),CGE TRANSMISIÓN S.A.,66,ZONAL,2014-04-12,-36.96734338099998,-73.16910504999998
852,S/E LONGAVI,LUZPARRAL TRANSMISIÓN S.A.,66,ZONAL,2014-04-12,-35.96229300099998,-71.69644799999998
583,S/E CENTRAL PEHUENCHE,TRANSELEC S.A.,220,DEDICADO,2014-04-12,-35.731372000999954,-71.16384199999999
1679,S/E CANAL MELADO,TRANSELEC S.A.,220,DEDICADO,2014-04-12,-35.71856800099994,-71.07098899999994
2106,S/E CENTRAL CONVENTO VIEJO,SOCIEDAD CONCESIONARIA EMBALSE CONVENTO VIEJO S.A.,<66,S/I,2014-04-12,-34.76791400099995,-71.12905699999999
1886,S/E KAPATUR,CODELCO CHILE - DIVISIÓN CHUQUICAMATA,220,NACIONAL,2014-04-12,-23.14508700099998,-70.34036799999996
2311,S/E LOS ANGELES SUR,WPD DUQUECO SPA,<66,DEDICADO,2014-04-12,-37.51860542099996,-72.36835875599996
305,S/E CENTRAL CHOLGUAN,MADERAS ARAUCO S.A.,<66,DEDICADO,2014-04-12,-37.16479900099995,-72.07315699999998
804,S/E VALPARAISO,CHILQUINTA TRANSMISIÓN S.A.,<66,ZONAL,2014-04-12,-33.05545700099998,-71.62207799999999
2146,S/E CENTRAL CHAGUAL,PRIME ENERGÍA QUICKSTART SPA,<66,S/I,2014-04-12,-31.941620114999974,-71.47745194399994
1718,S/E CENTRAL PUNTA PALMERAS,PUNTA PALMERAS S.A.,<66,DEDICADO,2014-04-12,-31.238751170999933,-71.61594609999997
621,S/E HERNAN FUENTES,CGE TRANSMISIÓN S.A.,110,ZONAL,2014-04-12,-27.37944100099997,-70.33582399999995
1862,S/E EL ABRA,SOCIEDAD CONTRACTUAL MINERA EL ABRA,220,DEDICADO,2014-04-12,-21.981597000999955,-68.69353699999994
646,S/E MANDINGA,CGE TRANSMISIÓN S.A.,66,ZONAL,2014-04-12,-33.78912300099995,-71.27782499999995
726,S/E VITACURA,SOCIEDAD TRANSMISORA METROPOLITANA II S.A.,110,ZONAL,2014-04-12,-33.410185920999936,-70.60439196999994
2182,S/E C.R. MAITENCILLO,EMPRESA ELÉCTRICA VALLENAR S.A,<66,S/I,2014-04-12,-28.50925048399995,-70.91979971999996
276,S/E CENTRAL TERMOPACIFICO,GENERADORA DEL PACÍFICO SPA,220,DEDICADO,2014-04-12,-27.492071000999942,-70.38242899999995
1839,S/E CENTRAL TOCOPILLA,ENGIE ENERGÍA CHILE S.A.,220,ZONAL,2014-04-12,-22.09787600099997,-70.21200399999998
247,S/E CENTRAL RALCO,ENEL GENERACIÓN CHILE S.A.,220,DEDICADO,2014-04-12,-37.99835300099994,-71.51757599999996
2217,S/E CHOLGUAN (TRANSELEC),TRANSELEC S.A.,66,DEDICADO,2014-04-12,-37.16513200099996,-72.07338299999998
678,S/E BATUCO,SOCIEDAD TRANSMISORA METROPOLITANA II S.A.,110,ZONAL,2014-04-12,-33.267656640999974,-70.73086425999998
1812,S/E ALTO HOSPICIO,CGE TRANSMISIÓN S.A.,110,ZONAL,2014-04-12,-20.254233300999942,-70.10433416999996
1788,S/E CENTRAL PARQUE EOLICO LA ESPERANZA,EÓLICA LA ESPERANZA S.A.,<66,ZONAL,2014-04-12,-37.60233400099997,-72.53679299999999
224,S/E CENTRAL MACHICURA,COLBÚN S.A.,220,DEDICADO,2014-04-12,-35.73163700099997,-71.39639199999993
2336,S/E CENTRAL PUNTA DEL VIENTO,HIDROELÉCTRICA PUNTA DEL VIENTO SPA,<66,S/I,2014-04-12,-34.75512653399994,-70.43897806399997
845,S/E EL TOTORAL,LITORAL TRANSMISIÓN S.A.,<66,ZONAL,2014-04-12,-33.42750200099994,-71.63697499999995
1692,S/E BOSQUEMAR,CHILQUINTA TRANSMISIÓN S.A.,110,ZONAL,2014-04-12,-32.934493000999964,-71.51625199999995
2303,S/E GUINDO,BESALCO TRANSMISIÓN SPA,<66,DEDICADO,2014-04-12,-36.87388992399997,-73.13406106499997
797,S/E RIO BLANCO,CHILQUINTA TRANSMISIÓN S.A.,<66,ZONAL,2014-04-12,-32.910973000999945,-70.30132099999997
964,S/E MINERA FRANKE,SOCIEDAD CONTRACTUAL MINERA FRANKE,110,DEDICADO,2014-04-12,-25.83733700099998,-69.88223999999997
510,S/E FRUTILLAR,SISTEMA DE TRANSMISIÓN DEL SUR S.A.,66,ZONAL,2014-04-12,-41.12871100099994,-73.05036099999995
1129,S/E SER VILLA ALEMANA,METRO REGIONAL DE VALPARAÍSO S.A.,<66,DEDICADO,2014-04-12,-33.04222500099996,-71.37115099999994
901,S/E SPPC,CODELCO CHILE - DIVISIÓN ANDINA,66,DEDICADO,2014-04-12,-32.92660819899993,-70.28587007799996
1926,S/E RANDE,ENEL GREEN POWER CHILE S.A.,220,DEDICADO,2014-04-12,-22.329432820999955,-69.52667568999993
375,S/E CHILLAN,CGE TRANSMISIÓN S.A.,66,ZONAL,2014-04-12,-36.62535800099994,-72.09279799999996
2089,S/E PUENTE NEGRO,ALFA TRANSMISORA DE ENERGÍA S.A.,220,NACIONAL,2014-04-12,-34.68918029099996,-70.89708287999997
2384,S/E HUERTOS FAMILIARES,ENEL GREEN POWER CHILE S.A.,<66,S/I,2014-04-12,-33.09668058099993,-70.79053794799995
943,S/E CONCEPCION (FFCC),EMPRESA DE LOS FERROCARRILES DEL ESTADO,66,ZONAL,2014-04-12,-36.804479809999975,-73.03240421399994
436,S/E PANGUILEMO,CGE TRANSMISIÓN S.A.,66,ZONAL,2014-04-12,-35.36613400099998,-71.59386799999999
954,S/E R,FUNDICIÓN TALLERES LTDA.,66,S/I,2014-04-12,-34.17632700099995,-70.75069056999996
1994,S/E CENTRAL EL ROMERO,ACCIONA ENERGÍA CHILE HOLDINGS S.A.,<66,NACIONAL,2014-04-12,-29.111265000999936,-70.91912899999994
2316,ISLA CHAULINEC,SAGESA,23,NO APLICA,2014-12-04,-42.63377600099994,-73.26515299999994
2017,S/E RECTIFICADORA ESCUADRON,EMPRESA DE LOS FERROCARRILES DEL ESTADO,66,ZONAL,2014-04-12,-36.95736802499994,-73.15788639599998
422,S/E LIRQUEN,CGE TRANSMISIÓN S.A.,66,ZONAL,2014-04-12,-36.71465300099993,-72.97477999999995
888,S/E CELULOSA LAJA,CMPC PULP SPA.,220,DEDICADO,2014-04-12,-37.28879500099998,-72.70883999999995
2291,S/E HUALQUI,MATAQUITO TRANSMISORA DE ENERGÍA S.A,220,S/I,2014-04-12,-37.00702811699995,-72.90844163499997
2285,S/E MALGARIDA II,ACCIONA ENERGÍA CHILE HOLDINGS S.A.,<66,DEDICADO,2014-04-12,-26.270418121999967,-69.96014740399994
1831,S/E CENTRAL DIESEL TAMAYA,ENGIE ENERGÍA CHILE S.A.,110,DEDICADO,2014-04-12,-22.16419000099995,-70.08962899999995
2307,CENTRAL PUYUHUAPI,EDELAYSEN,23,NO APLICA,2014-12-04,-44.31350699999996,-72.55738799999995
1771,S/E NAHUELBUTA,SISTEMA DE TRANSMISIÓN DEL SUR S.A.,66,ZONAL,2014-04-12,-37.69648500099999,-72.58991499999996
715,S/E RENCA,SOCIEDAD TRANSMISORA METROPOLITANA II S.A.,110,ZONAL,2014-04-12,-33.417179000999965,-70.68936999999994
709,S/E PAJARITOS,SOCIEDAD TRANSMISORA METROPOLITANA II S.A.,110,ZONAL,2014-04-12,-33.491308000999936,-70.74746099999999
1778,S/E CENTRAL FLORIDA 3 (SCM),ASOC. DE CANAL. SOCIEDAD DEL CANAL DE MAIPO,<66,ZONAL,2014-04-12,-33.54804300099994,-70.54285299999998
590,S/E SAUZAL,TRANSELEC S.A.,110,DEDICADO,2014-04-12,-34.251969000999964,-70.63158399999998
2360,S/E CGE1 MOVIL,CGE TRANSMISIÓN S.A.,110,S/I,2014-04-12,-33.36778900099995,-71.59160399999996
430,S/E MARQUESA,CGE TRANSMISIÓN S.A.,66,ZONAL,2014-04-12,-29.975995000999944,-70.97370199999995
1879,S/E GUAYAQUES,MINERA CENTINELA,110,DEDICADO,2014-04-12,-22.70930778099995,-69.86882062999996
2226,S/E CALAMA NUEVA,EMPRESA DE TRANSMISIÓN ELÉCTRICA TRANSEMEL S.A.,220,NACIONAL,2014-04-12,-22.42875000099997,-68.92243899999994
2154,S/E CENTRAL PALMAR,HIDROPALMAR S.A.,<66,DEDICADO,2014-04-12,-40.78930100099996,-72.31684799999994
297,S/E CENTRAL ESCUADRON,ELÉCTRICA NUEVA ENERGÍA S.A.,66,ZONAL,2014-04-12,-36.93473800099997,-73.15524599999998
829,S/E SANTA ELISA,COOPERATIVA DE CONSUMO DE ENERGÍA ELÉCTRICA CHILLÁN LTDA.,<66,ZONAL,2014-04-12,-36.62576800099998,-72.17153899999994
654,S/E QUIRIHUE,CGE TRANSMISIÓN S.A.,<66,ZONAL,2014-04-12,-36.306108000999984,-72.54951299999993
1707,S/E CENTRAL SAUZALITO,ENEL GENERACIÓN CHILE S.A.,<66,DEDICADO,2014-04-12,-34.253045000999975,-70.63098599999995
2009,S/E CENTRAL VOLCAN,AES ANDES S.A.,<66,ZONAL,2014-04-12,-33.820623000999944,-70.21496999999994
2164,S/E CANUTILLAR,COLBÚN S.A.,220,DEDICADO,2014-04-12,-41.52822500099995,-72.34179699999999
1613,S/E NIRIVILO,CGE TRANSMISIÓN S.A.,66,ZONAL,2014-04-12,-35.55420368099993,-72.12407421999995
637,S/E HUALANE,CGE TRANSMISIÓN S.A.,66,ZONAL,2014-04-12,-34.97514400099993,-71.79837099999997
891,S/E PUENTE ALTO (CMPC),PAPELES CORDILLERA SPA,110,DEDICADO,2014-04-12,-33.607911000999934,-70.55764399999998
1848,S/E CHUQUICAMATA,CODELCO CHILE - DIVISIÓN CHUQUICAMATA,220,NACIONAL,2014-04-12,-22.304803000999986,-68.91859799999997
1920,S/E PUKARA,CGE TRANSMISIÓN S.A.,66,ZONAL,2014-04-12,-18.48663000099998,-70.29000099999996
2129,S/E TORRE 7,PACIFIC HYDRO CHILE S.A.,66,DEDICADO,2014-04-12,-34.212007634999964,-70.53389219499996
865,S/E SAG 1,ANGLO AMERICAN LOS BRONCES,66,DEDICADO,2014-04-12,-33.14801700099997,-70.29040999999995
318,S/E CENTRAL CALLE CALLE,SAGESA S.A.,<66,DEDICADO,2014-04-12,-39.79984800099993,-73.18862799999994
230,S/E CENTRAL QUILLECO,COLBÚN S.A.,220,DEDICADO,2014-04-12,-37.33527200099997,-71.95567799999998
695,S/E LAS ACACIAS,SOCIEDAD TRANSMISORA METROPOLITANA II S.A.,110,ZONAL,2014-04-12,-33.56011700099998,-70.72580599999998
2238,S/E SECCIONADORA ALTO MELIPILLA,ELETRANS II S.A.,220,ZONAL,2014-04-12,-33.692345246999935,-71.23616777699993
1794,S/E NUEVA MAITENCILLO,INTERCHILE S.A.,500,NACIONAL,2014-04-12,-28.54294100099997,-70.92893799999996
660,S/E SAN JAVIER,CGE TRANSMISIÓN S.A.,66,ZONAL,2014-04-12,-35.58860900099995,-71.71190199999995
718,S/E SAN CRISTOBAL,SOCIEDAD TRANSMISORA METROPOLITANA II S.A.,110,ZONAL,2014-04-12,-33.427303000999984,-70.63935199999997
1768,S/E NUEVA PELLETS,ENEL GREEN POWER CHILE S.A.,<66,S/I,2014-04-12,-28.479094000999964,-71.24567399999995
1821,S/E BOOSTER,MINERA ESCONDIDA LTDA.,66,DEDICADO,2014-04-12,-24.282393440999957,-68.99854169999998
389,S/E CHIVILCAN,CGE TRANSMISIÓN S.A.,66,ZONAL,2014-04-12,-38.72677600099996,-72.59820299999996
1737,TAP OFF COYANCO,CGE TRANSMISIÓN S.A.,154,DEDICADO,2014-04-12,-37.47902263799995,-72.55925582599997
2058,S/E ALTO MAIPO,ALTO MAIPO SPA,110,ZONAL,2014-04-12,-33.545532795999975,-70.28599168399995
396,S/E COMBARBALA,CGE TRANSMISIÓN S.A.,66,ZONAL,2014-04-12,-31.176178000999982,-71.00991399999998
253,S/E CENTRAL PALMUCHO,ENEL GENERACIÓN CHILE S.A.,66,DEDICADO,2014-04-12,-38.043188000999976,-71.47809899999999
2270,S/E LAS JUNTAS,HIDROELÉCTRICA LAS JUNTAS S.A.,220,DEDICADO,2014-04-12,-37.54042743699995,-71.59571411699994
201,S/E CENTRAL MAITENES,AES ANDES S.A.,110,DEDICADO,2014-04-12,-33.53127894099998,-70.26195810999997
2211,S/E NUEVA LAMPA,SOCIEDAD TRANSMISORA METROPOLITANA II S.A.,220,NACIONAL,2014-04-12,-33.319733018999955,-70.75777165299996
577,S/E LAJA,TRANSELEC S.A.,66,ZONAL,2014-04-12,-37.28396015099997,-72.70498939999999
439,S/E PERALES,CGE TRANSMISIÓN S.A.,66,ZONAL,2014-04-12,-36.76878237099993,-73.08643592999994
2100,S/E CENTRAL DIESEL AGUAS BLANCAS,ATACAMA MINERALS CHILE S.C.M.,<66,DEDICADO,2014-04-12,-24.135476120999957,-69.86491172999996
1989,S/E ZALDIVAR,COMPAÑÍA MINERA ZALDÍVAR SPA,220,DEDICADO,2014-04-12,-24.165544000999944,-69.06563599999998
416,S/E TUMBES,"CGE TRANSMISIÓN S.A.

CGE TRANSMISIÓN S.A.

",66,ZONAL,2014-04-12,-36.69452900099998,-73.11791099999994
489,S/E MACHALI,CGE TRANSMISIÓN S.A.,66,ZONAL,2014-04-12,-34.19402000099996,-70.67609399999998
675,S/E ALTAMIRANO,SOCIEDAD TRANSMISORA METROPOLITANA II S.A.,110,ZONAL,2014-04-12,-33.41132000099998,-70.68819199999996
615,S/E SAN LUIS,TRANSMISORA ELÉCTRICA DE QUILLOTA LTDA.,220,NACIONAL,2014-04-12,-32.937477000999934,-71.31529999999998
1944,TAP OFF 537,MINERA ESCONDIDA LTDA.,<66,DEDICADO,2014-04-12,-24.331475000999944,-69.04887299999996
1815,S/E ANDES SOLAR,AES ANDES S.A.,<66,ZONAL,2014-04-12,-24.01312600099993,-68.58450499999998
1868,S/E ENCUENTRO,TRANSELEC S.A.,220,NACIONAL,2014-04-12,-22.283031000999927,-69.56737299999998
2023,S/E CERRO PABELLON,GEOTÉRMICA DEL NORTE S.A.,220,DEDICADO,2014-04-12,-21.85823900099996,-68.15355599999998
280,S/E ACONCAGUA,ALFA TRANSMISORA DE ENERGÍA S.A.,110,DEDICADO,2014-04-12,-32.91710500099998,-70.32936999999998
2179,S/E BOMBEO 2 (SGO),CAITAN SPA,66,DEDICADO,2014-04-12,-23.079076000999976,-70.21825099999995
2316,S/E CENTRAL MC3,HIDROENERSUR S.A.,<66,DEDICADO,2014-04-12,-40.94793739399995,-72.35491443199999
794,S/E QUINTERO,CHILQUINTA TRANSMISIÓN S.A.,110,ZONAL,2014-04-12,-32.75181400099996,-71.48385899999994
1650,S/E JORQUERA,COMPAÑÍA SCM MINERA LUMINA COPPER CHILE,220,DEDICADO,2014-04-12,-28.043413000999976,-69.97641999999996
871,S/E IMPULSION,MANTOVERDE S.A.,<66,DEDICADO,2014-04-12,-27.22235300099993,-70.34280899999999
449,S/E CHACAHUIN,CGE TRANSMISIÓN S.A.,66,ZONAL,2014-04-12,-35.84149900099993,-71.62597099999994
855,S/E AGROSUPER,AGROCOMERCIAL A.S. LTDA.,220,DEDICADO,2014-04-12,-28.53835897099998,-70.92520597999999
1671,S/E CENTRAL SAN ANDRES (SAN ANDRES SPA),SAN ANDRÉS SPA,220,DEDICADO,2014-04-12,-27.252573000999973,-70.10801099999998
1983,TAP OFF VITOR N°2 MOVIL,ENGIE ENERGÍA CHILE S.A.,<66,ZONAL,2014-04-12,-18.94282000299995,-70.16283599199994
527,S/E CASTRO,SISTEMA DE TRANSMISIÓN DEL SUR S.A.,110,ZONAL,2014-04-12,-42.483773000999975,-73.78662199999997
410,S/E PUCHOCO,CGE TRANSMISIÓN S.A.,66,ZONAL,2014-04-12,-37.02283270099997,-73.17689171999996
478,S/E ISLA DE MAIPO,CGE TRANSMISIÓN S.A.,66,ZONAL,2014-04-12,-33.710216000999935,-70.92745199999996
1954,S/E TAP OFF E.C. ALGORTA,ALGORTA NORTE S.A.,<66,DEDICADO,2014-04-12,-23.024720985999977,-70.34425306999998
1900,S/E MANTOS DE LA LUNA,MANTOS COPPER S.A.,110,DEDICADO,2014-04-12,-22.38802900099995,-70.17362399999996
2290,VILLA LA TAPERA,EDELAYSEN,23,NO APLICA,2014-12-04,-44.64434370499998,-71.67855722999997
402,S/E RENGO,CGE TRANSMISIÓN S.A.,66,ZONAL,2014-04-12,-34.414676000999975,-70.86360799999994
1752,S/E NUEVA NIVEL 11,CODELCO CHILE - DIVISIÓN ANDINA,66,S/I,2014-04-12,-33.14052517099998,-70.26060401399997
786,S/E LOS ANGELES,COMPAÑÍA MINERA CERRO NEGRO S.A.,<66,ZONAL,2014-04-12,-32.59948000099996,-70.94362099999995
779,S/E CHAGRES,CHILQUINTA TRANSMISIÓN S.A.,<66,ZONAL,2014-04-12,-32.80433000099998,-70.95380299999994
2050,S/E ACONCAGUA TG,HIDROELÉCTRICA EMBALSE ANCOA SPA,<66,DEDICADO,2014-04-12,-32.927733271999955,-71.49199853099998
1744,S/E CENTRAL LUZ DEL NORTE,PARQUE SOLAR FOTOVOLTAICO LUZ DEL NORTE SPA,220,DEDICADO,2014-04-12,-27.018118000999948,-69.89297599999998
209,S/E CENTRAL HORCONES,ARAUCO BIOENERGÍA S.A.,66,ZONAL,2014-04-12,-37.21166800099997,-73.21670899999998
926,S/E LOS LIRIOS (FFCC),EMPRESA DE LOS FERROCARRILES DEL ESTADO,66,ZONAL,2014-04-12,-34.22859600099997,-70.78457599999996
919,S/E LO ESPEJO (FFCC),EMPRESA DE LOS FERROCARRILES DEL ESTADO,110,ZONAL,2014-04-12,-33.50955500099997,-70.68468199999995
978,S/E MINERA TECK CDA 220 KV,COMPAÑÍA MINERA TECK CARMEN DE ANDACOLLO,220,DEDICADO,2014-04-12,-30.26053005099993,-71.09207678999996
2196,S/E TAP OFF LLANOS BLANCOS,PRIME ENERGÍA QUICKSTART SPA,220,DEDICADO,2014-04-12,-30.14863533299996,-71.21910965999996
2261,S/E CENTRAL LA HUELLA,AUSTRIAN SOLAR CHILE SEIS SPA,<66,DEDICADO,2014-04-12,-29.141500124999936,-70.89599998799997
2253,S/E LASANA,GPG SOLAR CHILE 2017 SPA,220,S/I,2014-04-12,-22.550452634999942,-68.76746278699994
2119,S/E SANTA LUISA,CGE TRANSMISIÓN S.A.,154,ZONAL,2014-04-12,-37.48141400099996,-72.46400099999994
689,S/E FLORIDA,SOCIEDAD TRANSMISORA METROPOLITANA II S.A.,110,ZONAL,2014-04-12,-33.547230000999946,-70.54486699999995
352,S/E GUAYACAN,CGE TRANSMISIÓN S.A.,66,ZONAL,2014-04-12,-29.96525700099994,-71.35470299999997
1801,S/E 403,MINERA ESCONDIDA LTDA.,66,DEDICADO,2014-04-12,-24.29802375099996,-69.03482614999996
472,S/E LONCOCHE,CGE TRANSMISIÓN S.A.,66,ZONAL,2014-04-12,-39.37130800099993,-72.60374699999994
561,S/E ANCOA,TRANSELEC S.A.,500,NACIONAL,2014-04-12,-35.68185977099995,-71.37721659999994
1906,S/E MUELLE,"MINERA ESCONDIDA LTDA.

",66,DEDICADO,2014-04-12,-22.72926800099998,-70.28234999999995
1856,S/E COLLAHUASI UNITARIA N°4,COMPAÑÍA DOÑA INÉS DE COLLAHUASI SCM,<66,DEDICADO,2014-04-12,-20.97756100099997,-68.59192599999994
531,S/E CHILOE,SISTEMA DE TRANSMISIÓN DEL SUR S.A.,220,NACIONAL,2014-04-12,-42.144320670999946,-73.71423444999994
1638,S/E CENTRAL PROVIDENCIA,HIDROELÉCTRICA RÍO LIRCAY S.A.,66,DEDICADO,2014-04-12,-35.46975200099996,-71.27257899999995
649,S/E PANIAHUE,CGE TRANSMISIÓN S.A.,66,ZONAL,2014-04-12,-34.63167100099997,-71.34480999999994
2080,TAP OFF,CODELCO CHILE - DIVISIÓN EL TENIENTE,<66,DEDICADO,2014-04-12,-34.19569737099994,-70.56158430799996
2109,S/E CURANILAHUE NORTE,CGE TRANSMISIÓN S.A.,66,ZONAL,2014-04-12,-37.45065100099998,-73.36212999999998
1680,S/E CENTRAL LOS HIERROS,EMPRESA ELÉCTRICAS AGUAS DEL MELADO SPA,<66,S/I,2014-04-12,-35.857647000999975,-71.06447499999996
584,S/E POLPAICO (TRANSELEC),TRANSELEC S.A.,500,NACIONAL,2014-04-12,-33.197987000999944,-70.86088799999999
2148,S/E SANGRA,SISTEMA DE TRANSMISIÓN DEL SUR S.A.,66,ZONAL,2014-04-12,-41.39483070499995,-72.96137311599995
242,S/E CENTRAL ABANICO,TRANSELEC S.A.,154,DEDICADO,2014-04-12,-37.36474959099996,-71.49068764999998
704,S/E MACUL,SOCIEDAD TRANSMISORA METROPOLITANA II S.A.,110,ZONAL,2014-04-12,-33.50623754099996,-70.57436242999995
1807,S/E 640,MINERA ESCONDIDA LTDA.,66,DEDICADO,2014-04-12,-24.264229549999985,-69.05446179999996
2248,S/E NUEVA CHUQUICAMATA,ENGIE ENERGÍA CHILE S.A.,220,NACIONAL,2014-04-12,-22.331449792999933,-68.93452080699996
219,S/E CENTRAL ANTILHUE,GENERADORA ANTILHUE SPA,220,NACIONAL,2014-04-12,-39.80132500099995,-73.18586699999997
681,S/E CALEU,SOCIEDAD TRANSMISORA METROPOLITANA II S.A.,<66,ZONAL,2014-04-12,-32.99611800099996,-70.96168299999994
1781,S/E CENTRAL PARQUE SOLAR LOS LOROS,SOLAR LOS LOROS SPA,110,ZONAL,2014-04-12,-27.853854000999945,-70.16894399999995
2221,S/E ANA MARIA,TSGF SPA,220,S/I,2014-04-12,-22.037699531999976,-69.60181483699995
2302,CENTRAL EL TRARO,EDELAYSEN,23,NO APLICA,2014-12-04,-47.228426000999946,-72.62142099999994
2304,S/E MESAMAVIDA,ENERGIA EÓLICA MESAMAVIDA SPA,<66,ZONAL,2014-04-12,-37.49063366299998,-72.46011446199998
913,S/E CORDILLERA (EL TENIENTE),CODELCO CHILE - DIVISIÓN EL TENIENTE,110,DEDICADO,2014-04-12,-34.08768700099995,-70.45544699999994
798,S/E SAN ANTONIO,CHILQUINTA TRANSMISIÓN S.A.,110,ZONAL,2014-04-12,-33.60139700099995,-71.60332899999997
1863,S/E EL COBRE (ENGIE),ENGIE ENERGÍA CHILE S.A.,220,NACIONAL,2014-04-12,-23.454024000999937,-69.38444999999996
2276,S/E TCBB,EMPRESA ELECTRICA EL PINAR SPA,<66,DEDICADO,2014-04-12,-37.16474155599997,-72.07459214199997
938,S/E MONTE AGUILA (FFCC),EMPRESA DE LOS FERROCARRILES DEL ESTADO,66,ZONAL,2014-04-12,-37.08814289399993,-72.44383580999994
774,S/E AGUA SANTA,CHILQUINTA TRANSMISIÓN S.A.,220,ZONAL,2014-04-12,-33.07627900099993,-71.54198499999995
277,S/E CENTRAL GUACOLDA,GUACOLDA ENERGÍA SPA,220,DEDICADO,2014-04-12,-28.46613032099998,-71.25766710999994
1840,S/E CENTRO,CGE TRANSMISIÓN S.A.,110,ZONAL,2014-04-12,-23.67250882099995,-70.39411475999998
248,TAP OFF MARIA DOLORES,CMPC PULP SPA.,220,DEDICADO,2014-04-12,-37.37612300099994,-72.42164099999997
2392,S/E QUELVO,PARQUE SOLAR QUILMO SPA,<66,S/I,2014-04-12,-36.70979304799994,-72.12791124499995
965,S/E MINERA LA CANDELARIA,GNL QUINTERO S.A.,110,DEDICADO,2014-04-12,-27.529504000999964,-70.30352999999997
872,S/E ATACAMA KOZAN,SOCIEDAD CONTRACTUAL MINERA ATACAMA KOZAN,110,DEDICADO,2014-04-12,-27.50494200099996,-70.27129799999994
1813,S/E ALTO NORTE,COMPLEJO METALÚRGICO ALTONORTE S.A.,110,DEDICADO,2014-04-12,-23.82569400099993,-70.32026599999995
225,S/E MAIPO,ALFA TRANSMISORA DE ENERGÍA S.A.,220,NACIONAL,2014-04-12,-33.71609800099998,-70.69173999999998
846,S/E LAS BALANDRAS,LITORAL TRANSMISIÓN S.A.,66,ZONAL,2014-04-12,-33.38531900099997,-71.67858899999999
1119,S/E PRINCIPAL MINA NAVIO,MELON S.A,<66,DEDICADO,2014-04-12,-32.671082000999945,-71.19658899999996
1789,S/E CENTRAL CARDONES SOLAR I,CENTRAL CARDONES S.A.,110,NACIONAL,2014-04-12,-27.48800400099998,-70.38558199999994
2337,S/E INCA DE ORO,COLBÚN S.A.,<66,DEDICADO,2014-04-12,-26.58600982499996,-69.96029134299994
655,S/E RANGUILI,CGE TRANSMISIÓN S.A.,<66,ZONAL,2014-04-12,-34.86839600099995,-71.75265699999994
1763,S/E SEWELL,CODELCO CHILE - DIVISIÓN EL TENIENTE,110,DEDICADO,2014-04-12,-34.08668200099993,-70.38346699999994
1625,S/E LA LAJA ENERGIA COYANCO,ENERGÍA COYANCO S.A.,110,DEDICADO,2014-04-12,-33.58107800099998,-70.42033699999996
2072,TAP OFF MAYACA,CHILQUINTA TRANSMISIÓN S.A.,110,ZONAL,2014-04-12,-32.866567000999964,-71.18104999999997
2157,S/E QUILMO II,COOPERATIVA DE CONSUMO DE ENERGÍA ELÉCTRICA CHILLÁN LTDA.,66,ZONAL,2014-04-12,-36.64496100099996,-72.10131199999995
578,S/E LOS MOLLES,TRANSELEC S.A.,66,ZONAL,2014-04-12,-30.74369300099994,-70.58698199999998
1927,S/E SE021-A,SOCIEDAD QUÍMICA Y MINERA DE CHILE S.A.,66,DEDICADO,2014-04-12,-22.217900810999936,-69.65187218999995
2018,S/E SANTA BARBARA,SISTEMA DE TRANSMISIÓN DEL SUR S.A.,66,ZONAL,2014-04-12,-37.65240700099997,-72.03426299999995
1999,S/E CENTRAL LA MINA,COLBÚN S.A.,66,S/I,2014-04-12,-35.828120000999945,-70.73889099999997
958,S/E GRANEROS INDURA,INDURA,66,ZONAL,2014-04-12,-34.080432153999936,-70.71531200999993
1698,S/E CENTRAL EL ARRAYAN,PARQUE EÓLICO EL ARRAYÁN SPA,<66,S/I,2014-04-12,-30.56183600099996,-71.69034699999997
593,S/E VALLENAR,TRANSELEC S.A.,110,ZONAL,2014-04-12,-28.56338018099996,-70.77873521999999
384,S/E CARAMPANGUE,CGE TRANSMISIÓN S.A,66,ZONAL,2014-04-12,-37.25678813099995,-73.23395988999994
498,S/E EL MANCO,CGE TRANSMISIÓN S.A.,66,ZONAL,2014-04-12,-37.04020087099997,-73.13193726999998
882,S/E PELLETS,COMPAÑÍA MINERA DEL PACÍFICO S.A.,110,DEDICADO,2014-04-12,-28.479094000999964,-71.24567399999995
1772,S/E DALCAHUE,Propietario: SISTEMA DE TRANSMISIÓN DEL SUR S.A.,110,ZONAL,2014-04-12,-42.35955500099993,-73.71819299999999
2308,CENTRAL SANTA BARBARA,EDELAYSEN,23,NO APLICA,2014-12-04,-42.847554000999935,-72.79591399999998
822,S/E QUINTA,"COOPERATIVA DE ABASTECIMIENTO DE ENERGÍA ELÉCTRICA CURICO LTDA.

",66,ZONAL,2014-04-12,-34.79622700099998,-71.06784399999998
292,S/E CENTRAL LA HIGUERA,HIDROELÉCTRICA LA HIGUERA S.A.,220,DEDICADO,2014-04-12,-34.75248800099996,-70.71368799999993
299,S/E CENTRAL CHACABUQUITO,COLBÚN S.A.,<66,ZONAL,2014-04-12,-32.85361600099998,-70.50577499999997
1936,S/E SULFUROS,MINERA ESCONDIDA LTDA.,220,DEDICADO,2014-04-12,-24.251909000999945,-69.09617999999995
944,S/E LAUTARO (FFCC),EMPRESA DE LOS FERROCARRILES DEL ESTADO,66,ZONAL,2014-04-12,-38.52538200099997,-72.43208999999996
425,S/E LORETO,CGE TRANSMISIÓN S.A.,66,ZONAL,2014-04-12,-34.26363000099997,-71.02953099999996
431,S/E PUNITAQUI,CGE TRANSMISIÓN S.A.,110,ZONAL,2014-04-12,-30.855514980999946,-71.24332720999996
1824,S/E CAPRICORNIO,ENGIE ENERGÍA CHILE S.A.,110,ZONAL,2014-04-12,-23.45737300099995,-70.21596599999998
1833,S/E CENTRAL MEJILLONES,ENGIE ENERGÍA CHILE S.A.,220,DEDICADO,2014-04-12,-23.09026400099998,-70.41132899999997
2286,S/E SOL DEL DESIERTO,PARQUE FOTOVOLTAICO SOL DEL DESIERTO SPA,220,NACIONAL,2014-04-12,-22.205227777999937,-69.56933585399997
236,S/E CENTRAL CAPULLO,EMPRESA ELÉCTRICA CAPULLO S.A.,66,DEDICADO,2014-04-12,-40.81897200099996,-72.40013099999999
1708,S/E RUCATAYO,TRANSRUCATAYO S.A.,220,DEDICADO,2014-04-12,-40.61910100099993,-72.70618599999995
376,S/E ALONSO DE RIBERA,CGE TRANSMISIÓN S.A.,154,ZONAL,2014-04-12,-36.80493100099994,-73.03355299999998
710,S/E PANAMERICANA,SOCIEDAD TRANSMISORA METROPOLITANA II S.A.,110,ZONAL,2014-04-12,-33.530243000999974,-70.71112099999993
2368,S/E SANTA ESTER SOLAR,SANTA ESTER SOLAR SPA,<66,NACIONAL,2014-04-12,-27.898553036999942,-70.54573388199998
2010,S/E TEN GIS,TRANSMISORA ELÉCTRICA DEL NORTE S.A.,220,S/I,2014-04-12,-23.091464000999963,-70.41029099999997
505,S/E CHONCHI,SISTEMA DE TRANSMISIÓN DEL SUR S.A.,110,ZONAL,2014-04-12,-42.627077000999975,-73.80644499999994
889,S/E CELULOSA PACIFICO,CMPC PULP SPA.,220,DEDICADO,2014-04-12,-37.79301600099996,-72.48420499999997
1880,S/E HAMBURGO,MINERA ESCONDIDA LTDA.,66,DEDICADO,2014-04-12,-24.29885000099995,-69.07391999999999
2227,S/E PALLATA,AR TCHAMMA SPA,220,DEDICADO,2014-04-12,-22.484326158999977,-69.42615075799995
1769,S/E CENTRAL RENAICO (ESPINOS S.A.),ESPINOS S.A.,<66,DEDICADO,2014-04-12,-37.81383572399994,-72.41554491299996
417,S/E TUNICHE,CGE TRANSMISIÓN S.A.,66,ZONAL,2014-04-12,-34.11967100099997,-70.75384699999995
661,S/E SANTA ROSA (CGE),CGE TRANSMISIÓN S.A.,66,ZONAL,2014-04-12,-33.98964794099993,-71.31166456999995
789,S/E PANQUEHUE,CHILQUINTA TRANSMISIÓN S.A.,<66,ZONAL,2014-04-12,-32.791883000999974,-70.83003499999995
1945,TAP OFF 538,MINERA ESCONDIDA LTDA.,<66,DEDICADO,2014-04-12,-24.346173000999958,-69.05753999999996
2165,S/E ANGOSTURA,COLBÚN S.A.,220,DEDICADO,2014-04-12,-37.70906205099993,-71.82106709499993
638,S/E HUALTE,CGE TRANSMISIÓN S.A.,66,ZONAL,2014-04-12,-36.42844700099994,-72.37223599999999
834,S/E VIZCACHAS,TRANSMISORA ELÉCTRICA CORDILLERA SPA,110,ZONAL,2014-04-12,-33.57463896099995,-70.50827654999995
896,S/E KM 21,CODELCO CHILE - DIVISIÓN ANDINA,66,DEDICADO,2014-04-12,-33.03520100099996,-70.25324399999994
571,S/E EL SALADO,TRANSELEC S.A.,110,ZONAL,2014-04-12,-26.427254000999937,-70.32077799999996
1921,S/E PUNTA NEGRA,MINERA ESCONDIDA LTDA.,66,DEDICADO,2014-04-12,-24.38109028099996,-68.91874515999996
1871,S/E ESMERALDA,EMPRESA DE TRANSMISIÓN ELÉCTRICA TRANSEMEL S.A.,220,ZONAL,2014-04-12,-23.67335400099995,-70.38876699999997
2095,S/E PV CERRO DOMINADOR,CERRO DOMINADOR CSP S.A.,<66,DEDICADO,2014-04-12,-22.786442000999955,-69.47928799999994
2263,S/E CENTRAL EOLICA ALENA,AR ALENA SPA,<66,DEDICADO,2014-04-12,-37.485269184999936,-72.55602791299998
866,S/E SAG 2,ANGLO AMERICAN LOS BRONCES,66,DEDICADO,2014-04-12,-33.14801700099997,-70.29040999999995
606,S/E PUNTA COLORADA,TRANSELEC S.A.,220,NACIONAL,2014-04-12,-29.36694000099993,-71.04797399999995
1701,S/E BOMBEO 2,MANTOVERDE S.A.,110,DEDICADO,2014-04-12,-26.55146100099995,-70.49998999999997
2375,S/E LA PUNA,AES ANDES S.A.,345,INTERNACIONAL,2014-04-12,-24.140526000999955,-66.89505599999995
2331,S/E LOS VARONES,BESALCO TRANSMISIÓN SPA,220,ZONAL,2014-04-12,-37.452493398999934,-72.31981753699995
319,S/E CENTRAL FLORIDA 1 (SCM),ASOC. DE CANAL. SOCIEDAD DEL CANAL DE MAIPO,<66,ZONAL,2014-04-12,-33.54779200099995,-70.54531099999997
1795,S/E NUEVA PAN DE AZUCAR,INTERCHILE S.A.,500,NACIONAL,2014-04-12,-30.120626880999964,-71.21578488999995
1739,TAP OFF TALTAL,TRANSELEC S.A.,220,DEDICADO,2014-04-12,-25.099009445999968,-70.33088461999995
519,S/E PICHIRROPULLI,SISTEMA DE TRANSMISIÓN DEL SUR S.A.,66,ZONAL,2014-04-12,-40.16042000099998,-72.88789199999997
203,S/E CENTRAL QUELTEHUES,"AES ANDES S.A.
AES ANDES S.A.

AES ANDES S.A.

AES ANDES S.A.

",110,DEDICADO,2014-04-12,-33.812146000999974,-70.21891899999997
2212,S/E ANDES SOLAR II,ANDES SOLAR II SPA,<66,DEDICADO,2014-04-12,-24.015104592999933,-68.58102376199997
493,S/E MALLOA NUEVA,CGE TRANSMISIÓN S.A.,154,ZONAL,2014-04-12,-34.45882600099998,-70.95882999999998
721,S/E SAN PABLO,SOCIEDAD TRANSMISORA METROPOLITANA II S.A.,110,ZONAL,2014-04-12,-33.42644200099994,-70.77143899999999
1984,S/E TARAPACA,TRANSELEC S.A.,220,NACIONAL,2014-04-12,-20.806503000999957,-70.19211799999994
2130,S/E SAUZAL 60HZ,PACIFIC HYDRO CHILE S.A.,66,DEDICADO,2014-04-12,-34.25164399199997,-70.63195329999996
367,S/E ILLAPEL,CGE TRANSMISIÓN S.A.,110,ZONAL,2014-04-12,-31.624054000999934,-71.14697399999994
616,S/E ALTO DEL CARMEN,CGE TRANSMISIÓN S.A.,110,ZONAL,2014-04-12,-28.75468447099996,-70.48643507999998
1816,S/E ANGAMOS,EMPRESA ELÉCTRICA ANGAMOS SPA,220,DEDICADO,2014-04-12,-23.06789600099995,-70.36887599999994
1895,S/E LLAMARA,MINERA ESCONDIDA LTDA.,66,DEDICADO,2014-04-12,-21.130736000999946,-69.58093799999995
440,S/E PIDUCO,CGE TRANSMISIÓN S.A.,66,ZONAL,2014-04-12,-35.43559000099998,-71.66650499999997
390,S/E CHOAPA,CGE TRANSMISIÓN S.A.,220,DEDICADO,2014-04-12,-31.93776700099994,-71.47695599999997
313,S/E CENTRAL LOS OLIVOS,ESPINOS S.A.,110,DEDICADO,2014-04-12,-31.93636700099995,-71.47615299999995
1843,S/E CHACA,ENGIE ENERGÍA CHILE S.A.,<66,DEDICADO,2014-04-12,-18.88740300099994,-70.11439999999993
411,S/E TALCA,CGE TRANSMISIÓN S.A.,66,ZONAL,2014-04-12,-35.43683800099996,-71.63999499999994
795,S/E REÑACA,CHILQUINTA TRANSMISIÓN S.A.,<66,ZONAL,2014-04-12,-32.97998900099998,-71.52902899999998
2101,S/E CUNCO,SISTEMA DE TRANSMISIÓN DEL SUR S.A.,110,DEDICADO,2014-04-12,-38.93209000099995,-72.12619299999994
632,S/E CONSTITUCION,CGE TRANSMISIÓN S.A.,66,ZONAL,2014-04-12,-35.36371000099996,-72.40271499999994
2180,S/E BOMBEO 3 (SGO),CAITAN SPA,66,DEDICADO,2014-04-12,-22.849541000999977,-70.10591799999997
1915,S/E PACIFICO,PARQUE FOTOVOLTAICO NUEVO QUILLAGUA SPA,220,ZONAL,2014-04-12,-20.205757000999935,-70.14392199999998
2123,S/E PARGUA,SISTEMA DE TRANSMISIÓN DEL SUR S.A.,220,NACIONAL,2014-04-12,-41.778130000999965,-73.50203599999998
462,S/E POLPAICO (CEMENTO POLPAICO),CEMENTO POLPAICO S.A.,66,ZONAL,2014-04-12,-36.977530000999934,-73.17447399999998
479,S/E MARGA MARGA,CGE TRANSMISIÓN S.A.,110,ZONAL,2014-04-12,-33.024423000999946,-71.54639699999996
969,S/E LA COIPA,CIA. MINERA MANTOS DE ORO,220,DEDICADO,2014-04-12,-26.82764900099994,-69.26764599999996
1901,S/E MARIA ELENA,GRACE S.A.,110,NACIONAL,2014-04-12,-22.214254640999968,-69.57835568999997
2291,CENTRAL CHAITEN,EDELAYSEN,23,NO APLICA,2014-12-04,-42.94801700099998,-72.66843499999999
397,S/E LINARES,CGE TRANSMISIÓN S.A.,154,ZONAL,2014-04-12,-35.84519400099998,-71.62844299999995
1045,TAP OFF ALTO MELIPILLA (CGE),CGE TRANSMISIÓN S.A.,110,ZONAL,2014-04-12,-33.69112001999997,-71.23596559999999
1673,S/E CENTRAL TALINAY ORIENTE,PARQUE TALINAY ORIENTE S.A.,220,DEDICADO,2014-04-12,-30.863594000999967,-71.59840699999995
528,S/E DEGAN,SISTEMA DE TRANSMISIÓN DEL SUR S.A.,110,DEDICADO,2014-04-12,-42.14477900099996,-73.71505599999995
2190,S/E CENTRAL NALCAS,HIDROENERSUR S.A.,<66,DEDICADO,2014-04-12,-40.89507283399996,-72.34032190199997
2197,S/E SECCIONADORA RIO MALLECO,TRANSELEC S.A.,220,NACIONAL,2014-04-12,-38.04206800099996,-72.28514299999995
927,S/E RENGO (FFCC),EMPRESA DE LOS FERROCARRILES DEL ESTADO,66,ZONAL,2014-04-12,-34.40843500099993,-70.86858399999994
921,S/E LOS ANDES (FFCC),CHILQUINTA TRANSMISIÓN S.A.,<66,ZONAL,2014-04-12,-32.82900000099994,-70.59299999999996
1857,S/E COLOSO,MINERA ESCONDIDA LTDA.,220,DEDICADO,2014-04-12,-23.76385000099998,-70.47075799999993
1851,S/E COLLAHUASI SALA ELECTRICA 3501,COMPAÑÍA DOÑA INÉS DE COLLAHUASI SCM,<66,DEDICADO,2014-04-12,-20.97798100099993,-68.59180999999995
2051,S/E CENTRAL ANCOA,HIDROELÉCTRICA EMBALSE ANCOA SPA,<66,S/I,2014-04-12,-35.85238000099997,-71.18667899999997
684,S/E CHENA,SOCIEDAD TRANSMISORA METROPOLITANA II S.A.,220,NACIONAL,2014-04-12,-33.52666400099997,-70.72613999999999
690,S/E LA CISTERNA,SOCIEDAD TRANSMISORA METROPOLITANA II S.A.,110,ZONAL,2014-04-12,-33.52356377099994,-70.66788784999994
780,S/E CONCON,CHILQUINTA TRANSMISIÓN S.A.,110,ZONAL,2014-04-12,-32.93349400099993,-71.47391499999998
1968,TAP OFF LLANOS,ATACAMA MINERALS CHILE S.C.M.,66,DEDICADO,2014-04-12,-23.906617363999946,-69.78720852199996
2036,S/E CONCHI,GEOTÉRMICA DEL NORTE S.A.,220,DEDICADO,2014-04-12,-21.984824000999936,-68.72196099999996
2254,S/E DIGUA,ELÉCTRICA DIGUA SPA,<66,S/I,2014-04-12,-36.257267000999946,-71.55252199999995
473,S/E PARRAL,CGE TRANSMISIÓN S.A.,154,ZONAL,2014-04-12,-36.13291900099995,-71.80525199999994
860,S/E PHI,ANGLO AMERICAN LOS BRONCES,<66,DEDICADO,2014-04-12,-33.21105500099998,-70.34048799999994
1804,S/E 415,MINERA ESCONDIDA LTDA.,<66,DEDICADO,2014-04-12,-24.34780479099993,-69.08689232999996
2285,ISLA MEULIN,SAGESA,23,NO APLICA,2014-12-04,-42.42705000099994,-73.31589399999996
1663,S/E PILAUCO,SISTEMA DE TRANSMISIÓN DEL SUR S.A.,220,ZONAL,2014-04-12,-40.57488600099998,-73.08285199999995
264,S/E CENTRAL LAJA,AES ANDES S.A.,<66,ZONAL,2014-04-12,-37.16902000099998,-72.40868599999999
353,S/E EJERCITO,CGE TRANSMISIÓN S.A.,66,ZONAL,2014-04-12,-36.815474000999984,-73.06395699999996
1746,S/E SECCIONADORA LO AGUIRRE,TRANSELEC S.A.,500,NACIONAL,2014-04-12,-33.44005082099994,-70.89773496999999
302,S/E CENTRAL COYA,PACIFIC HYDRO CHILE S.A.,66,DEDICADO,2014-04-12,-34.204954000999976,-70.52598999999998
405,S/E SAN FRANCISCO DE MOSTAZAL,CGE TRANSMISIÓN S.A.,66,ZONAL,2014-04-12,-33.98159400099996,-70.70186499999994
802,S/E SAN SEBASTIAN,CHILQUINTA TRANSMISIÓN S.A.,66,ZONAL,2014-04-12,-33.51797300099997,-71.59789299999994
909,S/E POTRERILLOS,CODELCO CHILE - DIVISIÓN EL SALVADOR,110,DEDICADO,2014-04-12,-26.43982000099993,-69.48181799999998
1860,S/E DESALANT,AGUAS ANTOFAGASTA S.A.,110,DEDICADO,2014-04-12,-23.542908000999944,-70.39862099999993
2307,S/E LLANOS DEL VIENTO,AR LLANOS DEL VIENTO SPA,<66,DEDICADO,2014-04-12,-23.764451269999935,-70.00235956499995
2347,S/E MONTENEGRO,SISTEMA DE TRANSMISIÓN DEL SUR S.A.,154,ZONAL,2014-04-12,-36.75654888699995,-72.09485482799994
850,S/E LINARES NORTE,CHILQUINTA TRANSMISIÓN S.A.,66,ZONAL,2014-04-12,-35.826600000999974,-71.64373799999998
356,S/E EL PEÑON,CGE TRANSMISIÓN S.A.,110,ZONAL,2014-04-12,-30.143364000999952,-71.22850599999998
1884,S/E K1,CODELCO CHILE - DIVISIÓN CHUQUICAMATA,110,DEDICADO,2014-04-12,-22.304481000999942,-68.89471199999997
245,S/E CENTRAL CIPRESES,TRANSELEC S.A.,154,DEDICADO,2014-04-12,-35.78638800099998,-70.81243999999998
707,S/E MOVIL,SOCIEDAD TRANSMISORA METROPOLITANA II S.A.,110,ZONAL,2014-04-12,-33.47926513799996,-70.66764698999998
1810,S/E ACL,"ECOMETALES LIMITED, AGENCIA EN CHILE",110,DEDICADO,2014-04-12,-22.30238331099997,-68.83910785999996
2251,S/E ATACAMA SOLAR II,ATACAMA SOLAR S.A.,<66,S/I,2014-04-12,-20.51711400099998,-69.44872899999996
777,S/E CASABLANCA,CHILQUINTA TRANSMISIÓN S.A.,66,ZONAL,2014-04-12,-33.315482000999964,-71.41779799999995
272,S/E CENTRAL MONTE REDONDO,EÓLICA MONTE REDONDO SPA,220,DEDICADO,2014-04-12,-31.061361370999972,-71.61252168999994
2283,S/E MALGARIDA I,ACCIONA ENERGÍA CHILE HOLDINGS S.A.,<66,DEDICADO,2014-04-12,-26.26945211499998,-69.96002899799998
1837,S/E CENTRAL SOLAR PAS3,POZO ALMONTE SOLAR 3 S.A.,<66,DEDICADO,2014-04-12,-20.25165600099996,-69.75884599999995
1632,S/E LOS SAUCES,SISTEMA DE TRANSMISIÓN DEL SUR S.A.,66,ZONAL,2014-04-12,-37.98654570099996,-72.86687557999994
1646,S/E ANTUCO (TRANSELEC),TRANSELEC S.A.,220,DEDICADO,2014-04-12,-37.31088700099997,-71.62885599999998
1759,S/E CENTRAL PAMPA NORTE,ENEL GREEN POWER CHILE S.A.,<66,DEDICADO,2014-04-12,-25.54017000099998,-70.19570199999998
222,S/E CENTRAL CANDELARIA,COLBÚN S.A.,220,NACIONAL,2014-04-12,-34.03466800099994,-70.61359499999998
1127,S/E SEAT EL SOL,METRO REGIONAL DE VALPARAÍSO S.A.,110,DEDICADO,2014-04-12,-33.039954000999955,-71.42395399999998
1054,TAP OFF IMPULSION,GUACOLDA ENERGÍA SPA,110,ZONAL,2014-04-12,-27.205446666999933,-70.36127072999994
1784,S/E SECCIONADORA FRANCISCO,CONEJO SOLAR SPA,220,DEDICADO,2014-04-12,-25.543345000999977,-70.31441999999998
0,S/E ZONA PRESA,S/I,66,DEDICADO,2014-04-12,-38.03743200099996,-71.47543999999994
962,S/E FIBRANOVA,MASISA S.A.,66,ZONAL,2014-04-12,-37.04189300099995,-72.39552799999996
701,S/E LORD COCHRANE,SOCIEDAD TRANSMISORA METROPOLITANA II S.A.,110,ZONAL,2014-04-12,-33.446146030999955,-70.65486142999998
2245,S/E PATILLOS,COMPAÑÍA MINERA TECK QUEBRADA BLANCA S.A.,<66,DEDICADO,2014-04-12,-20.783713948999942,-70.18291718199998
1728,S/E ALTO BONITO,SISTEMA DE TRANSMISIÓN DEL SUR S.A.,110,ZONAL,2014-04-12,-41.51078800099998,-73.06114799999995
935,S/E NIQUEN (FFCC),EMPRESA DE LOS FERROCARRILES DEL ESTADO,66,ZONAL,2014-04-12,-36.29552000099994,-71.90274099999993
724,S/E SANTA RAQUEL,SOCIEDAD TRANSMISORA METROPOLITANA II S.A.,110,ZONAL,2014-04-12,-33.549963530999946,-70.60344937999997
2273,S/E CAMPOS DEL SOL,ENEL GREEN POWER CHILE S.A.,220,DEDICADO,2014-04-12,-27.05293716899996,-69.91653378899997
2305,CALETA ANDRADE,EDELAYSEN,23,NO APLICA,2014-12-04,-45.15436028099998,-73.50861332699998
2301,S/E PUELCHE SUR,AR PUELCHE SUR SPA,<66,DEDICADO,2014-04-12,-41.03306536699995,-72.99788832799999
295,S/E CENTRAL TOTORAL 1,NORVIND S.A.,66,ZONAL,2014-04-12,-31.346567000999983,-71.59574599999996
1939,S/E TAMARUGAL,ENGIE ENERGÍA CHILE S.A.,66,ZONAL,2014-04-12,-20.430413000999977,-69.69425199999995
387,S/E CURANILAHUE,CGE TRANSMISIÓN S.A.,66,ZONAL,2014-04-12,-37.473354160999975,-73.35217035999995
842,S/E MASISA,SAGESA S.A.,66,DEDICADO,2014-04-12,-37.041837000999976,-72.39582899999994
886,S/E ROMERAL (CMP),COMPAÑÍA MINERA DEL PACÍFICO S.A.,110,ZONAL,2014-04-12,-29.73306200099995,-71.22751999999997
1877,S/E GNL MEJILLONES,SOCIEDAD GNL MEJILLONES S.A.,<66,DEDICADO,2014-04-12,-23.06056500099993,-70.36636799999997
1716,S/E CIRUELITO,COOPERATIVA DE CONSUMO DE ENERGÍA ELÉCTRICA CHILLÁN LTDA.,<66,ZONAL,2014-04-12,-36.741552000999945,-71.82212999999996
373,S/E ALAMEDA,CGE TRANSMISIÓN S.A.,66,ZONAL,2014-04-12,-34.16791400099993,-70.72631199999995
2013,S/E CENTRAL NUEVA RENCA,GENERADORA METROPOLITANA SPA,<66,DEDICADO,2014-04-12,-33.41857400099997,-70.68763799999994
2380,S/E ESTANCILLA,CHILQUINTA TRANSMISIÓN S.A.,<66,S/I,2014-04-12,-32.80869503099996,-70.96262722099993
2143,S/E CENTRAL PAJONALES,PRIME ENERGÍA QUICKSTART SPA,<66,DEDICADO,2014-04-12,-29.113917000999948,-70.91439399999996
434,S/E PADRE LAS CASAS,CGE TRANSMISIÓN S.A.,66,ZONAL,2014-04-12,-38.77397900099993,-72.60812299999998
941,S/E COLLIPULLI (FFCC),EMPRESA DE LOS FERROCARRILES DEL ESTADO,66,DEDICADO,2014-04-12,-37.94810800099998,-72.45058899999998
899,S/E MINA,CODELCO CHILE - DIVISIÓN ANDINA,66,DEDICADO,2014-04-12,-33.148433000999944,-70.28482599999995
581,S/E PAN DE AZUCAR,TRANSELEC S.A.,220,NACIONAL,2014-04-12,-29.977060000999984,-71.27750099999997
1924,S/E QUIANI,CGE TRANSMISIÓN S.A.,66,ZONAL,2014-04-12,-18.428782000999945,-70.29455199999995
2314,CENTRAL MANIHUALES,EDELAYSEN,23,NO APLICA,2014-12-04,-45.15329800099994,-72.14250699999997
2087,S/E CENTRAL DEGAÑ 2,GENERACIÓN DE ENERGÍA NUEVA DEGAN SPA,<66,DEDICADO,2014-04-12,-42.14512000099995,-73.71408499999995
1620,S/E MARIQUINA,SISTEMA DE TRANSMISIÓN DEL SUR S.A.,<66,ZONAL,2014-04-12,-39.55092900099993,-72.90988999999996
658,S/E SAN CARLOS,CGE TRANSMISIÓN S.A.,66,ZONAL,2014-04-12,-36.43404000099997,-71.95104499999997
2076,S/E SANTA ISABEL,CGE TRANSMISIÓN S.A.,220,NACIONAL,2014-04-12,-35.48176264699998,-71.34714748799996
652,S/E PORTEZUELO,CGE TRANSMISIÓN S.A.,110,ZONAL,2014-04-12,-34.347722000999966,-71.61313899999993
508,S/E EL EMPALME,SISTEMA DE TRANSMISIÓN DEL SUR S.A.,110,ZONAL,2014-04-12,-41.58433300099995,-73.22243399999996
2224,S/E LLANQUIHUE,SISTEMA DE TRANSMISIÓN DEL SUR S.A.,66,NACIONAL,2014-04-12,-41.28332639299998,-73.00665330999993
502,S/E CORRAL,S/E CORRAL,66,ZONAL,2014-04-12,-39.89690800099993,-73.41797299999996
2231,S/E LARQUI,SISTEMA DE TRANSMISIÓN DEL SUR S.A.,66,ZONAL,2014-04-12,-36.74597510299998,-72.27875602099994
239,S/E CENTRAL PUNTILLA,ELÉCTRICA PUNTILLA S.A.,110,DEDICADO,2014-04-12,-33.61835078099995,-70.53501760999995
713,S/E QUILICURA,SOCIEDAD TRANSMISORA METROPOLITANA II S.A.,110,ZONAL,2014-04-12,-33.37085235099994,-70.69890953999999
2004,S/E EL PELICANO,EL PELÍCANO SOLAR COMPANY SPA,<66,DEDICADO,2014-04-12,-29.140687000999947,-70.87960799999996
1704,S/E EB2,CLEANAIRTECH SUDAMÉRICA S.A.,<66,DEDICADO,2014-04-12,-27.377655000999937,-70.64213899999999
428,S/E MALLOA,CGE TRANSMISIÓN S.A.,66,ZONAL,2014-04-12,-34.46026845899996,-70.95942591699998
2289,S/E LA POLVORA,CASABLANCA TRANSMISORA DE ENERGÍA S.A.,220,ZONAL,2014-04-12,-33.08711638799997,-71.62714011599996
948,S/E FUNDICION PAIPOTE,"EMPRESA NACIONAL DE MINERÍA, FUNDICIÓN HERNÁN VIDELA LIRA",110,DEDICADO,2014-04-12,-27.41661000099998,-70.25800999999996
1827,S/E CENTRAL DIESEL ARICA,ENGIE ENERGÍA CHILE S.A.,66,DEDICADO,2014-04-12,-18.467697000999976,-70.30327999999997
2311,CENTRAL PALENA,EDELAYSEN,23,NO APLICA,2014-12-04,-43.610905000999935,-71.82193499999994
516,S/E OSORNO,SISTEMA DE TRANSMISIÓN DEL SUR S.A.,66,ZONAL,2014-04-12,-40.57102654099998,-73.11530833999996
2208,S/E LA MISION,SISTEMA DE TRANSMISIÓN DEL SUR S.A.,66,ZONAL,2014-04-12,-40.54480219299995,-73.18566629299994
289,S/E CENTRAL MAMPIL,DUQUECO SPA,220,DEDICADO,2014-04-12,-37.536366000999976,-71.70691599999998
924,S/E HOSPITAL (FFCC),EMPRESA DE LOS FERROCARRILES DEL ESTADO,66,ZONAL,2014-04-12,-33.866207000999964,-70.74511599999994
206,S/E TORQUEMADA,COMPAÑÍA TRANSMISORA DEL NORTE GRANDE S.A.,110,ZONAL,2014-04-12,-32.93531200099994,-71.47229799999997
2288,CENTRAL TEHUELCHE,EDELAYSEN,23,NO APLICA,2014-12-04,-45.624841000999936,-72.10203599999994
394,S/E COLLIPULLI,CGE TRANSMISIÓN S.A.,66,DEDICADO,2014-04-12,-37.948212000999945,-72.45065799999998
316,S/E CENTRAL CORONEL,SAGESA S.A.,66,ZONAL,2014-04-12,-36.967435190999936,-73.16919520999994
1659,S/E CENTRAL RIO HUASCO,HIDROELÉCTRICA RÍO HUASCO S.A.,<66,DEDICADO,2014-04-12,-28.67591800099996,-70.64433399999996
1742,S/E CENTRAL JAVIERA,JAVIERA SPA,110,DEDICADO,2014-04-12,-26.303857000999983,-70.20984599999997
2324,S/E WILLKA,INVERSIONES FOTOVOLTAICAS SPA,220,DEDICADO,2014-04-12,-18.50010987299993,-70.10934484999996
370,S/E LAS CABRAS,CGE TRANSMISIÓN S.A.,66,ZONAL,2014-04-12,-34.29616700099996,-71.29644299999995
2127,S/E CENTRAL PANGAL,PACIFIC HYDRO CHILE S.A.,66,DEDICADO,2014-04-12,-34.23936900099994,-70.44243999999998
1898,S/E MMH,COMPAÑÍA MINERA LOMAS BAYAS,220,DEDICADO,2014-04-12,-22.34930523099996,-68.89147893999996
839,S/E IMPERIAL,SISTEMA DE TRANSMISIÓN DEL SUR S.A.,66,ZONAL,2014-04-12,-38.75272200099994,-72.93396899999993
693,S/E LA REINA,SOCIEDAD TRANSMISORA METROPOLITANA II S.A.,110,ZONAL,2014-04-12,-33.46212500099995,-70.56497199999995
635,S/E EL PAICO,CGE TRANSMISIÓN S.A.,66,ZONAL,2014-04-12,-33.69987700099995,-71.05490099999997
2161,S/E CENTRAL LOS VIENTOS,SIN INFORMACIÓN,110,DEDICADO,2014-04-12,-32.843666661999976,-71.01308183999998
1874,S/E ESTACION DE BOMBEO SIERRA GORDA N°2,TRANSMISORA BAQUEDANO S.A.,<66,DEDICADO,2014-04-12,-23.103791513999965,-70.40004735199994
2236,S/E PAGUANA,COMPAÑÍA MINERA TECK QUEBRADA BLANCA S.A.,220,DEDICADO,2014-04-12,-20.98308656299997,-68.97358104399996
414,S/E TRAIGUEN,CGE TRANSMISIÓN S.A.,66,ZONAL,2014-04-12,-38.25746849099994,-72.66635659999997
2297,S/E LLAIMA,SISTEMA DE TRANSMISIÓN DEL SUR S.A.,66,S/I,2014-04-12,-38.62082735999997,-72.45468560199998
792,S/E QUILPUE,CHILQUINTA TRANSMISIÓN S.A.,<66,ZONAL,2014-04-12,-33.039365000999965,-71.42395199999999
1766,S/E CENTRAL ANDES GENERACION,ANDES GENERACIÓN SPA,<66,ZONAL,2014-04-12,-26.40580700099997,-70.04377699999998
1942,TAP OFF 535,MINERA ESCONDIDA LTDA.,66,DEDICADO,2014-04-12,-24.271736036999982,-69.05182451199994
2069,S/E GIS COCHRANE BESS,EMPRESA ELÉCTRICA COCHRANE SPA,<66,DEDICADO,2014-04-12,-23.06600600099995,-70.36386999999996
1952,S/E TAP OFF E.B. ALGORTA N°1,ALGORTA NORTE S.A.,<66,DEDICADO,2014-04-12,-23.137248359999944,-70.31948813499997
228,S/E CENTRAL RUCUE,COLBÚN S.A.,220,DEDICADO,2014-04-12,-37.36081162099998,-71.86682894999996
437,S/E PELEQUEN,CGE TRANSMISIÓN S.A.,66,ZONAL,2014-04-12,-34.47205600099994,-70.89082699999994
1792,S/E CENTRAL PARQUE EOLICO SAN JUAN,SAN JUAN S.A.,220,DEDICADO,2014-04-12,-28.878324000999957,-71.46310699999998
2021,S/E LOS PEUMOS,CGE TRANSMISIÓN S.A.,220,NACIONAL,2014-04-12,-38.24512700099996,-72.31652499999996
364,S/E CURACAUTIN,CGE TRANSMISIÓN S.A.,66,ZONAL,2014-04-12,-38.431742000999975,-71.90120699999994
251,S/E CENTRAL SAN ISIDRO I,ENEL GENERAEIÓN CHILE S.A.,220,DEDICADO,2014-04-12,-32.93685800099996,-71.31574599999993
611,S/E LAS PALMAS,TRANSELEC S.A.,220,NACIONAL,2014-04-12,-31.28785900099996,-71.58969699999994
1892,S/E LAGUNA SECA,AES ANDES S.A.,220,DEDICADO,2014-04-12,-24.34120300099994,-69.05999899999995
2135,S/E FRONTERA,TRANSELEC S.A.,220,NACIONAL,2014-04-12,-21.65956233399993,-69.51373066799994
641,S/E LA VEGA,CGE TRANSMISIÓN S.A.,66,ZONAL,2014-04-12,-35.87849300099998,-72.45089999999993
574,S/E HUASCO,TRANSELEC S.A.,110,DEDICADO,2014-04-12,-28.470007000999946,-71.25299699999994
1918,S/E PLANTA OXIDOS,EMPRESA DE TRANSMISIÓN ELÉCTRICA TRANSEMEL S.A.,220,DEDICADO,2014-04-12,-24.25295300099998,-69.10477799999995
1987,S/E URIBE,CGE TRANSMISIÓN S.A.,110,DEDICADO,2014-04-12,-23.60187900099993,-70.27445199999994
2174,S/E CAITAN,CAITAN SPA,66,S/I,2014-04-12,-23.14443400099998,-70.33960199999996
2098,S/E SAN SIMON,AUSTRIANSOLAR CHILE CUATRO SPA,220,NACIONAL,2014-04-12,-21.170621007999955,-69.56257203399997
525,S/E QUELLON,SISTEMA DE TRANSMISIÓN DEL SUR S.A.,110,ZONAL,2014-04-12,-43.09176900099993,-73.61522199999996
2194,S/E TOLPAN SUR,ACCIONA ENERGÍA CHILE HOLDINGS S.A.,<66,DEDICADO,2014-04-12,-37.68537692399997,-72.58602368599998
199,S/E CENTRAL ALFALFAL,AES ANDES S.A.,220,DEDICADO,2014-04-12,-33.50225992099996,-70.19336035999999
917,S/E CRISTALERIAS,CRISTALERÍAS DE CHILE S.A.,110,DEDICADO,2014-04-12,-32.84811500099994,-70.94750799999997
1854,S/E COLLAHUASI UNITARIA N°2,COMPAÑÍA DOÑA INÉS DE COLLAHUASI SCM,<66,DEDICADO,2014-04-12,-20.97756100099997,-68.59192599999994
2282,CENTRAL PUERTO IBANEZ,EDELAYSEN,23,NO APLICA,2014-12-04,-46.29429300099997,-71.93491099999994
2294,CENTRAL AYSEN HIDRO,EDELAYSEN,23,NO APLICA,2014-12-04,-45.38014100099997,-72.71092499899999
322,S/E CENTRAL LICAN,LICÁN SPA,66,S/I,2014-04-12,-40.61805900099995,-72.40122399999996
1749,S/E MELIPEUCO,TRANSMISORA MELIPEUCO S.A,<66,DEDICADO,2014-04-12,-38.84740100099998,-71.66696099999996
2334,S/E PFV MACHICURA,COLBÚN S.A.,<66,DEDICADO,2014-04-12,-35.72980671899995,-71.40026426199995
1668,S/E SECCIONADORA LLANO DE LLAMPOS,AMANECER SOLAR SPA,220,DEDICADO,2014-04-12,-27.19687400099997,-70.18053299999997
1735,S/E CENTRAL PV SALVADOR,PV SALVADOR S.A.,110,DEDICADO,2014-04-12,-26.313073000999964,-69.86690299999998
476,S/E VILLA ALEGRE,CGE TRANSMISIÓN S.A.,<66,ZONAL,2014-04-12,-35.695146000999955,-71.68769499999996
869,S/E CONFLUENCIA,ANGLO AMERICAN LOS BRONCES,220,ZONAL,2014-04-12,-33.16771700099997,-70.32655199999994
975,S/E MAURO,MINERA LOS PELAMBRES,220,DEDICADO,2014-04-12,-31.942943000999943,-71.00605799999994
619,S/E CHAÑARAL,CGE TRANSMISIÓN S.A.,<66,ZONAL,2014-04-12,-27.575270974999967,-70.25517586799998
568,S/E CONCEPCION,TRANSELEC S.A.,220,NACIONAL,2014-04-12,-36.80372700099997,-73.03248099999996
2056,S/E SAN FABIAN,SISTEMA DE TRANSMISIÓN DEL CENTRO S.A.,220,DEDICADO,2014-04-12,-36.58203500099995,-71.53651699999995
2104,S/E EL PINAR,EMPRESA ELECTRICA EL PINAR SPA,66,DEDICADO,2014-04-12,-37.171557554999936,-71.64816857399995
2031,S/E CENTRAL JUNCALITO,COLBÚN S.A.,<66,DEDICADO,2014-04-12,-32.90117700099995,-70.26961999999997
1973,TAP OFF PALESTINA,MINERA MERIDIAN LTDA.,66,DEDICADO,2014-04-12,-23.90892010799996,-69.78386896399996
1912,S/E OLAP,MINERA ESCONDIDA LTDA.,220,DEDICADO,2014-04-12,-24.239214406999963,-69.13567469899994
2312,S/E LASTARRIA,TRANSELEC S.A.,220,NACIONAL,2014-04-12,-39.34849205099994,-72.63024594599995
408,S/E LAUTARO,CGE TRANSMISIÓN S.A.,66,ZONAL,2014-04-12,-38.54136156099997,-72.46129552999997
268,S/E MOLINOS (ENLASA),ENLASA GENERACIÓN CHILE S.A.,110,DEDICADO,2014-04-12,-41.51847000099997,-73.07766999999996
215,S/E PLANTA VALDIVIA,CELULOSA ARAUCO Y CONSTITUCIÓN S.A.,220,DEDICADO,2014-04-12,-39.565013000999954,-72.90268899999995
259,S/E CENTRAL GUAYACAN,ENERGÍA COYANCO S.A.,<66,DEDICADO,2014-04-12,-33.60275600099993,-70.35958399999998
995,TAP OFF PUNTA PEUCO,FUNDICIÓN TALLERES LTDA.,66,DEDICADO,2014-04-12,-33.11898331799995,-70.82713841299994
470,S/E TENO,CGE TRANSMISIÓN S.A.,154,ZONAL,2014-04-12,-34.867962330999944,-71.14118581999998
2259,S/E LA ESTRELLA,EÓLICA LA ESTRELLA SPA,110,ZONAL,2014-04-12,-34.14704411899993,-71.63120278499997
863,S/E LOS MAITENES,ANGLO AMERICAN LOS BRONCES,220,DEDICADO,2014-04-12,-33.30486800099993,-70.35784999999998
1904,S/E MOLYCOP,AES ANDES S.A.,110,DEDICADO,2014-04-12,-23.08801500099997,-70.40246899999994
629,S/E BOLLENAR,CGE TRANSMISIÓN S.A.,110,ZONAL,2014-04-12,-33.561914000999934,-71.21042699999998
687,S/E EL MANZANO (ENEL DISTRIBUCION),SOCIEDAD TRANSMISORA METROPOLITANA II S.A.,220,DEDICADO,2014-04-12,-33.15892700099994,-70.79262499999999
2044,S/E NEGRILLAR,COMPAÑÍA MINERA ZALDÍVAR SPA,66,DEDICADO,2014-04-12,-24.091712222999945,-68.25383305799994
1965,TAP OFF LA CRUZ,AES ANDES S.A.,220,DEDICADO,2014-04-12,-22.27882811999996,-69.65945199499998
429,S/E MANSO DE VELASCO,CGE TRANSMISIÓN S.A.,66,ZONAL,2014-04-12,-37.46883400099995,-72.34665399999994
936,S/E COCHARCAS (FFCC),EMPRESA DE LOS FERROCARRILES DEL ESTADO,66,ZONAL,2014-04-12,-36.52066400099994,-72.04811899999999
1966,TAP OFF LA NEGRA,CGE TRANSMISIÓN S.A.,110,ZONAL,2014-04-12,-23.782270108999967,-70.32418519399994
2300,CENTRAL NUEVO REINO II,EDELAYSEN,23,NO APLICA,2014-12-04,-44.72255244799993,-72.67881859299996
406,S/E SAN JOAQUIN (CGE),CGE TRANSMISIÓN S.A.,220,ZONAL,2014-04-12,-29.92146900099993,-71.24276999999995
910,S/E LLANTA,CODELCO CHILE - DIVISIÓN EL SALVADOR,110,DEDICADO,2014-04-12,-26.32899957199993,-69.79916442099994
1934,S/E SOPLADORES,CODELCO CHILE - DIVISIÓN CHUQUICAMATA,110,DEDICADO,2014-04-12,-22.31220678099993,-68.88555580699995
2277,PUERTO WILLIAMS,EDELMAG,132,NO APLICA,2014-12-04,-54.93317259199995,-67.57834653599997
879,S/E CEMENTOS BIO BIO,CEMENTOS BÍO BÍO DEL SUR S.A.,66,DEDICADO,2014-04-12,-36.74315931099994,-73.12027540999998
382,S/E CABILDO,CGE TRANSMISIÓN S.A.,110,ZONAL,2014-04-12,-32.43687600099997,-71.07670699999994
622,S/E LOS LOROS,CGE TRANSMISIÓN S.A.,110,ZONAL,2014-04-12,-27.806536380999944,-70.12803719999994
2284,S/E MALGARIDA,ACCIONA ENERGÍA CHILE HOLDINGS S.A.,220,NACIONAL,2014-04-12,-26.270023713999933,-69.96358860599997
1720,S/E CENTRAL PARQUE EOLICO TALTAL,ENEL GREEN POWER CHILE S.A.,220,ZONAL,2014-04-12,-25.06468800099998,-69.87099999999998
1910,S/E O'HIGGINS,AES ANDES S.A.,220,NACIONAL,2014-04-12,-23.692165000999974,-70.21498099999997
1838,S/E CENTRAL TARAPACA,ENEL GENERACIÓN CHILE S.A.,220,NACIONAL,2014-04-12,-20.805462000999967,-70.19341299999996
2183,S/E BULNES,COOPERATIVA DE CONSUMO DE ENERGÍA ELÉCTRICA CHILLÁN LTDA.,66,ZONAL,2014-04-12,-36.87806116599995,-72.21686876499996
853,S/E SAN GREGORIO,LUZPARRAL TRANSMISIÓN S.A.,66,ZONAL,2014-04-12,-36.27854800099993,-71.81886199999997
1753,S/E CENTRAL EL PASO,HIDROELÉCTRICA EL PASO SPA,220,DEDICADO,2014-04-12,-34.96457100099997,-70.42019299999998
359,S/E RAUQUEN,CGE TRANSMISIÓN S.A.,66,ZONAL,2014-04-12,-34.947495000999936,-71.18421499999994
647,S/E MARCHIGÜE,CGE TRANSMISIÓN S.A.,66,ZONAL,2014-04-12,-34.40173800099996,-71.62372599999998
1887,S/E KELAR,SISTEMA DE TRANSMISIÓN DEL NORTE S.A.,220,DEDICADO,2014-04-12,-23.033924000999946,-70.33895099999995
2352,S/E IBERELENA,SOLAR ELENA SPA,220,DEDICADO,2014-04-12,-22.172963058999983,-69.48619686799998
307,S/E CENTRAL PANGUE,ENEL GENERACIÓN CHILE S.A.,66,DEDICADO,2014-04-12,-37.90913600099998,-71.61133299999995
223,S/E COLBUN,ALFA TRANSMISORA DE ENERGÍA S.A.,220,NACIONAL,2014-04-12,-35.685919000999945,-71.37733499999996
1785,S/E CENTRAL UCUQUER DOS,ENERGÍAS UCUQUER DOS S.A.,<66,DEDICADO,2014-04-12,-34.047353000999976,-71.62007699999998
679,S/E BRASIL,SOCIEDAD TRANSMISORA METROPOLITANA II S.A.,110,ZONAL,2014-04-12,-33.43106083099997,-70.66344841999995
2219,S/E CENTRAL NEHUENCO II,COLBÚN S.A.,220,DEDICADO,2014-04-12,-32.937676357999976,-71.32257531499994
2246,S/E SECCIONADORA EL ROSAL,ENEL GENERACIÓN CHILE S.A.,220,NACIONAL,2014-04-12,-37.24924100099997,-72.34864599999997
246,S/E CENTRAL ISLA,ENEL GENERACIÓN CHILE S.A.,154,DEDICADO,2014-04-12,-35.809587000999954,-70.83528899999999
702,S/E LOS ALMENDROS,SOCIEDAD TRANSMISORA METROPOLITANA II S.A.,220,ZONAL,2014-04-12,-33.42773000099993,-70.50844799999999
1634,S/E MARISCAL,CGE TRANSMISIÓN S.A.,110,ZONAL,2014-04-12,-33.59872099099994,-70.65603868999995
1811,S/E AGUAS BLANCAS,ATACAMA MINERALS CHILE S.C.M.,66,DEDICADO,2014-04-12,-24.135476120999957,-69.86491172999996
1731,S/E GORBEA,CGE TRANSMISIÓN S.A.,<66,ZONAL,2014-04-12,-39.09771300099993,-72.68325999999996
2274,S/E SURCO Y SEMILLA,WPD MALLECO SPA,220,NACIONAL,2014-04-12,-38.04308100099996,-72.28455899999994
725,S/E SANTA ROSA SUR,SOCIEDAD TRANSMISORA METROPOLITANA II S.A.,110,ZONAL,2014-04-12,-33.581869360999974,-70.59790868999994
1056,S/E EL LLANO,ALFA TRANSMISORA DE ENERGÍA S.A.,220,ZONAL,2014-04-12,-33.094327000999954,-70.56376999999998
1761,S/E COPIHUES,SISTEMA DE TRANSMISIÓN DEL SUR S.A.,110,DEDICADO,2014-04-12,-40.811623130999976,-72.38844549999999
2302,S/E LAS VIOLETAS,BESALCO TRANSMISIÓN SPA,66,S/I,2014-04-12,-38.75693482499997,-72.91282218199996
963,S/E METRO,EMPRESA DE TRANSPORTE DE PASAJEROS METRO S.A.,110,ZONAL,2014-04-12,-33.44625000099995,-70.65552399999996
796,S/E RIECILLOS,CHILQUINTA TRANSMISIÓN S.A.,<66,ZONAL,2014-04-12,-32.92448800099993,-70.35373999999996
2317,HIELOS DEL SUR,EDELAYSEN,23,NO APLICA,2014-12-04,-48.51641367999997,-72.59717596099995
942,S/E VICTORIA (FFCC),EMPRESA DE LOS FERROCARRILES DEL ESTADO,66,ZONAL,2014-04-12,-38.23883600099998,-72.34254799999997
843,S/E NEGRETE,SISTEMA DE TRANSMISIÓN DEL SUR S.A.,66,ZONAL,2014-04-12,-37.58790000099998,-72.54124999999993
423,S/E LO MIRANDA,CGE TRANSMISIÓN S.A.,66,ZONAL,2014-04-12,-34.20747700099997,-70.88982899999996
435,S/E PAINE,CGE TRANSMISIÓN S.A.,66,ZONAL,2014-04-12,-33.82407000099994,-70.75121599999994
2090,S/E PADRE HURTADO,CGE TRANSMISIÓN S.A.,<66,ZONAL,2014-04-12,-33.56280560099998,-70.81063240999998
1878,S/E GABY,CODELCO CHILE - DIVISIÓN GABRIELA MISTRAL,220,DEDICADO,2014-04-12,-23.44153800099997,-68.82254799999998
2306,ISLA QUENAC,SAGESA,23,NO APLICA,2014-12-04,-42.48354900099997,-73.31990299999995
591,S/E TEMUCO,TRANSELEC S.A.,220,NACIONAL,2014-04-12,-38.70875688099994,-72.55779702999996
1693,S/E PLANTA MDP TENO,MADERAS ARAUCO S.A.,<66,DEDICADO,2014-04-12,-34.85913500099997,-71.09003599999994
902,S/E CORDILLERA (ANDINA),CODELCO CHILE - DIVISIÓN ANDINA,220,DEDICADO,2014-04-12,-33.09716100099996,-70.25331499999999
2382,S/E PARINAS,TRANSMISORA PARINAS S.A.,500,NACIONAL,2014-04-12,-24.805964449999976,-69.84983650499998
1940,TAP OFF 003,MINERA ESCONDIDA LTDA.,66,DEDICADO,2014-04-12,-24.23623973299993,-69.01092346699994
494,S/E NEWEN,CGE TRANSMISIÓN S.A.,66,DEDICADO,2014-04-12,-36.77828200099998,-73.11824999999999
511,S/E AIHUAPI,SISTEMA DE TRANSMISIÓN DEL SUR S.A.,110,DEDICADO,2014-04-12,-40.70194500099996,-72.62412099999995
1996,S/E ARMERILLO,ALFA TRANSMISORA DE ENERGÍA S.A.,220,S/I,2014-04-12,-35.79193400099996,-70.98196499999995
955,S/E R2,FUNDICIÓN TALLERES LTDA.,66,S/I,2014-04-12,-34.17767601099996,-70.75283406999995
1130,S/E SER PORTALES,METRO REGIONAL DE VALPARAÍSO S.A.,<66,ZONAL,2014-04-12,-33.02583349799994,-71.58444440799997
832,S/E COSTANERA,TRANSMISORA ELÉCTRICA CORDILLERA SPA,110,ZONAL,2014-04-12,-33.61958607099996,-70.56681361999995
1779,S/E CENTRAL QUILAPILUN,CHUNGUNGO S.A.,220,NACIONAL,2014-04-12,-33.102855000999966,-70.65013599999997
2225,S/E USYA,ACCIONA ENERGÍA CHILE HOLDINGS S.A.,<66,DEDICADO,2014-04-12,-22.491027411999937,-68.84315861199997
1621,S/E ANTILLANCA,SISTEMA DE TRANSMISIÓN DEL SUR S.A.,220,DEDICADO,2014-04-12,-40.61748000099993,-72.71327799999995
2078,S/E EL LAUREL,TRANSELEC S.A.,220,NACIONAL,2014-04-12,-39.84254500099996,-73.19726799999995
234,S/E MINERO,ALFA TRANSMISORA DE ENERGÍA S.A.,110,DEDICADO,2014-04-12,-34.09044000099993,-70.47311699999995
708,S/E OCHAGAVIA,SOCIEDAD TRANSMISORA METROPOLITANA II S.A.,110,ZONAL,2014-04-12,-33.47926500099993,-70.66764699999999
240,S/E NUEVA VENTANAS,EMPRESA ELÉCTRICA VENTANAS S.A.,220,DEDICADO,2014-04-12,-32.74917100099998,-71.48167899999999
2292,S/E LA CRUZ SOLAR,FOTOVOLTAICA NORTE GRANDE 1,220,DEDICADO,2014-04-12,-22.266057323999974,-69.61285745699996
503,S/E ANCUD,SISTEMA DE TRANSMISIÓN DEL SUR S.A.,110,ZONAL,2014-04-12,-41.88087800099999,-73.79799099999997
2155,S/E CENTRAL CORRENTOSO,HIDROPALMAR S.A.,<66,DEDICADO,2014-04-12,-40.78939000099996,-72.31702899999993
887,S/E CELULOSA SANTA FE,CMPC PULP SPA.,220,DEDICADO,2014-04-12,-37.51493700099997,-72.65670099999994
1828,S/E CENTRAL DIESEL ENAEX,ENAEX S.A.,110,DEDICADO,2014-04-12,-23.09600500099998,-70.43006699999995
2006,S/E CENTRAL CONSTITUCION,ELEKTRA GENERACIÓN S.A.,<66,ZONAL,2014-04-12,-35.36040400099995,-72.40674299999995
2362,S/E PUQUILLAY,SISTEMA DE TRANSMISIÓN DEL SUR S.A.,66,S/I,2014-04-12,-34.656208155999934,-71.19428237099999
1706,S/E CEMENTOS BIO BIO CENTRO,CEMENTOS BÍO BÍO CENTRO S.A.,<66,S/I,2014-04-12,-34.866942000999984,-71.14313599999997
653,S/E QUELENTARO,"CGE TRANSMISIÓN S.A.

",220,ZONAL,2014-04-12,-34.04031200099996,-71.58648199999993
296,S/E TOTORAL 2,NORVIND S.A.,220,DEDICADO,2014-04-12,-31.28923900099994,-71.59088999999994
317,S/E CENTRAL QUELLON II,ENERGÍA SIETE SPA,<66,ZONAL,2014-04-12,-43.09161800099997,-73.61455599999994
2329,S/E SANTA CLARA,COMPAÑIA TRANSMISORA SUR SPA,220,DEDICADO,2014-04-12,-37.34489529999996,-72.30335846499997
1660,S/E CENTRAL CHACAYES,PACIFIC HYDRO CHACAYES S.A.,110,DEDICADO,2014-04-12,-34.27557000099995,-70.45251699999994
2128,S/E TAP OFF,PACIFIC HYDRO CHILE S.A.,66,DEDICADO,2014-04-12,-34.23452600099995,-70.47356599999995
864,S/E SAN FRANCISCO,ANGLO AMERICAN LOS BRONCES,66,DEDICADO,2014-04-12,-33.17404000099998,-70.33522399999998
2369,S/E COLORADO CHICO,MINERA ESCONDIDA LTDA,<66,DEDICADO,2014-04-12,-24.465259639999942,-69.12996570199994
2289,ISLA ALAO,SAGESA,23,NO APLICA,2014-12-04,-42.59338700099994,-73.28489599999995
636,S/E EL PEUMO,CGE TRANSMISIÓN S.A.,66,ZONAL,2014-04-12,-33.95551900099997,-71.40488699999997
719,S/E SAN JOAQUIN (ENEL DISTRIBUCION),SOCIEDAD TRANSMISORA METROPOLITANA II S.A.,110,ZONAL,2014-04-12,-33.48427695099997,-70.62679730999997
254,S/E SECCIONADORA CANELA,ENEL GENERACIÓN CHILE S.A.,<66,DEDICADO,2014-04-12,-31.303849000999943,-71.61643099999998
2163,S/E CENTRAL LOS MOLLES,ENEL GENERACIÓN CHILE S.A.,66,ZONAL,2014-04-12,-30.744023135999957,-70.58701902599995
1822,S/E CT SALAR,CODELCO CHILE - DIVISIÓN CHUQUICAMATA,<66,DEDICADO,2014-04-12,-22.30223400099993,-68.83933699999994
290,S/E CENTRAL PEUCHEN,DUQUECO SPA,220,DEDICADO,2014-04-12,-37.54067400099996,-71.59606799999995
231,S/E CENTRAL CHIBURGO,COLBÚN S.A.,66,DEDICADO,2014-04-12,-35.66112000099997,-71.35501499999998
371,S/E LAS COMPAÑIAS,CGE TRANSMISIÓN S.A.,110,ZONAL,2014-04-12,-29.86077800099997,-71.22866099999999
1767,S/E PASTORA,ENEL GREEN POWER CHILE S.A.,<66,DEDICADO,2014-04-12,-27.00098100099996,-69.87614599999995
1899,S/E MANTOS BLANCOS,CODELCO CHILE - DIVISIÓN MINISTRO HALES,220,DEDICADO,2014-04-12,-23.446156650999967,-70.07568844999997
1849,S/E COCHRANE,EMPRESA ELÉCTRICA COCHRANE SPA,220,DEDICADO,2014-04-12,-23.065831000999932,-70.36346299999997
840,S/E LICANCO,SISTEMA DE TRANSMISIÓN DEL SUR S.A.,66,ZONAL,2014-04-12,-38.77982000099996,-72.61220999999995
575,S/E ITAHUE,TRANSELEC S.A.,154,NACIONAL,2014-04-12,-35.13927033099998,-71.36725313999995
569,S/E DIEGO DE ALMAGRO,TRANSELEC S.A.,220,NACIONAL,2014-04-12,-26.39846400099998,-70.03864799999997
1869,S/E ESCONDIDA,MINERA ESCONDIDA LTDA.,220,DEDICADO,2014-04-12,-24.26070200099997,-69.06004199999995
2093,S/E PUERTO SECO SOLAR,CALAMA SOLAR 2 SPA,<66,DEDICADO,2014-04-12,-22.448740000999976,-68.87415299999998
2099,S/E SANTA RITA,AUSTRIANSOLAR CHILE CUATRO SPA,<66,DEDICADO,2014-04-12,-21.13161561699997,-69.47270607199994
2059,S/E CENTRAL NUEVA ALDEA II,ARAUCO BIOENERGÍA S.A.,66,DEDICADO,2014-04-12,-36.65984000099997,-72.47940099999994
696,S/E LO AGUIRRE,SOCIEDAD TRANSMISORA METROPOLITANA II S.A.,110,NACIONAL,2014-04-12,-33.44810100099994,-70.90805099999994
793,S/E QUINTAY,CHILQUINTA TRANSMISIÓN S.A.,<66,ZONAL,2014-04-12,-33.20969300099995,-71.65960099999995
1990,S/E LAS VEGAS (AES GENER),AES ANDES S.A.,110,ZONAL,2014-04-12,-32.84348706299994,-71.01163821499995
2298,S/E SOL DE LOS ANDES,AUSTRIAN SOLAR CHILE UNO SPA,<66,DEDICADO,2014-04-12,-26.31908571699995,-69.92251759699997
2070,S/E ILLAPA,DIEGO DE ALMAGRO TRANSMISORA DE ENERGÍA S.A.,220,DEDICADO,2014-04-12,-26.604962000999933,-69.95018099999999
2239,S/E GEOGLIFOS,TRANSELEC S.A.,220,DEDICADO,2014-04-12,-20.819559870999967,-69.97679158399995
2271,S/E AILLIN,HIDROELÉCTRICA LAS JUNTAS S.A.,<66,DEDICADO,2014-04-12,-37.56246293999993,-71.45487555999995
388,S/E CHIMBARONGO,CGE TRANSMISIÓN S.A.,66,ZONAL,2014-04-12,-34.73330700099996,-71.03705099999996
491,S/E SAN JUAN,CGE TRANSMISIÓN S.A.,66,DEDICADO,2014-04-12,-29.980196000999968,-71.32796899999994
2024,S/E EL ARRIERO,ENEL GREEN POWER CHILE S.A.,220,DEDICADO,2014-04-12,-22.875243000999944,-68.96855699999998
1919,S/E POZO ALMONTE,ENGIE ENERGÍA CHILE S.A.,220,NACIONAL,2014-04-12,-20.25849028099998,-69.77334559999997
517,S/E PANGUIPULLI,SISTEMA DE TRANSMISIÓN DEL SUR S.A.,66,ZONAL,2014-04-12,-39.62758700099994,-72.32190399999996
614,S/E CIRUELOS,TRANSELEC S.A.,220,NACIONAL,2014-04-12,-39.549771000999954,-72.91273299999995
365,S/E HORCONES,CGE TRANSMISIÓN S.A.,66,ZONAL,2014-04-12,-37.21198900099995,-73.21581899999995
281,S/E ESPERANZA,ALFA TRANSMISORA DE ENERGÍA S.A.,110,ZONAL,2014-04-12,-32.84249400099998,-71.01017099999996
1943,TAP OFF 536,MINERA ESCONDIDA LTDA.,66,DEDICADO,2014-04-12,-24.29879171099998,-69.03420551399995
1893,S/E LAGUNAS,MINERA ESCONDIDA LTDA.,220,NACIONAL,2014-04-12,-20.815511000999948,-69.69385699999998
676,S/E ANDES (ENEL DISTRIBUCION),SOCIEDAD TRANSMISORA METROPOLITANA II S.A.,110,ZONAL,2014-04-12,-33.43421920099996,-70.53534895999996
688,S/E EL SALTO,SOCIEDAD TRANSMISORA METROPOLITANA II S.A.,220,ZONAL,2014-04-12,-33.359119000999954,-70.62861199999998
2335,S/E CARACAS II,GENERADORA SOL SOLIV SPA,<66,S/I,2014-04-12,-31.87814818199996,-71.43247781099996
1669,S/E CENTRAL LLANO DE LLAMPOS,AMANECER SOLAR SPA,220,DEDICADO,2014-04-12,-27.124127000999977,-70.16311699999994
1651,S/E CERRO NEGRO NORTE,TECNOCAP S.A.,220,DEDICADO,2014-04-12,-27.10686900099995,-70.32652499999995
1956,TAP OFF EL NEGRO,ENGIE ENERGÍA CHILE S.A.,110,DEDICADO,2014-04-12,-23.767419075999957,-70.31883050099998
2317,S/E TIGRE,AR PAMPA SPA,220,DEDICADO,2014-04-12,-23.839212691999933,-69.87604311999996
1978,TAP OFF SAIRECABUR,MINERA CENTINELA,110,DEDICADO,2014-04-12,-22.69477468299993,-70.22408730399997
2121,S/E CHIRRE,SISTEMA DE TRANSMISIÓN DEL SUR S.A.,110,DEDICADO,2014-04-12,-40.63190418299996,-72.62453976599994
200,S/E CENTRAL LAGUNA VERDE,AES ANDES S.A.,110,ZONAL,2014-04-12,-33.10345700099998,-71.67761999999993
857,S/E FUNDICION CHAGRES,ANGLO AMERICAN CHAGRES,110,ZONAL,2014-04-12,-32.80642400099998,-70.95648399999999
918,S/E RUNGUE (FFCC),EMPRESA DE LOS FERROCARRILES DEL ESTADO,<66,DEDICADO,2014-04-12,-33.008426000999975,-70.89387499999998
2195,S/E C.R. LLANOS BLANCOS,PRIME ENERGÍA QUICKSTART SPA,<66,DEDICADO,2014-04-12,-30.152428310999937,-71.21726386499995
1736,S/E CENTRAL PULELFU,EMPRESA ELÉCTRICA LA LEONERA S.A.,66,DEDICADO,2014-04-12,-40.81064200099996,-72.38585499999994
1033,TAP OFF PUNTA DE CORTES,TRANSELEC S.A.,154,ZONAL,2014-04-12,-34.18358510799993,-70.84035207799997
2033,S/E SECCIONADORA SAN ANDRES,SOCIEDAD AUSTRAL DE TRANSMISIÓN TRONCAL S.A.,220,NACIONAL,2014-04-12,-27.251999000999945,-70.10836299999994
1913,S/E PAS3,MINERA ESCONDIDA LTDA.,66,DEDICADO,2014-04-12,-20.25534200099997,-69.77347299999997
526,S/E CALBUCO,SISTEMA DE TRANSMISIÓN DEL SUR S.A.,110,ZONAL,2014-04-12,-41.76333600099997,-73.16289699999999
409,S/E SAN VICENTE DE TAGUA TAGUA,CGE TRANSMISIÓN S.A.,66,ZONAL,2014-04-12,-34.43556700099998,-71.09337599999998
460,S/E EL MANZANO (CGE),CGE TRANSMISIÓN S.A.,66,ZONAL,2014-04-12,-34.22200700099995,-71.40199599999994
216,S/E NUEVA ALDEA,CELULOSA ARAUCO Y CONSTITUCIÓN S.A.,66,DEDICADO,2014-04-12,-36.66139100099997,-72.47793499999995
210,S/E CENTRAL PUNTA COLORADA,COMPAÑÍA BARRICK CHILE GENERACIÓN SPA,220,ZONAL,2014-04-12,-29.366897000999984,-71.04346299999997
562,S/E CARDONES,TRANSELEC S.A.,220,NACIONAL,2014-04-12,-27.48870500099997,-70.38721599999997
787,S/E LOS PLACERES,CHILQUINTA TRANSMISIÓN S.A.,<66,ZONAL,2014-04-12,-33.04909200099996,-71.57864199999995
2252,S/E MATILLA,TRANSELEC S.A.,220,S/I,2014-04-12,-20.517210000999967,-69.44897899999995
2283,ISLA APIAO,SAGESA,23,NO APLICA,2014-12-04,-42.61567600099994,-73.21516099999997
260,S/E BUCALEMU,AES ANDES S.A.,66,DEDICADO,2014-04-12,-37.17262600099997,-72.40438099999994
630,S/E CAUQUENES,CGE TRANSMISIÓN S.A.,66,ZONAL,2014-04-12,-35.962320000999966,-72.30366699999996
979,S/E MINERA VALLE CENTRAL,MINERA VALLE CENTRAL S.A.,154,DEDICADO,2014-04-12,-34.24163100099997,-70.67518699999994
1907,S/E NEURARA,MINERA CENTINELA,66,DEDICADO,2014-04-12,-24.16248051099996,-68.47133370999995
2048,S/E URIBE SOLAR,FOTOVOLTAICA NORTE GRANDE 5 SPA,<66,DEDICADO,2014-04-12,-23.568004000999963,-70.22287999999998
471,S/E COCHARCAS (CGE),CGE TRANSMISIÓN S.A.,66,ZONAL,2014-04-12,-36.520603000999984,-72.04786799999994
403,S/E SALAMANCA,CGE TRANSMISIÓN S.A.,110,ZONAL,2014-04-12,-31.76094900099997,-70.98496299999994
1802,S/E 404,MINERA ESCONDIDA LTDA.,<66,DEDICADO,2014-04-12,-24.329459800999928,-69.04942312999998
1855,S/E COLLAHUASI UNITARIA N°3,COMPAÑÍA DOÑA INÉS DE COLLAHUASI SCM,<66,DEDICADO,2014-04-12,-20.97756100099997,-68.59192599999994
220,S/E CENTRAL CANUTILLAR,COLBÚN S.A.,<66,DEDICADO,2014-04-12,-41.52804100099996,-72.34176099999996
1782,S/E PULELFU,EMPRESA ELÉCTRICA CAPULLO S.A.,66,DEDICADO,2014-04-12,-40.81181800099995,-72.38815899999997
682,S/E CARRASCAL,SOCIEDAD TRANSMISORA METROPOLITANA II S.A.,110,ZONAL,2014-04-12,-33.42150400099996,-70.68680799999998
2222,S/E DON ANTONIO,TSGF SPA,<66,S/I,2014-04-12,-22.034107620999976,-69.60029277799998
650,S/E PARRONAL,CGE TRANSMISIÓN S.A.,<66,ZONAL,2014-04-12,-35.04956700099996,-71.70632299999994
1757,S/E PEÑABLANCA,CHILQUINTA TRANSMISIÓN S.A.,110,ZONAL,2014-04-12,-33.047590000999946,-71.32802199999998
2186,S/E NUEVA POZO ALMONTE,RED ELÉCTRICA DEL NORTE S.A.,220,NACIONAL,2014-04-12,-20.314488229999935,-69.74755094899996
2281,S/E TINEO,TRANSELEC CONCESIONES S.A.,220,S/I,2014-04-12,-41.280777486999966,-73.09304218999995
775,S/E ALGARROBO NORTE,CHILQUINTA TRANSMISIÓN S.A.,<66,ZONAL,2014-04-12,-33.33585800099996,-71.60077399999994
269,S/E CENTRAL SAN LORENZO DE DIEGO DE ALMAGRO,ENLASA GENERACIÓN CHILE S.A.,220,DEDICADO,2014-04-12,-26.39996621099993,-70.03824288999994
1835,S/E CENTRAL SOLAR LA HUAYCA 2,SPS LA HUAYCA S.A.,66,DEDICADO,2014-04-12,-20.454719000999944,-69.53517799999997
243,S/E CENTRAL ANTUCO (ENEL GENERACION),ENEL GENERACIÓN CHILE S.A.,<66,DEDICADO,2014-04-12,-37.31018100099993,-71.62676199999999
705,S/E MAIPU,SOCIEDAD TRANSMISORA METROPOLITANA II S.A.,110,ZONAL,2014-04-12,-33.515342000999965,-70.73287399999998
2249,S/E ALGARROBAL,ENGIE ENERGÍA CHILE S.A.,220,NACIONAL,2014-04-12,-28.179709833999937,-70.65852788699993
1808,S/E 940,MINERA ESCONDIDA LTDA.,66,DEDICADO,2014-04-12,-24.304348680999965,-69.02074495999994
2320,CENTRAL LAGO ATRAVESADO,EDELAYSEN,23,NO APLICA,2014-12-04,-45.75614900099998,-72.28875899999997
939,S/E LAJA (FFCC),EMPRESA DE LOS FERROCARRILES DEL ESTADO,66,ZONAL,2014-04-12,-37.28396030599998,-72.70498948199997
933,S/E VILLA ALEGRE (FFCC),EMPRESA DE LOS FERROCARRILES DEL ESTADO,66,ZONAL,2014-04-12,-35.695165000999964,-71.68771399999997
2305,S/E LOS OLMOS,ENERGÍA EÓLICA LOS OLMOS SPA,220,ZONAL,2014-04-12,-37.65981649699995,-72.48291837699998
959,S/E LIRQUEN INDURA,INDURA,66,ZONAL,2014-04-12,-36.71869740799997,-72.97392412799996
966,S/E LAS LUCES,MINERA LAS CENIZAS S.A.,<66,DEDICADO,2014-04-12,-25.71677706099996,-70.36672375999996
876,S/E PROCART,CARTULINAS CMPC SPA,220,DEDICADO,2014-04-12,-35.605835000999946,-71.58709799999997
1725,S/E CENTRAL CHAÑARES,ENEL GREEN POWER CHILE S.A.,<66,DEDICADO,2014-04-12,-26.341100000999973,-70.60599999999994
2297,COCHAMO,SAGESA,"13,2",NO APLICA,2014-12-04,-41.55581800099998,-72.30948799999999
907,S/E REFUGIO KM 21,CODELCO CHILE - DIVISIÓN ANDINA,66,DEDICADO,2014-04-12,-33.03582112999993,-70.25312708099995
1687,S/E PUNTA PADRONES,COMPAÑÍA CONTRACTUAL MINERA CANDELARIA,110,DEDICADO,2014-04-12,-27.05558500099994,-70.84106299999996
827,S/E QUILMO,COOPERATIVA DE CONSUMO DE ENERGÍA ELÉCTRICA CHILLÁN LTDA.,<66,ZONAL,2014-04-12,-36.71054400099996,-72.13073799999995
310,S/E CENTRAL RIO MELADO,EMPRESA ELÉCTRICA PEHUENCHE S.A.,154,DEDICADO,2014-04-12,-35.71769900099997,-71.07099499999998
2215,S/E NUEVA PANQUEHUE,TRANSQUINTA S.A.,110,ZONAL,2014-04-12,-32.804207246999965,-70.91123795899995
579,S/E LOS VILOS,TRANSELEC S.A.,220,NACIONAL,2014-04-12,-31.938595000999957,-71.47801699999997
1776,S/E CENTRAL LA SILLA,ENEL GREEN POWER CHILE S.A.,<66,DEDICADO,2014-04-12,-29.21206000099994,-70.74392699999999
2228,S/E CABO LEONES II,IBEREÓLICA CABO LEONES II S.A.,220,DEDICADO,2014-04-12,-28.97508900099996,-71.44575099999997
644,S/E LICANTEN,CGE TRANSMISIÓN S.A.,66,ZONAL,2014-04-12,-34.986171000999946,-72.01612199999994
656,S/E REGULADORA RAPEL,CGE TRANSMISIÓN S.A.,66,ZONAL,2014-04-12,-34.039275000999965,-71.58405099999999
2136,S/E TAP LIBERTADORES,INVERSIONES Y SERVICIOS DATALUNA LTDA,110,ZONAL,2014-04-12,-33.357701272999975,-70.69249612499993
2358,S/E MESETA DE LOS ANDES,TERCERA REGIÓN SOLAR SPA,220,DEDICADO,2014-04-12,-32.916808000999936,-70.53466099999997
1764,S/E GALLEGUILLOS,CGE TRANSMISIÓN S.A.,220,ZONAL,2014-04-12,-27.260261000999947,-70.37999499999995
1890,S/E LA PORTADA,SPS LA HUAYCA S.A.,110,ZONAL,2014-04-12,-23.535853000999964,-70.38588299999998
385,S/E DUQUECO,EMPRESA DE TRANSMISIÓN ELÉCTRICA TRANSEMEL S.A.,220,NACIONAL,2014-04-12,-37.517691000999946,-72.32218599999999
2158,S/E ALTO CACHAPOAL,ELÉCTRICA CIPRESILLOS SPA,66,ZONAL,2014-04-12,-34.34338237999998,-70.37916913599997
499,S/E ALHUE,CGE TRANSMISIÓN S.A.,66,DEDICADO,2014-04-12,-34.04155600099995,-71.05500099999995
883,S/E MAGNETITA,COMPAÑÍA MINERA DEL PACÍFICO S.A.,110,DEDICADO,2014-04-12,-27.520531000999934,-70.31992099999997
2303,ISLA CAILIN 1,SAGESA,23,NO APLICA,2014-12-04,-43.17375100099997,-73.53429999999997
604,S/E CAUTIN,TRANSELEC S.A.,220,NACIONAL,2014-04-12,-38.72266961099996,-72.54153188999999
2074,S/E CENTRAL LAS LAJAS,ALTO MAIPO SPA,110,DEDICADO,2014-04-12,-33.55667562599996,-70.29170240399998
1630,S/E CERRO NEGRO,COMPAÑÍA MINERA CERRO NEGRO S.A.,<66,DEDICADO,2014-04-12,-32.58428400099996,-70.88083599999999
1699,S/E PLANTA DESALADORA Y BOMBEO N°1,MANTOVERDE S.A.,110,DEDICADO,2014-04-12,-26.54053900099996,-70.69521599999996
1937,S/E SUR,CGE TRANSMISIÓN S.A.,110,ZONAL,2014-04-12,-23.714685000999964,-70.42015799999996
426,S/E LOS ANGELES (CGE),CGE TRANSMISIÓN S.A.,154,ZONAL,2014-04-12,-37.48128300099995,-72.36903799999999
432,S/E MONTE PATRIA,CGE TRANSMISIÓN S.A.,66,ZONAL,2014-04-12,-30.690328000999955,-70.95498099999998
1875,S/E FARELLON,MINERA ESCONDIDA LTDA.,220,DEDICADO,2014-04-12,-23.856165000999965,-69.86769699999996
951,S/E ERBB-2,ENAP REFINERÍAS S.A.,66,S/I,2014-04-12,-36.785212000999934,-73.11951399999998
293,S/E CENTRAL LA CONFLUENCIA,HIDROELÉCTRICA LA CONFLUENCIA S.A.,220,DEDICADO,2014-04-12,-34.83315800099996,-70.55495099999996
1595,S/E PUENTE ALTO (CMPC)(EL RACO),EMPRESA ELÉCTRICA INDUSTRIAL S.A.,<66,DEDICADO,2014-04-12,-33.60804155399995,-70.55732212599997
2002,S/E DOÑA CARMEN,ENERGÍA CERRO EL MORADO S.A.,220,NACIONAL,2014-04-12,-32.478685000999974,-71.25445299999996
2011,S/E LOS CHANGOS,TRANSMISORA ELÉCTRICA DEL NORTE S.A.,500,NACIONAL,2014-04-12,-23.156322000999975,-70.31854399999997
2152,S/E CERROS DE HUICHAHUE,ELETRANS S.A.,220,NACIONAL,2014-04-12,-39.94130100099994,-72.89854499999996
890,S/E PAPELERA INFORSA,PAPELES RÍO VERGARA S.A.,220,DEDICADO,2014-04-12,-37.51492800099993,-72.65661899999998
379,S/E ANGOL,CGE TRANSMISIÓN S.A.,66,ZONAL,2014-04-12,-37.823171860999935,-72.65759100999998
1825,S/E CENTRAL ATACAMA,ENEL GENERACIÓN CHILE S.A.,220,DEDICADO,2014-04-12,-23.090811000999963,-70.41721599999994
2309,ISLA CAILIN 2,SAGESA,23,NO APLICA,2014-12-04,-43.15567200099997,-73.50724399999996
237,S/E CENTRAL PILMAIQUEN,ENEL GREEN POWER CHILE S.A.,66,DEDICADO,2014-04-12,-40.63867800099996,-72.64985799999994
1615,S/E SF ENERGIA,BIOENERGÍAS FORESTALES SPA,<66,DEDICADO,2014-04-12,-37.51445600099999,-72.65119899999996
587,S/E RANCAGUA,TRANSELEC S.A.,154,ZONAL,2014-04-12,-34.16616800099996,-70.72654499999999
1930,S/E SIERRA GORDA,SIERRA GORDA SCM,220,DEDICADO,2014-04-12,-22.87655700099998,-69.35885699999994
572,S/E CENTRAL EL TORO,TRANSELEC S.A.,220,DEDICADO,2014-04-12,-37.27082000099995,-71.46367699999996
2096,S/E SARCO,AELA EÓLICA SARCO SPA,220,NACIONAL,2014-04-12,-28.857302000999937,-71.42227899999995
836,S/E TALTAL (ELECDA),CGE TRANSMISIÓN S.A.,<66,ZONAL,2014-04-12,-25.413134470999974,-70.47374056999996
1872,S/E ESPERANZA (MINERA CENTINELA),MINERA CENTINELA,220,NACIONAL,2014-04-12,-22.999320000999944,-69.09868599999999
1702,S/E CENTRAL ANGOSTURA,COLBÚN S.A.,220,DEDICADO,2014-04-12,-37.70903900099995,-71.82105399999995
607,S/E TINGUIRIRICA,TRANSELEC S.A.,220,ZONAL,2014-04-12,-34.61145500099997,-71.01601599999998
368,S/E INCAHUASI,CGE TRANSMISIÓN S.A.,110,ZONAL,2014-04-12,-29.25765600099993,-71.02655199999998
1896,S/E LLUTA,SOCIEDAD QUÍMICA Y MINERA DE CHILE S.A.,66,DEDICADO,2014-04-12,-18.44703500099996,-69.88618699999995
1740,S/E CENTRAL PICOIQUEN,HIDROANGOL S.A.,66,DEDICADO,2014-04-12,-37.81392100099998,-72.75395099999997
716,S/E RUNGUE,SOCIEDAD TRANSMISORA METROPOLITANA II S.A.,<66,ZONAL,2014-04-12,-33.00866100099995,-70.89810699999998
257,S/E CENTRAL ELEVADORA CANELA II,ENEL GENERACIÓN CHILE S.A.,220,NACIONAL,2014-04-12,-31.30356067099996,-71.61625525999995
1922,S/E PURI,MINERA ESCONDIDA LTDA.,220,DEDICADO,2014-04-12,-24.113644000999955,-69.44067699999994
2267,S/E CENTRAL HORNITOS (TER),INVERSIONES HORNITOS SPA,<66,DEDICADO,2014-04-12,-23.088709000999927,-70.40775099999996
1819,S/E ARICA,ENGIE ENERGÍA CHILE S.A.,110,ZONAL,2014-04-12,-18.48585100099996,-70.28912999999994
867,S/E MINA NUEVA,ANGLO AMERICAN LOS BRONCES,<66,DEDICADO,2014-04-12,-33.145610000999966,-70.28752999999995
790,S/E PLACILLA (CHILQUINTA),CHILQUINTA TRANSMISIÓN S.A.,110,ZONAL,2014-04-12,-33.108402000999945,-71.55903599999994
2376,S/E DAMASCAL,TRANSQUINTA S.A.,110,ZONAL,2014-04-12,-30.002636000999928,-70.99423799999994
2295,S/E ACCESO NORTE,SQM SALAR S.A.,<66,DEDICADO,2014-04-12,-23.604647520999947,-70.25493934199994
2198,S/E GRANJA SOLAR,MARÍA ELENA SOLAR S.A.,220,DEDICADO,2014-04-12,-20.813028000999964,-69.48663599999998
420,S/E LOS MAQUIS (CGE),CGE TRANSMISIÓN S.A.,66,ZONAL,2014-04-12,-35.29614900099995,-71.51433499999996
314,S/E CENTRAL HORNITOS,RÍO TRANQUILO S.A.,220,DEDICADO,2014-04-12,-32.90147100099995,-70.26369499999998
2332,S/E LA RUCA,SOCIEDAD AUSTRAL DE TRANSMISIÓN TRONCAL S.A.,110,ZONAL,2014-04-12,-30.471223433999967,-71.16583441899996
672,S/E BAÑOS DEL TORO,COMPAÑÍA MINERA ZALDÍVAR LTDA,<66,DEDICADO,2014-04-12,-29.837898000999928,-70.02620799999994
520,S/E PUERTO VARAS,SISTEMA DE TRANSMISIÓN DEL SUR S.A.,66,ZONAL,2014-04-12,-41.31734500099998,-72.99769499999996
514,S/E LOS LAGOS,SISTEMA DE TRANSMISIÓN DEL SUR S.A.,66,ZONAL,2014-04-12,-39.86901800099997,-72.80722299999996
443,S/E VILLARRICA,CGE TRANSMISIÓN S.A.,66,ZONAL,2014-04-12,-39.301568980999946,-72.23381338999997
285,S/E CENTRAL LOS QUILOS,COLBÚN S.A.,110,DEDICADO,2014-04-12,-32.86613868099994,-70.40822180999999
1846,S/E CHIMBORAZO,MINERA ESCONDIDA LTDA.,220,DEDICADO,2014-04-12,-24.21449835099997,-69.25791295999994
2167,S/E PARQUE EOLICO EL MAITEN,PARQUE EÓLICO EL MAITÉN SPA,<66,ZONAL,2014-04-12,-37.25560700099993,-72.55646399999995
391,S/E CHUMAQUITO,CGE TRANSMISIÓN S.A.,66,ZONAL,2014-04-12,-34.28184200099997,-70.79883999999998
722,S/E SANTA ELENA,SOCIEDAD TRANSMISORA METROPOLITANA II S.A.,110,ZONAL,2014-04-12,-33.47467605099996,-70.60926011999999
487,S/E MARBELLA,CGE TRANSMISIÓN S.A.,110,ZONAL,2014-04-12,-32.65507500099994,-71.42524099999997
1916,S/E PALAFITOS,CGE TRANSMISIÓN S.A.,110,ZONAL,2014-04-12,-20.218291250999982,-70.13133068999997
699,S/E LO PRADO,SOCIEDAD TRANSMISORA METROPOLITANA II S.A.,<66,ZONAL,2014-04-12,-33.456715000999964,-70.90979599999997
2132,S/E CENTRAL TALINAY PONIENTE,ENEL GREEN POWER CHILE S.A.,220,DEDICADO,2014-04-12,-30.86458000099998,-71.60344399999997
2063,S/E PARANAL,SISTEMA DE TRANSMISIÓN DEL SUR S.A.,220,ZONAL,2014-04-12,-24.988831000999937,-70.46406399999995
2243,S/E PUERTO PATACHE,TRANSELEC S.A.,220,DEDICADO,2014-04-12,-20.77497365299996,-70.18218628099999
2102,S/E CENTRAL EL PINAR,EMPRESA ELECTRICA EL PINAR SPA,<66,S/I,2014-04-12,-37.13203864899998,-71.64171730099997
213,S/E PLANTA CONSTITUCION,CELULOSA ARAUCO Y CONSTITUCIÓN S.A.,66,DEDICADO,2014-04-12,-35.32497153099996,-72.41764816999995
930,S/E CURICO (FFCC),EMPRESA DE LOS FERROCARRILES DEL ESTADO,66,ZONAL,2014-04-12,-34.99174000099998,-71.23020099999997
1790,S/E CERRO NAVIA (ENEL DISTRIBUCION),SOCIEDAD TRANSMISORA METROPOLITANA II S.A.,110,NACIONAL,2014-04-12,-33.42196567099995,-70.72971587999996
565,S/E CERRO NAVIA (TRANSELEC),TRANSELEC S.A.,220,NACIONAL,2014-04-12,-33.422530000999984,-70.73008399999998
1866,S/E EL PEÑON (MINERA MERIDIAN),MINERA MERIDIAN LTDA.,66,DEDICADO,2014-04-12,-24.410590000999942,-69.49834099999998
362,S/E LEBU,CGE TRANSMISIÓN S.A.,66,DEDICADO,2014-04-12,-37.64471100099996,-73.63563999999997
412,S/E TALCAHUANO,CGE TRANSMISIÓN S.A.,154,ZONAL,2014-04-12,-36.73977900099993,-73.11868999999996
400,S/E PUNTA DE CORTES,CGE TRANSMISIÓN S.A.,154,ZONAL,2014-04-12,-34.183506000999955,-70.83979399999998
2280,TRES PUENTES,EDELMAG,66,NO APLICA,2014-12-04,-53.101688217999936,-70.89733238799994
1050,TAP OFF NIHUE,CGE TRANSMISIÓN S.A.,66,ZONAL,2014-04-12,-34.004078178999976,-71.52415099599995
633,S/E EL MAITEN,CGE TRANSMISIÓN S.A.,66,ZONAL,2014-04-12,-33.67689400099994,-71.18080399999997
2028,S/E GUANACO,GUANACO COMPAÑÍA MINERA SPA,<66,DEDICADO,2014-04-12,-25.100852000999964,-69.53938899999997
2124,S/E LLOLLELHUE,SISTEMA DE TRANSMISIÓN DEL SUR S.A.,66,NACIONAL,2014-04-12,-40.161315000999934,-72.88859899999994
914,S/E EL COBRE (CODELCO),CODELCO CHILE - DIVISIÓN EL TENIENTE,110,DEDICADO,2014-04-12,-34.10684195099998,-70.45261460999996
1664,S/E RAHUE,TRANSELEC S.A.,220,NACIONAL,2014-04-12,-40.57383900099995,-73.08532999999994
320,S/E CENTRAL MARIPOSAS,HIDROELÉCTRICA RÍO LIRCAY S.A.,66,DEDICADO,2014-04-12,-35.59584700099998,-71.26401099999998
2322,S/E CENTRAL CORRALES,HIDROELÉCTRICA LOS CORRALES SPA,<66,DEDICADO,2014-04-12,-34.74177766099996,-70.40456749199996
685,S/E CLUB HIPICO,SOCIEDAD TRANSMISORA METROPOLITANA II S.A.,110,ZONAL,2014-04-12,-33.472946760999946,-70.66506633999995
1654,S/E CENTRAL SANTA MARTA,CONSORCIO SANTA MARTA S.A.,220,ZONAL,2014-04-12,-33.70057700099994,-70.79760699999997
1962,TAP OFF ESTACION DE BOMBEO N°2,MINERA ESCONDIDA LTDA.,220,DEDICADO,2014-04-12,-23.83723060899996,-69.89248588899994
1971,TAP OFF NUEVA VICTORIA,SOCIEDAD QUÍMICA Y MINERA DE CHILE S.A.,66,NACIONAL,2014-04-12,-20.953521846999934,-69.67208203899997
474,S/E PULLINQUE,CGE TRANSMISIÓN S.A.,66,ZONAL,2014-04-12,-39.59536400099995,-72.21822399999996
463,S/E SAN PEDRO (CGE),CGE TRANSMISIÓN S.A.,66,ZONAL,2014-04-12,-36.84040425099994,-73.09231094999996
1799,S/E 360,MINERA ESCONDIDA LTDA.,66,DEDICADO,2014-04-12,-24.27471658099995,-69.05152027999998
1805,S/E 416,MINERA ESCONDIDA LTDA.,<66,DEDICADO,2014-04-12,-24.38090821099996,-69.13410968999995
1858,S/E CRUCERO,ENGIE ENERGÍA CHILE S.A.,220,NACIONAL,2014-04-12,-22.275999000999946,-69.56738299999995
1852,S/E COLLAHUASI SALA ELECTRICA 3502,COMPAÑÍA DOÑA INÉS DE COLLAHUASI SCM,<66,DEDICADO,2014-04-12,-20.977747000999955,-68.63570599999997
2286,PUERTO NATALES,EDELMAG,132,NO APLICA,2014-12-04,-51.73008001699998,-72.47877027299995
984,S/E PETROQUIM,PETROQUIM S.A.,66,DEDICADO,2014-04-12,-36.77738100099998,-73.12007599999998
266,S/E AGUAS NEGRAS,ENLASA GENERACIÓN CHILE S.A.,66,DEDICADO,2014-04-12,-34.868533000999946,-71.14181099999996
627,S/E ALCONES,CGE TRANSMISIÓN S.A.,66,ZONAL,2014-04-12,-34.39718000099998,-71.72498199999995
2042,S/E ESTE 6,MINERA ESCONDIDA LTDA.,66,DEDICADO,2014-04-12,-24.331462000999977,-69.04857799999996
2115,S/E CENTRAL CUCHILDEO,EMPRESA ELÉCTRICA CUCHILDEO SPA,<66,S/I,2014-04-12,-41.95559583499994,-72.45861440499993
2191,S/E CENTRAL CALLAO,HIDROENERSUR S.A.,<66,DEDICADO,2014-04-12,-40.88784531599998,-72.33820222099996
2255,S/E CATILLO,ELÉCTRICA DIGUA SPA,220,S/I,2014-04-12,-36.24704400099995,-71.55943999999994
861,S/E LA ERMITA,ANGLO AMERICAN LOS BRONCES,220,DEDICADO,2014-04-12,-33.366991000999974,-70.39766499999996
784,S/E LA CALERA,CHILQUINTA TRANSMISIÓN S.A.,110,ZONAL,2014-04-12,-32.79625500099996,-71.19577899999996
922,S/E SAN PEDRO (FFCC),EMPRESA DE LOS FERROCARRILES DEL ESTADO,<66,ZONAL,2014-04-12,-32.93589843499996,-71.26443902199998
